Customer ID,Created Date,Completion Date,Invoice Business Unit,Job Type,Job Status,Campaign Category,Campaign,Location Zip,Total,Opportunity
473147772,8/12/2026,8/11/2026,HVAC Service,10+ HVAC Unit,Completed,Google Business Profiles,GMB_SanDiego,91942,-$193.29,TRUE
31712951,8/13/2026,,HVAC Service,10+ HVAC Unit,Scheduled,PPC,Google | Search | Brand,92127,$0.00,TRUE
31661297,8/15/2026,,HVAC Service,10+ HVAC Unit,Scheduled,Organic Search,Yahoo Organic,91913,$0.00,TRUE
100466568,8/15/2026,8/16/2026,HVAC Service,10+ HVAC Unit,Completed,PPC,Google | Search | Brand,92109,$442.95,TRUE
31705097,8/16/2026,8/22/2026,HVAC Service,10+ HVAC Unit,Canceled,PPC,Google | Search | HVAC,92010,$0.00,TRUE
31729138,8/18/2026,7/21/2026,HVAC Service,10+ HVAC Unit,Completed,Google Business Profiles,GMB_SanDiego,92124,-$87.00,TRUE
31557719,8/19/2026,8/19/2026,HVAC Service,10+ HVAC Unit,Completed,Branded Phone Number,A1-800-BILL HOWE,92024,$450.00,TRUE
1097454036,8/20/2026,7/21/2026,HVAC Service,10+ HVAC Unit,Completed,Website,Website Phone Calls,92106,$0.00,TRUE
1129245559,8/22/2026,,HVAC Service,10+ HVAC Unit,Scheduled,PPC,Google | PMAX | Drains,92103,$0.00,TRUE
1129254289,8/22/2026,,HVAC Service,10+ HVAC Unit,Scheduled,Google Business Profiles,GMB_SanDiego,91915,$0.00,TRUE
1079791184,8/22/2026,8/23/2026,HVAC Service,10+ HVAC Unit,Completed,PPC,Google | Search | Brand,92115,$0.00,FALSE
1074714114,8/22/2026,8/23/2026,HVAC Service,10+ HVAC Unit,Completed,Direct Web Traffic,Direct Web Traffic,92128,$484.01,TRUE
1129252313,8/22/2026,,HVAC Service,10+ HVAC Unit,Hold,Google Business Profiles,GMB_SanDiego,92120,$0.00,TRUE
52399802,8/22/2026,,HVAC Service,10+ HVAC Unit,Scheduled,PPC,Google | Search | Brand,92110,$0.00,TRUE
31703361,8/22/2026,,HVAC Service,10+ HVAC Unit,Scheduled,Branded Phone Number,Local 619,92014,$0.00,TRUE
483812940,8/23/2026,,HVAC Service,10+ HVAC Unit,Scheduled,Google Business Profiles,GMB_SanDiego,92104,$0.00,FALSE
31609259,8/23/2026,,HVAC Service,10+ HVAC Unit,Scheduled,Google Business Profiles,GMB_SanDiego,92131,$0.00,TRUE
902469128,8/10/2026,7/10/2026,HVAC Install,A/C New Install,Completed,Branded Phone Number,Local 619,92128,$7064.61,TRUE
31690326,8/10/2026,8/17/2026,HVAC Install,A/C New Install,Completed,Organic Search,Bing Organic,92104,$9276.00,TRUE
341976366,8/10/2026,,HVAC Install,A/C New Install,Hold,Google Business Profiles,GMB_SanDiego,92024,$16468.66,TRUE
100604031,8/12/2026,,HVAC Install,A/C New Install,Scheduled,Branded Phone Number,Local 619,92037,$11692.91,TRUE
100604031,8/12/2026,,HVAC Install,A/C New Install,Scheduled,Branded Phone Number,Local 619,92037,$9826.09,TRUE
1118932901,8/12/2026,,HVAC Install,A/C New Install,Scheduled,Google Business Profiles,GMB_SanDiego,91911,$10500.06,TRUE
31727681,8/13/2026,8/18/2026,HVAC Install,A/C New Install,Canceled,PPC,Google | Search | Brand,92024,$0.00,TRUE
902469128,8/14/2026,8/5/2026,HVAC Install,A/C New Install,Completed,Google Business Profiles,GMB_SanDiego,92154,$6229.41,TRUE
1115670701,8/14/2026,8/13/2026,HVAC Install,A/C New Install,Completed,PPC,Google | Search | Competitor,91914,$0.00,TRUE
319681123,8/14/2026,8/12/2026,HVAC Install,A/C New Install,Completed,Branded Phone Number,Local 619,91911,$0.00,TRUE
31699314,8/14/2026,,HVAC Install,A/C New Install,Hold,Branded Phone Number,A1-800-BILL HOWE,92014,$17715.14,TRUE
319681123,8/17/2026,8/12/2026,HVAC Install,A/C New Install,Completed,Branded Phone Number,Local 619,91911,$0.00,TRUE
31578504,8/17/2026,8/14/2026,HVAC Install,A/C New Install,Completed,Direct Web Traffic,Direct Web Traffic,92107,$0.00,TRUE
1115670701,8/17/2026,8/13/2026,HVAC Install,A/C New Install,Completed,PPC,Google | Search | Competitor,91914,$0.00,TRUE
31578504,8/18/2026,8/14/2026,HVAC Install,A/C New Install,Completed,Direct Web Traffic,Direct Web Traffic,92107,$0.00,TRUE
50413658,8/18/2026,8/5/2026,HVAC Install,A/C New Install,Completed,Google Business Profiles,GMB_SanDiego,92154,$0.00,TRUE
1119313471,8/18/2026,8/17/2026,HVAC Install,A/C New Install,Completed,CSR Outbound,$1 OUTBOUND (use this for out-bounding),92127,$0.00,TRUE
353308077,8/19/2026,,HVAC Install,A/C New Install,Hold,Branded Phone Number,Local 619,91932,$15813.66,TRUE
31699219,8/19/2026,,HVAC Install,A/C New Install,Scheduled,Google Business Profiles,GMB_Poway,92064,$15716.44,TRUE
670674842,8/19/2026,,HVAC Install,A/C New Install,Hold,Direct Mail,2025 New Customer Welcome Direct Mail,92054,$13217.47,TRUE
1127970847,8/19/2026,,HVAC Install,A/C New Install,Hold,PPC,Google | PMAX | HVAC,92106,$15742.16,TRUE
319681123,8/20/2026,8/12/2026,HVAC Install,A/C New Install,Completed,Branded Phone Number,Local 619,91911,$0.00,TRUE
31578504,8/20/2026,8/14/2026,HVAC Install,A/C New Install,Completed,Direct Web Traffic,Direct Web Traffic,92107,$0.00,TRUE
1119313471,8/20/2026,8/17/2026,HVAC Install,A/C New Install,Completed,CSR Outbound,$1 OUTBOUND (use this for out-bounding),92127,$0.00,TRUE
1119313471,8/20/2026,8/17/2026,HVAC Install,A/C New Install,Completed,CSR Outbound,$1 OUTBOUND (use this for out-bounding),92127,$0.00,TRUE
1119313471,8/20/2026,8/17/2026,HVAC Install,A/C New Install,Completed,CSR Outbound,$1 OUTBOUND (use this for out-bounding),92127,$0.00,TRUE
1079791184,8/20/2026,6/26/2026,HVAC Install,A/C New Install,Completed,Branded Phone Number,Local 619,92115,$0.00,TRUE
31537253,8/20/2026,,HVAC Install,A/C New Install,Hold,PPC,Google | Search | Brand,92037,$24167.15,TRUE
31727681,8/21/2026,,HVAC Install,A/C New Install,Hold,PPC,Google | Search | Brand,92024,$19606.26,TRUE
470988472,8/21/2026,,HVAC Install,A/C New Install,Hold,Google Business Profiles,GMB_SanDiego,92009,$93232.17,TRUE
48410722,8/21/2026,,HVAC Install,A/C New Install,Scheduled,Branded Phone Number,A1-800-BILL HOWE,92129,$0.00,TRUE
1122350566,8/10/2026,8/14/2026,HVAC Service,A/C Repair,Completed,Google LSA,Google Local Services,92071,$1002.67,TRUE
31726556,8/10/2026,8/11/2026,HVAC Service,A/C Repair,Completed,Branded Phone Number,Local 619,92027,$404.12,TRUE
31715628,8/10/2026,8/11/2026,HVAC Service,A/C Repair,Completed,Organic Search,Google Organic,92127,$0.00,TRUE
910121322,8/10/2026,8/12/2026,HVAC Service,A/C Repair,Completed,Google Business Profiles,GMB_SanDiego,92106,$1999.91,TRUE
1074620599,8/10/2026,8/18/2026,HVAC Service,A/C Repair,Completed,Organic Search,Google Organic,92127,$2619.01,TRUE
31565385,8/11/2026,,HVAC Service,A/C Repair,Hold,Google Business Profiles,GMB_SanDiego,92024,$749.95,TRUE
31563615,8/11/2026,8/6/2026,HVAC Service,A/C Repair,Completed,Branded Phone Number,Local 619,92107,$0.00,TRUE
31660444,8/11/2026,8/7/2026,HVAC Service,A/C Repair,Completed,Google Business Profiles,GMB_SanDiego,92107,$0.00,TRUE
31660444,8/11/2026,8/7/2026,HVAC Service,A/C Repair,Completed,Google Business Profiles,GMB_SanDiego,92107,$0.00,TRUE
31660444,8/11/2026,8/7/2026,HVAC Service,A/C Repair,Completed,Google Business Profiles,GMB_SanDiego,92107,$0.00,TRUE
979564417,8/11/2026,8/12/2026,HVAC Service,A/C Repair,Canceled,PPC,Google | PMAX | Plumbing,92118,$0.00,TRUE
347575525,8/11/2026,8/12/2026,HVAC Service,A/C Repair,Completed,External Referral,Referral,92126,$1279.74,TRUE
31726556,8/13/2026,,HVAC Service,A/C Repair,Hold,Branded Phone Number,Local 619,92027,$900.00,TRUE
31719081,8/13/2026,,HVAC Service,A/C Repair,Scheduled,Website,Website Phone Calls,92040,$0.00,TRUE
250350698,8/14/2026,8/14/2026,HVAC Service,A/C Repair,Completed,Outbound SMS,ST Outbound Text Lines,92103,$0.00,FALSE
31675766,8/14/2026,,HVAC Service,A/C Repair,Hold,Email,Legacy Email Marketing Multiple Offers,92020,$275.00,TRUE
101799241,8/14/2026,8/18/2026,HVAC Service,A/C Repair,Completed,Outbound SMS,ST Outbound Text Lines,92078,$1699.00,TRUE
1125502358,8/14/2026,8/14/2026,HVAC Service,A/C Repair,Completed,Google Business Profiles,GMB_SanDiego,92126,$225.00,TRUE
31705914,8/14/2026,8/17/2026,HVAC Service,A/C Repair,Canceled,Branded Phone Number,Local 619,92108,$0.00,FALSE
481028200,8/16/2026,8/16/2026,HVAC Service,A/C Repair,Completed,Branded Phone Number,A1-800-BILL HOWE,91911,$225.00,TRUE
31720547,8/16/2026,8/16/2026,HVAC Service,A/C Repair,Completed,PPC,Bing | Search | Brand,92037,$702.12,TRUE
67111184,8/16/2026,,HVAC Service,A/C Repair,Scheduled,Yelp,Yelp,92103,$0.00,TRUE
1115959251,8/17/2026,8/17/2026,HVAC Service,A/C Repair,Completed,Branded Phone Number,Local 619,92101,$393.75,TRUE
31705914,8/17/2026,,HVAC Service,A/C Repair,Scheduled,Branded Phone Number,Local 619,92108,$1899.91,TRUE
31711238,8/17/2026,8/19/2026,HVAC Service,A/C Repair,Completed,CSR Outbound,$1 OUTBOUND (use this for out-bounding),92064,$185.00,TRUE
273106075,8/17/2026,,HVAC Service,A/C Repair,Scheduled,Direct Web Traffic,Direct Web Traffic,92025,$1251.44,TRUE
55593441,8/17/2026,8/18/2026,HVAC Service,A/C Repair,Completed,Branded Phone Number,Local 619,92102,$179.88,TRUE
67900127,8/17/2026,8/18/2026,HVAC Service,A/C Repair,Completed,PPC,Google | Search | Brand,92027,$0.00,TRUE
1127431193,8/17/2026,,HVAC Service,A/C Repair,Hold,Direct Web Traffic,Direct Web Traffic,91942,$0.00,TRUE
336340901,8/17/2026,8/18/2026,HVAC Service,A/C Repair,Completed,Branded Phone Number,A1-800-BILL HOWE,92109,$1721.29,TRUE
92283270,8/18/2026,,HVAC Service,A/C Repair,Hold,Branded Phone Number,Local 619,92127,$458.28,TRUE
86409819,8/18/2026,,HVAC Service,A/C Repair,Hold,Direct Web Traffic,Direct Web Traffic,92102,$1587.83,TRUE
677581000,8/18/2026,8/7/2026,HVAC Service,A/C Repair,Completed,PPC,Google | Search | Brand,92106,$0.00,TRUE
31725431,8/18/2026,,HVAC Service,A/C Repair,Scheduled,Branded Phone Number,A1-800-BILL HOWE,92056,$450.00,TRUE
910121322,8/18/2026,,HVAC Service,A/C Repair,Scheduled,Google Business Profiles,GMB_SanDiego,92106,$5773.10,TRUE
94962414,8/18/2026,8/19/2026,HVAC Service,A/C Repair,Canceled,Direct Web Traffic,Direct Web Traffic,92131,$0.00,TRUE
1128059138,8/18/2026,8/19/2026,HVAC Service,A/C Repair,Completed,PPC,Google | Search | Plumbing,92019,$449.68,TRUE
31569049,8/19/2026,,HVAC Service,A/C Repair,Scheduled,PPC,Google | Search | Brand,92108,$79.00,TRUE
31675117,8/19/2026,8/21/2026,HVAC Service,A/C Repair,Completed,Branded Phone Number,A1-800-BILL HOWE,91942,$427.00,TRUE
31667915,8/19/2026,,HVAC Service,A/C Repair,Scheduled,Branded Phone Number,Local 619,92103,$0.00,TRUE
1128431124,8/19/2026,8/20/2026,HVAC Service,A/C Repair,Canceled,PPC,Google | Search | HVAC,92130,$0.00,TRUE
347575525,8/20/2026,8/12/2026,HVAC Service,A/C Repair,Completed,External Referral,Referral,92126,-$300.00,TRUE
1113660566,8/20/2026,,HVAC Service,A/C Repair,Scheduled,Google LSA,Google Local Services,92120,$404.12,TRUE
1068891158,8/20/2026,,HVAC Service,A/C Repair,Hold,Google Business Profiles,GMB_SanDiego,92067,$1096.10,TRUE
462243735,8/20/2026,8/21/2026,HVAC Service,A/C Repair,Canceled,Yelp,Yelp,92037,$0.00,TRUE
482555246,8/20/2026,8/20/2026,HVAC Service,A/C Repair,Canceled,Google Business Profiles,GMB_SanDiego,92075,$0.00,TRUE
1074620599,8/21/2026,8/18/2026,HVAC Service,A/C Repair,Completed,Organic Search,Google Organic,92127,$0.00,TRUE
94365718,8/21/2026,,HVAC Service,A/C Repair,Hold,PPC,Google | Search | Brand,92127,$0.00,TRUE
977899684,8/21/2026,,HVAC Service,A/C Repair,Scheduled,CSR Outbound,$1 OUTBOUND (use this for out-bounding),91902,$0.00,TRUE
45705726,8/21/2026,8/21/2026,HVAC Service,A/C Repair,Completed,Branded Phone Number,Local 619,92071,$1495.74,TRUE
891828782,8/22/2026,,HVAC Service,A/C Repair,Scheduled,Branded Phone Number,Local 619,92057,$0.00,TRUE
31692970,8/22/2026,8/22/2026,HVAC Service,A/C Repair,Completed,PPC,Google | Search | Brand,92104,$610.35,TRUE
31546057,8/22/2026,8/23/2026,HVAC Service,A/C Repair,Completed,Organic Search,Google Organic,92128,$544.01,TRUE
94908466,8/22/2026,,HVAC Service,A/C Repair,Scheduled,PPC,Google | PMAX | Drains,92104,$0.00,TRUE
1129267163,8/23/2026,,HVAC Service,A/C Repair,Scheduled,Google Business Profiles,GMB_SanDiego,91942,$0.00,TRUE
31684340,8/23/2026,8/23/2026,HVAC Service,A/C Repair,Completed,Google LSA,Google Local Services,92129,$807.67,TRUE
63527852,8/23/2026,8/23/2026,HVAC Service,A/C Repair,Completed,Branded Phone Number,Local 619,92128,$225.00,TRUE
1129268077,8/23/2026,,HVAC Service,A/C Repair,Scheduled,PPC,Google | Search | HVAC,92127,$0.00,TRUE
96788441,8/23/2026,,HVAC Service,A/C Repair,Scheduled,PPC,Google | Search | Brand,92104,$0.00,TRUE
1129266720,8/23/2026,,HVAC Service,A/C Repair,Scheduled,Yelp,Yelp,92120,$0.00,TRUE
59258237,8/23/2026,8/23/2026,HVAC Service,A/C Repair,Completed,Branded Phone Number,A1-800-BILL HOWE,92119,$0.00,TRUE
306051877,8/10/2026,8/11/2026,Plumbing Service,Angle Stop,Completed,PPC,Google | Search | Brand,92129,$451.50,TRUE
31659314,8/10/2026,8/11/2026,Plumbing Service,Angle Stop,Completed,Organic Search,Google Organic,92101,$524.00,TRUE
223879,8/10/2026,8/12/2026,Plumbing Service,Angle Stop,Completed,Branded Phone Number,Local 619,92116,$276.92,TRUE
45915111,8/12/2026,8/18/2026,Plumbing Service,Angle Stop,Completed,PPC,Google | Search | Brand,92109,$651.00,TRUE
1124937182,8/13/2026,8/13/2026,Plumbing Service,Angle Stop,Completed,Direct Web Traffic,Direct Web Traffic,91902,$299.00,TRUE
31661196,8/13/2026,8/13/2026,Plumbing Service,Angle Stop,Completed,PPC,Google | Search | Brand,92116,$0.00,TRUE
1125046366,8/13/2026,8/14/2026,Plumbing Service,Angle Stop,Completed,Direct Web Traffic,Direct Web Traffic,92110,$1149.00,TRUE
31659314,8/13/2026,8/11/2026,Plumbing Service,Angle Stop,Completed,Organic Search,Google Organic,92101,$0.00,TRUE
406122012,8/14/2026,,Plumbing Service,Angle Stop,Hold,,Memberships due for Service,92130,$526.00,TRUE
1125520990,8/15/2026,8/15/2026,Plumbing Service,Angle Stop,Completed,Uncategorized,Uncategorized,92037,$963.45,TRUE
1125572763,8/15/2026,8/15/2026,Plumbing Service,Angle Stop,Completed,Google LSA,Google Local Services,92130,$301.00,TRUE
66085122,8/16/2026,8/17/2026,Plumbing Service,Angle Stop,Completed,PPC,Google | Search | Plumbing,92103,$652.50,TRUE
223879,8/17/2026,8/12/2026,Plumbing Service,Angle Stop,Completed,Branded Phone Number,Local 619,92116,$0.00,TRUE
1127424484,8/18/2026,8/18/2026,Plumbing Service,Angle Stop,Canceled,Google Business Profiles,GMB_SanDiego,92124,$0.00,TRUE
31727443,8/18/2026,8/18/2026,Plumbing Service,Angle Stop,Completed,Yelp,Yelp,92071,$269.10,TRUE
45915111,8/18/2026,8/18/2026,Plumbing Service,Angle Stop,Completed,PPC,Google | Search | Brand,92109,$0.00,FALSE
1127629435,8/19/2026,,Plumbing Service,Angle Stop,Hold,PPC,Google | Search | Plumbing,92108,$1140.00,TRUE
89583325,8/19/2026,8/19/2026,Plumbing Service,Angle Stop,Completed,Branded Phone Number,A1-800-BILL HOWE,92109,$175.00,TRUE
311877414,8/20/2026,8/20/2026,Plumbing Service,Angle Stop,Completed,PPC,Google | Search | Brand,92106,$669.00,TRUE
479618807,8/21/2026,,Plumbing Service,Angle Stop,In Progress,,rebecca test,92123,$0.00,TRUE
31651671,8/22/2026,8/22/2026,Plumbing Service,Angle Stop,Completed,Branded Phone Number,A1-800-BILL HOWE,91902,$535.95,TRUE
31604746,8/23/2026,,Plumbing Service,Angle Stop,Scheduled,Branded Phone Number,Local 619,92121,$0.00,TRUE
356450321,8/12/2026,8/18/2026,Plumbing Service,Area/Storm Drain,Completed,Google Business Profiles,GMB_SanDiego,92122,$0.00,TRUE
31535661,8/12/2026,8/13/2026,Plumbing Service,Area/Storm Drain,Completed,Branded Phone Number,A1-800-BILL HOWE,92130,$438.84,TRUE
273369149,8/13/2026,8/13/2026,Plumbing Service,Area/Storm Drain,Completed,Branded Phone Number,Local 619,92131,$0.00,TRUE
31676553,8/18/2026,8/18/2026,Plumbing Service,Area/Storm Drain,Completed,Google Business Profiles,GMB_SanDiego,92069,$477.00,TRUE
31702540,8/21/2026,,Plumbing Service,Area/Storm Drain,Scheduled,Email,Legacy Email Marketing Multiple Offers,92037,$0.00,TRUE
1125172190,8/13/2026,8/14/2026,Plumbing Sales,Backflow Install Estimate,Completed,Google Business Profiles,GMB_SanDiego,91910,$0.00,TRUE
1125559904,8/15/2026,8/17/2026,Plumbing Sales,Backflow Install Estimate,Completed,Yelp,Yelp,92131,$0.00,FALSE
93423045,8/10/2026,8/20/2026,Plumbing Service,Backflow Repair,Completed,Branded Phone Number,A1-800-BILL HOWE,92108,$5642.00,TRUE
31720146,8/10/2026,8/11/2026,Plumbing Service,Backflow Repair,Completed,Direct Web Traffic,Direct Web Traffic,92119,$0.00,FALSE
31720146,8/10/2026,8/10/2026,Plumbing Service,Backflow Repair,Completed,Direct Web Traffic,Direct Web Traffic,92119,$7600.00,TRUE
31720146,8/10/2026,8/10/2026,Plumbing Service,Backflow Repair,Canceled,Direct Web Traffic,Direct Web Traffic,92119,$0.00,FALSE
31652272,8/11/2026,8/11/2026,Plumbing Service,Backflow Repair,Completed,Branded Phone Number,A1-800-BILL HOWE,92115,$0.00,FALSE
31720146,8/11/2026,8/11/2026,Plumbing Service,Backflow Repair,Completed,Direct Web Traffic,Direct Web Traffic,92119,$0.00,TRUE
63259777,8/11/2026,8/11/2026,Plumbing Service,Backflow Repair,Completed,PPC,Google | Search | Brand,92067,$9120.00,TRUE
270412566,8/11/2026,8/20/2026,Plumbing Service,Backflow Repair,Completed,Branded Phone Number,Local 619,92103,$478.00,TRUE
1124652303,8/12/2026,8/12/2026,Plumbing Service,Backflow Repair,Completed,Google LSA,Google Local Services,92064,$679.10,TRUE
31663047,8/13/2026,8/14/2026,Plumbing Service,Backflow Repair,Completed,PPC,Bing | Search | Brand,92106,$2939.00,TRUE
31636722,8/13/2026,,Plumbing Service,Backflow Repair,Scheduled,Direct Web Traffic,Direct Web Traffic,92101,$1488.00,TRUE
31733408,8/13/2026,,Plumbing Service,Backflow Repair,Hold,Google Business Profiles,GMB_SanDiego,92113,$0.00,TRUE
31733408,8/13/2026,,Plumbing Service,Backflow Repair,Hold,Google Business Profiles,GMB_SanDiego,92113,$1430.00,TRUE
31734620,8/14/2026,,Plumbing Maintenance,Backflow Repair,Scheduled,Branded Phone Number,A1-800-BILL HOWE,92014,$491.00,TRUE
319540277,8/15/2026,8/17/2026,Plumbing Service,Backflow Repair,Completed,Yelp,Yelp,92118,$493.00,TRUE
54472817,8/17/2026,8/17/2026,Plumbing Service,Backflow Repair,Completed,Branded Phone Number,Local 619,92105,$0.00,FALSE
1125559904,8/18/2026,8/18/2026,Plumbing Service,Backflow Repair,Completed,Yelp,Yelp,92131,$1900.00,TRUE
93500057,8/18/2026,,Plumbing Service,Backflow Repair,Scheduled,Google Business Profiles,GMB_SanDiego,92025,$1924.00,TRUE
31715776,8/20/2026,8/21/2026,Plumbing Service,Backflow Repair,Completed,Branded Phone Number,Local 619,92083-8230,$0.00,TRUE
319320596,8/20/2026,,Plumbing Service,Backflow Repair,Scheduled,PPC,Google | Search | Brand,92103,$439.76,TRUE
95877126,8/21/2026,,Plumbing Maintenance,Backflow Repair,Scheduled,Branded Phone Number,A1-800-BILL HOWE,92103,$540.00,TRUE
31704092,8/21/2026,8/21/2026,Plumbing Service,Backflow Repair,Completed,PPC,Google | Search | Brand,92024,$979.00,TRUE
319540277,8/21/2026,8/21/2026,Plumbing Service,Backflow Repair,Completed,Yelp,Yelp,92118,$0.00,FALSE
310672195,8/21/2026,,Plumbing Service,Backflow Repair,Scheduled,Google Business Profiles,GMB_SanDiego,92104,$536.00,TRUE
50819834,8/10/2026,,Plumbing Maintenance,Backflow Test,Scheduled,Branded Phone Number,Local 619,92127,$0.00,TRUE
31720146,8/11/2026,8/19/2026,Plumbing Maintenance,Backflow Test,Completed,Direct Web Traffic,Direct Web Traffic,92119,$104.00,TRUE
31581855,8/11/2026,,Plumbing Maintenance,Backflow Test,Scheduled,Google Business Profiles,GMB_SanDiego,92037,$0.00,TRUE
313107486,8/11/2026,,Plumbing Maintenance,Backflow Test,Scheduled,Google Business Profiles,GMB_SanDiego,92109,$0.00,TRUE
64370165,8/11/2026,8/17/2026,Plumbing Maintenance,Backflow Test,Completed,PPC,Google | Search | Brand,92009,$208.00,TRUE
63259777,8/11/2026,8/18/2026,Plumbing Maintenance,Backflow Test,Completed,PPC,Google | Search | Brand,92067,$0.00,TRUE
1124444821,8/11/2026,,Plumbing Maintenance,Backflow Test,Scheduled,Google Business Profiles,GMB_SanDiego,92127,$0.00,TRUE
287551465,8/11/2026,,Plumbing Maintenance,Backflow Test,Scheduled,PPC,Google Legacy Campaigns,92115,$0.00,TRUE
483305576,8/12/2026,8/19/2026,Plumbing Maintenance,Backflow Test,Completed,Branded Phone Number,Local 619,92107,$104.00,TRUE
31654008,8/12/2026,8/19/2026,Plumbing Maintenance,Backflow Test,Completed,PPC,Google | Search | Brand,92121,$104.00,TRUE
293054126,8/13/2026,,Plumbing Maintenance,Backflow Test,Scheduled,Branded Phone Number,Local 619,91915,$0.00,TRUE
31663047,8/14/2026,,Plumbing Maintenance,Backflow Test,Hold,PPC,Bing | Search | Brand,92106,$0.00,TRUE
1116114973,8/14/2026,7/29/2026,Plumbing Maintenance,Backflow Test,Completed,Branded Phone Number,Local 619,92057,-$12.70,TRUE
669916725,8/14/2026,,Plumbing Maintenance,Backflow Test,Scheduled,PPC,Google | Search | Brand,92115,$0.00,TRUE
31707491,8/17/2026,,Plumbing Maintenance,Backflow Test,Scheduled,PPC,Google | Search | Brand,92121,$0.00,TRUE
982691638,8/18/2026,,Plumbing Maintenance,Backflow Test,Scheduled,Branded Phone Number,Local 619,92010,$0.00,TRUE
56641716,8/18/2026,7/15/2026,Plumbing Maintenance,Backflow Test,Completed,Branded Phone Number,Local 619,92020,$0.00,TRUE
31649875,8/18/2026,8/12/2026,Plumbing Maintenance,Backflow Test,Completed,Google Business Profiles,GMB_SanDiego,91942,$0.00,TRUE
1125559904,8/18/2026,,Plumbing Maintenance,Backflow Test,Scheduled,Yelp,Yelp,92131,$0.00,TRUE
370500573,8/19/2026,,Plumbing Maintenance,Backflow Test,Scheduled,Branded Phone Number,A1-800-BILL HOWE,92107,$0.00,TRUE
273012454,8/19/2026,,Plumbing Maintenance,Backflow Test,Scheduled,Branded Phone Number,Local 619,92102,$0.00,TRUE
977537776,8/19/2026,,Plumbing Maintenance,Backflow Test,Hold,Google Business Profiles,GMB_SanDiego,92024,$0.00,TRUE
1115180558,8/20/2026,,Plumbing Maintenance,Backflow Test,Scheduled,Branded Phone Number,Local 619,92101,$478.00,TRUE
1128466734,8/20/2026,,Plumbing Maintenance,Backflow Test,Hold,Google LSA,Google Local Services,92127,$0.00,TRUE
1128594846,8/20/2026,8/20/2026,Plumbing Maintenance,Backflow Test,Completed,Branded Phone Number,Local 619,92104,$104.00,TRUE
42647401,8/20/2026,,Plumbing Maintenance,Backflow Test,Scheduled,Branded Phone Number,Local 619,91941,$0.00,TRUE
93352069,8/21/2026,,Plumbing Maintenance,Backflow Test,Scheduled,PPC,Google | Search | Brand,92020,$0.00,TRUE
31731370,8/21/2026,,Plumbing Maintenance,Backflow Test,Scheduled,Branded Phone Number,Local 619,91911,$0.00,TRUE
31537305,8/10/2026,8/10/2026,Plumbing Service,Combo,Completed,Branded Phone Number,A1-800-BILL HOWE,92101,$144.00,TRUE
63317010,8/10/2026,8/10/2026,Plumbing Service,Combo,Completed,PPC,Google | Search | Brand,92117,$500.00,TRUE
92720450,8/10/2026,8/11/2026,Plumbing Service,Combo,Completed,Organic Search,Google Organic,92111,$0.00,FALSE
31660442,8/10/2026,8/17/2026,Plumbing Service,Combo,Completed,Google Business Profiles,GMB_SanDiego,92067,$2398.00,TRUE
31593848,8/10/2026,8/4/2026,Plumbing Service,Combo,Completed,Branded Phone Number,A1-800-BILL HOWE,92109,-$102.00,TRUE
58671473,8/10/2026,8/11/2026,Plumbing Service,Combo,Completed,Branded Phone Number,A1-800-BILL HOWE,92105,$644.00,TRUE
1124142942,8/11/2026,,Plumbing Service,Combo,Hold,Sameday AI,Sameday AI,92101,$0.00,TRUE
31586318,8/11/2026,7/30/2026,Plumbing Service,Combo,Completed,Branded Phone Number,A1-800-BILL HOWE,92007,$0.00,TRUE
285966011,8/11/2026,8/12/2026,Plumbing Service,Combo,Completed,Email,Legacy Email Marketing Multiple Offers,92020,$0.00,TRUE
57942815,8/11/2026,8/6/2026,Plumbing Service,Combo,Completed,Website,Website Phone Calls,91915,$0.00,TRUE
258142252,8/11/2026,8/14/2026,Plumbing Service,Combo,Completed,Branded Phone Number,A1-800-BILL HOWE,92119,$102.00,TRUE
92720450,8/11/2026,8/17/2026,Plumbing Service,Combo,Completed,PPC,Google | Search | Brand,92111,$886.00,TRUE
896523480,8/12/2026,8/12/2026,Plumbing Service,Combo,Completed,PPC,Google | PMAX | Drains,92118,$0.00,TRUE
31624789,8/12/2026,8/17/2026,Plumbing Service,Combo,Completed,Organic Search,Google Organic,92111,$5759.04,TRUE
674433419,8/12/2026,8/13/2026,Plumbing Service,Combo,Completed,Branded Phone Number,Local 619,92102,$0.00,TRUE
31560686,8/12/2026,8/19/2026,Plumbing Service,Combo,Completed,Branded Phone Number,Local 619,92128,$745.00,TRUE
61751957,8/13/2026,,Plumbing Service,Combo,Hold,Sameday AI,Sameday AI,92019,$0.00,TRUE
31582588,8/13/2026,8/13/2026,Plumbing Service,Combo,Completed,Branded Phone Number,Local 619,92037,$632.00,TRUE
31719054,8/13/2026,8/13/2026,Plumbing Service,Combo,Completed,Yelp,Yelp,92104,$384.00,TRUE
1080075614,8/13/2026,8/11/2026,Plumbing Service,Combo,Completed,Organic Search,Google Organic,92119,$0.00,TRUE
65973824,8/13/2026,8/14/2026,Plumbing Service,Combo,Completed,Google Business Profiles,GMB_SanDiego,92116,$85.00,TRUE
1122349996,8/14/2026,8/8/2026,Plumbing Service,Combo,Completed,Google LSA,Google Local Services,92118,-$250.00,TRUE
31647774,8/14/2026,8/14/2026,Plumbing Service,Combo,Completed,Branded Phone Number,A1-800-BILL HOWE,92107,$212.00,TRUE
283053089,8/17/2026,8/19/2026,Plumbing Service,Combo,Completed,PPC,Google | PMAX | Drains - Vegas,92128,$859.50,TRUE
54244876,8/17/2026,8/17/2026,Plumbing Service,Combo,Completed,Email,Legacy Email Marketing Multiple Offers,92037,$76.50,TRUE
375827483,8/17/2026,8/18/2026,Plumbing Service,Combo,Completed,Branded Phone Number,A1-800-BILL HOWE,92103,$0.00,FALSE
309229476,8/17/2026,8/14/2026,Plumbing Service,Combo,Completed,Branded Phone Number,Local 619,92126,$0.00,TRUE
46050435,8/18/2026,8/19/2026,Plumbing Service,Combo,Completed,Google Business Profiles,GMB_SanDiego,92071,$610.88,TRUE
1127663260,8/18/2026,8/18/2026,Plumbing Service,Combo,Completed,Email,Legacy Email Marketing Multiple Offers,92126,$0.00,TRUE
892975465,8/18/2026,8/19/2026,Plumbing Service,Combo,Completed,,Small Leaks Big Problems August 2026,92119,$204.00,TRUE
255062419,8/18/2026,8/19/2026,Plumbing Service,Combo,Completed,Google Business Profiles,GMB_SanDiego,91910,$472.00,TRUE
278897697,8/18/2026,8/20/2026,Plumbing Service,Combo,Completed,Google Business Profiles,GMB_SanDiego,92111,$0.00,TRUE
31582588,8/19/2026,8/13/2026,Plumbing Service,Combo,Completed,Branded Phone Number,Local 619,92037,$0.00,TRUE
31564788,8/19/2026,8/19/2026,Plumbing Service,Combo,Completed,Email,Legacy Email Marketing Multiple Offers,92124,$525.00,TRUE
1128268023,8/19/2026,8/19/2026,Plumbing Service,Combo,Canceled,Direct Web Traffic,Direct Web Traffic,92019,$0.00,TRUE
31602067,8/20/2026,,Plumbing Service,Combo,Scheduled,Sameday AI,Sameday AI,92131,$0.00,TRUE
309229476,8/20/2026,8/14/2026,Plumbing Service,Combo,Completed,Branded Phone Number,Local 619,92126,$0.00,TRUE
471079073,8/20/2026,8/21/2026,Plumbing Service,Combo,Completed,Email,Legacy Email Marketing Multiple Offers,92120,$0.00,TRUE
31660442,8/21/2026,8/17/2026,Plumbing Service,Combo,Completed,Google Business Profiles,GMB_SanDiego,92067,$0.00,TRUE
92093225,8/10/2026,7/23/2026,HVAC Service,Diagnosis,Completed,Google Business Profiles,GMB_SanDiego,92122,-$284.00,TRUE
31592335,8/10/2026,,HVAC Service,Diagnosis,Scheduled,Branded Phone Number,A1-800-BILL HOWE,92037,$0.00,TRUE
1123605123,8/10/2026,8/20/2026,HVAC Service,Diagnosis,Canceled,Google LSA,Google Local Services,92123,$0.00,TRUE
31605047,8/10/2026,,HVAC Service,Diagnosis,Scheduled,Yelp,Yelp,92109,$0.00,TRUE
31552540,8/10/2026,8/10/2026,HVAC Service,Diagnosis,Completed,Google LSA,Google Local Services,92110,$793.29,TRUE
355910974,8/10/2026,8/11/2026,HVAC Service,Diagnosis,Completed,Email,Legacy Email Marketing Multiple Offers,92037,$0.00,TRUE
1123696752,8/10/2026,,HVAC Service,Diagnosis,Scheduled,Branded Phone Number,A1-800-BILL HOWE,92108,$0.00,TRUE
1123681856,8/10/2026,8/11/2026,HVAC Service,Diagnosis,Completed,Branded Phone Number,A1-800-BILL HOWE,92118,$285.00,TRUE
301859205,8/10/2026,,HVAC Service,Diagnosis,Scheduled,Direct Web Traffic,Direct Web Traffic,92127,$0.00,TRUE
31562476,8/10/2026,,HVAC Service,Diagnosis,Scheduled,Branded Phone Number,Local 619,91911,$0.00,TRUE
1123601192,8/10/2026,8/11/2026,HVAC Service,Diagnosis,Canceled,Direct Web Traffic,Direct Web Traffic,92007,$0.00,TRUE
272499692,8/10/2026,8/14/2026,HVAC Service,Diagnosis,Canceled,PPC,Google | Search | Brand,92106,$0.00,TRUE
302942500,8/10/2026,,HVAC Service,Diagnosis,Scheduled,Google Business Profiles,GMB_SanDiego,92104,$0.00,TRUE
1119898591,8/10/2026,8/14/2026,HVAC Service,Diagnosis,Completed,PPC,Google | Search | Brand,92123,$0.00,TRUE
367618233,8/10/2026,8/12/2026,HVAC Service,Diagnosis,Completed,PPC,Google | Search | Brand,92067,$87.00,TRUE
1123696735,8/10/2026,8/20/2026,HVAC Service,Diagnosis,Canceled,PPC,Google | Search | Brand,92064,$0.00,TRUE
290663766,8/10/2026,8/17/2026,HVAC Service,Diagnosis,Completed,Yelp,Yelp,92130,$87.00,TRUE
31567412,8/10/2026,8/10/2026,HVAC Service,Diagnosis,Canceled,Email,Legacy Email Marketing Multiple Offers,92117,$0.00,TRUE
31592439,8/10/2026,,HVAC Service,Diagnosis,In Progress,Google Business Profiles,GMB_SanDiego,92106,$0.00,TRUE
46456501,8/10/2026,,HVAC Service,Diagnosis,Scheduled,Outbound SMS,ST Outbound Text Lines,92008,$0.00,TRUE
31596657,8/10/2026,,HVAC Service,Diagnosis,Scheduled,Branded Phone Number,Local 619,92117,$0.00,TRUE
358784234,8/10/2026,,HVAC Service,Diagnosis,Scheduled,Google Business Profiles,GMB_SanDiego,91941,$0.00,TRUE
48978115,8/10/2026,,HVAC Service,Diagnosis,Scheduled,Branded Phone Number,Local 619,92124,$0.00,TRUE
31730772,8/10/2026,8/22/2026,HVAC Service,Diagnosis,Canceled,Direct Web Traffic,Direct Web Traffic,92122,$0.00,TRUE
31602338,8/10/2026,,HVAC Service,Diagnosis,Scheduled,PPC,Google | Search | Brand,92037,$0.00,TRUE
1123729441,8/10/2026,8/10/2026,HVAC Service,Diagnosis,Canceled,Branded Phone Number,A1-800-BILL HOWE,92131,$0.00,TRUE
1118650720,8/10/2026,7/31/2026,HVAC Service,Diagnosis,Completed,CSR Outbound,$1 OUTBOUND (use this for out-bounding),91942,-$84.00,TRUE
1115995455,8/10/2026,,HVAC Service,Diagnosis,Scheduled,PPC,Google | Search | Plumbing,92103,$0.00,TRUE
64370165,8/10/2026,,HVAC Service,Diagnosis,Hold,PPC,Google | Search | Brand,92009,$0.00,TRUE
1074434381,8/10/2026,,HVAC Service,Diagnosis,Scheduled,,Offers Roundup August 2026,92127,$0.00,TRUE
286631987,8/10/2026,,HVAC Service,Diagnosis,Hold,Branded Phone Number,Local 619,92117,$0.00,TRUE
895557794,8/10/2026,,HVAC Service,Diagnosis,Scheduled,PPC,Google | Search | Brand,92040,$0.00,TRUE
31727397,8/10/2026,,HVAC Service,Diagnosis,In Progress,Google Business Profiles,GMB_SanDiego,92037,$0.00,TRUE
1115852365,8/10/2026,8/11/2026,HVAC Service,Diagnosis,Canceled,Direct Web Traffic,Direct Web Traffic,92117,$0.00,TRUE
31621139,8/11/2026,8/13/2026,HVAC Service,Diagnosis,Completed,Website,Website Phone Calls,92173,$116.00,TRUE
474528838,8/11/2026,8/15/2026,HVAC Service,Diagnosis,Canceled,Organic Search,Google Organic,92114,$0.00,TRUE
676327599,8/11/2026,,HVAC Service,Diagnosis,Scheduled,Direct Web Traffic,Direct Web Traffic,92009,$0.00,TRUE
979564417,8/11/2026,8/11/2026,HVAC Service,Diagnosis,Completed,PPC,Google | PMAX | Plumbing,92118,$87.00,FALSE
1117789978,8/11/2026,8/13/2026,HVAC Service,Diagnosis,Completed,PPC,Google | PMAX | Plumbing,92103,$1013.61,TRUE
370484866,8/11/2026,,HVAC Service,Diagnosis,Scheduled,PPC,Google | PMAX | Drains,92120,$0.00,TRUE
31726531,8/11/2026,,HVAC Service,Diagnosis,Scheduled,Branded Phone Number,A1-800-BILL HOWE,92024,$0.00,TRUE
277227921,8/11/2026,,HVAC Service,Diagnosis,Scheduled,PPC,Google | Search | Brand,92037,$0.00,TRUE
1124334502,8/11/2026,,HVAC Service,Diagnosis,Hold,Google Business Profiles,GMB_SanDiego,91950,$0.00,TRUE
31620257,8/11/2026,,HVAC Service,Diagnosis,Scheduled,PPC,Google | Search | Brand,91950,$0.00,TRUE
31713861,8/11/2026,8/13/2026,HVAC Service,Diagnosis,Completed,Branded Phone Number,Local 619,92117,$225.00,TRUE
976324494,8/11/2026,,HVAC Service,Diagnosis,Scheduled,Google Business Profiles,GMB_SanDiego,92107,$0.00,TRUE
31713311,8/11/2026,8/12/2026,HVAC Service,Diagnosis,Completed,Organic Search,Google Organic,92106,$0.00,TRUE
31731569,8/11/2026,,HVAC Service,Diagnosis,Scheduled,Branded Phone Number,A1-800-BILL HOWE,92037,$0.00,TRUE
50433032,8/11/2026,8/17/2026,HVAC Service,Diagnosis,Canceled,PPC,Google | Search | Brand,92116,$0.00,TRUE
86409819,8/11/2026,8/13/2026,HVAC Service,Diagnosis,Completed,Direct Web Traffic,Direct Web Traffic,92102,$0.00,FALSE
331525935,8/11/2026,,HVAC Service,Diagnosis,Scheduled,PPC,Google | Search | Brand,92024,$0.00,TRUE
50044824,8/11/2026,,HVAC Service,Diagnosis,Scheduled,Google Business Profiles,GMB_SanDiego,92102,$0.00,TRUE
52480634,8/11/2026,,HVAC Service,Diagnosis,Scheduled,Organic Search,Google Organic,92037,$0.00,TRUE
472674111,8/11/2026,8/17/2026,HVAC Service,Diagnosis,Completed,PPC,Google | PMAX | Drains,92118,$87.00,TRUE
31733676,8/11/2026,8/11/2026,HVAC Service,Diagnosis,Canceled,PPC,Google | Search | Brand,92009,$0.00,TRUE
268370708,8/11/2026,8/14/2026,HVAC Service,Diagnosis,Completed,Branded Phone Number,A1-800-BILL HOWE,92037,$87.00,TRUE
1099200594,8/11/2026,,HVAC Service,Diagnosis,Scheduled,Branded Phone Number,Local 619,92131,$0.00,TRUE
251018860,8/11/2026,,HVAC Service,Diagnosis,Scheduled,Google Business Profiles,GMB_SanDiego,92120,$0.00,TRUE
43584117,8/11/2026,,HVAC Service,Diagnosis,Scheduled,Organic Search,Google Organic,92130,$0.00,TRUE
272386392,8/11/2026,8/13/2026,HVAC Service,Diagnosis,Canceled,Google Business Profiles,GMB_SanDiego,92124,$0.00,TRUE
31611375,8/11/2026,8/11/2026,HVAC Service,Diagnosis,Completed,Branded Phone Number,A1-800-BILL HOWE,92078,$0.00,FALSE
31681690,8/11/2026,,HVAC Service,Diagnosis,Scheduled,Branded Phone Number,Local 619,92103,$0.00,TRUE
339711452,8/12/2026,,HVAC Service,Diagnosis,Scheduled,Direct Web Traffic,Direct Web Traffic,92130,$0.00,TRUE
1124704527,8/12/2026,8/20/2026,HVAC Service,Diagnosis,Completed,PPC,Google | Search | Brand,91941,$344.00,TRUE
1124582442,8/12/2026,,HVAC Service,Diagnosis,Scheduled,Google LSA,Google Local Services,91977,$0.00,TRUE
1124581943,8/12/2026,,HVAC Service,Diagnosis,Scheduled,PPC,Google | Search | Brand,92127,$0.00,TRUE
31591683,8/12/2026,8/12/2026,HVAC Service,Diagnosis,Canceled,PPC,Google | Search | Brand,92117,$0.00,TRUE
1124590588,8/12/2026,,HVAC Service,Diagnosis,Scheduled,PPC,Google | Search | Competitor,92065,$0.00,TRUE
58576509,8/12/2026,,HVAC Service,Diagnosis,Scheduled,Branded Phone Number,Local 619,92127,$0.00,TRUE
31611273,8/12/2026,,HVAC Service,Diagnosis,Scheduled,PPC,Google | Search | Brand,92109,$0.00,TRUE
31695078,8/12/2026,,HVAC Service,Diagnosis,Scheduled,Google Business Profiles,GMB_SanDiego,92127,$0.00,TRUE
31670068,8/12/2026,8/19/2026,HVAC Service,Diagnosis,Canceled,PPC,Bing | Search | Brand,92114,$0.00,TRUE
320568849,8/12/2026,,HVAC Service,Diagnosis,Scheduled,Google LSA,Google Local Services,92029,$0.00,TRUE
31647840,8/12/2026,8/12/2026,HVAC Service,Diagnosis,Completed,Branded Phone Number,A1-800-BILL HOWE,92121,$269.80,TRUE
1123696752,8/12/2026,,HVAC Service,Diagnosis,Scheduled,Branded Phone Number,A1-800-BILL HOWE,92108,$0.00,TRUE
273106075,8/12/2026,8/12/2026,HVAC Service,Diagnosis,Completed,Direct Web Traffic,Direct Web Traffic,92025,$87.00,FALSE
1124698051,8/12/2026,,HVAC Service,Diagnosis,Scheduled,Google Business Profiles,GMB_SanDiego,92130,$0.00,TRUE
273106075,8/12/2026,8/19/2026,HVAC Service,Diagnosis,Canceled,Direct Web Traffic,Direct Web Traffic,92025,$0.00,TRUE
31575399,8/12/2026,8/12/2026,HVAC Service,Diagnosis,Completed,Organic Search,Yahoo Organic,92108,$509.00,TRUE
1124767476,8/12/2026,,HVAC Service,Diagnosis,Scheduled,PPC,Google | Search | Brand,92107,$0.00,TRUE
890545243,8/12/2026,,HVAC Service,Diagnosis,Scheduled,Branded Phone Number,Local 619,92117,$0.00,TRUE
272883003,8/12/2026,,HVAC Service,Diagnosis,Scheduled,Google Business Profiles,GMB_SanDiego,92104,$0.00,TRUE
1124782199,8/12/2026,8/13/2026,HVAC Service,Diagnosis,Canceled,Organic Search,Google Organic,92122,$0.00,TRUE
479317061,8/12/2026,8/19/2026,HVAC Service,Diagnosis,Completed,Google Business Profiles,GMB_SanDiego,92154,$1032.00,TRUE
256242714,8/12/2026,,HVAC Service,Diagnosis,Scheduled,Direct Web Traffic,Direct Web Traffic,92115,$0.00,TRUE
31606144,8/12/2026,8/12/2026,HVAC Service,Diagnosis,Completed,Google Business Profiles,GMB_SanDiego,92110,$927.12,TRUE
1124862703,8/12/2026,8/13/2026,HVAC Service,Diagnosis,Completed,PPC,Google | Search | Brand,92009,$87.00,TRUE
1124862745,8/12/2026,,HVAC Service,Diagnosis,Hold,Direct Web Traffic,Direct Web Traffic,92109,$0.00,TRUE
101302748,8/12/2026,,HVAC Service,Diagnosis,Hold,Branded Phone Number,Local 619,92130,$0.00,TRUE
1124851027,8/12/2026,,HVAC Service,Diagnosis,Scheduled,Google LSA,Google Local Services,92130,$0.00,TRUE
1124884503,8/12/2026,8/12/2026,HVAC Service,Diagnosis,Canceled,Direct Web Traffic,Direct Web Traffic,92115,$0.00,TRUE
1124586974,8/12/2026,,HVAC Service,Diagnosis,Scheduled,PPC,Google | Search | Plumbing,92110,$0.00,TRUE
31669185,8/12/2026,,HVAC Service,Diagnosis,Hold,Branded Phone Number,Local 619,92154,$0.00,TRUE
31698509,8/12/2026,8/13/2026,HVAC Service,Diagnosis,Completed,Outbound SMS,ST Outbound Text Lines,92120,$196.15,TRUE
1124930928,8/13/2026,8/13/2026,HVAC Service,Diagnosis,Completed,Direct Web Traffic,Direct Web Traffic,92011,$87.00,TRUE
273143700,8/13/2026,,HVAC Service,Diagnosis,Scheduled,Yelp,Yelp,92106,$0.00,TRUE
1124943710,8/13/2026,,HVAC Service,Diagnosis,Scheduled,Google LSA,Google Local Services,92019,$0.00,TRUE
1124981252,8/13/2026,8/13/2026,HVAC Service,Diagnosis,Canceled,Google LSA,Google Local Services,92009,$0.00,TRUE
31637453,8/13/2026,,HVAC Service,Diagnosis,Hold,Website,Website Phone Calls,92109,$0.00,TRUE
31611698,8/13/2026,8/13/2026,HVAC Service,Diagnosis,Completed,Google Business Profiles,GMB_SanDiego,92107,$225.00,TRUE
31671308,8/13/2026,,HVAC Service,Diagnosis,Scheduled,PPC,Google | Search | Brand,92024,$0.00,FALSE
85431455,8/13/2026,,HVAC Service,Diagnosis,Scheduled,PPC,Google | Search | Brand,91914,$0.00,TRUE
51091362,8/13/2026,8/13/2026,HVAC Service,Diagnosis,Completed,Google Business Profiles,GMB_SanDiego,92126,$114.98,TRUE
462717348,8/13/2026,8/13/2026,HVAC Service,Diagnosis,Completed,Branded Phone Number,A1-800-BILL HOWE,92029,$87.00,TRUE
1125067427,8/13/2026,8/14/2026,HVAC Service,Diagnosis,Completed,PPC,Google | Search | HVAC,92037,$87.00,TRUE
214319,8/13/2026,,HVAC Service,Diagnosis,Scheduled,Google Business Profiles,GMB_SanDiego,92122,$0.00,TRUE
31574608,8/13/2026,8/13/2026,HVAC Service,Diagnosis,Completed,PPC,Google | Search | Brand,92129,$87.00,TRUE
31699787,8/13/2026,,HVAC Service,Diagnosis,Scheduled,Tech referral,Tech Referral,91950,$0.00,TRUE
1125205983,8/13/2026,,HVAC Service,Diagnosis,Scheduled,PPC,Google | Search | HVAC,92014,$0.00,TRUE
1125248985,8/14/2026,8/14/2026,HVAC Service,Diagnosis,Canceled,Google LSA,Google Local Services,91914,$0.00,TRUE
31563615,8/14/2026,,HVAC Service,Diagnosis,Scheduled,Branded Phone Number,Local 619,92107,$0.00,TRUE
1125289466,8/14/2026,,HVAC Service,Diagnosis,Scheduled,Organic Search,Google Organic,92126,$0.00,TRUE
31728648,8/14/2026,,HVAC Service,Diagnosis,Hold,PPC,Google | Search | Brand,92102,$0.00,TRUE
31728648,8/14/2026,8/17/2026,HVAC Service,Diagnosis,Completed,PPC,Google | Search | Brand,92102,$87.00,TRUE
1125414847,8/14/2026,8/21/2026,HVAC Service,Diagnosis,Canceled,Google Business Profiles,GMB_SanDiego,92108,$0.00,TRUE
283755129,8/14/2026,8/17/2026,HVAC Service,Diagnosis,Completed,Branded Phone Number,Local 619,92007,$145.90,TRUE
1125519240,8/15/2026,,HVAC Service,Diagnosis,Scheduled,Yelp,Yelp,92127,$0.00,TRUE
31702312,8/16/2026,,HVAC Service,Diagnosis,Scheduled,Direct Web Traffic,Direct Web Traffic,92117,$0.00,TRUE
31643021,8/16/2026,,HVAC Service,Diagnosis,Scheduled,Direct Web Traffic,Direct Web Traffic,92118,$0.00,TRUE
1071947512,8/17/2026,,HVAC Service,Diagnosis,Scheduled,Google Business Profiles,GMB_SanDiego,92075,$0.00,TRUE
1113567985,8/17/2026,8/21/2026,HVAC Service,Diagnosis,Completed,Google LSA,Google Local Services,92124,$619.10,TRUE
1127173995,8/17/2026,,HVAC Service,Diagnosis,Scheduled,Email,Legacy Email Marketing Multiple Offers,92101,$0.00,TRUE
1076956391,8/17/2026,,HVAC Service,Diagnosis,Scheduled,Branded Phone Number,Local 619,92118,$0.00,TRUE
1126788902,8/17/2026,8/17/2026,HVAC Service,Diagnosis,Completed,PPC,Google | Search | Brand,92091,$87.00,TRUE
31636659,8/17/2026,8/17/2026,HVAC Service,Diagnosis,Completed,Branded Phone Number,Local 619,92071,$87.00,TRUE
31546145,8/17/2026,8/17/2026,HVAC Service,Diagnosis,Completed,Branded Phone Number,Local 619,91941,$87.00,TRUE
31708432,8/17/2026,8/18/2026,HVAC Service,Diagnosis,Completed,PPC,Google | Search | Brand,92128,$284.00,TRUE
31662415,8/17/2026,8/18/2026,HVAC Service,Diagnosis,Completed,Branded Phone Number,A1-800-BILL HOWE,91941,$232.82,TRUE
99519202,8/17/2026,8/22/2026,HVAC Service,Diagnosis,Canceled,PPC,Google | Search | HVAC,92129,$0.00,TRUE
1035496484,8/17/2026,8/20/2026,HVAC Service,Diagnosis,Completed,Direct Web Traffic,Direct Web Traffic,92128,$0.00,TRUE
31710996,8/17/2026,,HVAC Service,Diagnosis,Scheduled,Google Business Profiles,GMB_SanDiego,92129,$0.00,TRUE
1127318110,8/17/2026,8/19/2026,HVAC Service,Diagnosis,Completed,PPC,Google | PMAX | Drains,92122,$87.00,TRUE
31688126,8/17/2026,,HVAC Service,Diagnosis,Scheduled,PPC,Google | Search | Brand,92011,$0.00,TRUE
31719797,8/17/2026,,HVAC Service,Diagnosis,Scheduled,Branded Phone Number,A1-800-BILL HOWE,91910,$0.00,TRUE
1116506728,8/17/2026,,HVAC Service,Diagnosis,Scheduled,Organic Search,DuckDuckGo Organic,92019,$0.00,FALSE
31537471,8/17/2026,8/18/2026,HVAC Service,Diagnosis,Completed,Branded Phone Number,Local 619,92054,$285.00,TRUE
1127416671,8/17/2026,,HVAC Service,Diagnosis,Hold,PPC,Google | Search | HVAC,92115,$0.00,TRUE
470988472,8/18/2026,8/18/2026,HVAC Service,Diagnosis,Completed,Google Business Profiles,GMB_SanDiego,92009,$158.45,TRUE
1127565534,8/18/2026,,HVAC Service,Diagnosis,Scheduled,Sameday AI,Sameday AI,92071,$0.00,TRUE
1127621787,8/18/2026,,HVAC Service,Diagnosis,Scheduled,PPC,Google | Search | Brand,91914,$0.00,TRUE
53047819,8/18/2026,8/18/2026,HVAC Service,Diagnosis,Completed,Google LSA,Google Local Services,92064,$87.00,TRUE
31629710,8/18/2026,,HVAC Service,Diagnosis,Scheduled,Branded Phone Number,Local 619,92126,$0.00,TRUE
354849606,8/18/2026,,HVAC Service,Diagnosis,Scheduled,Branded Phone Number,Local 619,92071,$0.00,TRUE
31730559,8/18/2026,,HVAC Service,Diagnosis,Scheduled,PPC,Google | Search | Brand,92037,$0.00,TRUE
280597952,8/18/2026,,HVAC Service,Diagnosis,Scheduled,Email,Legacy Email Marketing Multiple Offers,92071,$0.00,TRUE
31537892,8/18/2026,,HVAC Service,Diagnosis,Scheduled,Email,Legacy Email Marketing Multiple Offers,92103,$0.00,TRUE
285411729,8/18/2026,8/22/2026,HVAC Service,Diagnosis,Canceled,PPC,Google | Search | Brand,92120,$0.00,TRUE
31654975,8/18/2026,,HVAC Service,Diagnosis,Scheduled,Organic Search,Google Organic,92130,$0.00,TRUE
481289618,8/19/2026,8/20/2026,HVAC Service,Diagnosis,Completed,Email,Legacy Email Marketing Multiple Offers,91977,$638.48,TRUE
31720924,8/19/2026,,HVAC Service,Diagnosis,Scheduled,Branded Phone Number,A1-800-BILL HOWE,92103,$0.00,TRUE
31536162,8/19/2026,,HVAC Service,Diagnosis,Scheduled,Branded Phone Number,Local 619,91910,$0.00,TRUE
377823765,8/19/2026,8/19/2026,HVAC Service,Diagnosis,Completed,Google Business Profiles,GMB_SanDiego,92130,$509.00,TRUE
31623834,8/19/2026,,HVAC Service,Diagnosis,Scheduled,Google LSA,Google Local Services,92103,$0.00,TRUE
31623834,8/19/2026,8/19/2026,HVAC Service,Diagnosis,Canceled,Google LSA,Google Local Services,92103,$0.00,TRUE
1127948239,8/19/2026,8/19/2026,HVAC Service,Diagnosis,Completed,Google Business Profiles,GMB_SanDiego,92127,$0.00,TRUE
1128254242,8/19/2026,8/21/2026,HVAC Service,Diagnosis,Canceled,Branded Phone Number,A1-800-BILL HOWE,92130,$0.00,TRUE
60087000,8/19/2026,,HVAC Service,Diagnosis,Scheduled,Direct Web Traffic,Direct Web Traffic,92131,$0.00,TRUE
1128271747,8/19/2026,8/20/2026,HVAC Service,Diagnosis,Completed,Google Business Profiles,GMB_SanDiego,92114,$0.00,TRUE
1128357659,8/19/2026,8/20/2026,HVAC Service,Diagnosis,Canceled,PPC,Google | PMAX | HVAC,92078,$0.00,TRUE
31605903,8/19/2026,8/21/2026,HVAC Service,Diagnosis,Completed,PPC,Google | Search | Brand,92109,$453.64,TRUE
287109118,8/19/2026,,HVAC Service,Diagnosis,Scheduled,Google Business Profiles,GMB_SanDiego,92025,$0.00,TRUE
479317061,8/19/2026,8/20/2026,HVAC Service,Diagnosis,Completed,Google Business Profiles,GMB_SanDiego,92154,$129.00,TRUE
62451546,8/19/2026,,HVAC Service,Diagnosis,Scheduled,PPC,Google | Search | Brand,92064,$0.00,TRUE
31557719,8/19/2026,8/20/2026,HVAC Service,Diagnosis,Canceled,Branded Phone Number,A1-800-BILL HOWE,92024,$0.00,TRUE
31640572,8/19/2026,,HVAC Service,Diagnosis,Hold,,2025 Q1 Account Customer Newsletter,92107,$0.00,TRUE
1128393284,8/19/2026,,HVAC Service,Diagnosis,Scheduled,Branded Phone Number,A1-800-BILL HOWE,92103,$0.00,TRUE
94791615,8/19/2026,8/19/2026,HVAC Service,Diagnosis,Canceled,Branded Phone Number,Local 619,92064,$0.00,TRUE
1128524529,8/20/2026,8/21/2026,HVAC Service,Diagnosis,Completed,Organic Search,Google Organic,92122,$284.00,TRUE
31661286,8/20/2026,,HVAC Service,Diagnosis,Scheduled,Website,Website Phone Calls,92129,$0.00,TRUE
56499985,8/20/2026,8/22/2026,HVAC Service,Diagnosis,Completed,Branded Phone Number,Local 619,92116,$225.00,TRUE
1128505056,8/20/2026,8/21/2026,HVAC Service,Diagnosis,Completed,PPC,Google | Search | Plumbing,92131,$246.75,TRUE
671048301,8/20/2026,8/21/2026,HVAC Service,Diagnosis,In Progress,Google Business Profiles,GMB_SanDiego,92110,$2350.32,TRUE
1128736990,8/20/2026,,HVAC Service,Diagnosis,Scheduled,PPC,Google | Search | Brand,92130,$0.00,TRUE
63297593,8/20/2026,,HVAC Service,Diagnosis,Scheduled,Branded Phone Number,A1-800-BILL HOWE,91978,$0.00,TRUE
1128668912,8/20/2026,,HVAC Service,Diagnosis,Scheduled,PPC,Google | Search | Competitor,92040,$0.00,TRUE
31654458,8/20/2026,,HVAC Service,Diagnosis,Scheduled,PPC,Google | Search | Brand,92064,$0.00,TRUE
1128430969,8/20/2026,8/20/2026,HVAC Service,Diagnosis,Canceled,PPC,Google | PMAX | Plumbing,92075,$0.00,TRUE
31690214,8/20/2026,,HVAC Service,Diagnosis,Scheduled,Yelp,Yelp,92110,$0.00,TRUE
31734655,8/21/2026,,HVAC Service,Diagnosis,Scheduled,Branded Phone Number,Local 619,92124,$0.00,TRUE
1112714284,8/21/2026,,HVAC Service,Diagnosis,Scheduled,Branded Phone Number,Local 619,92103,$0.00,TRUE
31733438,8/21/2026,8/21/2026,HVAC Service,Diagnosis,Canceled,Google Business Profiles,GMB_SanDiego,92122,$0.00,TRUE
31692778,8/21/2026,,HVAC Service,Diagnosis,Scheduled,Organic Search,Google Organic,92037,$0.00,TRUE
1129015537,8/21/2026,,HVAC Service,Diagnosis,Scheduled,PPC,Google | PMAX | HVAC,91945,$0.00,TRUE
1129049822,8/21/2026,,HVAC Service,Diagnosis,Scheduled,Direct Web Traffic,Direct Web Traffic,92128,$0.00,TRUE
1129008674,8/21/2026,,HVAC Service,Diagnosis,Hold,Branded Phone Number,Local 619,92118,$0.00,TRUE
46549565,8/21/2026,8/21/2026,HVAC Service,Diagnosis,Canceled,Branded Phone Number,Local 619,92126,$0.00,TRUE
31573061,8/21/2026,8/21/2026,HVAC Service,Diagnosis,Canceled,Branded Phone Number,Local 619,92116,$0.00,TRUE
273622300,8/21/2026,,HVAC Service,Diagnosis,Scheduled,Branded Phone Number,A1-800-BILL HOWE,91950,$0.00,TRUE
31654866,8/21/2026,,HVAC Service,Diagnosis,Scheduled,Email,Legacy Email Marketing Multiple Offers,92123,$0.00,TRUE
31695033,8/21/2026,,HVAC Service,Diagnosis,Scheduled,Branded Phone Number,Local 619,92037,$0.00,TRUE
1129220702,8/21/2026,,HVAC Service,Diagnosis,Scheduled,Sameday AI,Sameday AI,92040,$0.00,TRUE
68529726,8/22/2026,8/22/2026,HVAC Sales,Diagnosis,Canceled,Google Business Profiles,GMB_SanDiego,92124,$0.00,TRUE
287578025,8/22/2026,,HVAC Service,Diagnosis,Scheduled,PPC,Google | Search | Brand,92129,$0.00,TRUE
1129227396,8/22/2026,8/22/2026,HVAC Service,Diagnosis,Canceled,Google LSA,Google Local Services,92119,$0.00,TRUE
31699695,8/22/2026,,HVAC Service,Diagnosis,Scheduled,CSR Outbound,$1 OUTBOUND (use this for out-bounding),92037,$0.00,TRUE
31651332,8/22/2026,8/22/2026,HVAC Service,Diagnosis,Completed,Branded Phone Number,Local 619,92109,$251.50,TRUE
31646678,8/22/2026,,HVAC Service,Diagnosis,Scheduled,PPC,Google | PMAX | Drains,92127,$0.00,TRUE
1129224223,8/23/2026,,HVAC Service,Diagnosis,Scheduled,PPC,Google | Search | Brand,92129,$0.00,TRUE
1129222020,8/23/2026,,HVAC Service,Diagnosis,Scheduled,Direct Web Traffic,Direct Web Traffic,92126,$0.00,TRUE
94358369,8/12/2026,8/12/2026,Plumbing Service,Dishwasher,Completed,Google Business Profiles,GMB_Poway,92127,$0.00,FALSE
349121032,8/13/2026,,Plumbing Service,Dishwasher,Hold,Branded Phone Number,Local 619,92067,$0.00,TRUE
1115699631,8/17/2026,8/17/2026,Plumbing Service,Dishwasher,Completed,Google Business Profiles,GMB_SanDiego,92115,$0.00,TRUE
31640183,8/17/2026,8/18/2026,Plumbing Service,Dishwasher,Completed,Branded Phone Number,A1-800-BILL HOWE,92117,$436.13,TRUE
1127322078,8/17/2026,8/21/2026,Plumbing Service,Dishwasher,Completed,Google Business Profiles,GMB_SanDiego,91941,$0.00,TRUE
120652,8/19/2026,8/19/2026,Plumbing Service,Dishwasher,Completed,Tech referral,Tech Referral,92116,$262.50,TRUE
348650430,8/21/2026,8/21/2026,Plumbing Service,Dishwasher,Completed,Organic Search,Google Organic,92037,$0.00,TRUE
482656303,8/21/2026,,Plumbing Service,Dishwasher,Hold,Branded Phone Number,Local 619,92037,$0.00,TRUE
49471781,8/10/2026,8/13/2026,Plumbing Sales,Disposal,Completed,Direct Web Traffic,Direct Web Traffic,92128,$0.00,TRUE
896425738,8/10/2026,8/11/2026,Plumbing Service,Disposal,Completed,Organic Search,Google Organic,92120,$0.00,TRUE
31734331,8/11/2026,8/6/2026,Plumbing Service,Disposal,Completed,Branded Phone Number,A1-800-BILL HOWE,92091,$0.00,TRUE
46627446,8/11/2026,8/11/2026,Plumbing Service,Disposal,Completed,Direct Web Traffic,Direct Web Traffic,92131,$313.00,TRUE
31720489,8/11/2026,8/12/2026,Plumbing Service,Disposal,Completed,Branded Phone Number,A1-800-BILL HOWE,92103,$477.00,TRUE
60090597,8/12/2026,8/13/2026,Plumbing Service,Disposal,Completed,Branded Phone Number,A1-800-BILL HOWE,92128,$1024.00,TRUE
1071286889,8/12/2026,8/13/2026,Plumbing Service,Disposal,Completed,,Water Heater Email August 2026,92130,$477.00,TRUE
31677068,8/12/2026,8/14/2026,Plumbing Service,Disposal,Completed,Google Business Profiles,GMB_Poway,92128,$503.50,TRUE
31704711,8/12/2026,8/10/2026,Plumbing Service,Disposal,Completed,Branded Phone Number,A1-800-BILL HOWE,91977,$0.00,TRUE
31586213,8/13/2026,8/10/2026,Plumbing Service,Disposal,Completed,Branded Phone Number,A1-800-BILL HOWE,92110,$0.00,TRUE
1125293888,8/14/2026,8/17/2026,Plumbing Service,Disposal,Completed,Website,Email Contact Form,92110,$175.00,TRUE
62213453,8/16/2026,8/17/2026,Plumbing Service,Disposal,Completed,Branded Phone Number,Local 619,91911,$530.00,TRUE
31720364,8/17/2026,8/17/2026,Plumbing Service,Disposal,Completed,Branded Phone Number,Local 619,92123,$0.00,TRUE
1035393670,8/17/2026,8/17/2026,Plumbing Service,Disposal,Completed,PPC,Google | Search | Brand,92103,$201.40,TRUE
1035393670,8/17/2026,8/17/2026,Plumbing Service,Disposal,Canceled,PPC,Google | Search | Brand,92103,$0.00,TRUE
1125293888,8/18/2026,8/19/2026,Plumbing Service,Disposal,Completed,Website,Email Contact Form,92110,$632.00,TRUE
31709549,8/18/2026,8/18/2026,Plumbing Service,Disposal,Completed,Google LSA,Google Local Services,92024,$281.70,TRUE
31671966,8/18/2026,8/19/2026,Plumbing Service,Disposal,Completed,Direct Web Traffic,Direct Web Traffic,92111,$0.00,TRUE
31564045,8/18/2026,8/19/2026,Plumbing Service,Disposal,Completed,Branded Phone Number,Local 619,92011,$530.00,TRUE
31567004,8/18/2026,8/18/2026,Plumbing Service,Disposal,Completed,Google Business Profiles,GMB_SanDiego,92103,$487.60,TRUE
31550839,8/18/2026,8/20/2026,Plumbing Service,Disposal,Completed,Google Business Profiles,GMB_SanDiego,92117,$1362.00,TRUE
684016813,8/19/2026,8/21/2026,Plumbing Service,Disposal,Completed,Google LSA,Google Local Services,92105,$0.00,TRUE
684016813,8/19/2026,8/19/2026,Plumbing Service,Disposal,Canceled,Google LSA,Google Local Services,92105,$0.00,TRUE
321598747,8/19/2026,8/19/2026,Plumbing Service,Disposal,Completed,Direct Web Traffic,Direct Web Traffic,92104,$0.00,TRUE
467728975,8/19/2026,8/20/2026,Plumbing Service,Disposal,Completed,Branded Phone Number,Local 619,92064,$848.00,TRUE
63380724,8/19/2026,8/20/2026,Plumbing Service,Disposal,Completed,Sameday AI,Sameday AI,92107,$674.00,TRUE
43985711,8/19/2026,8/21/2026,Plumbing Service,Disposal,Completed,Direct Web Traffic,Direct Web Traffic,92126,$530.00,TRUE
1125293888,8/20/2026,8/19/2026,Plumbing Service,Disposal,Completed,Website,Email Contact Form,92110,-$63.20,TRUE
369779057,8/20/2026,8/20/2026,Plumbing Service,Disposal,Completed,Branded Phone Number,A1-800-BILL HOWE,92118,$530.00,TRUE
53658640,8/20/2026,8/20/2026,Plumbing Service,Disposal,Completed,Branded Phone Number,A1-800-BILL HOWE,92109,$0.00,TRUE
31673135,8/21/2026,,Plumbing Service,Disposal,Scheduled,Google Business Profiles,GMB_SanDiego,92102,$0.00,TRUE
1128905079,8/21/2026,8/21/2026,Plumbing Service,Disposal,Completed,Yelp,Yelp,92108,$530.00,TRUE
1125293888,8/21/2026,8/17/2026,Plumbing Service,Disposal,Completed,Website,Email Contact Form,92110,$0.00,TRUE
31676697,8/21/2026,8/21/2026,Plumbing Service,Disposal,Completed,Google Business Profiles,GMB_SanDiego,92101,$487.60,TRUE
471434970,8/21/2026,,Plumbing Service,Disposal,Scheduled,CSR Outbound,$1 OUTBOUND (use this for out-bounding),92122,$0.00,TRUE
1121413905,8/21/2026,8/21/2026,Plumbing Service,Disposal,Completed,Organic Search,Google Organic,92128,$0.00,FALSE
195969,8/23/2026,,Plumbing Service,Disposal,Scheduled,Branded Phone Number,Local 619,92101,$0.00,TRUE
1080153860,8/10/2026,,Plumbing Sales,Drain Estimate,Scheduled,Google Business Profiles,GMB_SanDiego,92105,$0.00,FALSE
31642163,8/10/2026,8/10/2026,Plumbing Sales,Drain Estimate,Completed,PPC,Google | Search | Brand,92103,$0.00,FALSE
31671966,8/10/2026,8/10/2026,Plumbing Sales,Drain Estimate,Completed,Direct Web Traffic,Direct Web Traffic,92111,$0.00,FALSE
256838688,8/10/2026,8/10/2026,Plumbing Sales,Drain Estimate,Canceled,Branded Phone Number,Local 619,92113,$0.00,FALSE
31582724,8/10/2026,8/11/2026,Plumbing Sales,Drain Estimate,Completed,Branded Phone Number,A1-800-BILL HOWE,92109,$0.00,FALSE
31537261,8/10/2026,8/11/2026,Plumbing Sales,Drain Estimate,Completed,PPC,Google | Search | Brand,92009,$0.00,FALSE
31644293,8/10/2026,8/11/2026,Plumbing Sales,Drain Estimate,Completed,Branded Phone Number,A1-800-BILL HOWE,92103,$0.00,FALSE
31634639,8/10/2026,8/11/2026,Plumbing Sales,Drain Estimate,Completed,,Memberships due for Service,91941,$0.00,FALSE
321624885,8/10/2026,,Plumbing Sales,Drain Estimate,Hold,Branded Phone Number,Local 619,92064,$0.00,FALSE
1123605237,8/10/2026,8/11/2026,Plumbing Sales,Drain Estimate,Completed,Direct Web Traffic,Direct Web Traffic,92040,$0.00,FALSE
1124363472,8/11/2026,8/14/2026,Plumbing Sales,Drain Estimate,Completed,PPC,Google | Search | Brand,92103,$0.00,FALSE
31583385,8/11/2026,8/18/2026,Plumbing Sales,Drain Estimate,Completed,,Memberships due for Service,92075,$0.00,FALSE
977407028,8/11/2026,,Plumbing Sales,Drain Estimate,Hold,PPC,Google | PMAX | Plumbing,92118,$0.00,FALSE
1124360439,8/11/2026,8/12/2026,Plumbing Sales,Drain Estimate,Completed,PPC,Google | Search | Brand,92117,$0.00,FALSE
31582724,8/11/2026,8/12/2026,Plumbing Sales,Drain Estimate,Completed,Branded Phone Number,A1-800-BILL HOWE,92109,$2000.00,TRUE
1123832457,8/11/2026,8/12/2026,Plumbing Sales,Drain Estimate,Completed,Website,Email Contact Form,92121,$0.00,FALSE
281536974,8/11/2026,8/12/2026,Plumbing Sales,Drain Estimate,Completed,Tech referral,Tech Referral,92067,$0.00,FALSE
1124540923,8/11/2026,8/12/2026,Plumbing Sales,Drain Estimate,Completed,Branded Phone Number,A1-800-BILL HOWE,92120,$0.00,FALSE
1113766841,8/12/2026,8/12/2026,Plumbing Sales,Drain Estimate,Canceled,Google Business Profiles,GMB_SanDiego,92154,$0.00,FALSE
896523480,8/12/2026,8/12/2026,Plumbing Sales,Drain Estimate,Completed,PPC,Google | PMAX | Plumbing,92118,$0.00,FALSE
44130051,8/12/2026,8/12/2026,Plumbing Sales,Drain Estimate,Completed,Google Business Profiles,GMB_SanDiego,92123,$0.00,FALSE
479618818,8/12/2026,8/12/2026,Plumbing Sales,Drain Estimate,Completed,Direct Web Traffic,Direct Web Traffic,92108,$0.00,FALSE
1124876379,8/12/2026,8/13/2026,Plumbing Sales,Drain Estimate,Completed,Organic Search,Yahoo Organic,91942,$0.00,FALSE
286615938,8/13/2026,8/13/2026,Plumbing Sales,Drain Estimate,Completed,Branded Phone Number,A1-800-BILL HOWE,92128,$0.00,FALSE
47604144,8/13/2026,8/14/2026,Plumbing Sales,Drain Estimate,Completed,Google Business Profiles,GMB_SanDiego,92037,$0.00,FALSE
1125035492,8/13/2026,8/14/2026,Plumbing Sales,Drain Estimate,Completed,PPC,Google | PMAX | Drains,92130,$0.00,FALSE
31595115,8/13/2026,8/13/2026,Plumbing Sales,Drain Estimate,Completed,Organic Search,Google Organic,92104,$0.00,FALSE
100609032,8/13/2026,8/14/2026,Plumbing Sales,Drain Estimate,Completed,Branded Phone Number,Local 619,92007,$0.00,FALSE
211387,8/13/2026,8/13/2026,Plumbing Sales,Drain Estimate,Completed,Branded Phone Number,A1-800-BILL HOWE,92109,$0.00,FALSE
1125021543,8/13/2026,8/14/2026,Plumbing Sales,Drain Estimate,Completed,Google Business Profiles,GMB_SanDiego,92113,$0.00,FALSE
31627404,8/13/2026,8/13/2026,Plumbing Sales,Drain Estimate,Completed,Website,Website Phone Calls,92037,$0.00,FALSE
44487486,8/13/2026,8/15/2026,Plumbing Sales,Drain Estimate,Canceled,Branded Phone Number,Local 619,92109,$0.00,FALSE
901470494,8/14/2026,8/17/2026,Plumbing Sales,Drain Estimate,Completed,Tech referral,Tech Referral,92110,$0.00,FALSE
31716864,8/14/2026,8/20/2026,Plumbing Sales,Drain Estimate,Completed,CSR Outbound,$1 OUTBOUND (use this for out-bounding),92040,$0.00,FALSE
981148553,8/14/2026,8/19/2026,Plumbing Sales,Drain Estimate,Completed,Branded Phone Number,A1-800-BILL HOWE,92117,$0.00,FALSE
1073106984,8/14/2026,8/17/2026,Plumbing Sales,Drain Estimate,Completed,Google Business Profiles,GMB_SanDiego,92130,$0.00,FALSE
1125227133,8/14/2026,8/14/2026,Plumbing Sales,Drain Estimate,Completed,Direct Web Traffic,Direct Web Traffic,92021,$0.00,FALSE
1125311781,8/14/2026,8/17/2026,Plumbing Sales,Drain Estimate,Canceled,Google Business Profiles,GMB_SanDiego,91901,$0.00,FALSE
374593926,8/14/2026,8/17/2026,Plumbing Sales,Drain Estimate,Completed,Google Business Profiles,GMB_SanDiego,92124,$0.00,FALSE
1127181202,8/17/2026,8/18/2026,Plumbing Sales,Drain Estimate,Completed,Sameday AI,Sameday AI,92107,$0.00,TRUE
1125552658,8/17/2026,8/17/2026,Plumbing Sales,Drain Estimate,Canceled,Google LSA,Google Local Services,92007,$0.00,FALSE
1125589479,8/17/2026,8/17/2026,Plumbing Sales,Drain Estimate,Canceled,Google LSA,Google Local Services,92021,$0.00,FALSE
1126788892,8/17/2026,8/17/2026,Plumbing Sales,Drain Estimate,Canceled,Branded Phone Number,Local 619,91945,$0.00,FALSE
292047261,8/17/2026,8/17/2026,Plumbing Sales,Drain Estimate,Canceled,Yelp,Yelp,92115,$0.00,FALSE
58913639,8/17/2026,,Plumbing Sales,Drain Estimate,Hold,,Memberships due for Service,92037,$0.00,FALSE
31572795,8/17/2026,8/17/2026,Plumbing Sales,Drain Estimate,Completed,Branded Phone Number,Local 619,92113,$0.00,FALSE
1122135836,8/17/2026,8/18/2026,Plumbing Sales,Drain Estimate,Completed,PPC,Google | PMAX | Plumbing,92104,$0.00,FALSE
1127207797,8/17/2026,8/17/2026,Plumbing Sales,Drain Estimate,Completed,Branded Phone Number,A1-800-BILL HOWE,92106,$0.00,FALSE
31660442,8/17/2026,8/18/2026,Plumbing Sales,Drain Estimate,Completed,Google Business Profiles,GMB_SanDiego,92067,$0.00,FALSE
58584194,8/17/2026,8/17/2026,Plumbing Sales,Drain Estimate,Completed,Direct Web Traffic,Direct Web Traffic,92117,$0.00,FALSE
673021487,8/17/2026,8/20/2026,Plumbing Sales,Drain Estimate,Completed,Direct Web Traffic,Direct Web Traffic,91910,$0.00,FALSE
31593848,8/17/2026,8/10/2026,Plumbing Sales,Drain Estimate,Completed,Branded Phone Number,A1-800-BILL HOWE,92109,$0.00,FALSE
324523420,8/18/2026,8/18/2026,Lining Install - CA,Drain Estimate,Completed,Direct Web Traffic,Direct Web Traffic,92037,$0.00,FALSE
52853564,8/18/2026,8/19/2026,Plumbing Sales,Drain Estimate,Completed,Google Business Profiles,GMB_SanDiego,92117,$0.00,FALSE
1127656644,8/18/2026,8/21/2026,Plumbing Sales,Drain Estimate,Completed,PPC,Google | Search | Brand,92130,$315.00,TRUE
1104989365,8/18/2026,8/19/2026,Plumbing Sales,Drain Estimate,Completed,Direct Mail,Dynamicard June 2026 (Drains + WH),92123,$0.00,FALSE
31671564,8/18/2026,,Plumbing Sales,Drain Estimate,In Progress,Branded Phone Number,Local 619,92037,$0.00,FALSE
1036320322,8/18/2026,8/19/2026,Plumbing Sales,Drain Estimate,Completed,PPC,Google | PMAX | Plumbing,92121,$0.00,FALSE
896607178,8/19/2026,8/19/2026,Plumbing Sales,Drain Estimate,Completed,Branded Phone Number,Local 619,92109,$0.00,FALSE
31550115,8/19/2026,8/19/2026,Plumbing Sales,Drain Estimate,Completed,Branded Phone Number,A1-800-BILL HOWE,92110,$0.00,FALSE
1128174304,8/19/2026,8/19/2026,Plumbing Sales,Drain Estimate,Completed,PPC,Google | PMAX | Plumbing,92103,$0.00,FALSE
31612629,8/19/2026,8/19/2026,Plumbing Sales,Drain Estimate,Completed,Direct Web Traffic,Direct Web Traffic,92110,$0.00,FALSE
1127207797,8/19/2026,8/20/2026,Plumbing Sales,Drain Estimate,Completed,Branded Phone Number,A1-800-BILL HOWE,92106,$0.00,FALSE
57762448,8/19/2026,8/19/2026,Plumbing Sales,Drain Estimate,Completed,Branded Phone Number,Local 619,92117,$0.00,FALSE
465484849,8/19/2026,8/19/2026,Plumbing Sales,Drain Estimate,Completed,Google Business Profiles,GMB_SanDiego,92117,$0.00,FALSE
1128354466,8/19/2026,8/20/2026,Plumbing Sales,Drain Estimate,Completed,Yelp,Yelp,92110,$0.00,FALSE
890993950,8/20/2026,8/20/2026,Plumbing Sales,Drain Estimate,Completed,Google Business Profiles,GMB_SanDiego,91941,$0.00,FALSE
287844372,8/20/2026,8/21/2026,Plumbing Sales,Drain Estimate,Completed,Organic Search,Google Organic,92067,$0.00,FALSE
278897697,8/20/2026,8/20/2026,Plumbing Sales,Drain Estimate,Completed,Google Business Profiles,GMB_SanDiego,92111,$0.00,FALSE
1128462109,8/20/2026,8/21/2026,Plumbing Sales,Drain Estimate,Completed,Google Business Profiles,GMB_SanDiego,92021,$0.00,FALSE
31609070,8/20/2026,8/21/2026,Plumbing Sales,Drain Estimate,Completed,CSR Outbound,$1 OUTBOUND (use this for out-bounding),92106,$0.00,FALSE
471089082,8/20/2026,8/20/2026,Plumbing Sales,Drain Estimate,Completed,Branded Phone Number,A1-800-BILL HOWE,92101,$0.00,FALSE
31724795,8/20/2026,,Plumbing Sales,Drain Estimate,Scheduled,,BFP Sewer Camera Inspection SMS 2026,92127,$0.00,FALSE
265631001,8/20/2026,,Plumbing Sales,Drain Estimate,Scheduled,Branded Phone Number,A1-800-BILL HOWE,92123,$0.00,FALSE
1104989365,8/20/2026,,Plumbing Sales,Drain Estimate,Scheduled,Direct Mail,Dynamicard June 2026 (Drains + WH),92123,$6000.00,TRUE
1075118203,8/20/2026,8/20/2026,Plumbing Sales,Drain Estimate,Canceled,Email,Legacy Email Marketing Multiple Offers,92064,$0.00,FALSE
31682089,8/21/2026,8/21/2026,Plumbing Sales,Drain Estimate,Completed,Google Business Profiles,GMB_SanDiego,92122,$0.00,FALSE
1128836457,8/21/2026,8/21/2026,Plumbing Sales,Drain Estimate,Completed,PPC,Google | PMAX | Plumbing,92103,$0.00,FALSE
1129075443,8/21/2026,,Plumbing Sales,Drain Estimate,Scheduled,PPC,Google | Search | Brand,91941,$0.00,FALSE
483199705,8/21/2026,,Plumbing Sales,Drain Estimate,Scheduled,PPC,Google | Search | Brand,92071,$0.00,FALSE
93423045,8/21/2026,,Plumbing Sales,Drain Estimate,Scheduled,Branded Phone Number,A1-800-BILL HOWE,92108,$0.00,FALSE
90324170,8/23/2026,,Plumbing Sales,Drain Estimate,Scheduled,Branded Phone Number,Local 619,92115,$0.00,FALSE
31627404,8/13/2026,8/14/2026,Plumbing Install,Drain Install,Completed,Website,Website Phone Calls,92037,$10900.00,TRUE
31627404,8/17/2026,8/14/2026,Plumbing Install,Drain Install,Completed,Website,Website Phone Calls,92037,$0.00,TRUE
31595115,8/17/2026,8/4/2026,Plumbing Service,Drain Install,Completed,Organic Search,Google Organic,92104,$0.00,TRUE
31712278,8/18/2026,,Plumbing Install,Drain Install,In Progress,Google Business Profiles,GMB_SanDiego,92111,$19100.00,TRUE
31627404,8/19/2026,8/14/2026,Plumbing Install,Drain Install,Completed,Website,Website Phone Calls,92037,$0.00,TRUE
57762448,8/19/2026,,Plumbing Install,Drain Install,Scheduled,Branded Phone Number,Local 619,92117,$7200.00,TRUE
673021487,8/21/2026,,Plumbing Install,Drain Install,Scheduled,Direct Web Traffic,Direct Web Traffic,91910,$3900.00,TRUE
31652960,8/10/2026,8/14/2026,Plumbing Service,Drain Repair,Completed,Yelp,Yelp,91941,$10500.00,TRUE
1067817750,8/10/2026,3/9/2026,Plumbing Service,Drain Repair,Completed,Branded Phone Number,A1-800-BILL HOWE,92010,$0.00,TRUE
31537305,8/10/2026,8/12/2026,Plumbing Service,Drain Repair,Completed,Branded Phone Number,A1-800-BILL HOWE,92037,$0.00,TRUE
60525370,8/10/2026,8/10/2026,Plumbing Service,Drain Repair,Completed,Organic Search,Bing Organic,92139,$0.00,TRUE
979490189,8/10/2026,8/10/2026,Plumbing Service,Drain Repair,Completed,Branded Phone Number,A1-800-BILL HOWE,92117,$3900.00,TRUE
31671966,8/10/2026,8/10/2026,Plumbing Service,Drain Repair,Canceled,Direct Web Traffic,Direct Web Traffic,92111,$0.00,TRUE
31551769,8/10/2026,8/11/2026,Plumbing Service,Drain Repair,Completed,Branded Phone Number,Local 619,92120,$0.00,FALSE
31665920,8/10/2026,8/14/2026,Plumbing Service,Drain Repair,Completed,Google Business Profiles,GMB_SanDiego,92040,$1700.00,TRUE
354744712,8/10/2026,7/9/2026,Plumbing Service,Drain Repair,Completed,Google LSA,Google Local Services,91941,$0.00,TRUE
1123743274,8/10/2026,8/11/2026,Plumbing Service,Drain Repair,Completed,PPC,Google | Search | Plumbing,91950,$573.00,TRUE
291730852,8/10/2026,8/11/2026,Plumbing Service,Drain Repair,Completed,Google Business Profiles,GMB_SanDiego,91942,$6100.00,TRUE
374400693,8/10/2026,8/14/2026,Plumbing Service,Drain Repair,Completed,PPC,Google | Search | Brand,92024,$4089.00,TRUE
60525370,8/10/2026,8/19/2026,Plumbing Service,Drain Repair,Completed,Organic Search,Bing Organic,92139,$14600.00,TRUE
907340719,8/11/2026,8/11/2026,Plumbing Service,Drain Repair,Completed,Branded Phone Number,Local 619,92037,$0.00,TRUE
273106075,8/11/2026,8/12/2026,Plumbing Service,Drain Repair,Completed,Direct Web Traffic,Direct Web Traffic,92025,$0.00,TRUE
52853564,8/11/2026,8/11/2026,Plumbing Service,Drain Repair,Canceled,Google Business Profiles,GMB_SanDiego,92117,$0.00,TRUE
59724517,8/11/2026,8/18/2026,Plumbing Service,Drain Repair,Completed,PPC,Google | Search | Brand,92067,$7636.20,TRUE
380338736,8/12/2026,6/17/2026,Plumbing Service,Drain Repair,Completed,PPC,Google | Search | Brand,92118,$0.00,TRUE
1104433892,8/12/2026,7/31/2026,Plumbing Service,Drain Repair,Completed,Google Business Profiles,GMB_SanDiego,92075,$0.00,TRUE
679513993,8/12/2026,,Plumbing Service,Drain Repair,Scheduled,External Referral,Referral,92129,$4500.00,TRUE
679513993,8/12/2026,8/18/2026,Plumbing Service,Drain Repair,Completed,External Referral,Referral,92129,$4500.00,TRUE
679513993,8/12/2026,,Plumbing Service,Drain Repair,Scheduled,External Referral,Referral,92129,$4500.00,TRUE
679513993,8/12/2026,8/19/2026,Plumbing Service,Drain Repair,Completed,External Referral,Referral,92129,$4500.00,TRUE
679513993,8/12/2026,8/21/2026,Plumbing Service,Drain Repair,Completed,External Referral,Referral,92129,$4500.00,TRUE
679513993,8/12/2026,,Plumbing Service,Drain Repair,Scheduled,External Referral,Referral,92129,$4500.00,TRUE
31612323,8/12/2026,8/13/2026,Plumbing Service,Drain Repair,Completed,PPC,Google | PMAX | Plumbing,91977,$3500.00,TRUE
286615938,8/12/2026,8/13/2026,Plumbing Service,Drain Repair,Completed,Branded Phone Number,A1-800-BILL HOWE,92128,$0.00,TRUE
1121866660,8/12/2026,,Plumbing Service,Drain Repair,Scheduled,Organic Search,Google Organic,92020,$4700.00,TRUE
281536974,8/13/2026,,Plumbing Service,Drain Repair,Hold,Tech referral,Tech Referral,92067,$989.00,TRUE
979644336,8/13/2026,8/14/2026,Plumbing Service,Drain Repair,Completed,PPC,Google | Search | Brand,92019,$0.00,TRUE
31637136,8/13/2026,7/29/2026,Plumbing Service,Drain Repair,Completed,Google Business Profiles,GMB_SanDiego,92123,$0.00,TRUE
48988463,8/13/2026,8/14/2026,Plumbing Service,Drain Repair,Completed,Website,Website Phone Calls,92108,$273.24,TRUE
902471557,8/13/2026,6/18/2026,Plumbing Service,Drain Repair,Completed,Branded Phone Number,Local 619,92120,$3449.20,TRUE
479618818,8/13/2026,8/14/2026,Plumbing Service,Drain Repair,Completed,Direct Web Traffic,Direct Web Traffic,92108,$1950.00,TRUE
31589459,8/13/2026,,Plumbing Service,Drain Repair,Scheduled,Branded Phone Number,A1-800-BILL HOWE,92109,$5100.00,TRUE
325527961,8/13/2026,8/21/2026,Plumbing Service,Drain Repair,Completed,Google Business Profiles,GMB_SanDiego,92127,$0.00,FALSE
31684645,8/13/2026,8/14/2026,Plumbing Service,Drain Repair,Completed,Branded Phone Number,A1-800-BILL HOWE,92064,$0.00,FALSE
902469128,8/14/2026,8/6/2026,Plumbing Service,Drain Repair,Completed,PPC,Google | Search | Brand,92128,$3969.00,TRUE
902469128,8/14/2026,8/5/2026,Plumbing Service,Drain Repair,Completed,Google Business Profiles,GMB_SanDiego,92131,$4589.00,TRUE
1124876379,8/14/2026,8/17/2026,Plumbing Service,Drain Repair,Completed,Organic Search,Yahoo Organic,91942,$2300.00,TRUE
48850641,8/14/2026,8/14/2026,Plumbing Service,Drain Repair,Completed,Branded Phone Number,A1-800-BILL HOWE,92127,$0.00,TRUE
301558551,8/14/2026,8/18/2026,Plumbing Service,Drain Repair,Completed,Google Business Profiles,GMB_SanDiego,92123,$1890.00,TRUE
979644336,8/14/2026,8/14/2026,Plumbing Service,Drain Repair,Completed,PPC,Google | Search | Brand,92019,$2200.00,TRUE
58322171,8/14/2026,8/18/2026,Plumbing Service,Drain Repair,Completed,Branded Phone Number,Local 619,92109,$2450.00,TRUE
31732450,8/14/2026,7/2/2026,Plumbing Service,Drain Repair,Completed,PPC,Google | Search | Brand,92117,-$750.00,TRUE
1125566715,8/15/2026,8/15/2026,Plumbing Service,Drain Repair,Completed,Google LSA,Google Local Services,92130,$870.10,TRUE
1125592350,8/16/2026,8/17/2026,Plumbing Service,Drain Repair,Completed,Google Business Profiles,GMB_SanDiego,92110,$0.00,TRUE
1125592737,8/16/2026,8/16/2026,Plumbing Service,Drain Repair,Completed,Google LSA,Google Local Services,92109,$425.00,TRUE
1125590587,8/16/2026,8/16/2026,Plumbing Service,Drain Repair,Completed,Branded Phone Number,A1-800-BILL HOWE,92008,$425.00,TRUE
1125589479,8/16/2026,8/17/2026,Plumbing Service,Drain Repair,Canceled,Google LSA,Google Local Services,92021,$0.00,TRUE
92614201,8/16/2026,8/16/2026,Plumbing Service,Drain Repair,Completed,Branded Phone Number,A1-800-BILL HOWE,92128,$407.50,TRUE
1078657341,8/16/2026,8/17/2026,Plumbing Service,Drain Repair,Canceled,Direct Web Traffic,Direct Web Traffic,92075,$0.00,TRUE
64202717,8/16/2026,8/16/2026,Plumbing Service,Drain Repair,Completed,Google LSA,Google Local Services,92103,$394.00,TRUE
1125589479,8/16/2026,8/16/2026,Plumbing Service,Drain Repair,Completed,Google LSA,Google Local Services,92021,$394.00,TRUE
31706524,8/16/2026,8/20/2026,Plumbing Service,Drain Repair,Completed,Organic Search,Bing Organic,92117,$96.90,TRUE
58584194,8/16/2026,8/17/2026,Plumbing Service,Drain Repair,Completed,Direct Web Traffic,Direct Web Traffic,92117,$0.00,TRUE
31650808,8/16/2026,8/17/2026,Plumbing Service,Drain Repair,Completed,Branded Phone Number,A1-800-BILL HOWE,92103,$342.24,TRUE
65470223,8/17/2026,5/13/2026,Plumbing Service,Drain Repair,Completed,PPC,Google | PMAX | Drains,92120,-$567.00,FALSE
46935190,8/17/2026,,Plumbing Service,Drain Repair,Scheduled,Branded Phone Number,A1-800-BILL HOWE,92122,$54000.00,TRUE
340052528,8/17/2026,,Plumbing Service,Drain Repair,Hold,External Referral,Referral,92117,$0.00,TRUE
1073106984,8/17/2026,,Plumbing Service,Drain Repair,Scheduled,Google Business Profiles,GMB_SanDiego,92130,$3775.00,TRUE
31550115,8/17/2026,8/22/2026,Plumbing Service,Drain Repair,Completed,Branded Phone Number,A1-800-BILL HOWE,92110,$1200.00,TRUE
31731585,8/17/2026,8/3/2026,Plumbing Service,Drain Repair,Completed,Branded Phone Number,Local 619,92110,$0.00,TRUE
291730852,8/17/2026,8/11/2026,Plumbing Service,Drain Repair,Completed,Google Business Profiles,GMB_SanDiego,91942,$0.00,TRUE
31546145,8/17/2026,8/18/2026,Plumbing Service,Drain Repair,Completed,Branded Phone Number,Local 619,91941,$927.36,TRUE
374400693,8/17/2026,8/14/2026,Plumbing Service,Drain Repair,Completed,PPC,Google | Search | Brand,92024,$0.00,TRUE
31665920,8/17/2026,8/14/2026,Plumbing Service,Drain Repair,Completed,Google Business Profiles,GMB_SanDiego,92040,$0.00,TRUE
901470494,8/17/2026,,Plumbing Service,Drain Repair,Hold,Tech referral,Tech Referral,92110,$2564.00,TRUE
31536670,8/17/2026,8/6/2026,Plumbing Service,Drain Repair,Completed,Branded Phone Number,A1-800-BILL HOWE,92122,$0.00,TRUE
1080075614,8/17/2026,8/11/2026,Plumbing Service,Drain Repair,Completed,Organic Search,Google Organic,92119,$0.00,TRUE
311193786,8/17/2026,8/7/2026,Plumbing Service,Drain Repair,Completed,Branded Phone Number,A1-800-BILL HOWE,92111,$0.00,TRUE
673452134,8/17/2026,8/11/2026,Plumbing Service,Drain Repair,Completed,PPC,Google | Search | Brand,92111,$0.00,TRUE
31551769,8/17/2026,8/7/2026,Plumbing Service,Drain Repair,Completed,Branded Phone Number,Local 619,92120,$0.00,TRUE
31612323,8/17/2026,8/13/2026,Plumbing Service,Drain Repair,Completed,PPC,Google | PMAX | Plumbing,91977,$0.00,TRUE
31691798,8/17/2026,8/4/2026,Plumbing Service,Drain Repair,Completed,PPC,Google | Search | Brand,91942,$0.00,TRUE
1039400970,8/17/2026,8/5/2026,Plumbing Service,Drain Repair,Completed,PPC,Google | Search | Brand,92104,$0.00,TRUE
1127207797,8/17/2026,8/20/2026,Plumbing Service,Drain Repair,Completed,Branded Phone Number,A1-800-BILL HOWE,92106,$8000.00,TRUE
1127429454,8/17/2026,8/18/2026,Plumbing Service,Drain Repair,Completed,Google Business Profiles,GMB_SanDiego,92123,$144.00,TRUE
31660442,8/18/2026,,Plumbing Service,Drain Repair,In Progress,Google Business Profiles,GMB_SanDiego,92067,$3500.00,TRUE
1073097163,8/18/2026,7/31/2026,Plumbing Service,Drain Repair,Completed,Google Business Profiles,GMB_SanDiego,91941,$0.00,TRUE
52853564,8/18/2026,8/19/2026,Plumbing Service,Drain Repair,Completed,Google Business Profiles,GMB_SanDiego,92117,$0.00,FALSE
31640520,8/18/2026,7/27/2026,Plumbing Service,Drain Repair,Completed,Branded Phone Number,Local 619,92127,-$175.00,TRUE
894503673,8/18/2026,7/27/2026,Plumbing Service,Drain Repair,Completed,Branded Phone Number,Local 619,92127,$175.00,TRUE
94248419,8/18/2026,8/14/2026,Plumbing Service,Drain Repair,Completed,PPC,Google | Search | Brand,92037,$0.00,FALSE
31554366,8/18/2026,,Plumbing Service,Drain Repair,Hold,Branded Phone Number,A1-800-BILL HOWE,92021,$0.00,TRUE
31666973,8/18/2026,8/20/2026,Plumbing Service,Drain Repair,Completed,Email,Legacy Email Marketing Multiple Offers,92111,$0.00,TRUE
47005366,8/19/2026,6/19/2026,Plumbing Service,Drain Repair,Completed,Branded Phone Number,A1-800-BILL HOWE,92014,$0.00,TRUE
1078702263,8/19/2026,8/3/2026,Plumbing Service,Drain Repair,Completed,Branded Phone Number,A1-800-BILL HOWE,92117,$0.00,TRUE
375827483,8/19/2026,8/19/2026,Plumbing Service,Drain Repair,Completed,Branded Phone Number,A1-800-BILL HOWE,92103,$479.75,TRUE
380338736,8/19/2026,6/17/2026,Plumbing Service,Drain Repair,Completed,PPC,Google | Search | Brand,92118,$0.00,TRUE
31723552,8/19/2026,8/19/2026,Plumbing Service,Drain Repair,Completed,PPC,Google | Search | Brand,92011,$0.00,FALSE
1128199280,8/19/2026,8/19/2026,Plumbing Service,Drain Repair,Completed,Yelp,Yelp,92154,$0.00,TRUE
48988463,8/19/2026,8/14/2026,Plumbing Service,Drain Repair,Completed,Website,Website Phone Calls,92108,$0.00,TRUE
31665920,8/19/2026,8/14/2026,Plumbing Service,Drain Repair,Completed,Google Business Profiles,GMB_SanDiego,92040,$0.00,TRUE
1121454609,8/19/2026,8/14/2026,Plumbing Service,Drain Repair,Completed,Google LSA,Google Local Services,91945,$0.00,FALSE
31535653,8/19/2026,8/20/2026,Plumbing Service,Drain Repair,Completed,Outbound SMS,2024 Water Heater/ Tankless Flush SMS Drip,92123,$0.00,TRUE
374400693,8/20/2026,8/14/2026,Plumbing Service,Drain Repair,Completed,PPC,Google | Search | Brand,92024,$0.00,TRUE
31652960,8/20/2026,8/14/2026,Plumbing Service,Drain Repair,Completed,Yelp,Yelp,91941,$0.00,TRUE
31629535,8/20/2026,,Plumbing Service,Drain Repair,Scheduled,Google Business Profiles,GMB_SanDiego,92009,$2100.00,TRUE
31709554,8/20/2026,8/21/2026,Plumbing Service,Drain Repair,Completed,Branded Phone Number,Local 619,92104,$0.00,TRUE
31706524,8/20/2026,,Plumbing Service,Drain Repair,Scheduled,Organic Search,Bing Organic,92117,$4000.00,TRUE
1128174304,8/20/2026,8/21/2026,Plumbing Service,Drain Repair,Canceled,PPC,Google | PMAX | Plumbing,92103,$0.00,TRUE
1097804543,8/20/2026,,Plumbing Service,Drain Repair,Hold,Google LSA,Google Local Services,92118,$0.00,FALSE
31658916,8/20/2026,,Plumbing Service,Drain Repair,Scheduled,Google Business Profiles,GMB_SanDiego,92103,$3000.00,TRUE
31665920,8/20/2026,8/14/2026,Plumbing Service,Drain Repair,Completed,Google Business Profiles,GMB_SanDiego,92040,$0.00,TRUE
31723552,8/20/2026,,Plumbing Service,Drain Repair,Scheduled,PPC,Google | Search | Brand,92011,$1537.00,TRUE
890993950,8/20/2026,,Plumbing Service,Drain Repair,Hold,Google Business Profiles,GMB_SanDiego,91941,$1200.00,TRUE
1075118203,8/20/2026,,Plumbing Service,Drain Repair,Scheduled,,Small Leaks Big Problems August 2026,92064,$0.00,TRUE
63380724,8/20/2026,8/20/2026,Plumbing Service,Drain Repair,Completed,Branded Phone Number,Local 619,92107,$0.00,FALSE
301558551,8/21/2026,8/18/2026,Plumbing Service,Drain Repair,Completed,Google Business Profiles,GMB_SanDiego,92123,$0.00,TRUE
278897697,8/21/2026,,Plumbing Service,Drain Repair,Scheduled,Google Business Profiles,GMB_SanDiego,92111,$4500.00,TRUE
298823071,8/21/2026,8/17/2026,Plumbing Service,Drain Repair,Completed,Google Business Profiles,GMB_SanDiego,92024,$0.00,TRUE
31643120,8/21/2026,8/20/2026,Plumbing Service,Drain Repair,Completed,Branded Phone Number,Local 619,92115,$0.00,TRUE
84116932,8/21/2026,,Plumbing Service,Drain Repair,Scheduled,Google Business Profiles,GMB_SanDiego,92110,$0.00,TRUE
249834720,8/23/2026,,Plumbing Service,Drain Repair,Scheduled,Google Business Profiles,GMB_SanDiego,92105,$0.00,TRUE
1129272198,8/23/2026,,Plumbing Service,Drain Repair,Scheduled,PPC,Google | Search | Plumbing,92009,$0.00,TRUE
31567310,8/23/2026,,Plumbing Service,Drain Repair,Scheduled,Direct Web Traffic,Direct Web Traffic,91902,$0.00,TRUE
1129267419,8/23/2026,8/23/2026,Plumbing Service,Drain Repair,Completed,PPC,Google | Search | Brand,92037,$352.00,TRUE
31635019,8/23/2026,8/23/2026,Plumbing Service,Drain Repair,Completed,Branded Phone Number,A1-800-BILL HOWE,92019,$702.92,TRUE
58163880,8/23/2026,,Plumbing Service,Drain Repair,Scheduled,Outbound SMS,ST Outbound Text Lines,92106,$0.00,TRUE
90324170,8/23/2026,8/23/2026,Plumbing Service,Drain Repair,Completed,Branded Phone Number,Local 619,92115,$250.00,TRUE
31671966,8/13/2026,8/21/2026,Plumbing Install,Drain Repipe/Reroute,Completed,Direct Web Traffic,Direct Web Traffic,92111,$750.00,TRUE
31625866,8/14/2026,,Plumbing Install,Drain Repipe/Reroute,Scheduled,Branded Phone Number,A1-800-BILL HOWE,92109,$1350.00,TRUE
1125570658,8/18/2026,8/21/2026,Plumbing Install,Drain Repipe/Reroute,Canceled,PPC,Google | Search | Competitor,91913,$0.00,TRUE
1038021412,8/19/2026,8/21/2026,Plumbing Install,Drain Repipe/Reroute,Completed,Google Business Profiles,GMB_Poway,92064,$1390.00,TRUE
1127181202,8/21/2026,,Plumbing Install,Drain Repipe/Reroute,In Progress,Direct Web Traffic,Direct Web Traffic,92107,$7000.00,TRUE
1121454609,8/11/2026,8/17/2026,Plumbing Service,Drywall,Completed,Google LSA,Google Local Services,91945,$0.00,FALSE
62885426,8/12/2026,8/7/2026,Plumbing Service,Drywall,Completed,Organic Search,Google Organic,92075,$0.00,TRUE
475729526,8/12/2026,8/12/2026,Plumbing Service,Drywall,Canceled,Google Business Profiles,GMB_SanDiego,92091,$0.00,TRUE
251371407,8/13/2026,8/13/2026,Plumbing Service,Drywall,Canceled,Organic Search,Google Organic,92110,$0.00,FALSE
31724864,8/14/2026,8/21/2026,Plumbing Service,Drywall,Completed,Google Business Profiles,GMB_SanDiego,92130,$1643.26,TRUE
679513993,8/17/2026,8/18/2026,Plumbing Service,Drywall,Completed,External Referral,Referral,92129,$4800.00,TRUE
65198846,8/17/2026,8/19/2026,Plumbing Service,Drywall,Completed,Google Business Profiles,GMB_SanDiego,92103,$350.00,TRUE
31630172,8/18/2026,8/6/2026,Plumbing Service,Drywall,Completed,Outbound SMS,ST Outbound Text Lines,91910,-$150.00,TRUE
1115852365,8/19/2026,8/20/2026,Plumbing Service,Drywall,Completed,Direct Web Traffic,Direct Web Traffic,92117,$0.00,TRUE
380338736,8/19/2026,6/23/2026,Plumbing Service,Drywall,Completed,PPC,Google | Search | Brand,92118,$0.00,TRUE
1124876412,8/19/2026,,Plumbing Service,Drywall,Scheduled,Google Business Profiles,GMB_Poway,92128,$550.00,TRUE
31723552,8/21/2026,,Plumbing Service,Drywall,Scheduled,PPC,Google | Search | Brand,92011,$450.00,TRUE
369195637,8/17/2026,,HVAC Install,Duct Cleaning,Scheduled,Branded Phone Number,Local 619,92040,$0.00,TRUE
31671966,8/10/2026,8/14/2026,Restoration EMS,EMS Estimate,Completed,Direct Web Traffic,Direct Web Traffic,92111,$0.00,FALSE
1122349996,8/10/2026,8/10/2026,Restoration EMS,EMS Estimate,Completed,Google LSA,Google Local Services,92118,$0.00,TRUE
31713158,8/10/2026,,Restoration EMS,EMS Estimate,Hold,Google LSA,Google Local Services,91977,$0.00,TRUE
31592506,8/10/2026,,Restoration EMS,EMS Estimate,Hold,Organic Search,Google Organic,92014,$0.00,TRUE
1075811360,8/10/2026,8/10/2026,Restoration EMS,EMS Estimate,Completed,PPC,Google | Search | Brand,92127,$0.00,TRUE
292985745,8/10/2026,8/10/2026,Restoration EMS,EMS Estimate,Completed,Branded Phone Number,Local 619,92124,$0.00,TRUE
31688063,8/10/2026,,Restoration EMS,EMS Estimate,Scheduled,Yelp,Yelp,91913,$0.00,TRUE
1122387242,8/10/2026,8/11/2026,Restoration EMS,EMS Estimate,Completed,Organic Search,Google Organic,92129,$0.00,FALSE
1123573092,8/10/2026,8/11/2026,Restoration EMS,EMS Estimate,Completed,Google Business Profiles,GMB_SanDiego,92130,$0.00,TRUE
31705824,8/10/2026,8/11/2026,Restoration EMS,EMS Estimate,Completed,Branded Phone Number,Local 619,92129,$0.00,TRUE
52527073,8/10/2026,8/11/2026,Restoration EMS,EMS Estimate,Completed,Google Business Profiles,GMB_SanDiego,92071,$0.00,TRUE
320872211,8/10/2026,8/11/2026,Restoration EMS,EMS Estimate,Completed,Organic Search,Google Organic,92113,$0.00,FALSE
1075811360,8/10/2026,8/11/2026,Restoration EMS,EMS Estimate,Completed,Direct Mail,Dynamicard Direct Mail July 2025,92122,$0.00,TRUE
253808020,8/11/2026,8/11/2026,Restoration EMS,EMS Estimate,Completed,Email,2025 Jetter Customers Annual Drip,92103,$0.00,FALSE
1123821833,8/11/2026,8/13/2026,Restoration EMS,EMS Estimate,Completed,PPC,Google | Search | Brand,92027,$0.00,FALSE
476514959,8/11/2026,8/11/2026,Restoration EMS,EMS Estimate,Completed,Google Business Profiles,GMB_SanDiego,92129,$0.00,FALSE
49427630,8/11/2026,8/12/2026,Restoration EMS,EMS Estimate,Completed,Yelp,Yelp,92130,$0.00,TRUE
1124317503,8/11/2026,,Restoration EMS,EMS Estimate,In Progress,PPC,Google | Search | Brand,92115,$0.00,TRUE
31722912,8/11/2026,,Restoration EMS,EMS Estimate,Hold,Organic Search,Google Organic,92025,$0.00,TRUE
284234413,8/11/2026,8/12/2026,Restoration EMS,EMS Estimate,Completed,PPC,Google | Search | Brand,92109,$0.00,TRUE
1121338183,8/11/2026,8/12/2026,Restoration EMS,EMS Estimate,Completed,Direct Web Traffic,Direct Web Traffic,92119,$0.00,FALSE
44032122,8/12/2026,,Restoration EMS,EMS Estimate,Hold,Branded Phone Number,Local 619,92104,$0.00,TRUE
31606144,8/12/2026,8/13/2026,Restoration EMS,EMS Estimate,Completed,Google Business Profiles,GMB_SanDiego,92110,$0.00,FALSE
31637453,8/12/2026,,Restoration EMS,EMS Estimate,Hold,Website,Website Phone Calls,92109,$0.00,TRUE
1124748438,8/12/2026,8/12/2026,Restoration EMS,EMS Estimate,Completed,Google Business Profiles,GMB_SanDiego,92131,$0.00,FALSE
31640520,8/12/2026,8/13/2026,Restoration EMS,EMS Estimate,Completed,Branded Phone Number,Local 619,91911,$0.00,TRUE
94358369,8/12/2026,8/12/2026,Restoration EMS,EMS Estimate,Canceled,Google Business Profiles,GMB_Poway,92127,$0.00,TRUE
358042368,8/12/2026,8/13/2026,Restoration EMS,EMS Estimate,Completed,Branded Phone Number,Local 619,92024,$0.00,FALSE
293411902,8/12/2026,8/13/2026,Restoration EMS,EMS Estimate,Completed,Google Business Profiles,GMB_SanDiego,92127,$0.00,FALSE
31678682,8/12/2026,8/13/2026,Restoration EMS,EMS Estimate,Completed,Yelp,Yelp,92014,$0.00,TRUE
1124612979,8/12/2026,,Restoration EMS,EMS Estimate,Hold,PPC,Google | Search | Brand,92116,$0.00,TRUE
1124897307,8/13/2026,8/17/2026,Restoration EMS,EMS Estimate,Completed,PPC,Google | PMAX | Drains,92120,$0.00,TRUE
31575399,8/13/2026,,Restoration EMS,EMS Estimate,Scheduled,Organic Search,Yahoo Organic,92108,$0.00,FALSE
31727443,8/13/2026,8/14/2026,Restoration EMS,EMS Estimate,Completed,Yelp,Yelp,92071,$0.00,FALSE
1075811360,8/13/2026,8/13/2026,Restoration EMS,EMS Estimate,Completed,Google Business Profiles,GMB_SanDiego,92117,$0.00,TRUE
1077795351,8/13/2026,8/14/2026,Restoration EMS,EMS Estimate,Completed,PPC,Google | PMAX | HVAC,92129,$0.00,TRUE
1117452043,8/13/2026,8/14/2026,Restoration EMS,EMS Estimate,Completed,Direct Web Traffic,Direct Web Traffic,92037,$0.00,FALSE
101302748,8/13/2026,,Restoration EMS,EMS Estimate,Hold,Branded Phone Number,Local 619,92130,$0.00,TRUE
1125166066,8/13/2026,8/17/2026,Restoration EMS,EMS Estimate,Completed,Google Business Profiles,GMB_SanDiego,91913,$0.00,FALSE
1036555161,8/14/2026,8/14/2026,Restoration EMS,EMS Estimate,Completed,Branded Phone Number,Local 619,91915,$0.00,TRUE
1125236200,8/14/2026,8/17/2026,Restoration EMS,EMS Estimate,Completed,Yelp,Yelp,92130,$0.00,FALSE
31665948,8/14/2026,8/17/2026,Restoration EMS,EMS Estimate,Completed,PPC,Bing | Search | Brand,92126,$0.00,TRUE
323510067,8/14/2026,8/17/2026,Restoration EMS,EMS Estimate,Completed,Google Business Profiles,GMB_SanDiego,92127,$0.00,FALSE
31686022,8/14/2026,8/17/2026,Restoration EMS,EMS Estimate,Canceled,Branded Phone Number,A1-800-BILL HOWE,92130,$0.00,TRUE
31730621,8/14/2026,8/17/2026,Restoration EMS,EMS Estimate,Completed,Branded Phone Number,A1-800-BILL HOWE,92123,$0.00,TRUE
249649401,8/14/2026,8/20/2026,Restoration EMS,EMS Estimate,Completed,Branded Phone Number,A1-800-BILL HOWE,92020,$0.00,TRUE
371118020,8/15/2026,,Restoration EMS,EMS Estimate,Hold,Organic Search,Bing Organic,92037,$0.00,TRUE
377566071,8/16/2026,8/17/2026,Restoration EMS,EMS Estimate,Completed,Google LSA,Google Local Services,92009,$0.00,FALSE
31684670,8/17/2026,8/17/2026,Restoration EMS,EMS Estimate,Completed,Google Business Profiles,GMB_SanDiego,92131,$0.00,TRUE
676414493,8/17/2026,8/19/2026,Restoration EMS,EMS Estimate,Completed,Organic Search,Google Organic,92130,$0.00,TRUE
31546145,8/18/2026,8/18/2026,Restoration EMS,EMS Estimate,Completed,Branded Phone Number,Local 619,91941,$0.00,FALSE
681267147,8/18/2026,8/19/2026,Restoration EMS,EMS Estimate,Completed,Google Business Profiles,GMB_SanDiego,92114,$0.00,TRUE
64024827,8/18/2026,8/19/2026,Restoration EMS,EMS Estimate,Completed,Branded Phone Number,Local 619,92118,$0.00,TRUE
336340901,8/18/2026,8/18/2026,Restoration EMS,EMS Estimate,Completed,Branded Phone Number,A1-800-BILL HOWE,92109,$0.00,FALSE
1128059138,8/19/2026,8/19/2026,Restoration EMS,EMS Estimate,Completed,Branded Phone Number,Local 619,92019,$0.00,TRUE
1128089558,8/19/2026,8/20/2026,Restoration EMS,EMS Estimate,Completed,External Referral,Referral,92103,$0.00,FALSE
337085243,8/19/2026,8/21/2026,Restoration EMS,EMS Estimate,Completed,Google Business Profiles,GMB_SanDiego,92124,$0.00,TRUE
31535970,8/19/2026,8/20/2026,Restoration EMS,EMS Estimate,Completed,Branded Phone Number,Local 619,92106,$0.00,FALSE
1128110960,8/20/2026,,Restoration EMS,EMS Estimate,Hold,Organic Search,Google Organic,92037,$0.00,TRUE
297918481,8/20/2026,,Restoration EMS,EMS Estimate,Hold,Google Business Profiles,GMB_SanDiego,92025,$0.00,TRUE
1128430969,8/20/2026,8/20/2026,Restoration EMS,EMS Estimate,Completed,PPC,Google | PMAX | Plumbing,92075,$0.00,FALSE
52853564,8/20/2026,8/20/2026,Restoration EMS,EMS Estimate,Completed,Google Business Profiles,GMB_SanDiego,92117,$0.00,TRUE
46549565,8/20/2026,8/21/2026,Restoration EMS,EMS Estimate,Completed,Branded Phone Number,Local 619,92126,$0.00,TRUE
1128461394,8/20/2026,8/20/2026,Restoration EMS,EMS Estimate,Completed,PPC,Google | Search | Plumbing,91977,$0.00,TRUE
31591794,8/20/2026,8/21/2026,Restoration EMS,EMS Estimate,Completed,Direct Web Traffic,Direct Web Traffic,92131,$0.00,TRUE
1128524529,8/21/2026,,Restoration EMS,EMS Estimate,Scheduled,Organic Search,Google Organic,92122,$0.00,TRUE
253808020,8/21/2026,8/21/2026,Restoration EMS,EMS Estimate,Completed,Email,2025 Jetter Customers Annual Drip,92103,$0.00,FALSE
206182,8/21/2026,8/21/2026,Restoration EMS,EMS Estimate,Canceled,Branded Phone Number,Local 619,92037,$0.00,FALSE
1128896580,8/21/2026,8/21/2026,Restoration EMS,EMS Estimate,Completed,Organic Search,Google Organic,92106,$0.00,TRUE
1128359393,8/21/2026,,Restoration EMS,EMS Estimate,Hold,Branded Phone Number,Local 619,92126,$0.00,TRUE
31709554,8/21/2026,,Restoration EMS,EMS Estimate,Hold,Branded Phone Number,Local 619,92104,$0.00,TRUE
1112714284,8/21/2026,,Restoration EMS,EMS Estimate,Scheduled,Branded Phone Number,Local 619,92103,$0.00,TRUE
310810854,8/21/2026,8/21/2026,Restoration EMS,EMS Estimate,Completed,Direct Web Traffic,Direct Web Traffic,92104,$0.00,FALSE
1075811360,8/21/2026,,Restoration EMS,EMS Estimate,Scheduled,Branded Phone Number,A1-800-BILL HOWE,92117,$0.00,TRUE
31537661,8/21/2026,,Restoration EMS,EMS Estimate,Scheduled,PPC,Google | Search | Brand,92037,$0.00,FALSE
1128457541,8/21/2026,,Restoration EMS,EMS Estimate,Hold,Email,Legacy Email Marketing Multiple Offers,91941,$0.00,TRUE
31629868,8/22/2026,,Restoration EMS,EMS Estimate,Hold,Branded Phone Number,A1-800-BILL HOWE,91945,$0.00,TRUE
31721433,8/22/2026,,Restoration EMS,EMS Estimate,Hold,Branded Phone Number,A1-800-BILL HOWE,92037,$0.00,TRUE
31577026,8/10/2026,8/10/2026,Plumbing Service,Floor Drain Stop,Completed,PPC,Google | Search | Competitor,92101,$102.00,TRUE
31643375,8/11/2026,8/11/2026,Plumbing Service,Floor Drain Stop,Completed,Branded Phone Number,Local 619,92123,$161.00,TRUE
31694839,8/12/2026,8/13/2026,Plumbing Service,Floor Drain Stop,Completed,Branded Phone Number,Local 619,92124,$144.00,TRUE
31691854,8/14/2026,8/14/2026,Plumbing Service,Floor Drain Stop,Completed,PPC,Google | Search | Brand,92108,$175.00,TRUE
31563543,8/20/2026,8/21/2026,Plumbing Service,Floor Drain Stop,Completed,Website,Website Phone Calls,92101,$756.44,TRUE
31637714,8/20/2026,8/20/2026,Plumbing Service,Floor Drain Stop,Completed,Branded Phone Number,Local 619,92154,$230.00,TRUE
1116565626,8/22/2026,,Plumbing Service,Floor Drain Stop,Scheduled,Google LSA,Google Local Services,92130,$0.00,TRUE
113314,8/10/2026,,HVAC Install,Full System Install,Hold,PPC,Google | Search | Brand,92037,$43270.67,TRUE
1121697144,8/10/2026,,HVAC Install,Full System Install,Scheduled,Google LSA,Google Local Services,92131,$32347.13,TRUE
100705899,8/10/2026,,HVAC Install,Full System Install,Scheduled,Google Business Profiles,GMB_SanDiego,92064,$35899.03,TRUE
979730255,8/10/2026,8/14/2026,HVAC Install,Full System Install,Canceled,Google LSA,Google Local Services,92024,$0.00,TRUE
1115852365,8/11/2026,8/7/2026,HVAC Install,Full System Install,Completed,Direct Web Traffic,Direct Web Traffic,92117,$0.00,TRUE
31625556,8/11/2026,8/6/2026,HVAC Install,Full System Install,Completed,PPC,Google | Search | Brand,92130,$0.00,TRUE
474249578,8/11/2026,8/7/2026,HVAC Install,Full System Install,Completed,PPC,Google | Search | Brand,92069,$0.00,TRUE
1100364527,8/11/2026,8/6/2026,HVAC Install,Full System Install,Completed,PPC,Google | Search | Brand,92115,$0.00,TRUE
474249578,8/11/2026,8/7/2026,HVAC Install,Full System Install,Completed,PPC,Google | Search | Brand,92069,$0.00,TRUE
31597426,8/11/2026,8/7/2026,HVAC Install,Full System Install,Completed,Branded Phone Number,Local 619,92123,$0.00,TRUE
51464843,8/11/2026,8/7/2026,HVAC Install,Full System Install,Completed,Google LSA,Google Local Services,92131,$0.00,TRUE
51464843,8/11/2026,8/7/2026,HVAC Install,Full System Install,Completed,Google LSA,Google Local Services,92131,$0.00,TRUE
1115852365,8/11/2026,8/7/2026,HVAC Install,Full System Install,Completed,Direct Web Traffic,Direct Web Traffic,92117,$0.00,TRUE
1071763792,8/11/2026,8/5/2026,HVAC Install,Full System Install,Completed,Branded Phone Number,Local 619,92126,$0.00,TRUE
1115852365,8/11/2026,8/7/2026,HVAC Install,Full System Install,Completed,Direct Web Traffic,Direct Web Traffic,92117,$0.00,TRUE
51464843,8/11/2026,8/7/2026,HVAC Install,Full System Install,Completed,Google LSA,Google Local Services,92131,$0.00,TRUE
1100364527,8/11/2026,8/6/2026,HVAC Install,Full System Install,Completed,PPC,Google | Search | Brand,92115,$0.00,TRUE
1113781164,8/11/2026,8/5/2026,HVAC Install,Full System Install,Completed,PPC,Google | Search | Brand,92126,-$2504.13,TRUE
31625556,8/11/2026,8/6/2026,HVAC Install,Full System Install,Completed,PPC,Google | Search | Brand,92130,$0.00,TRUE
474249578,8/12/2026,8/7/2026,HVAC Install,Full System Install,Completed,PPC,Google | Search | Brand,92069,$0.00,TRUE
89402750,8/12/2026,8/11/2026,HVAC Install,Full System Install,Completed,PPC,Google | Search | Brand,92064,$0.00,TRUE
53884634,8/12/2026,,HVAC Install,Full System Install,Hold,PPC,Google | Search | Brand,92109,$31130.78,TRUE
31536218,8/12/2026,,HVAC Install,Full System Install,Scheduled,Branded Phone Number,A1-800-BILL HOWE,92037,$16437.11,TRUE
31713311,8/12/2026,8/15/2026,HVAC Install,Full System Install,Completed,Organic Search,Google Organic,92106,$17459.30,TRUE
683453007,8/13/2026,,HVAC Install,Full System Install,Scheduled,PPC,Google | Search | Plumbing,92078,$18746.77,TRUE
51464843,8/13/2026,8/7/2026,HVAC Install,Full System Install,Completed,Google LSA,Google Local Services,92131,$0.00,TRUE
89402750,8/13/2026,8/11/2026,HVAC Install,Full System Install,Completed,PPC,Google | Search | Brand,92064,$0.00,TRUE
904746713,8/13/2026,8/11/2026,HVAC Install,Full System Install,Completed,Direct Web Traffic,Direct Web Traffic,92109,$0.00,TRUE
904746713,8/13/2026,8/11/2026,HVAC Install,Full System Install,Completed,Direct Web Traffic,Direct Web Traffic,92109,$0.00,TRUE
367618233,8/13/2026,8/11/2026,HVAC Install,Full System Install,Completed,CSR Outbound,$1 OUTBOUND (use this for out-bounding),92067,$0.00,TRUE
1113042889,8/13/2026,8/3/2026,HVAC Install,Full System Install,Completed,PPC,Google | Search | Competitor,91950,$0.00,TRUE
51464843,8/13/2026,8/7/2026,HVAC Install,Full System Install,Completed,Google LSA,Google Local Services,92131,$0.00,TRUE
1074980840,8/13/2026,8/12/2026,HVAC Install,Full System Install,Completed,Outbound SMS,ST Outbound Text Lines,91945,$0.00,TRUE
367618233,8/13/2026,8/11/2026,HVAC Install,Full System Install,Completed,CSR Outbound,$1 OUTBOUND (use this for out-bounding),92067,$0.00,TRUE
1074980840,8/13/2026,8/12/2026,HVAC Install,Full System Install,Completed,Outbound SMS,ST Outbound Text Lines,91945,$0.00,TRUE
910897954,8/13/2026,8/12/2026,HVAC Install,Full System Install,Completed,External Referral,Referral,92064,$0.00,TRUE
904746713,8/13/2026,8/11/2026,HVAC Install,Full System Install,Completed,Direct Web Traffic,Direct Web Traffic,92109,$0.00,TRUE
1074980840,8/14/2026,8/12/2026,HVAC Install,Full System Install,Completed,Outbound SMS,ST Outbound Text Lines,91945,$0.00,TRUE
910897954,8/14/2026,8/12/2026,HVAC Install,Full System Install,Completed,External Referral,Referral,92064,$0.00,TRUE
31709436,8/14/2026,8/13/2026,HVAC Install,Full System Install,Completed,Branded Phone Number,A1-800-BILL HOWE,91913,$0.00,TRUE
910897954,8/14/2026,8/12/2026,HVAC Install,Full System Install,Completed,External Referral,Referral,92064,$0.00,TRUE
31583714,8/14/2026,,HVAC Install,Full System Install,Scheduled,PPC,Google | Search | Brand,92120,$22220.00,TRUE
31597426,8/17/2026,8/7/2026,HVAC Install,Full System Install,Completed,Branded Phone Number,Local 619,92123,$0.00,TRUE
1115959251,8/17/2026,8/14/2026,HVAC Install,Full System Install,Completed,Sameday AI,Sameday AI,92101,$0.00,TRUE
1115852365,8/17/2026,8/7/2026,HVAC Install,Full System Install,Completed,Direct Web Traffic,Direct Web Traffic,92117,$0.00,TRUE
31709436,8/17/2026,8/13/2026,HVAC Install,Full System Install,Completed,Branded Phone Number,A1-800-BILL HOWE,91913,$0.00,TRUE
31713311,8/17/2026,8/15/2026,HVAC Install,Full System Install,Completed,Organic Search,Google Organic,92106,$0.00,TRUE
31709436,8/17/2026,8/13/2026,HVAC Install,Full System Install,Completed,Branded Phone Number,A1-800-BILL HOWE,91913,$0.00,TRUE
1115959251,8/18/2026,8/14/2026,HVAC Install,Full System Install,Completed,Sameday AI,Sameday AI,92101,$0.00,TRUE
1115959251,8/18/2026,8/14/2026,HVAC Install,Full System Install,Completed,Sameday AI,Sameday AI,92101,$0.00,TRUE
58576509,8/18/2026,7/31/2026,HVAC Install,Full System Install,Completed,Branded Phone Number,Local 619,92127,$0.00,TRUE
1040106797,8/18/2026,8/14/2026,HVAC Install,Full System Install,Completed,Google LSA,Google Local Services,92078,$0.00,TRUE
1040106797,8/18/2026,8/14/2026,HVAC Install,Full System Install,Completed,Google LSA,Google Local Services,92078,$0.00,TRUE
1040106797,8/18/2026,8/14/2026,HVAC Install,Full System Install,Completed,Google LSA,Google Local Services,92078,$0.00,TRUE
1118975112,8/19/2026,,HVAC Install,Full System Install,Hold,Google Business Profiles,GMB_SanDiego,92130,$18315.43,TRUE
1074620599,8/19/2026,,HVAC Install,Full System Install,Scheduled,Organic Search,Google Organic,92127,$16784.85,TRUE
910897954,8/20/2026,8/12/2026,HVAC Install,Full System Install,Completed,External Referral,Referral,92064,-$4634.00,TRUE
1074980840,8/20/2026,8/12/2026,HVAC Install,Full System Install,Completed,Outbound SMS,ST Outbound Text Lines,91945,$0.00,TRUE
31713311,8/20/2026,8/15/2026,HVAC Install,Full System Install,Completed,Organic Search,Google Organic,92106,$0.00,TRUE
31578504,8/20/2026,8/18/2026,HVAC Install,Full System Install,Completed,Direct Web Traffic,Direct Web Traffic,92107,$0.00,TRUE
31578504,8/20/2026,8/18/2026,HVAC Install,Full System Install,Completed,Direct Web Traffic,Direct Web Traffic,92107,$0.00,TRUE
1115959251,8/20/2026,8/14/2026,HVAC Install,Full System Install,Completed,Sameday AI,Sameday AI,92101,$0.00,TRUE
1120031719,8/20/2026,,HVAC Install,Full System Install,Scheduled,PPC,Google | Search | Brand,92011,$16366.03,TRUE
1113716923,8/21/2026,,HVAC Install,Full System Install,Hold,Direct Web Traffic,Direct Web Traffic,92024,$31746.55,TRUE
1108520408,8/21/2026,,HVAC Install,Full System Install,Hold,Branded Phone Number,Local 619,92056,$18486.03,TRUE
255447514,8/21/2026,8/19/2026,HVAC Install,Full System Install,Completed,Branded Phone Number,Local 619,92107,$0.00,TRUE
31578504,8/21/2026,8/18/2026,HVAC Install,Full System Install,Completed,Direct Web Traffic,Direct Web Traffic,92107,$0.00,TRUE
31729532,8/21/2026,,HVAC Install,Full System Install,Hold,Outbound SMS,ST Outbound Text Lines,92064,$28106.94,TRUE
31574511,8/21/2026,8/19/2026,HVAC Install,Full System Install,Completed,Branded Phone Number,Local 619,92110,$0.00,TRUE
1127645025,8/21/2026,,HVAC Install,Full System Install,Hold,Organic Search,DuckDuckGo Organic,92108,$14102.95,TRUE
31574511,8/21/2026,8/19/2026,HVAC Install,Full System Install,Completed,Branded Phone Number,Local 619,92110,$0.00,TRUE
31713311,8/21/2026,8/15/2026,HVAC Install,Full System Install,Completed,Organic Search,Google Organic,92106,$0.00,TRUE
31574511,8/21/2026,8/19/2026,HVAC Install,Full System Install,Completed,Branded Phone Number,Local 619,92110,$0.00,TRUE
60221102,8/18/2026,8/14/2026,HVAC Service,Furnace Repair,Completed,Direct Mail,Dynamicard January 2026,92126,$0.00,TRUE
31719411,8/14/2026,,Plumbing Sales,Gas Estimate,In Progress,Tech referral,Tech Referral,92117,$1020.00,TRUE
300676781,8/14/2026,8/18/2026,Plumbing Sales,Gas Estimate,Completed,Organic Search,Google Organic,92120,$0.00,TRUE
31720547,8/19/2026,8/20/2026,Plumbing Sales,Gas Estimate,Completed,PPC,Bing | Search | Brand,92103,$175.00,TRUE
56499985,8/20/2026,8/20/2026,Plumbing Sales,Gas Estimate,Completed,Email,Legacy Email Marketing Multiple Offers,92120,$0.00,FALSE
1128676334,8/20/2026,,Plumbing Sales,Gas Estimate,Scheduled,Google Business Profiles,GMB_SanDiego,92020,$0.00,TRUE
99427973,8/21/2026,,Plumbing Sales,Gas Estimate,Scheduled,PPC,Bing | Search | Brand,92024,$0.00,TRUE
31564157,8/11/2026,8/11/2026,Plumbing Service,Gas Leak,Canceled,Branded Phone Number,Local 619,92117,$0.00,TRUE
1124901022,8/12/2026,8/14/2026,Plumbing Service,Gas Leak,Completed,Organic Search,Bing Organic,92064,$0.00,FALSE
1124901022,8/14/2026,,Plumbing Service,Gas Leak,Scheduled,Google Business Profiles,GMB_Poway,92064,$950.00,TRUE
1075897766,8/18/2026,8/19/2026,Plumbing Service,Gas Leak,Completed,PPC,Google | Search | Brand,92021,$0.00,FALSE
1075897766,8/19/2026,8/20/2026,Plumbing Service,Gas Leak,Completed,PPC,Google | Search | Brand,92021,$4650.00,TRUE
31670915,8/19/2026,8/19/2026,Plumbing Service,Gas Leak,Completed,Tech referral,Tech Referral,92115,$0.00,FALSE
42361200,8/19/2026,8/19/2026,Plumbing Service,Gas Leak,Canceled,Branded Phone Number,A1-800-BILL HOWE,92040,$0.00,TRUE
465570708,8/20/2026,8/20/2026,Plumbing Service,Gas Leak,Completed,Branded Phone Number,Local 619,92108,$220.00,TRUE
63756027,8/12/2026,8/12/2026,Plumbing Service,Gas Lock Out,Canceled,Organic Search,Google Organic,92111,$0.00,TRUE
1128561793,8/20/2026,8/20/2026,Plumbing Service,Gas Lock Out,In Progress,Google Business Profiles,GMB_SanDiego,91914,$7860.00,TRUE
1128174610,8/19/2026,8/20/2026,Plumbing Service,Grease Trap,Canceled,PPC,Google | Search | Brand,92109,$0.00,TRUE
31588985,8/12/2026,8/13/2026,Plumbing Sales,Heat Pump Water Heater Estimate,Completed,Email,Legacy Email Marketing Multiple Offers,92104,$0.00,TRUE
1073276810,8/12/2026,8/21/2026,HVAC Install,Heater New Install,Completed,Branded Phone Number,A1-800-BILL HOWE,92011,$9082.24,TRUE
1126788902,8/17/2026,,HVAC Install,Heater New Install,Scheduled,PPC,Google | Search | Brand,92091,$7564.52,TRUE
31579989,8/17/2026,7/24/2026,HVAC Install,Heater New Install,Completed,Organic Search,Google Organic,92064,$0.00,TRUE
1104699312,8/18/2026,8/17/2026,HVAC Install,Heater New Install,Completed,Organic Search,Google Organic,91913,$0.00,TRUE
1104699312,8/20/2026,8/17/2026,HVAC Install,Heater New Install,Completed,Organic Search,Google Organic,91913,$0.00,TRUE
1104699312,8/20/2026,8/17/2026,HVAC Install,Heater New Install,Completed,Organic Search,Google Organic,91913,$0.00,TRUE
327696338,8/10/2026,8/10/2026,Plumbing Service,Hose Bib,Canceled,Outbound SMS,ST Outbound Text Lines,92122,$0.00,FALSE
100073157,8/10/2026,8/11/2026,Plumbing Service,Hose Bib,Completed,PPC,Bing | Search | Plumbing,92010,$265.00,TRUE
201992,8/10/2026,8/11/2026,Plumbing Service,Hose Bib,Completed,Organic Search,Google Organic,92119,$482.08,TRUE
31628734,8/11/2026,8/11/2026,Plumbing Service,Hose Bib,Completed,PPC,Google | Search | Brand,92173,$586.00,TRUE
1040008579,8/12/2026,8/14/2026,Plumbing Service,Hose Bib,Completed,Google Business Profiles,GMB_SanDiego,91911,$0.00,TRUE
373708308,8/13/2026,8/13/2026,Plumbing Service,Hose Bib,Canceled,Google LSA,Google Local Services,92123,$0.00,TRUE
373708308,8/13/2026,8/13/2026,Plumbing Service,Hose Bib,Completed,Google LSA,Google Local Services,92123,$692.00,TRUE
975749625,8/13/2026,,Plumbing Service,Hose Bib,Hold,Branded Phone Number,Local 619,92037,$0.00,TRUE
62020396,8/15/2026,8/17/2026,Plumbing Service,Hose Bib,Completed,Branded Phone Number,A1-800-BILL HOWE,92020,$0.00,TRUE
31622090,8/15/2026,8/16/2026,Plumbing Service,Hose Bib,Canceled,PPC,Google | Search | Plumbing,92130,$0.00,TRUE
1126793988,8/16/2026,8/16/2026,Plumbing Service,Hose Bib,Canceled,PPC,Google | PMAX | Drains,92109,$0.00,TRUE
274375600,8/17/2026,8/17/2026,Plumbing Service,Hose Bib,Completed,Branded Phone Number,Local 619,92040,$524.00,TRUE
31651325,8/18/2026,8/19/2026,Plumbing Service,Hose Bib,Completed,Uncategorized,Uncategorized,91942,$636.00,TRUE
66097964,8/18/2026,,Plumbing Service,Hose Bib,Hold,PPC,Google | Search | Brand,92130,$1108.65,TRUE
1117316775,8/19/2026,8/19/2026,Plumbing Service,Hose Bib,Completed,Branded Phone Number,Local 619,92129,$530.00,TRUE
289742391,8/20/2026,8/21/2026,Plumbing Service,Hose Bib,Completed,Email,Legacy Email Marketing Multiple Offers,92014,$1185.00,TRUE
48410722,8/21/2026,,Plumbing Service,Hose Bib,Scheduled,Branded Phone Number,A1-800-BILL HOWE,92129,$0.00,TRUE
31693364,8/22/2026,,Plumbing Service,Hose Bib,Scheduled,PPC,Google | Search | Brand,92069,$0.00,TRUE
31640870,8/22/2026,,Plumbing Service,Hose Bib,Scheduled,Branded Phone Number,Local 619,92024,$0.00,TRUE
1123598814,8/10/2026,8/10/2026,HVAC Sales,HVAC Estimate,Completed,Organic Search,Google Organic,92064,$0.00,TRUE
473895116,8/10/2026,8/11/2026,HVAC Sales,HVAC Estimate,Completed,Google LSA,Google Local Services,92037,$0.00,TRUE
1123681846,8/10/2026,8/11/2026,HVAC Sales,HVAC Estimate,Completed,Google Business Profiles,GMB_SanDiego,92101,$0.00,TRUE
468768505,8/10/2026,8/11/2026,HVAC Sales,HVAC Estimate,Completed,Branded Phone Number,A1-800-BILL HOWE,92130,$0.00,TRUE
1123599118,8/10/2026,8/14/2026,HVAC Sales,HVAC Estimate,Completed,Google Business Profiles,GMB_SanDiego,92075,$0.00,TRUE
354056578,8/10/2026,8/12/2026,HVAC Sales,HVAC Estimate,Completed,PPC,Google | PMAX | Plumbing,92118,$0.00,TRUE
1123771060,8/10/2026,8/12/2026,HVAC Sales,HVAC Estimate,Completed,Google Business Profiles,GMB_SanDiego,92126,$0.00,TRUE
486074159,8/10/2026,8/18/2026,HVAC Sales,HVAC Estimate,Completed,PPC,Google | PMAX | Plumbing,91915,$0.00,TRUE
903296276,8/10/2026,8/13/2026,HVAC Sales,HVAC Estimate,Completed,Yelp,Yelp,92071,$0.00,FALSE
1123859878,8/10/2026,8/13/2026,HVAC Sales,HVAC Estimate,Completed,Branded Phone Number,Local 619,91942,$0.00,TRUE
1124025870,8/11/2026,8/14/2026,HVAC Sales,HVAC Estimate,Completed,Google LSA,Google Local Services,92103,$0.00,TRUE
31727681,8/11/2026,8/13/2026,HVAC Sales,HVAC Estimate,Completed,PPC,Google | Search | Brand,92024,$0.00,FALSE
1124467806,8/11/2026,8/15/2026,HVAC Sales,HVAC Estimate,Completed,Google Business Profiles,GMB_Poway,92025,$0.00,TRUE
1124304170,8/11/2026,8/13/2026,HVAC Sales,HVAC Estimate,Canceled,,AC Acting Up?,92103,$0.00,TRUE
42342635,8/11/2026,8/12/2026,HVAC Sales,HVAC Estimate,Completed,Branded Phone Number,Local 619,92054,$0.00,TRUE
683453007,8/11/2026,8/13/2026,HVAC Sales,HVAC Estimate,Completed,PPC,Google | Search | Plumbing,92078,$0.00,FALSE
31699314,8/12/2026,8/14/2026,HVAC Sales,HVAC Estimate,Completed,Branded Phone Number,A1-800-BILL HOWE,92014,$0.00,FALSE
31710523,8/12/2026,8/14/2026,HVAC Sales,HVAC Estimate,Completed,Google Business Profiles,GMB_SanDiego,91942,$0.00,TRUE
31539410,8/12/2026,8/13/2026,HVAC Sales,HVAC Estimate,Canceled,Branded Phone Number,Local 619,92075,$0.00,TRUE
31700142,8/12/2026,8/15/2026,HVAC Sales,HVAC Estimate,Canceled,Google Business Profiles,GMB_SanDiego,92071,$0.00,TRUE
1124899974,8/12/2026,8/13/2026,HVAC Sales,HVAC Estimate,Completed,Yelp,Yelp,92037,$0.00,TRUE
253880097,8/13/2026,8/13/2026,HVAC Sales,HVAC Estimate,Completed,Direct Web Traffic,Direct Web Traffic,92129,$0.00,TRUE
1125179230,8/13/2026,8/17/2026,HVAC Sales,HVAC Estimate,Completed,Direct Web Traffic,Direct Web Traffic,92130,$0.00,TRUE
1122128684,8/13/2026,,HVAC Sales,HVAC Estimate,Hold,Branded Phone Number,Local 619,92130,$0.00,TRUE
51125556,8/13/2026,8/14/2026,HVAC Sales,HVAC Estimate,Canceled,Branded Phone Number,A1-800-BILL HOWE,92014,$0.00,TRUE
1125227378,8/13/2026,8/14/2026,HVAC Sales,HVAC Estimate,Completed,Google Business Profiles,GMB_Poway,92064,$0.00,TRUE
31584091,8/13/2026,8/13/2026,HVAC Sales,HVAC Estimate,Canceled,Organic Search,Google Organic,92064,$0.00,TRUE
31537253,8/14/2026,8/17/2026,HVAC Sales,HVAC Estimate,Completed,PPC,Google | Search | Brand,92037,$0.00,TRUE
1125311199,8/14/2026,8/21/2026,HVAC Sales,HVAC Estimate,Completed,Sameday AI,Sameday AI,92117,$0.00,TRUE
275689281,8/14/2026,8/18/2026,HVAC Sales,HVAC Estimate,Completed,Branded Phone Number,Local 619,92101,$0.00,TRUE
1125551906,8/15/2026,8/19/2026,HVAC Sales,HVAC Estimate,Completed,Google LSA,Google Local Services,92124,$0.00,TRUE
1126789003,8/16/2026,8/19/2026,HVAC Sales,HVAC Estimate,Completed,PPC,Google | PMAX | HVAC,92122,$0.00,TRUE
1126810500,8/17/2026,8/21/2026,HVAC Sales,HVAC Estimate,Completed,Organic Search,Google Organic,92064,$0.00,TRUE
1119397623,8/17/2026,,HVAC Sales,HVAC Estimate,Scheduled,Google Business Profiles,GMB_SanDiego,92116,$0.00,TRUE
679210187,8/17/2026,8/18/2026,HVAC Sales,HVAC Estimate,Completed,Google Business Profiles,GMB_SanDiego,92009,$0.00,TRUE
31667886,8/17/2026,8/18/2026,HVAC Sales,HVAC Estimate,Completed,Google Business Profiles,GMB_SanDiego,92037,$0.00,TRUE
31607623,8/18/2026,,HVAC Sales,HVAC Estimate,Scheduled,Yelp,Yelp,92024,$0.00,TRUE
1127645025,8/18/2026,8/19/2026,HVAC Sales,HVAC Estimate,Completed,Organic Search,DuckDuckGo Organic,92108,$0.00,FALSE
381406967,8/18/2026,,HVAC Sales,HVAC Estimate,Scheduled,Branded Phone Number,A1-800-BILL HOWE,92075,$0.00,TRUE
31674469,8/18/2026,8/20/2026,HVAC Sales,HVAC Estimate,Canceled,PPC,Bing | Search | Brand,92101,$0.00,TRUE
1127970847,8/18/2026,8/19/2026,HVAC Sales,HVAC Estimate,Completed,PPC,Google | PMAX | HVAC,92106,$0.00,FALSE
326637782,8/19/2026,8/20/2026,HVAC Sales,HVAC Estimate,Completed,PPC,Google | PMAX | HVAC,92014,$0.00,TRUE
407872013,8/19/2026,8/20/2026,HVAC Sales,HVAC Estimate,Completed,Email Marketing - ST,Legacy Email Marketing - Restoration,92115,$0.00,TRUE
31729532,8/19/2026,8/20/2026,HVAC Sales,HVAC Estimate,Completed,Outbound SMS,ST Outbound Text Lines,92064,$0.00,FALSE
1128251358,8/19/2026,8/20/2026,HVAC Sales,HVAC Estimate,Completed,Google Business Profiles,GMB_SanDiego,92020,$0.00,TRUE
1128243298,8/19/2026,8/21/2026,HVAC Sales,HVAC Estimate,Completed,Direct Web Traffic,Direct Web Traffic,92120,$0.00,TRUE
340671961,8/19/2026,8/21/2026,HVAC Sales,HVAC Estimate,Completed,Google Business Profiles,GMB_SanDiego,92105,$0.00,TRUE
485617412,8/20/2026,8/21/2026,HVAC Sales,HVAC Estimate,Completed,Organic Search,Google Organic,92109,$0.00,TRUE
31667915,8/20/2026,,HVAC Sales,HVAC Estimate,Hold,Organic Search,Google Organic,91910,$0.00,TRUE
31674469,8/20/2026,8/21/2026,HVAC Sales,HVAC Estimate,Canceled,Email,Legacy Email Marketing Multiple Offers,92101,$0.00,TRUE
1068891158,8/20/2026,8/21/2026,HVAC Sales,HVAC Estimate,Completed,Google Business Profiles,GMB_SanDiego,92067,$0.00,TRUE
1128678831,8/20/2026,,HVAC Sales,HVAC Estimate,Scheduled,Branded Phone Number,A1-800-BILL HOWE,92083,$0.00,TRUE
31608172,8/20/2026,,HVAC Sales,HVAC Estimate,Scheduled,Google Business Profiles,GMB_SanDiego,92109,$0.00,TRUE
1128802828,8/20/2026,,HVAC Sales,HVAC Estimate,Scheduled,Yelp,Yelp,92128,$0.00,TRUE
31661897,8/20/2026,,HVAC Sales,HVAC Estimate,Scheduled,CSR Outbound,$1 OUTBOUND (use this for out-bounding),92107,$0.00,TRUE
487202285,8/21/2026,,HVAC Sales,HVAC Estimate,Scheduled,PPC,Google | PMAX | HVAC,92014,$0.00,TRUE
300131626,8/21/2026,,HVAC Sales,HVAC Estimate,Scheduled,PPC,Google | Search | Brand,92019,$0.00,TRUE
31730782,8/21/2026,,HVAC Sales,HVAC Estimate,Scheduled,Direct Web Traffic,Direct Web Traffic,92110,$0.00,TRUE
1129174434,8/21/2026,,HVAC Sales,HVAC Estimate,Scheduled,PPC,Google Legacy Campaigns,92024,$0.00,TRUE
1087353979,8/21/2026,,HVAC Sales,HVAC Estimate,Scheduled,Organic Search,Google Organic,91941,$0.00,TRUE
1090060928,8/22/2026,,HVAC Sales,HVAC Estimate,Scheduled,PPC,Google | PMAX | HVAC,92127,$0.00,TRUE
31565414,8/22/2026,,HVAC Sales,HVAC Estimate,Scheduled,Branded Phone Number,Local 619,92127,$0.00,TRUE
321631922,8/22/2026,8/22/2026,HVAC Sales,HVAC Estimate,Completed,Google LSA,Google Local Services,91942,$0.00,TRUE
31651332,8/22/2026,,HVAC Sales,HVAC Estimate,Scheduled,Branded Phone Number,Local 619,92109,$0.00,TRUE
1129224213,8/23/2026,,HVAC Sales,HVAC Estimate,Scheduled,Sameday AI,Sameday AI,92081,$0.00,TRUE
44346766,8/23/2026,,HVAC Sales,HVAC Estimate,Scheduled,Branded Phone Number,Local 619,91913,$0.00,TRUE
255087278,8/23/2026,,HVAC Sales,HVAC Estimate,Scheduled,Outbound SMS,ST Outbound Text Lines,92109,$0.00,TRUE
31712840,8/10/2026,,HVAC Install,Hvac Recall/Warranty,Hold,PPC,Google | PMAX | HVAC,92115,$0.00,TRUE
1123744758,8/10/2026,8/10/2026,HVAC Install,Hvac Recall/Warranty,Completed,Branded Phone Number,A1-800-BILL HOWE,92101,$0.00,TRUE
1073276810,8/10/2026,8/11/2026,HVAC Service,Hvac Recall/Warranty,Completed,Branded Phone Number,A1-800-BILL HOWE,92011,$87.00,TRUE
1113781164,8/10/2026,8/11/2026,HVAC Service,Hvac Recall/Warranty,Completed,PPC,Google | Search | Brand,92126,$0.00,TRUE
31679150,8/10/2026,8/12/2026,HVAC Service,Hvac Recall/Warranty,Completed,Branded Phone Number,Local 619,92071,$0.00,TRUE
31539410,8/10/2026,8/11/2026,HVAC Service,Hvac Recall/Warranty,Completed,Branded Phone Number,Local 619,92075,$0.00,TRUE
1100364527,8/11/2026,8/20/2026,HVAC Install,Hvac Recall/Warranty,Completed,PPC,Google | Search | Brand,92115,$0.00,TRUE
31686311,8/11/2026,8/5/2026,HVAC Install,Hvac Recall/Warranty,Completed,Branded Phone Number,Local 619,92109,$0.00,TRUE
475729526,8/11/2026,8/13/2026,HVAC Install,Hvac Recall/Warranty,Completed,Google Business Profiles,GMB_SanDiego,92091,$0.00,TRUE
321624355,8/11/2026,8/14/2026,HVAC Install,Hvac Recall/Warranty,Completed,Business Directories,BBB Business Listing,92128,$0.00,TRUE
1079791184,8/11/2026,8/14/2026,HVAC Install,Hvac Recall/Warranty,Completed,PPC,Google | Search | Brand,92115,$0.00,TRUE
31549108,8/11/2026,8/12/2026,HVAC Service,Hvac Recall/Warranty,Canceled,Google Business Profiles,GMB_SanDiego,92067,$0.00,TRUE
1076912517,8/11/2026,8/10/2026,HVAC Service,Hvac Recall/Warranty,Completed,Direct Web Traffic,Direct Web Traffic,92119,$0.00,TRUE
94908466,8/12/2026,8/12/2026,HVAC Install,Hvac Recall/Warranty,Completed,PPC,Google | PMAX | Drains,92104,$0.00,TRUE
50413658,8/12/2026,8/12/2026,HVAC Install,Hvac Recall/Warranty,Canceled,Google Business Profiles,GMB_SanDiego,92154,$0.00,TRUE
31549108,8/12/2026,,HVAC Install,Hvac Recall/Warranty,In Progress,Google Business Profiles,GMB_SanDiego,92067,$1950.00,TRUE
462783770,8/12/2026,8/10/2026,HVAC Install,Hvac Recall/Warranty,Completed,Branded Phone Number,Local 619,92065,$0.00,TRUE
31624457,8/12/2026,,HVAC Install,Hvac Recall/Warranty,Hold,Direct Web Traffic,Direct Web Traffic,92020,$0.00,TRUE
1115852365,8/13/2026,8/18/2026,HVAC Install,Hvac Recall/Warranty,Completed,Direct Web Traffic,Direct Web Traffic,92117,$0.00,TRUE
31721631,8/13/2026,8/13/2026,HVAC Service,Hvac Recall/Warranty,Completed,Branded Phone Number,A1-800-BILL HOWE,91915,$0.00,TRUE
31567808,8/13/2026,8/11/2026,HVAC Service,Hvac Recall/Warranty,Completed,Branded Phone Number,Local 619,92124,$0.00,TRUE
333495461,8/14/2026,8/14/2026,HVAC Install,Hvac Recall/Warranty,Completed,PPC,Google | Search | Brand,92025,$0.00,TRUE
31547959,8/14/2026,8/17/2026,HVAC Service,Hvac Recall/Warranty,Completed,Branded Phone Number,Local 619,92037,$0.00,TRUE
92283270,8/14/2026,8/15/2026,HVAC Service,Hvac Recall/Warranty,Completed,Branded Phone Number,Local 619,92127,$0.00,TRUE
1115959251,8/15/2026,8/15/2026,HVAC Install,Hvac Recall/Warranty,Completed,Branded Phone Number,Local 619,92101,$0.00,TRUE
684016813,8/17/2026,8/21/2026,HVAC Install,Hvac Recall/Warranty,Completed,Google LSA,Google Local Services,92105,$0.00,TRUE
321624355,8/17/2026,,HVAC Install,Hvac Recall/Warranty,Hold,Business Directories,BBB Business Listing,92128,$0.00,TRUE
266023073,8/17/2026,8/19/2026,HVAC Service,Hvac Recall/Warranty,Completed,Branded Phone Number,A1-800-BILL HOWE,92131,$0.00,TRUE
31679150,8/17/2026,8/12/2026,HVAC Service,Hvac Recall/Warranty,Completed,Branded Phone Number,Local 619,92071,$0.00,TRUE
1125572743,8/17/2026,8/18/2026,HVAC Service,Hvac Recall/Warranty,Completed,Organic Search,Bing Organic,92064,$87.00,TRUE
675237611,8/18/2026,8/19/2026,HVAC Install,Hvac Recall/Warranty,Completed,PPC,Google | Search | Brand,92104,$0.00,TRUE
311235756,8/18/2026,8/20/2026,HVAC Install,Hvac Recall/Warranty,Completed,Branded Phone Number,A1-800-BILL HOWE,92122,$0.00,TRUE
31585682,8/18/2026,8/20/2026,HVAC Install,Hvac Recall/Warranty,Completed,Website,Website Phone Calls,92037,$0.00,TRUE
267214261,8/18/2026,8/14/2026,HVAC Install,Hvac Recall/Warranty,Completed,Direct Mail,Dynamicard February HVAC 2026,91941,$0.00,TRUE
31671619,8/18/2026,,HVAC Install,Hvac Recall/Warranty,Hold,Google Business Profiles,GMB_SanDiego,92128,$0.00,TRUE
1079791184,8/18/2026,8/14/2026,HVAC Install,Hvac Recall/Warranty,Completed,PPC,Google | Search | Brand,92115,$0.00,TRUE
1079791184,8/18/2026,,HVAC Install,Hvac Recall/Warranty,Hold,PPC,Google | Search | Brand,92115,$0.00,TRUE
46867375,8/19/2026,,HVAC Install,Hvac Recall/Warranty,Hold,Outbound SMS,ST Outbound Text Lines,91977,$0.00,TRUE
31713311,8/19/2026,,HVAC Install,Hvac Recall/Warranty,Scheduled,Organic Search,Google Organic,92106,$0.00,TRUE
1079791184,8/19/2026,,HVAC Install,Hvac Recall/Warranty,Hold,PPC,Google | Search | Brand,92115,$0.00,TRUE
1074980840,8/19/2026,,HVAC Install,Hvac Recall/Warranty,Hold,Outbound SMS,ST Outbound Text Lines,91945,$0.00,TRUE
31574511,8/20/2026,8/20/2026,HVAC Install,Hvac Recall/Warranty,Completed,Branded Phone Number,Local 619,92110,$0.00,TRUE
468842633,8/20/2026,8/21/2026,HVAC Install,Hvac Recall/Warranty,Completed,Branded Phone Number,Local 619,92010,$0.00,TRUE
1115852365,8/20/2026,8/21/2026,HVAC Install,Hvac Recall/Warranty,Completed,Direct Web Traffic,Direct Web Traffic,92117,$0.00,TRUE
675237611,8/20/2026,8/20/2026,HVAC Install,Hvac Recall/Warranty,Completed,PPC,Google | Search | Brand,92104,$0.00,TRUE
266023073,8/20/2026,8/19/2026,HVAC Service,Hvac Recall/Warranty,Completed,Branded Phone Number,A1-800-BILL HOWE,92131,$0.00,TRUE
1067995791,8/20/2026,8/21/2026,HVAC Service,Hvac Recall/Warranty,Completed,,Offers Roundup August 2026,92120,$0.00,TRUE
482235088,8/20/2026,8/21/2026,HVAC Service,Hvac Recall/Warranty,Completed,Website,Website Phone Calls,92106,$1215.20,TRUE
255447514,8/21/2026,8/21/2026,HVAC Install,Hvac Recall/Warranty,Completed,Branded Phone Number,Local 619,92107,$0.00,TRUE
255447514,8/21/2026,,HVAC Install,Hvac Recall/Warranty,Scheduled,Branded Phone Number,Local 619,92107,$0.00,TRUE
462783770,8/21/2026,,HVAC Install,Hvac Recall/Warranty,Scheduled,Branded Phone Number,Local 619,92065,$0.00,TRUE
1115852365,8/21/2026,8/18/2026,HVAC Install,Hvac Recall/Warranty,Completed,Direct Web Traffic,Direct Web Traffic,92117,$0.00,TRUE
474400629,8/21/2026,8/6/2026,HVAC Install,Hvac Recall/Warranty,Completed,Google Business Profiles,GMB_SanDiego,92118,$0.00,TRUE
1076912517,8/21/2026,,HVAC Install,Hvac Recall/Warranty,Scheduled,Direct Web Traffic,Direct Web Traffic,92119,$0.00,TRUE
1037690442,8/21/2026,8/21/2026,HVAC Service,Hvac Recall/Warranty,Completed,PPC,Google | Search | Brand,92037,$0.00,TRUE
100243579,8/21/2026,8/22/2026,HVAC Service,Hvac Recall/Warranty,Completed,CSR Outbound,$1 OUTBOUND (use this for out-bounding),92020,$1845.66,TRUE
368627230,8/22/2026,,HVAC Service,Hvac Recall/Warranty,Scheduled,Sameday AI,Sameday AI,92130,$0.00,TRUE
1076042625,8/10/2026,8/12/2026,HVAC Sales,Hvac Tech Turnover Estimate,Hold,Branded Phone Number,Local 619,92103,$0.00,TRUE
31719251,8/11/2026,8/14/2026,HVAC Sales,Hvac Tech Turnover Estimate,Completed,Google Business Profiles,GMB_SanDiego,92130,$0.00,TRUE
979564417,8/11/2026,8/11/2026,HVAC Sales,Hvac Tech Turnover Estimate,Completed,PPC,Google | PMAX | Plumbing,92118,$0.00,TRUE
1073276810,8/11/2026,8/11/2026,HVAC Sales,Hvac Tech Turnover Estimate,Completed,Branded Phone Number,A1-800-BILL HOWE,92011,$0.00,TRUE
97325780,8/11/2026,8/12/2026,HVAC Sales,Hvac Tech Turnover Estimate,Completed,Branded Phone Number,Local 619,92173,$0.00,TRUE
367618233,8/12/2026,8/12/2026,HVAC Sales,Hvac Tech Turnover Estimate,Completed,PPC,Google | Search | Brand,92067,$0.00,TRUE
461179281,8/12/2026,,HVAC Sales,Hvac Tech Turnover Estimate,Scheduled,Google Business Profiles,GMB_SanDiego,92109,$0.00,TRUE
31713311,8/12/2026,8/12/2026,HVAC Sales,Hvac Tech Turnover Estimate,Completed,Organic Search,Google Organic,92106,$0.00,TRUE
53884634,8/12/2026,8/12/2026,HVAC Sales,Hvac Tech Turnover Estimate,Completed,PPC,Google | Search | Brand,92109,$0.00,TRUE
313065268,8/12/2026,,HVAC Sales,Hvac Tech Turnover Estimate,Scheduled,Branded Phone Number,Local 619,92024,$0.00,TRUE
1117589599,8/12/2026,8/17/2026,HVAC Sales,Hvac Tech Turnover Estimate,Completed,Direct Web Traffic,Direct Web Traffic,92009,$0.00,TRUE
31539410,8/13/2026,8/14/2026,HVAC Sales,Hvac Tech Turnover Estimate,Completed,Branded Phone Number,Local 619,92075,$0.00,TRUE
59523513,8/13/2026,8/17/2026,HVAC Sales,Hvac Tech Turnover Estimate,Completed,Google Business Profiles,GMB_SanDiego,92037,$0.00,TRUE
86409819,8/13/2026,8/14/2026,HVAC Sales,Hvac Tech Turnover Estimate,Completed,Direct Web Traffic,Direct Web Traffic,92102,$0.00,TRUE
57003954,8/13/2026,8/20/2026,HVAC Sales,Hvac Tech Turnover Estimate,Completed,Direct Mail,Dynamicard February HVAC 2026,92131,$0.00,TRUE
308486811,8/14/2026,8/14/2026,HVAC Sales,Hvac Tech Turnover Estimate,Completed,Outbound SMS,ST Outbound Text Lines,92106,$0.00,TRUE
51125556,8/14/2026,8/17/2026,HVAC Sales,Hvac Tech Turnover Estimate,Completed,CSR Outbound,$1 OUTBOUND (use this for out-bounding),92014,$0.00,TRUE
58576509,8/14/2026,8/17/2026,HVAC Sales,Hvac Tech Turnover Estimate,Completed,Branded Phone Number,Local 619,92127,$0.00,TRUE
355585617,8/14/2026,8/18/2026,HVAC Sales,Hvac Tech Turnover Estimate,Completed,Google LSA,Google Local Services,92130,$0.00,TRUE
31720547,8/17/2026,8/17/2026,HVAC Sales,Hvac Tech Turnover Estimate,Completed,PPC,Bing | Search | Brand,92037,$0.00,TRUE
31674511,8/17/2026,8/18/2026,HVAC Sales,Hvac Tech Turnover Estimate,Completed,Google LSA,Google Local Services,92154,$0.00,TRUE
1126788902,8/17/2026,8/17/2026,HVAC Sales,Hvac Tech Turnover Estimate,Completed,PPC,Google | Search | Brand,92091,$0.00,TRUE
31728648,8/17/2026,8/20/2026,HVAC Sales,Hvac Tech Turnover Estimate,Completed,PPC,Google | Search | Brand,92102,$0.00,TRUE
31636659,8/17/2026,8/19/2026,HVAC Sales,Hvac Tech Turnover Estimate,Completed,Branded Phone Number,Local 619,92071,$0.00,TRUE
472674111,8/17/2026,8/18/2026,HVAC Sales,Hvac Tech Turnover Estimate,Completed,PPC,Google | PMAX | Drains,92118,$0.00,TRUE
283755129,8/17/2026,,HVAC Sales,Hvac Tech Turnover Estimate,Hold,Branded Phone Number,Local 619,92007,$0.00,TRUE
290663766,8/18/2026,8/18/2026,HVAC Sales,Hvac Tech Turnover Estimate,Completed,Yelp,Yelp,92130,$0.00,TRUE
472674111,8/18/2026,,HVAC Sales,Hvac Tech Turnover Estimate,Hold,PPC,Google | PMAX | Drains,92118,$0.00,TRUE
1074620599,8/18/2026,8/19/2026,HVAC Sales,Hvac Tech Turnover Estimate,Completed,Organic Search,Google Organic,92127,$0.00,TRUE
1118975112,8/19/2026,8/19/2026,HVAC Sales,Hvac Tech Turnover Estimate,Completed,Google Business Profiles,GMB_SanDiego,92130,$0.00,TRUE
470988472,8/19/2026,8/20/2026,HVAC Sales,Hvac Tech Turnover Estimate,Completed,Google Business Profiles,GMB_SanDiego,92009,$0.00,TRUE
267543671,8/19/2026,8/19/2026,HVAC Sales,Hvac Tech Turnover Estimate,Completed,Website,Website Phone Calls,92037,$0.00,TRUE
1120031719,8/19/2026,8/20/2026,HVAC Sales,Hvac Tech Turnover Estimate,Completed,PPC,Google | Search | Brand,92011,$0.00,TRUE
1108520408,8/20/2026,8/21/2026,HVAC Sales,Hvac Tech Turnover Estimate,Completed,Branded Phone Number,Local 619,92056,$0.00,TRUE
86298620,8/20/2026,,HVAC Sales,Hvac Tech Turnover Estimate,Hold,Branded Phone Number,Local 619,92120,$0.00,TRUE
1121493760,8/21/2026,,HVAC Sales,Hvac Tech Turnover Estimate,Scheduled,Organic Search,Google Organic,92130,$0.00,TRUE
1122395315,8/10/2026,8/10/2026,Plumbing Service,Ice Maker Line,Canceled,Google Business Profiles,GMB_SanDiego,92107,$0.00,TRUE
891828782,8/10/2026,8/11/2026,Plumbing Service,Ice Maker Line,Completed,Branded Phone Number,Local 619,92057,$0.00,TRUE
31646171,8/10/2026,8/5/2026,Plumbing Service,Ice Maker Line,Completed,PPC,Google | Search | Brand,92037,$0.00,TRUE
51982923,8/11/2026,8/12/2026,Plumbing Service,Ice Maker Line,Completed,Branded Phone Number,Local 619,92075,$263.00,TRUE
31683220,8/11/2026,,Plumbing Service,Ice Maker Line,Hold,PPC,Google | Search | Brand,92116,$0.00,TRUE
49451732,8/12/2026,,Plumbing Service,Ice Maker Line,Scheduled,Organic Search,Google Organic,92123,$0.00,TRUE
254592540,8/13/2026,,Plumbing Service,Ice Maker Line,Hold,PPC,Google | PMAX | Drains,92130,$0.00,TRUE
683342668,8/13/2026,8/17/2026,Plumbing Service,Ice Maker Line,Completed,Organic Search,Bing Organic,91941,$1496.00,TRUE
1125309152,8/14/2026,8/14/2026,Plumbing Service,Ice Maker Line,Completed,Branded Phone Number,A1-800-BILL HOWE,92128,$509.00,TRUE
94248419,8/14/2026,,Plumbing Service,Ice Maker Line,Hold,PPC,Google | Search | Brand,92037,$325.00,TRUE
1128162462,8/19/2026,8/19/2026,Plumbing Service,Ice Maker Line,Completed,PPC,Google | Search | Brand,92130,$453.00,TRUE
31629813,8/20/2026,8/20/2026,Plumbing Service,Ice Maker Line,Completed,Yelp,Yelp,92111,$0.00,TRUE
286369484,8/20/2026,,Plumbing Service,Ice Maker Line,Scheduled,PPC,Google | Search | Brand,92111,$0.00,TRUE
52817185,8/21/2026,8/21/2026,Plumbing Service,Ice Maker Line,Completed,Google Business Profiles,GMB_SanDiego,92106,$1797.00,TRUE
51429035,8/21/2026,,Plumbing Service,Insta-Hot,Scheduled,Outbound SMS,ST Outbound Text Lines,91977,$0.00,TRUE
1122403346,8/10/2026,8/11/2026,Plumbing Sales,Jetting Estimate,Completed,Yelp,Yelp,92021,$0.00,FALSE
1122403346,8/11/2026,8/11/2026,Plumbing Sales,Jetting Estimate,Completed,Yelp,Yelp,92021,$530.00,TRUE
60341441,8/12/2026,8/12/2026,Plumbing Sales,Jetting Estimate,Canceled,Branded Phone Number,Local 619,92108,$0.00,TRUE
60341441,8/12/2026,8/12/2026,Plumbing Sales,Jetting Estimate,Completed,Website,Email Contact Form,92108,$0.00,TRUE
1125297246,8/14/2026,8/14/2026,Plumbing Sales,Jetting Estimate,Completed,Branded Phone Number,A1-800-BILL HOWE,92106,$0.00,TRUE
31562882,8/10/2026,8/12/2026,Plumbing Service,Jetting- Kitchen,Completed,Branded Phone Number,A1-800-BILL HOWE,92014,$1750.00,TRUE
272134329,8/13/2026,8/13/2026,Plumbing Service,Jetting- Kitchen,Completed,PPC,Google | Search | Brand,92119,$1200.00,TRUE
272134329,8/19/2026,8/13/2026,Plumbing Service,Jetting- Kitchen,Completed,PPC,Google | Search | Brand,92119,$0.00,TRUE
476064200,8/10/2026,8/11/2026,Plumbing Service,Jetting- Residential,Completed,PPC,Google | Search | Brand,92081,$1273.00,TRUE
896523480,8/12/2026,8/13/2026,Lining Install - CA,Jetting- Residential,Completed,PPC,Google | PMAX | Plumbing,92118,$1500.00,TRUE
52853564,8/12/2026,8/13/2026,Plumbing Service,Jetting- Residential,Completed,Google Business Profiles,GMB_SanDiego,92117,$1273.00,TRUE
1125592737,8/16/2026,8/16/2026,Plumbing Service,Jetting- Residential,Canceled,Google LSA,Google Local Services,92109,$0.00,TRUE
1125175650,8/17/2026,8/18/2026,Plumbing Service,Jetting- Residential,Completed,PPC,Google | PMAX | Drains,92014,$1273.00,TRUE
476064200,8/17/2026,8/11/2026,Plumbing Service,Jetting- Residential,Completed,PPC,Google | Search | Brand,92081,$0.00,TRUE
31583385,8/18/2026,8/19/2026,Plumbing Service,Jetting- Residential,Completed,Branded Phone Number,A1-800-BILL HOWE,92075,$1573.00,TRUE
52853564,8/18/2026,8/13/2026,Plumbing Service,Jetting- Residential,Completed,Google Business Profiles,GMB_SanDiego,92117,$0.00,TRUE
374678849,8/19/2026,,Plumbing Service,Jetting- Residential,Scheduled,,Memberships due for Service,92111,$1573.00,TRUE
52853564,8/19/2026,8/13/2026,Plumbing Service,Jetting- Residential,Completed,Google Business Profiles,GMB_SanDiego,92117,$0.00,TRUE
303467652,8/19/2026,,Plumbing Service,Jetting- Residential,Hold,PPC,Google | Search | Brand,92037,$1250.00,TRUE
298847893,8/20/2026,8/21/2026,Plumbing Service,Jetting- Residential,Completed,Branded Phone Number,Local 619,92122,$1273.00,TRUE
1122403346,8/10/2026,8/11/2026,Plumbing Service,Jetting-Commercial,Canceled,Yelp,Yelp,92021,$0.00,TRUE
31733251,8/11/2026,,Plumbing Service,Jetting-Commercial,Hold,Branded Phone Number,Local 619,92025,$1150.00,TRUE
31642163,8/17/2026,,Plumbing Service,Jetting-Commercial,Scheduled,PPC,Google | Search | Brand,92103,$10500.00,TRUE
31671564,8/18/2026,8/18/2026,Plumbing Service,Jetting-Commercial,Completed,Branded Phone Number,Local 619,92037,$1650.00,TRUE
981148553,8/19/2026,7/13/2026,Plumbing Service,Jetting-Commercial,Completed,Branded Phone Number,A1-800-BILL HOWE,91911,$0.00,TRUE
981148553,8/19/2026,7/17/2026,Plumbing Service,Jetting-Commercial,Completed,Branded Phone Number,A1-800-BILL HOWE,91911,$0.00,TRUE
681500760,8/20/2026,,Plumbing Service,Jetting-Commercial,Scheduled,Branded Phone Number,Local 619,91932,$2100.00,TRUE
31733408,8/20/2026,,Plumbing Service,Jetting-Commercial,Scheduled,Google Business Profiles,GMB_SanDiego,92106,$1273.00,TRUE
31699219,8/10/2026,8/12/2026,HVAC Install,Job Walk,Completed,Google Business Profiles,GMB_Poway,92064,$0.00,FALSE
305309520,8/10/2026,8/17/2026,Lining Install - CA,Job Walk,Completed,Tech referral,Tech Referral,92071,$0.00,FALSE
31705981,8/10/2026,,Lining Install - CA,Job Walk,Scheduled,Google Business Profiles,GMB_Poway,92064,$0.00,FALSE
888425724,8/10/2026,8/13/2026,Lining Install - CA,Job Walk,Completed,PPC,Google | Search | Brand,92117,$0.00,FALSE
466735816,8/10/2026,,Lining Install - CA,Job Walk,Scheduled,Google Business Profiles,GMB_SanDiego,92109,$0.00,FALSE
286949075,8/10/2026,8/11/2026,Plumbing Sales,Job Walk,Completed,Organic Search,Google Organic,92067,$0.00,FALSE
322935640,8/10/2026,8/11/2026,Plumbing Sales,Job Walk,Completed,Direct Mail,Dynamicard Direct Mail July 2025,92122,$0.00,FALSE
1080075614,8/11/2026,,Lining Install - CA,Job Walk,Scheduled,Organic Search,Google Organic,92119,$0.00,FALSE
31634639,8/11/2026,,Lining Install - CA,Job Walk,Scheduled,Branded Phone Number,Local 619,91941,$0.00,FALSE
1122157119,8/11/2026,,Lining Install - CA,Job Walk,Scheduled,Google Business Profiles,GMB_SanDiego,92117,$0.00,FALSE
59724517,8/11/2026,8/17/2026,Plumbing Sales,Job Walk,Completed,PPC,Google | Search | Brand,92067,$0.00,FALSE
1104433892,8/12/2026,,Lining Install - CA,Job Walk,Scheduled,Google Business Profiles,GMB_SanDiego,92075,$0.00,FALSE
31599943,8/12/2026,,Lining Install - CA,Job Walk,Scheduled,Branded Phone Number,Local 619,91911,$0.00,FALSE
31612323,8/12/2026,,Lining Install - CA,Job Walk,Scheduled,PPC,Google | PMAX | Plumbing,91977,$0.00,FALSE
96541723,8/12/2026,,Lining Install - CA,Job Walk,Scheduled,Branded Phone Number,Local 619,92007,$0.00,FALSE
31723044,8/12/2026,8/12/2026,Plumbing Sales,Job Walk,Completed,Branded Phone Number,A1-800-BILL HOWE,92009,$0.00,FALSE
48924886,8/12/2026,8/13/2026,Plumbing Sales,Job Walk,Completed,Google Business Profiles,GMB_SanDiego,91977,$0.00,FALSE
1125036880,8/13/2026,8/20/2026,Lining Install - CA,Job Walk,Completed,Tech referral,Tech Referral,92563,$0.00,FALSE
1072540652,8/13/2026,,Lining Install - CA,Job Walk,Scheduled,Email,Legacy Email Marketing Multiple Offers,92111,$0.00,FALSE
31540523,8/13/2026,,Lining Install - CA,Job Walk,Scheduled,Tech referral,Tech Referral,92111,$0.00,FALSE
31538589,8/13/2026,8/13/2026,Plumbing Sales,Job Walk,Completed,Tech referral,Tech Referral,92113,$0.00,FALSE
31710235,8/13/2026,8/17/2026,Plumbing Sales,Job Walk,Completed,Account,Work Order,92109,$0.00,FALSE
31627404,8/13/2026,8/14/2026,Plumbing Sales,Job Walk,Completed,Website,Website Phone Calls,92037,$0.00,FALSE
31550826,8/14/2026,,Lining Install - CA,Job Walk,Scheduled,PPC,Google | Search | Brand,92117,$0.00,FALSE
1118663276,8/14/2026,8/14/2026,Plumbing Sales,Job Walk,Completed,Google Business Profiles,GMB_SanDiego,92131,$0.00,FALSE
31652960,8/14/2026,8/14/2026,Plumbing Sales,Job Walk,Completed,Yelp,Yelp,91941,$0.00,FALSE
1113766841,8/14/2026,8/17/2026,Plumbing Sales,Job Walk,Completed,Google Business Profiles,GMB_SanDiego,92154,$0.00,FALSE
31537253,8/17/2026,8/20/2026,HVAC Install,Job Walk,Completed,PPC,Google | Search | Brand,92037,$0.00,FALSE
58584194,8/18/2026,,Lining Install - CA,Job Walk,Scheduled,Direct Web Traffic,Direct Web Traffic,92117,$0.00,FALSE
31710235,8/18/2026,,Lining Install - CA,Job Walk,Scheduled,Tech referral,Tech Referral,92109,$0.00,FALSE
285966011,8/18/2026,,Lining Install - CA,Job Walk,Scheduled,Email,Legacy Email Marketing Multiple Offers,92105,$0.00,FALSE
285966011,8/18/2026,,Lining Install - CA,Job Walk,Scheduled,Email,Legacy Email Marketing Multiple Offers,92020,$0.00,FALSE
31582588,8/18/2026,8/18/2026,Plumbing Sales,Job Walk,Completed,Branded Phone Number,Local 619,92037,$0.00,FALSE
1104954059,8/18/2026,,Plumbing Sales,Job Walk,Scheduled,PPC,Google | Search | Brand,92115,$0.00,FALSE
31712278,8/18/2026,8/20/2026,Plumbing Sales,Job Walk,Canceled,Google Business Profiles,GMB_SanDiego,92111,$0.00,FALSE
286631987,8/19/2026,,Lining Install - CA,Job Walk,Scheduled,Branded Phone Number,Local 619,92117,$0.00,FALSE
31657834,8/19/2026,,Lining Install - CA,Job Walk,Scheduled,Branded Phone Number,Local 619,92109,$0.00,FALSE
92614201,8/19/2026,,Lining Install - CA,Job Walk,Scheduled,Branded Phone Number,A1-800-BILL HOWE,92128,$0.00,FALSE
31652960,8/19/2026,,Lining Install - CA,Job Walk,Scheduled,Yelp,Yelp,91941,$0.00,FALSE
31631527,8/19/2026,8/20/2026,Plumbing Sales,Job Walk,Completed,Branded Phone Number,A1-800-BILL HOWE,92075,$0.00,FALSE
31583385,8/19/2026,,Plumbing Sales,Job Walk,Scheduled,Branded Phone Number,A1-800-BILL HOWE,92075,$0.00,FALSE
43727520,8/19/2026,8/21/2026,Plumbing Sales,Job Walk,Completed,Branded Phone Number,A1-800-BILL HOWE,92103,$0.00,FALSE
59259327,8/19/2026,,Plumbing Sales,Job Walk,Scheduled,Google Business Profiles,GMB_Poway,92122,$0.00,FALSE
346440037,8/19/2026,8/19/2026,Plumbing Sales,Job Walk,Completed,Direct Web Traffic,Direct Web Traffic,92111,$0.00,FALSE
1038021412,8/19/2026,8/19/2026,Plumbing Sales,Job Walk,Completed,Google Business Profiles,GMB_Poway,92064,$0.00,FALSE
31650598,8/19/2026,8/19/2026,Plumbing Sales,Job Walk,In Progress,Yelp,Yelp,92037,$0.00,FALSE
57762448,8/19/2026,,Plumbing Sales,Job Walk,Scheduled,Branded Phone Number,Local 619,92117,$0.00,FALSE
255447514,8/20/2026,8/21/2026,HVAC Install,Job Walk,Canceled,Branded Phone Number,Local 619,92107,$0.00,FALSE
31706524,8/20/2026,,Lining Install - CA,Job Walk,Scheduled,Organic Search,Bing Organic,92117,$0.00,FALSE
1128110960,8/20/2026,,Lining Install - CA,Job Walk,Scheduled,Organic Search,Google Organic,92037,$0.00,FALSE
31658916,8/20/2026,,Lining Install - CA,Job Walk,Scheduled,Google Business Profiles,GMB_SanDiego,92103,$0.00,FALSE
1125175650,8/20/2026,,Lining Install - CA,Job Walk,Scheduled,PPC,Google | PMAX | Drains,92014,$0.00,FALSE
93798412,8/20/2026,8/20/2026,Plumbing Sales,Job Walk,Completed,CSR Outbound,$1 OUTBOUND (use this for out-bounding),92105,$255.00,TRUE
31658916,8/20/2026,,Plumbing Sales,Job Walk,Scheduled,Google Business Profiles,GMB_SanDiego,92103,$0.00,FALSE
1104989365,8/20/2026,,Plumbing Sales,Job Walk,Scheduled,Direct Mail,Dynamicard June 2026 (Drains + WH),92123,$0.00,FALSE
675237611,8/21/2026,8/21/2026,HVAC Install,Job Walk,Completed,PPC,Google | Search | Brand,92104,$0.00,FALSE
470988472,8/21/2026,,HVAC Install,Job Walk,Scheduled,Google Business Profiles,GMB_SanDiego,92009,$0.00,FALSE
31609070,8/21/2026,,Lining Install - CA,Job Walk,Scheduled,Tech referral,Tech Referral,92106,$0.00,FALSE
1128174304,8/21/2026,,Lining Install - CA,Job Walk,Scheduled,PPC,Google | PMAX | Plumbing,92103,$0.00,FALSE
1113766841,8/21/2026,8/17/2026,Plumbing Sales,Job Walk,Completed,Google Business Profiles,GMB_SanDiego,92154,$0.00,FALSE
266444991,8/21/2026,8/21/2026,Plumbing Sales,Job Walk,Completed,Organic Search,Google Organic,92029,$0.00,FALSE
31665384,8/21/2026,,Plumbing Sales,Job Walk,Scheduled,Google LSA,Google Local Services,92106,$0.00,FALSE
278897697,8/22/2026,,Plumbing Sales,Job Walk,Scheduled,Google Business Profiles,GMB_SanDiego,92111,$0.00,FALSE
31650598,8/22/2026,8/22/2026,Plumbing Sales,Job Walk,Completed,Yelp,Yelp,92037,$0.00,FALSE
31729504,8/19/2026,8/19/2026,Plumbing Service,"KFM247, LTD",Completed,Branded Phone Number,Local 619,92084,$421.00,TRUE
45915111,8/10/2026,8/11/2026,Plumbing Service,Kitchen Faucet,Completed,PPC,Google | Search | Brand,92109,$318.00,TRUE
31635733,8/10/2026,8/11/2026,Plumbing Service,Kitchen Faucet,Completed,Email,Legacy Email Marketing Multiple Offers,92067,$0.00,TRUE
31715187,8/10/2026,8/6/2026,Plumbing Service,Kitchen Faucet,Completed,Direct Web Traffic,Direct Web Traffic,92037,-$110.00,TRUE
52189198,8/10/2026,8/11/2026,Plumbing Service,Kitchen Faucet,Completed,Google Business Profiles,GMB_Poway,92064,$318.00,TRUE
240936,8/11/2026,8/12/2026,Plumbing Service,Kitchen Faucet,Completed,Branded Phone Number,A1-800-BILL HOWE,92110,$0.00,FALSE
31594962,8/11/2026,8/11/2026,Plumbing Service,Kitchen Faucet,Completed,Branded Phone Number,A1-800-BILL HOWE,92123,$0.00,TRUE
374729957,8/11/2026,8/13/2026,Plumbing Service,Kitchen Faucet,Completed,Branded Phone Number,Local 619,92101,$318.00,TRUE
31712521,8/13/2026,8/18/2026,Plumbing Service,Kitchen Faucet,Completed,Email,Legacy Email Marketing Multiple Offers,92024,$760.84,TRUE
1124799201,8/14/2026,8/18/2026,Plumbing Service,Kitchen Faucet,Completed,Google Business Profiles,GMB_SanDiego,92037,$863.00,TRUE
42022044,8/14/2026,8/18/2026,Plumbing Service,Kitchen Faucet,Completed,Branded Phone Number,Local 619,92037,$0.00,FALSE
976633211,8/14/2026,8/14/2026,Plumbing Service,Kitchen Faucet,Completed,Branded Phone Number,A1-800-BILL HOWE,92078,$250.00,TRUE
31584412,8/16/2026,8/17/2026,Plumbing Service,Kitchen Faucet,Completed,Branded Phone Number,Local 619,92104,$425.00,TRUE
1101897292,8/16/2026,8/17/2026,Plumbing Service,Kitchen Faucet,Completed,PPC,Google | Search | Brand,92128,$0.00,TRUE
349436993,8/17/2026,8/17/2026,Plumbing Service,Kitchen Faucet,Completed,PPC,Google | Search | Brand,91902,$302.10,TRUE
101750164,8/17/2026,8/17/2026,Plumbing Service,Kitchen Faucet,Completed,Google Business Profiles,GMB_SanDiego,92108,$0.00,TRUE
1127332190,8/17/2026,8/18/2026,Plumbing Service,Kitchen Faucet,Canceled,Email,Legacy Email Marketing Multiple Offers,92130,$0.00,TRUE
349436993,8/18/2026,8/19/2026,Plumbing Service,Kitchen Faucet,Completed,PPC,Google | Search | Brand,91902,$0.00,FALSE
1127643178,8/18/2026,8/19/2026,Plumbing Service,Kitchen Faucet,Completed,PPC,Bing | Search | Brand,92129,$0.00,TRUE
280081769,8/19/2026,8/19/2026,Plumbing Service,Kitchen Faucet,Completed,PPC,Google | Search | Brand,92103,$0.00,TRUE
676414493,8/19/2026,8/19/2026,Plumbing Service,Kitchen Faucet,Completed,Organic Search,Google Organic,92130,$318.00,TRUE
31632809,8/19/2026,8/20/2026,Plumbing Service,Kitchen Faucet,Completed,PPC,Google | Search | Competitor,92118,$1406.00,TRUE
334786450,8/20/2026,8/21/2026,Plumbing Service,Kitchen Faucet,Completed,Google Business Profiles,GMB_SanDiego,92037,$318.00,TRUE
31547823,8/21/2026,,Plumbing Service,Kitchen Faucet,Scheduled,Branded Phone Number,Local 619,92117,$0.00,TRUE
31564045,8/21/2026,8/21/2026,Plumbing Service,Kitchen Faucet,Completed,Branded Phone Number,Local 619,92011,$175.00,TRUE
31593848,8/22/2026,,Plumbing Service,Kitchen Faucet,Scheduled,Branded Phone Number,A1-800-BILL HOWE,92109,$0.00,TRUE
31599704,8/23/2026,,Plumbing Service,Kitchen Faucet,Scheduled,Branded Phone Number,A1-800-BILL HOWE,92037,$0.00,TRUE
1123698912,8/10/2026,8/10/2026,Plumbing Service,Kitchen Stop,Completed,Google Business Profiles,GMB_SanDiego,92118,$144.00,TRUE
50126811,8/10/2026,8/10/2026,Plumbing Service,Kitchen Stop,Canceled,Google Business Profiles,GMB_SanDiego,92123,$0.00,TRUE
50126811,8/10/2026,8/11/2026,Plumbing Service,Kitchen Stop,Completed,Google Business Profiles,GMB_SanDiego,92123,$102.00,TRUE
896872408,8/10/2026,8/10/2026,Plumbing Service,Kitchen Stop,Canceled,Organic Search,Google Organic,92101,$0.00,TRUE
1123605237,8/10/2026,8/10/2026,Plumbing Service,Kitchen Stop,Completed,Direct Web Traffic,Direct Web Traffic,92040,$102.00,TRUE
279467039,8/10/2026,8/11/2026,Plumbing Service,Kitchen Stop,Completed,Google Business Profiles,GMB_SanDiego,92117,$102.00,TRUE
31572795,8/10/2026,8/11/2026,Plumbing Service,Kitchen Stop,Completed,Branded Phone Number,Local 619,92173,$0.00,TRUE
1087766656,8/10/2026,8/11/2026,Plumbing Service,Kitchen Stop,Completed,Website,Website Phone Calls,92019,$129.60,TRUE
50515857,8/10/2026,8/11/2026,Plumbing Service,Kitchen Stop,Completed,Google Business Profiles,GMB_SanDiego,92021,$144.00,TRUE
374400693,8/10/2026,8/11/2026,Plumbing Service,Kitchen Stop,Canceled,PPC,Google | Search | Brand,92024,$0.00,TRUE
1124317467,8/11/2026,8/11/2026,Plumbing Service,Kitchen Stop,Canceled,Email,Legacy Email Marketing Multiple Offers,92130,$0.00,TRUE
31715187,8/11/2026,8/12/2026,Plumbing Service,Kitchen Stop,Completed,Direct Web Traffic,Direct Web Traffic,92009,$1171.16,TRUE
1124349984,8/11/2026,8/12/2026,Plumbing Service,Kitchen Stop,Completed,Branded Phone Number,Local 619,92109,$102.00,TRUE
258142252,8/11/2026,8/11/2026,Plumbing Service,Kitchen Stop,Completed,Branded Phone Number,A1-800-BILL HOWE,92119,$0.00,TRUE
31710370,8/11/2026,8/12/2026,Plumbing Service,Kitchen Stop,Completed,Branded Phone Number,Local 619,92123,$102.00,TRUE
1124564190,8/11/2026,8/13/2026,Plumbing Service,Kitchen Stop,Completed,Organic Search,Google Organic,92108,$432.00,TRUE
1124564190,8/11/2026,8/12/2026,Plumbing Service,Kitchen Stop,Canceled,Organic Search,Google Organic,92108,$0.00,TRUE
1124576511,8/12/2026,8/12/2026,Plumbing Service,Kitchen Stop,Completed,Google LSA,Google Local Services,92108,$0.00,TRUE
290321350,8/12/2026,8/12/2026,Plumbing Service,Kitchen Stop,Completed,Website,Website Phone Calls,91941,$219.00,TRUE
31572795,8/12/2026,8/12/2026,Plumbing Service,Kitchen Stop,Completed,Branded Phone Number,Local 619,92104,$0.00,TRUE
1124759568,8/12/2026,8/13/2026,Plumbing Service,Kitchen Stop,Completed,Email,Legacy Email Marketing Multiple Offers,92071,$144.00,TRUE
272134329,8/13/2026,8/13/2026,Plumbing Service,Kitchen Stop,Completed,PPC,Google | Search | Brand,92119,$0.00,TRUE
249846196,8/13/2026,8/13/2026,Plumbing Service,Kitchen Stop,Completed,Direct Web Traffic,Direct Web Traffic,92109,$224.00,TRUE
1124944501,8/13/2026,8/13/2026,Plumbing Service,Kitchen Stop,Completed,Direct Web Traffic,Direct Web Traffic,92130,$144.00,TRUE
1125028195,8/13/2026,8/13/2026,Plumbing Service,Kitchen Stop,Completed,Branded Phone Number,Local 619,92117,$136.80,TRUE
31671854,8/13/2026,8/13/2026,Plumbing Service,Kitchen Stop,Completed,PPC,Google | Search | Brand,92117,$96.90,TRUE
334839846,8/13/2026,8/13/2026,Plumbing Service,Kitchen Stop,Completed,Google Business Profiles,GMB_SanDiego,92115,$601.00,TRUE
31720856,8/13/2026,8/14/2026,Plumbing Service,Kitchen Stop,Completed,PPC,Google | Search | Brand,92119,$144.00,TRUE
1125021543,8/13/2026,8/14/2026,Plumbing Service,Kitchen Stop,Completed,Google Business Profiles,GMB_SanDiego,92113,$102.00,TRUE
31572795,8/13/2026,8/14/2026,Plumbing Service,Kitchen Stop,Completed,Branded Phone Number,Local 619,92027,$530.00,TRUE
31711558,8/13/2026,8/14/2026,Plumbing Service,Kitchen Stop,Completed,Organic Search,Google Organic,92021,$102.00,TRUE
31659908,8/14/2026,8/14/2026,Plumbing Service,Kitchen Stop,Completed,Organic Search,Google Organic,92037,$175.00,TRUE
31537868,8/14/2026,7/20/2026,Plumbing Service,Kitchen Stop,Completed,Branded Phone Number,Local 619,92109,-$474.00,TRUE
49793193,8/14/2026,,Plumbing Service,Kitchen Stop,Hold,Google Business Profiles,GMB_SanDiego,92119,$0.00,TRUE
49793193,8/14/2026,8/14/2026,Plumbing Service,Kitchen Stop,Completed,Google Business Profiles,GMB_SanDiego,92119,$394.00,TRUE
52414294,8/15/2026,8/15/2026,Plumbing Service,Kitchen Stop,Completed,Outbound SMS,ST Outbound Text Lines,92111,$382.48,TRUE
1124349984,8/15/2026,8/17/2026,Plumbing Service,Kitchen Stop,Completed,Branded Phone Number,Local 619,92109,$0.00,TRUE
31562238,8/15/2026,,Plumbing Service,Kitchen Stop,In Progress,Branded Phone Number,Local 619,91941,$2228.00,TRUE
31554130,8/15/2026,8/17/2026,Plumbing Service,Kitchen Stop,Completed,Organic Search,Google Organic,92110,$102.00,TRUE
269614871,8/15/2026,8/15/2026,Plumbing Service,Kitchen Stop,Completed,PPC,Google | Search | Brand,92020,$394.00,TRUE
1125571997,8/16/2026,8/17/2026,Plumbing Service,Kitchen Stop,Completed,Direct Web Traffic,Direct Web Traffic,92122,$144.00,TRUE
1125571700,8/16/2026,8/17/2026,Plumbing Service,Kitchen Stop,Completed,Sameday AI,Sameday AI,92128,$144.00,TRUE
346773158,8/16/2026,8/17/2026,Plumbing Service,Kitchen Stop,Completed,Direct Web Traffic,Direct Web Traffic,92109,$0.00,TRUE
324523420,8/16/2026,8/18/2026,Plumbing Service,Kitchen Stop,Completed,Direct Web Traffic,Direct Web Traffic,92037,$144.00,TRUE
381633316,8/16/2026,8/17/2026,Plumbing Service,Kitchen Stop,Completed,Google Business Profiles,GMB_SanDiego,92111,$281.00,TRUE
1100236591,8/16/2026,8/16/2026,Plumbing Service,Kitchen Stop,Completed,PPC,Google | Search | Brand,92064,$0.00,FALSE
31667218,8/17/2026,8/17/2026,Plumbing Service,Kitchen Stop,Completed,PPC,Google | Search | Plumbing,92104,$144.00,TRUE
31572795,8/17/2026,8/17/2026,Plumbing Service,Kitchen Stop,Completed,Branded Phone Number,Local 619,92103,$212.00,TRUE
31578417,8/17/2026,8/17/2026,Plumbing Service,Kitchen Stop,Completed,Email,Legacy Email Marketing Multiple Offers,92111,$93.84,TRUE
673021487,8/17/2026,8/20/2026,Plumbing Service,Kitchen Stop,Completed,Direct Web Traffic,Direct Web Traffic,91910,$0.00,FALSE
43663680,8/17/2026,8/18/2026,Plumbing Service,Kitchen Stop,Completed,Direct Web Traffic,Direct Web Traffic,91977,$144.00,TRUE
311947950,8/17/2026,8/17/2026,Plumbing Service,Kitchen Stop,Completed,PPC,Google | Search | Plumbing,92128,$144.00,TRUE
1127251158,8/17/2026,8/17/2026,Plumbing Service,Kitchen Stop,Completed,PPC,Google | PMAX | Drains,92131,$0.00,TRUE
298221093,8/17/2026,8/18/2026,Plumbing Service,Kitchen Stop,Completed,Yelp,Yelp,92117,$144.00,TRUE
460941075,8/17/2026,8/18/2026,Plumbing Service,Kitchen Stop,Completed,Branded Phone Number,A1-800-BILL HOWE,92107,$992.00,TRUE
89583325,8/17/2026,,Plumbing Service,Kitchen Stop,Hold,Branded Phone Number,A1-800-BILL HOWE,92109,$0.00,TRUE
53048773,8/18/2026,8/18/2026,Plumbing Service,Kitchen Stop,Completed,PPC,Google | Search | Brand,92117,$144.00,TRUE
63570551,8/18/2026,8/18/2026,Plumbing Service,Kitchen Stop,Completed,Google Business Profiles,GMB_SanDiego,92103,$102.00,TRUE
31561117,8/18/2026,8/19/2026,Plumbing Service,Kitchen Stop,Completed,Branded Phone Number,Local 619,92020,$0.00,TRUE
90324170,8/18/2026,8/18/2026,Plumbing Service,Kitchen Stop,Completed,Branded Phone Number,Local 619,91910,$144.00,TRUE
468078785,8/18/2026,8/18/2026,Plumbing Service,Kitchen Stop,Completed,PPC,Google | Search | Brand,92117,$212.00,TRUE
31723349,8/18/2026,8/18/2026,Plumbing Service,Kitchen Stop,Hold,Google Business Profiles,GMB_SanDiego,92008,$588.56,TRUE
31723349,8/18/2026,8/18/2026,Plumbing Service,Kitchen Stop,Canceled,Google Business Profiles,GMB_SanDiego,92008,$0.00,TRUE
31728648,8/18/2026,8/18/2026,Plumbing Service,Kitchen Stop,Completed,PPC,Google | Search | Brand,92101,$250.00,TRUE
909661816,8/19/2026,8/19/2026,Plumbing Service,Kitchen Stop,Completed,Google Business Profiles,GMB_SanDiego,92037,$132.48,TRUE
1128087379,8/19/2026,8/19/2026,Plumbing Service,Kitchen Stop,Completed,Email,Legacy Email Marketing Multiple Offers,92104,$579.00,TRUE
31562238,8/19/2026,8/19/2026,Plumbing Service,Kitchen Stop,Completed,Branded Phone Number,Local 619,91941,$224.00,TRUE
31572795,8/19/2026,8/21/2026,Plumbing Service,Kitchen Stop,Completed,Branded Phone Number,Local 619,92105,$144.00,TRUE
31561117,8/19/2026,8/20/2026,Plumbing Service,Kitchen Stop,Completed,Branded Phone Number,Local 619,92020,$93.84,TRUE
31541688,8/20/2026,8/20/2026,Plumbing Service,Kitchen Stop,Completed,Branded Phone Number,A1-800-BILL HOWE,92020,$474.00,TRUE
31665384,8/20/2026,8/20/2026,Plumbing Service,Kitchen Stop,Completed,Google LSA,Google Local Services,92106,$91.80,TRUE
31572181,8/20/2026,8/20/2026,Plumbing Service,Kitchen Stop,Completed,PPC,Google | Search | Brand,92117,$144.00,TRUE
1128559966,8/20/2026,8/20/2026,Plumbing Service,Kitchen Stop,Completed,Paid Social,Nextdoor,92129,$229.00,TRUE
31608222,8/20/2026,8/21/2026,Plumbing Service,Kitchen Stop,Completed,Google Business Profiles,GMB_SanDiego,92123,$1525.00,TRUE
31563930,8/20/2026,8/21/2026,Plumbing Service,Kitchen Stop,Completed,PPC,Google | Search | Brand,92075,$93.84,TRUE
1070694119,8/20/2026,8/21/2026,Plumbing Service,Kitchen Stop,Completed,Google Business Profiles,GMB_Poway,92078,$144.00,TRUE
31627864,8/20/2026,8/21/2026,Plumbing Service,Kitchen Stop,Completed,PPC,Google | Search | Plumbing,92109,$250.00,TRUE
56641716,8/20/2026,,Plumbing Service,Kitchen Stop,In Progress,Branded Phone Number,Local 619,92020,$390.08,TRUE
1128912524,8/21/2026,8/21/2026,Plumbing Service,Kitchen Stop,Completed,Google LSA,Google Local Services,91977,$144.00,TRUE
60087000,8/21/2026,8/21/2026,Plumbing Service,Kitchen Stop,Completed,Direct Web Traffic,Direct Web Traffic,92131,$102.00,TRUE
1129207230,8/21/2026,8/21/2026,Plumbing Service,Kitchen Stop,Completed,Google Business Profiles,GMB_Poway,92078,$394.00,TRUE
303683454,8/22/2026,8/22/2026,Plumbing Service,Kitchen Stop,Completed,PPC,Google | Search | Plumbing,92117,$352.00,TRUE
909363108,8/22/2026,8/22/2026,Plumbing Service,Kitchen Stop,Completed,Yelp,Yelp,92130,$394.00,TRUE
49674764,8/22/2026,,Plumbing Service,Kitchen Stop,Scheduled,PPC,Google | Search | Brand,91942,$0.00,TRUE
58370255,8/23/2026,,Plumbing Service,Kitchen Stop,Scheduled,Direct Web Traffic,Direct Web Traffic,92105,$0.00,TRUE
1123826057,8/10/2026,8/11/2026,Plumbing Service,Laundry Bibbs,Completed,Google Business Profiles,GMB_SanDiego,92124,$301.00,TRUE
31583795,8/12/2026,8/12/2026,Plumbing Service,Laundry Bibbs,Completed,Yelp,Yelp,92116,$626.00,TRUE
1124935255,8/13/2026,8/13/2026,Plumbing Service,Laundry Bibbs,Completed,PPC,Google | Search | Brand,92104,$0.00,FALSE
1124935255,8/13/2026,8/20/2026,Plumbing Service,Laundry Bibbs,Completed,PPC,Google | Search | Brand,92104,$1148.55,TRUE
58090180,8/13/2026,8/14/2026,Plumbing Service,Laundry Bibbs,Completed,Google Business Profiles,GMB_SanDiego,92037,$301.00,TRUE
31686022,8/14/2026,8/14/2026,Plumbing Service,Laundry Bibbs,Completed,Branded Phone Number,A1-800-BILL HOWE,92130,$0.00,FALSE
684530364,8/14/2026,8/15/2026,Plumbing Service,Laundry Bibbs,Completed,Branded Phone Number,A1-800-BILL HOWE,92124,$1022.00,TRUE
31686022,8/16/2026,8/17/2026,Plumbing Service,Laundry Bibbs,Canceled,Branded Phone Number,A1-800-BILL HOWE,92130,$0.00,TRUE
463293281,8/17/2026,8/17/2026,Plumbing Service,Laundry Bibbs,Completed,Outbound SMS,ST Outbound Text Lines,92118,$301.00,TRUE
96669858,8/17/2026,,Plumbing Service,Laundry Bibbs,Hold,Yelp,Yelp,91941,$0.00,TRUE
310179991,8/17/2026,8/17/2026,Plumbing Service,Laundry Bibbs,Completed,CSR Outbound,$1 OUTBOUND (use this for out-bounding),92127,$785.00,TRUE
31686022,8/17/2026,8/17/2026,Plumbing Service,Laundry Bibbs,Completed,Branded Phone Number,A1-800-BILL HOWE,92130,$1188.00,TRUE
63336258,8/19/2026,8/13/2026,Plumbing Service,Laundry Bibbs,Completed,Branded Phone Number,Local 619,91978,$0.00,TRUE
31630919,8/20/2026,8/20/2026,Plumbing Service,Laundry Bibbs,Canceled,Direct Web Traffic,Direct Web Traffic,92109,$0.00,TRUE
1128675980,8/20/2026,8/21/2026,Plumbing Service,Laundry Bibbs,Completed,Direct Web Traffic,Direct Web Traffic,92109,$0.00,TRUE
1129148349,8/21/2026,,Plumbing Service,Laundry Bibbs,Scheduled,Google Business Profiles,GMB_SanDiego,92008,$0.00,TRUE
893256775,8/22/2026,,Plumbing Service,Laundry Bibbs,Scheduled,PPC,Google | Search | Brand,92129,$0.00,TRUE
304032335,8/23/2026,,Plumbing Service,Laundry Bibbs,Scheduled,Direct Web Traffic,Direct Web Traffic,92115,$0.00,TRUE
1129268221,8/23/2026,8/23/2026,Plumbing Service,Laundry Bibbs,Canceled,Branded Phone Number,Local 619,92078,$0.00,TRUE
31684645,8/11/2026,8/13/2026,Plumbing Service,Laundry Stop,Completed,Branded Phone Number,A1-800-BILL HOWE,92064,$91.80,TRUE
31684645,8/11/2026,8/11/2026,Plumbing Service,Laundry Stop,Canceled,Branded Phone Number,A1-800-BILL HOWE,92064,$0.00,TRUE
1124799201,8/12/2026,8/13/2026,Plumbing Service,Laundry Stop,Completed,Google Business Profiles,GMB_SanDiego,92037,$0.00,FALSE
31579604,8/13/2026,8/13/2026,Plumbing Service,Laundry Stop,Completed,Organic Search,Google Organic,92020,$0.00,FALSE
369750972,8/13/2026,8/13/2026,Plumbing Service,Laundry Stop,Completed,Direct Web Traffic,Direct Web Traffic,92123,$632.00,TRUE
31579604,8/13/2026,8/13/2026,Plumbing Service,Laundry Stop,Completed,Organic Search,Google Organic,92020,$93.84,TRUE
31554590,8/17/2026,8/17/2026,Plumbing Service,Laundry Stop,Completed,Organic Search,DuckDuckGo Organic,92117,$530.00,TRUE
31565453,8/17/2026,8/17/2026,Plumbing Service,Laundry Stop,Completed,Google Business Profiles,GMB_SanDiego,92025,$144.00,TRUE
1127256098,8/17/2026,8/17/2026,Plumbing Service,Laundry Stop,Completed,Direct Web Traffic,Direct Web Traffic,92111,$102.00,TRUE
1077704727,8/17/2026,8/18/2026,Plumbing Service,Laundry Stop,Canceled,Branded Phone Number,Local 619,92111,$0.00,TRUE
31602606,8/18/2026,8/18/2026,Plumbing Service,Laundry Stop,Canceled,Direct Web Traffic,Direct Web Traffic,91941,$0.00,TRUE
31684710,8/18/2026,8/18/2026,Plumbing Service,Laundry Stop,Completed,Branded Phone Number,A1-800-BILL HOWE,92128,$0.00,FALSE
41776483,8/18/2026,8/19/2026,Plumbing Service,Laundry Stop,Completed,CSR Outbound,$1 OUTBOUND (use this for out-bounding),91941,$102.00,TRUE
31564376,8/18/2026,8/19/2026,Plumbing Service,Laundry Stop,Completed,Branded Phone Number,Local 619,92106,$144.00,TRUE
31536142,8/19/2026,8/20/2026,Plumbing Service,Laundry Stop,Completed,Direct Web Traffic,Direct Web Traffic,92037,$144.00,TRUE
31564376,8/21/2026,,Plumbing Service,Laundry Stop,Hold,Branded Phone Number,Local 619,92106,$425.00,TRUE
1129066580,8/21/2026,8/21/2026,Plumbing Service,Laundry Stop,Canceled,Branded Phone Number,A1-800-BILL HOWE,92075,$0.00,TRUE
1068034374,8/23/2026,,Plumbing Service,Laundry Stop,Scheduled,Direct Web Traffic,Direct Web Traffic,92117,$0.00,TRUE
31664031,8/11/2026,,Plumbing Service,Lavatory Faucet,In Progress,Google Business Profiles,GMB_SanDiego,92130,$1889.00,TRUE
31720011,8/11/2026,8/7/2026,Plumbing Service,Lavatory Faucet,Completed,Organic Search,Google Organic,92131,$0.00,TRUE
31709404,8/12/2026,8/12/2026,Plumbing Service,Lavatory Faucet,Completed,Branded Phone Number,A1-800-BILL HOWE,92008,$175.00,TRUE
31715151,8/13/2026,8/14/2026,Plumbing Service,Lavatory Faucet,Completed,Direct Web Traffic,Direct Web Traffic,92116,$318.00,TRUE
90361855,8/13/2026,8/14/2026,Plumbing Service,Lavatory Faucet,Completed,,BFP Plumbing Inspection SMS 2026,92127,$0.00,TRUE
306124617,8/13/2026,8/18/2026,Plumbing Service,Lavatory Faucet,Completed,PPC,Google | Search | Brand,92119,$190.80,TRUE
1079006507,8/13/2026,8/14/2026,Plumbing Service,Lavatory Faucet,Completed,Tech referral,Tech Referral,92008,$220.00,TRUE
912503664,8/13/2026,8/14/2026,Plumbing Service,Lavatory Faucet,Completed,Google Business Profiles,GMB_SanDiego,92106,$0.00,TRUE
31607053,8/14/2026,8/18/2026,Plumbing Service,Lavatory Faucet,Completed,PPC,Google | Search | Brand,92117,$212.00,TRUE
31714585,8/17/2026,8/18/2026,Plumbing Service,Lavatory Faucet,Completed,PPC,Google | Search | Brand,91942,$307.00,TRUE
31690819,8/17/2026,8/20/2026,Plumbing Service,Lavatory Faucet,Completed,Organic Search,Bing Organic,92019,$1172.00,TRUE
55585580,8/17/2026,8/17/2026,Plumbing Service,Lavatory Faucet,Completed,,AC Acting Up?,92117,$1646.00,TRUE
1127407476,8/17/2026,8/20/2026,Plumbing Service,Lavatory Faucet,Completed,PPC,Google | Search | Brand,92120,$717.30,TRUE
31537226,8/18/2026,,Plumbing Service,Lavatory Faucet,Hold,Branded Phone Number,Local 619,92101,$0.00,TRUE
31561519,8/18/2026,8/18/2026,Plumbing Service,Lavatory Faucet,Completed,Branded Phone Number,Local 619,92103,$262.50,TRUE
52221402,8/18/2026,,Plumbing Service,Lavatory Faucet,Scheduled,PPC,Google | Search | Brand,91942,$0.00,FALSE
479772765,8/18/2026,8/20/2026,Plumbing Service,Lavatory Faucet,Completed,Google Business Profiles,GMB_SanDiego,92127,$219.60,TRUE
379141770,8/19/2026,8/20/2026,Plumbing Service,Lavatory Faucet,Completed,Branded Phone Number,Local 619,92124,$0.00,TRUE
31715151,8/19/2026,8/14/2026,Plumbing Service,Lavatory Faucet,Completed,Direct Web Traffic,Direct Web Traffic,92116,$0.00,TRUE
50201862,8/20/2026,8/20/2026,Plumbing Service,Lavatory Faucet,Completed,PPC,Bing | Search | Brand,92109,$307.00,TRUE
882772602,8/20/2026,8/20/2026,Plumbing Service,Lavatory Faucet,Canceled,PPC,Google | Search | Brand,92054,$0.00,TRUE
317007493,8/20/2026,8/22/2026,Plumbing Service,Lavatory Faucet,Completed,Direct Web Traffic,Direct Web Traffic,92106,$1238.00,TRUE
248841922,8/20/2026,8/21/2026,Plumbing Service,Lavatory Faucet,Completed,Sameday AI,Sameday AI,92124,$307.00,TRUE
50201862,8/21/2026,8/21/2026,Plumbing Service,Lavatory Faucet,Completed,PPC,Bing | Search | Brand,92109,$0.00,FALSE
1101396561,8/21/2026,8/21/2026,Plumbing Service,Lavatory Faucet,Completed,Google LSA,Google Local Services,92154,$0.00,TRUE
277951149,8/21/2026,8/21/2026,Plumbing Service,Lavatory Faucet,Completed,Website,Website Phone Calls,92075,$0.00,TRUE
474792414,8/21/2026,8/21/2026,Plumbing Service,Lavatory Faucet,Completed,Email,Legacy Email Marketing Multiple Offers,92122,$0.00,TRUE
1129162482,8/21/2026,,Plumbing Service,Lavatory Faucet,Scheduled,Email,Legacy Email Marketing Multiple Offers,92109,$0.00,TRUE
44063073,8/21/2026,,Plumbing Service,Lavatory Faucet,Scheduled,Branded Phone Number,A1-800-BILL HOWE,92078,$0.00,FALSE
1129224238,8/23/2026,,Plumbing Service,Lavatory Faucet,Scheduled,Uncategorized,Uncategorized,92024,$0.00,TRUE
911262373,8/23/2026,8/23/2026,Plumbing Service,Lavatory Faucet,Canceled,Organic Search,Google Organic,92130,$0.00,TRUE
911262373,8/23/2026,,Plumbing Service,Lavatory Faucet,Scheduled,Organic Search,Google Organic,92130,$0.00,FALSE
183246,8/10/2026,8/12/2026,Plumbing Service,Lavatory Stop,Completed,Google Business Profiles,GMB_SanDiego,92101,$288.00,TRUE
31536142,8/10/2026,8/10/2026,Plumbing Service,Lavatory Stop,Completed,Direct Web Traffic,Direct Web Traffic,92108,$144.00,TRUE
903885870,8/10/2026,8/4/2026,Plumbing Service,Lavatory Stop,Completed,Branded Phone Number,Local 619,92069,$0.00,TRUE
31564376,8/10/2026,8/11/2026,Plumbing Service,Lavatory Stop,Completed,Account,Work Order,92037,$93.84,TRUE
278595313,8/10/2026,8/11/2026,Plumbing Service,Lavatory Stop,Completed,Website,Website Phone Calls,92103,$0.00,TRUE
31572795,8/10/2026,8/11/2026,Plumbing Service,Lavatory Stop,Completed,Branded Phone Number,Local 619,92064,$102.00,TRUE
65077094,8/10/2026,8/14/2026,Plumbing Service,Lavatory Stop,Completed,Email,Legacy Email Marketing Multiple Offers,92105,$651.60,TRUE
60266116,8/10/2026,8/13/2026,Plumbing Service,Lavatory Stop,Completed,Email Marketing - ST,Legacy Email Marketing - Plumbing,92109,$129.60,TRUE
1123832457,8/10/2026,8/11/2026,Plumbing Service,Lavatory Stop,Completed,Website,Email Contact Form,92121,$85.00,TRUE
31730222,8/10/2026,8/11/2026,Plumbing Service,Lavatory Stop,Completed,PPC,Google | Search | Brand,92116,$175.00,TRUE
31552521,8/11/2026,8/11/2026,Plumbing Service,Lavatory Stop,Completed,Branded Phone Number,A1-800-BILL HOWE,92020,$132.48,TRUE
31666151,8/11/2026,8/12/2026,Plumbing Service,Lavatory Stop,Completed,Branded Phone Number,A1-800-BILL HOWE,92067,$136.80,TRUE
313858992,8/11/2026,,Plumbing Service,Lavatory Stop,Scheduled,Google Business Profiles,GMB_SanDiego,92130,$0.00,TRUE
100609032,8/11/2026,8/13/2026,Plumbing Service,Lavatory Stop,Completed,Branded Phone Number,Local 619,92007,$1100.10,TRUE
31721780,8/12/2026,8/12/2026,Plumbing Service,Lavatory Stop,Completed,Branded Phone Number,A1-800-BILL HOWE,92078,$144.00,TRUE
49493409,8/12/2026,8/13/2026,Plumbing Service,Lavatory Stop,Completed,Organic Search,Google Organic,92126,$144.00,TRUE
48162978,8/12/2026,8/12/2026,Plumbing Service,Lavatory Stop,Completed,PPC,Google | PMAX | Plumbing,92064,$451.00,TRUE
290065744,8/12/2026,8/13/2026,Plumbing Service,Lavatory Stop,Completed,Branded Phone Number,Local 619,92111,$264.96,TRUE
31606148,8/13/2026,8/14/2026,Plumbing Service,Lavatory Stop,Completed,Branded Phone Number,A1-800-BILL HOWE,92120,$501.30,TRUE
42916078,8/14/2026,8/14/2026,Plumbing Service,Lavatory Stop,Completed,Google Business Profiles,GMB_SanDiego,92122,$102.00,TRUE
1125254752,8/14/2026,8/14/2026,Plumbing Service,Lavatory Stop,Completed,PPC,Google | Search | Competitor,91932,$144.00,TRUE
674433419,8/14/2026,8/17/2026,Plumbing Service,Lavatory Stop,Hold,Branded Phone Number,Local 619,92102,$0.00,TRUE
94252964,8/14/2026,8/14/2026,Plumbing Service,Lavatory Stop,Completed,PPC,Google | PMAX | Plumbing,92037,$480.00,TRUE
1125254752,8/14/2026,,Plumbing Service,Lavatory Stop,Hold,PPC,Google | Search | Competitor,91932,$0.00,TRUE
888416486,8/16/2026,8/17/2026,Plumbing Service,Lavatory Stop,Completed,PPC,Google | Search | Brand,92117,$144.00,TRUE
374829829,8/17/2026,8/17/2026,Plumbing Service,Lavatory Stop,Completed,Tech referral,Tech Referral,92008,$0.00,TRUE
31612629,8/18/2026,8/19/2026,Plumbing Service,Lavatory Stop,Completed,Direct Web Traffic,Direct Web Traffic,92110,$0.00,TRUE
31714585,8/18/2026,8/18/2026,Plumbing Service,Lavatory Stop,Completed,PPC,Google | Search | Brand,91942,$0.00,TRUE
31572795,8/18/2026,8/18/2026,Plumbing Service,Lavatory Stop,Completed,Branded Phone Number,Local 619,92107,$144.00,TRUE
31595638,8/18/2026,8/19/2026,Plumbing Service,Lavatory Stop,Completed,Branded Phone Number,A1-800-BILL HOWE,92101,$676.12,TRUE
890993950,8/18/2026,8/20/2026,Plumbing Service,Lavatory Stop,Completed,Google Business Profiles,GMB_SanDiego,91941,$0.00,TRUE
31634943,8/18/2026,,Plumbing Service,Lavatory Stop,Hold,Branded Phone Number,Local 619,92130,$0.00,FALSE
31715151,8/19/2026,8/19/2026,Plumbing Service,Lavatory Stop,Completed,Direct Web Traffic,Direct Web Traffic,92116,$0.00,TRUE
31696793,8/19/2026,8/19/2026,Plumbing Service,Lavatory Stop,Completed,Organic Search,DuckDuckGo Organic,91913,$144.00,TRUE
31696692,8/19/2026,8/20/2026,Plumbing Service,Lavatory Stop,Completed,Branded Phone Number,A1-800-BILL HOWE,92123,$175.00,TRUE
31698509,8/20/2026,8/20/2026,Plumbing Service,Lavatory Stop,Completed,Outbound SMS,ST Outbound Text Lines,92120,$0.00,TRUE
31715151,8/20/2026,8/21/2026,Plumbing Service,Lavatory Stop,Completed,Direct Web Traffic,Direct Web Traffic,92116,$144.00,TRUE
980952678,8/20/2026,8/20/2026,Plumbing Service,Lavatory Stop,Completed,Google LSA,Google Local Services,92025,$319.00,TRUE
1128668279,8/20/2026,8/21/2026,Plumbing Service,Lavatory Stop,Completed,Organic Search,Google Organic,91977,$102.00,TRUE
1080412922,8/20/2026,8/21/2026,Plumbing Service,Lavatory Stop,Completed,Direct Web Traffic,Direct Web Traffic,92101,$224.00,TRUE
1049227558,8/21/2026,,Plumbing Service,Lavatory Stop,Scheduled,Branded Phone Number,A1-800-BILL HOWE,92101,$0.00,TRUE
266070602,8/22/2026,8/22/2026,Plumbing Service,Lavatory Stop,Completed,PPC,Google | Search | Plumbing,92037,$447.00,TRUE
280024994,8/23/2026,,Plumbing Service,Lavatory Stop,Scheduled,Direct Web Traffic,Direct Web Traffic,92127,$0.00,TRUE
50485160,8/10/2026,8/10/2026,Plumbing Service,Leak Below Kitchen,Canceled,Branded Phone Number,A1-800-BILL HOWE,92040,$0.00,TRUE
409550916,8/10/2026,8/9/2026,Plumbing Service,Leak Below Kitchen,Completed,PPC,Google | PMAX | Plumbing - Spanish,92054,-$50.00,TRUE
44130051,8/11/2026,8/12/2026,Plumbing Service,Leak Below Kitchen,Completed,Google Business Profiles,GMB_SanDiego,92123,$102.00,TRUE
679245578,8/11/2026,8/6/2026,Plumbing Service,Leak Below Kitchen,Completed,Branded Phone Number,A1-800-BILL HOWE,92054,$0.00,TRUE
31712140,8/12/2026,8/12/2026,Plumbing Service,Leak Below Kitchen,Completed,Direct Web Traffic,Direct Web Traffic,92131,$255.00,TRUE
409155939,8/12/2026,8/14/2026,Plumbing Service,Leak Below Kitchen,Completed,Direct Web Traffic,Direct Web Traffic,92119,$102.00,TRUE
341252417,8/13/2026,8/13/2026,Plumbing Service,Leak Below Kitchen,Completed,PPC,Google | Search | Brand,92118,$0.00,FALSE
31727443,8/13/2026,8/13/2026,Plumbing Service,Leak Below Kitchen,Completed,Yelp,Yelp,92071,$0.00,TRUE
1125044952,8/13/2026,8/14/2026,Plumbing Service,Leak Below Kitchen,Completed,PPC,Google | Search | Brand,91945,$530.00,TRUE
31627520,8/13/2026,8/18/2026,Plumbing Service,Leak Below Kitchen,Completed,Direct Web Traffic,Direct Web Traffic,92067,$1827.00,TRUE
31589657,8/15/2026,8/18/2026,Plumbing Service,Leak Below Kitchen,Completed,PPC,Google | Search | Brand,92111,$250.00,TRUE
297729920,8/15/2026,8/15/2026,Plumbing Service,Leak Below Kitchen,Completed,Google Business Profiles,GMB_SanDiego,91977,$250.00,TRUE
284304406,8/16/2026,8/17/2026,Plumbing Service,Leak Below Kitchen,Completed,Branded Phone Number,Local 619,92106,$1067.00,TRUE
61805619,8/17/2026,,Plumbing Service,Leak Below Kitchen,In Progress,3rd Party Web Traffic,Yelp Referral Traffic,92119,$318.00,TRUE
676414493,8/17/2026,8/17/2026,Plumbing Service,Leak Below Kitchen,Completed,Organic Search,Google Organic,92130,$364.00,TRUE
282221111,8/17/2026,8/18/2026,Plumbing Service,Leak Below Kitchen,Completed,PPC,Google | Search | Brand,92037,$255.00,TRUE
31593848,8/17/2026,8/18/2026,Plumbing Service,Leak Below Kitchen,Completed,Branded Phone Number,A1-800-BILL HOWE,92109,$0.00,FALSE
1128110558,8/19/2026,8/19/2026,Plumbing Service,Leak Below Kitchen,Completed,PPC,Google | Search | Competitor,92104,$175.00,TRUE
66561790,8/19/2026,8/21/2026,Plumbing Service,Leak Below Kitchen,Completed,Outbound SMS,ST Outbound Text Lines,92130,$237.50,TRUE
310810854,8/20/2026,8/20/2026,Plumbing Service,Leak Below Kitchen,Completed,Direct Web Traffic,Direct Web Traffic,92104,$250.00,TRUE
369781561,8/20/2026,8/21/2026,Plumbing Service,Leak Below Kitchen,Completed,Google Business Profiles,GMB_SanDiego,91910,$0.00,TRUE
1067251475,8/21/2026,8/22/2026,Plumbing Service,Leak Below Kitchen,Completed,Branded Phone Number,Local 619,92037,$250.00,TRUE
61130491,8/21/2026,,Plumbing Service,Leak Below Kitchen,Scheduled,Google Business Profiles,GMB_SanDiego,92024,$0.00,TRUE
55465438,8/21/2026,,Plumbing Service,Leak Below Kitchen,Scheduled,Organic Search,Google Organic,92101,$0.00,TRUE
31731980,8/22/2026,,Plumbing Service,Leak Below Kitchen,Scheduled,Direct Web Traffic,Direct Web Traffic,92127,$0.00,TRUE
462793226,8/22/2026,8/22/2026,Plumbing Service,Leak Below Kitchen,Completed,Organic Search,Google Organic,92130,$939.00,TRUE
45892573,8/10/2026,8/4/2026,Plumbing Service,Leak Below Lavatory,Completed,Organic Search,Google Organic,92130,$0.00,TRUE
45892573,8/10/2026,8/4/2026,Plumbing Service,Leak Below Lavatory,Completed,Organic Search,Google Organic,92130,$0.00,TRUE
31634943,8/11/2026,8/12/2026,Plumbing Service,Leak Below Lavatory,Completed,Branded Phone Number,Local 619,92130,$0.00,TRUE
31715151,8/12/2026,8/12/2026,Plumbing Service,Leak Below Lavatory,Completed,Direct Web Traffic,Direct Web Traffic,92116,$0.00,FALSE
64359548,8/12/2026,8/14/2026,Plumbing Service,Leak Below Lavatory,Completed,Branded Phone Number,A1-800-BILL HOWE,92130,$488.00,TRUE
31670915,8/13/2026,8/18/2026,Plumbing Service,Leak Below Lavatory,Completed,Tech referral,Tech Referral,92115,$318.00,TRUE
31733264,8/14/2026,8/19/2026,Plumbing Service,Leak Below Lavatory,Completed,PPC,Google | Search | Brand,92130,$0.00,FALSE
283140750,8/14/2026,8/18/2026,Plumbing Service,Leak Below Lavatory,Completed,PPC,Google | Search | Plumbing,92037,$276.30,TRUE
374829829,8/14/2026,8/17/2026,Plumbing Service,Leak Below Lavatory,Completed,Tech referral,Tech Referral,92008,$394.00,TRUE
31702420,8/15/2026,8/17/2026,Plumbing Service,Leak Below Lavatory,Completed,Direct Web Traffic,Direct Web Traffic,92130,$0.00,FALSE
66856952,8/17/2026,8/18/2026,Plumbing Service,Leak Below Lavatory,Completed,PPC,Google | PMAX | Drains,92129,$350.00,TRUE
1095173443,8/17/2026,8/18/2026,Plumbing Service,Leak Below Lavatory,Completed,Google Business Profiles,GMB_SanDiego,92128,$0.00,FALSE
31702420,8/18/2026,8/21/2026,Plumbing Service,Leak Below Lavatory,Completed,Direct Web Traffic,Direct Web Traffic,92130,$988.00,TRUE
1100632840,8/18/2026,8/19/2026,Plumbing Service,Leak Below Lavatory,Completed,Tech referral,Tech Referral,92104,$0.00,TRUE
1049227558,8/19/2026,8/20/2026,Plumbing Service,Leak Below Lavatory,Completed,Branded Phone Number,A1-800-BILL HOWE,92101,$0.00,FALSE
66856952,8/21/2026,8/18/2026,Plumbing Service,Leak Below Lavatory,Completed,PPC,Google | PMAX | Drains,92129,$0.00,TRUE
310475296,8/21/2026,,Plumbing Service,Leak Below Lavatory,Scheduled,Branded Phone Number,A1-800-BILL HOWE,92128,$0.00,TRUE
463448580,8/22/2026,8/22/2026,Plumbing Service,Leak Below Lavatory,Completed,Google Business Profiles,GMB_SanDiego,92037,$500.00,TRUE
65660633,8/23/2026,,Plumbing Service,Leak Below Lavatory,Scheduled,Direct Web Traffic,Direct Web Traffic,92014,$0.00,TRUE
31705981,8/10/2026,,Lining Install - CA,Lining,Scheduled,Google Business Profiles,GMB_Poway,92064,$16250.00,TRUE
305309520,8/10/2026,8/20/2026,Lining Install - CA,Lining,Completed,PPC,Google | Search | Brand,92071,$6500.00,TRUE
31562882,8/10/2026,8/21/2026,Lining Install - CA,Lining,Completed,Branded Phone Number,A1-800-BILL HOWE,92014,$4200.00,TRUE
31593848,8/10/2026,8/21/2026,Lining Install - CA,Lining,Completed,Branded Phone Number,A1-800-BILL HOWE,92109,$5500.00,TRUE
31609085,8/10/2026,6/24/2026,Lining Install - CA,Lining,Completed,PPC,Google | Search | Brand,92122,-$300.00,TRUE
374400693,8/10/2026,8/18/2026,Lining Install - CA,Lining,Completed,PPC,Google | Search | Brand,92024,$5700.00,TRUE
466735816,8/10/2026,,Lining Install - CA,Lining,Scheduled,Google Business Profiles,GMB_SanDiego,92109,$16000.00,TRUE
902469128,8/10/2026,7/27/2026,Lining Install - CA,Lining,Completed,Google Business Profiles,GMB_SanDiego,92119,$12048.75,TRUE
100409340,8/11/2026,,Lining Install - CA,Lining,Scheduled,Tech referral,Tech Referral,92103,$3200.00,TRUE
1080075614,8/11/2026,,Lining Install - CA,Lining,Scheduled,Organic Search,Google Organic,92119,$10500.00,TRUE
31634639,8/11/2026,,Lining Install - CA,Lining,Scheduled,,Memberships due for Service,91941,$15000.00,TRUE
59724517,8/11/2026,,Lining Install - CA,Lining,Scheduled,PPC,Google | Search | Brand,92067,$3650.00,TRUE
1122157119,8/11/2026,,Lining Install - CA,Lining,Scheduled,Google Business Profiles,GMB_SanDiego,92117,$7500.00,TRUE
1035468088,8/12/2026,7/31/2026,Lining Install - CA,Lining,Completed,External Referral,Referral,92831,$0.00,TRUE
1104433892,8/12/2026,,Lining Install - CA,Lining,Scheduled,Google Business Profiles,GMB_SanDiego,92075,$19000.00,TRUE
31599943,8/12/2026,,Lining Install - CA,Lining,Scheduled,Branded Phone Number,Local 619,91911,$10500.00,TRUE
96541723,8/12/2026,,Lining Install - CA,Lining,Scheduled,Google Business Profiles,GMB_SanDiego,92007,$3500.00,TRUE
31612323,8/12/2026,,Lining Install - CA,Lining,Scheduled,PPC,Google | PMAX | Plumbing,91977,$13000.00,TRUE
1121866660,8/12/2026,,Lining Install - CA,Lining,Scheduled,Organic Search,Google Organic,92020,$35200.00,TRUE
52853564,8/12/2026,,Lining Install - CA,Lining,Scheduled,Google Business Profiles,GMB_SanDiego,92117,$13299.00,TRUE
1072540652,8/13/2026,,Lining Install - CA,Lining,Scheduled,Email,Legacy Email Marketing Multiple Offers,92111,$16000.00,TRUE
902471557,8/13/2026,7/20/2026,Lining Install - CA,Lining,Completed,Branded Phone Number,Local 619,92120,$38070.80,TRUE
31589459,8/13/2026,,Lining Install - CA,Lining,Scheduled,Branded Phone Number,A1-800-BILL HOWE,92109,$16200.00,TRUE
31540523,8/13/2026,,Lining Install - CA,Lining,Scheduled,Branded Phone Number,Local 619,92111,$6000.00,TRUE
902469128,8/14/2026,8/4/2026,Lining Install - CA,Lining,Completed,Google Business Profiles,GMB_SanDiego,92117,$14175.00,TRUE
1124876379,8/14/2026,,Lining Install - CA,Lining,Scheduled,Organic Search,Yahoo Organic,91942,$3250.00,TRUE
31732450,8/14/2026,7/20/2026,Lining Install - CA,Lining,Completed,PPC,Google | Search | Brand,92117,-$750.00,TRUE
31648387,8/14/2026,8/14/2026,Lining Install - CA,Lining,Completed,Branded Phone Number,A1-800-BILL HOWE,92019,$0.00,TRUE
31682089,8/14/2026,8/17/2026,Lining Install - CA,Lining,Canceled,Google Business Profiles,GMB_SanDiego,92122,$0.00,TRUE
31652960,8/17/2026,,Lining Install - CA,Lining,Scheduled,Yelp,Yelp,91941,$7500.00,TRUE
882703559,8/17/2026,,Lining Install - CA,Lining,Scheduled,External Referral,Referral,92109,$5000.00,TRUE
31563122,8/17/2026,8/6/2026,Lining Install - CA,Lining,Completed,Direct Web Traffic,Direct Web Traffic,92122,$0.00,TRUE
47604144,8/17/2026,8/19/2026,Lining Install - CA,Lining,Completed,Google Business Profiles,GMB_SanDiego,92037,$3900.00,TRUE
46935190,8/17/2026,,Lining Install - CA,Lining,Scheduled,Branded Phone Number,A1-800-BILL HOWE,92122,$21000.00,TRUE
905112171,8/17/2026,8/13/2026,Lining Install - CA,Lining,Completed,Google Business Profiles,GMB_SanDiego,92118,$0.00,TRUE
1125175650,8/17/2026,,Lining Install - CA,Lining,Scheduled,PPC,Google | PMAX | Drains,92014,$12800.00,TRUE
1034412799,8/17/2026,8/7/2026,Lining Install - CA,Lining,Completed,Branded Phone Number,A1-800-BILL HOWE,92116,$0.00,TRUE
31554230,8/17/2026,8/7/2026,Lining Install - CA,Lining,Completed,Google LSA,Google Local Services,92014,$0.00,TRUE
677991906,8/17/2026,8/14/2026,Lining Install - CA,Lining,Completed,Branded Phone Number,Local 619,91950,$0.00,TRUE
905112171,8/17/2026,8/13/2026,Lining Install - CA,Lining,Completed,Google Business Profiles,GMB_SanDiego,92118,$0.00,TRUE
31564101,8/17/2026,8/12/2026,Lining Install - CA,Lining,Completed,Branded Phone Number,Local 619,92014,$0.00,TRUE
1115674012,8/17/2026,8/12/2026,Lining Install - CA,Lining,Completed,PPC,Google | PMAX | Drains,92117,$0.00,TRUE
460146280,8/17/2026,8/14/2026,Lining Install - CA,Lining,Completed,Branded Phone Number,Local 619,92105,$0.00,TRUE
31570140,8/17/2026,8/6/2026,Lining Install - CA,Lining,Completed,PPC,Google | Search | Brand,92064,$0.00,TRUE
1113377283,8/17/2026,8/6/2026,Lining Install - CA,Lining,Completed,Organic Search,Google Organic,91932,$0.00,TRUE
888425724,8/17/2026,8/14/2026,Lining Install - CA,Lining,Completed,PPC,Google | Search | Brand,92117,$0.00,TRUE
58584194,8/18/2026,,Lining Install - CA,Lining,Scheduled,Direct Web Traffic,Direct Web Traffic,92117,$12250.00,TRUE
882703559,8/18/2026,,Lining Install - CA,Lining,Scheduled,External Referral,Referral,92037,$2900.00,TRUE
31710235,8/18/2026,,Lining Install - CA,Lining,Scheduled,Account,Work Order,92109,$6845.00,TRUE
273887537,8/18/2026,,Lining Install - CA,Lining,Scheduled,Branded Phone Number,A1-800-BILL HOWE,92037,$3100.00,TRUE
677991906,8/18/2026,8/14/2026,Lining Install - CA,Lining,Completed,Branded Phone Number,Local 619,91950,$0.00,TRUE
285966011,8/18/2026,,Lining Install - CA,Lining,Scheduled,Email,Legacy Email Marketing Multiple Offers,92105,$11500.00,TRUE
285966011,8/18/2026,,Lining Install - CA,Lining,Scheduled,Email,Legacy Email Marketing Multiple Offers,92020,$39600.00,TRUE
31657834,8/19/2026,,Lining Install - CA,Lining,Scheduled,Branded Phone Number,Local 619,92109,$3000.00,TRUE
286631987,8/19/2026,,Lining Install - CA,Lining,Scheduled,Branded Phone Number,Local 619,92117,$18000.00,TRUE
92614201,8/19/2026,,Lining Install - CA,Lining,Scheduled,Branded Phone Number,A1-800-BILL HOWE,92128,$13200.00,TRUE
979644336,8/20/2026,8/14/2026,Lining Install - CA,Lining,Completed,PPC,Google | Search | Brand,92019,$0.00,FALSE
57762448,8/20/2026,,Lining Install - CA,Lining,Scheduled,Branded Phone Number,Local 619,92117,$12575.00,TRUE
979644336,8/20/2026,8/14/2026,Lining Install - CA,Lining,Completed,PPC,Google | Search | Brand,92019,$0.00,FALSE
31706524,8/20/2026,,Lining Install - CA,Lining,Scheduled,Organic Search,Bing Organic,92117,$11400.00,TRUE
1128110960,8/20/2026,,Lining Install - CA,Lining,Scheduled,Organic Search,Google Organic,92037,$17100.00,TRUE
31658916,8/20/2026,,Lining Install - CA,Lining,Scheduled,Google Business Profiles,GMB_SanDiego,92103,$6000.00,TRUE
278897697,8/21/2026,,Lining Install - CA,Lining,Scheduled,Google Business Profiles,GMB_SanDiego,92111,$8360.00,TRUE
51970307,8/21/2026,,Lining Install - CA,Lining,Scheduled,Outbound SMS,ST Outbound Text Lines,92110,$26100.00,TRUE
1128174304,8/21/2026,,Lining Install - CA,Lining,Scheduled,PPC,Google | PMAX | Plumbing,92103,$3500.00,TRUE
31609070,8/21/2026,,Lining Install - CA,Lining,Scheduled,CSR Outbound,$1 OUTBOUND (use this for out-bounding),92106,$12756.00,TRUE
882703559,8/10/2026,8/10/2026,Lining Install - CA,Lining Estimate,Completed,External Referral,Referral,92109,$0.00,FALSE
1121866660,8/10/2026,8/10/2026,Lining Install - CA,Lining Estimate,Completed,Organic Search,Google Organic,92020,$0.00,FALSE
1109159896,8/11/2026,8/11/2026,Lining Install - NV,Lining Estimate,Completed,Organic Search,Vegas Website,89104,$0.00,TRUE
31715187,8/12/2026,8/12/2026,Lining Install - CA,Lining Estimate,Completed,Direct Web Traffic,Direct Web Traffic,92009,$0.00,TRUE
1124585811,8/12/2026,8/13/2026,Lining Install - CA,Lining Estimate,Completed,Manufacturer Referral,NuFlow Leads,92115,$0.00,TRUE
982303417,8/13/2026,,Lining Install - CA,Lining Estimate,Hold,Programmatic,StackAdapt / Display,92014,$0.00,TRUE
1107856517,8/13/2026,8/20/2026,Lining Install - CA,Lining Estimate,Completed,Organic Search,Bing Organic,92024,$0.00,TRUE
31565453,8/17/2026,8/19/2026,Lining Install - CA,Lining Estimate,Completed,Google Business Profiles,GMB_SanDiego,92025,$0.00,TRUE
1127408941,8/17/2026,,Lining Install - CA,Lining Estimate,Scheduled,Branded Phone Number,A1-800-BILL HOWE,92111,$0.00,TRUE
882703559,8/17/2026,8/17/2026,Lining Install - CA,Lining Estimate,Completed,External Referral,Referral,92037,$0.00,FALSE
1124540923,8/18/2026,8/21/2026,Lining Install - CA,Lining Estimate,Completed,Branded Phone Number,A1-800-BILL HOWE,92120,$0.00,TRUE
1128204145,8/19/2026,8/20/2026,Lining Install - CA,Lining Estimate,Completed,Branded Phone Number,Local 619,91913,$0.00,FALSE
1128408174,8/19/2026,,Lining Install - CA,Lining Estimate,Hold,Organic Search,Google Organic,92078,$0.00,TRUE
226113,8/20/2026,8/21/2026,Lining Install - CA,Lining Estimate,Completed,Branded Phone Number,Local 619,92119,$0.00,TRUE
31671854,8/21/2026,,Lining Install - CA,Lining Estimate,Scheduled,PPC,Google | Search | Brand,92117,$0.00,TRUE
31719028,8/21/2026,,Lining Install - CA,Lining Estimate,Scheduled,PPC,Google | Search | Brand,92064,$0.00,TRUE
31727615,8/10/2026,8/11/2026,Plumbing Service,Mainline Stop,Completed,Branded Phone Number,Local 619,92126,$144.00,TRUE
1123599235,8/10/2026,8/13/2026,Plumbing Service,Mainline Stop,Completed,Google Business Profiles,GMB_SanDiego,92120,$2581.00,TRUE
31572795,8/10/2026,8/10/2026,Plumbing Service,Mainline Stop,Completed,Branded Phone Number,Local 619,91942,$0.00,TRUE
31705824,8/10/2026,8/10/2026,Plumbing Service,Mainline Stop,Completed,Branded Phone Number,Local 619,92129,$0.00,TRUE
904690355,8/10/2026,8/10/2026,Plumbing Service,Mainline Stop,Completed,PPC,Bing | Search | Plumbing,92122,$161.00,TRUE
57980371,8/10/2026,8/11/2026,Plumbing Service,Mainline Stop,Completed,Google Business Profiles,GMB_Poway,92128,$350.00,TRUE
31634176,8/10/2026,8/10/2026,Plumbing Service,Mainline Stop,Canceled,Branded Phone Number,A1-800-BILL HOWE,92118,$0.00,FALSE
31572795,8/10/2026,8/10/2026,Plumbing Service,Mainline Stop,Canceled,Branded Phone Number,Local 619,91942,$0.00,TRUE
31572795,8/10/2026,8/11/2026,Plumbing Service,Mainline Stop,Completed,Branded Phone Number,Local 619,92024,$161.00,TRUE
31634176,8/10/2026,8/10/2026,Plumbing Service,Mainline Stop,Completed,Branded Phone Number,A1-800-BILL HOWE,92154,$161.00,TRUE
31728648,8/10/2026,8/12/2026,Plumbing Service,Mainline Stop,Completed,PPC,Google | Search | Brand,92104,$4345.00,TRUE
31560809,8/11/2026,8/11/2026,Plumbing Service,Mainline Stop,Completed,Branded Phone Number,A1-800-BILL HOWE,92105,$547.00,TRUE
480000220,8/11/2026,8/11/2026,Plumbing Service,Mainline Stop,Canceled,Branded Phone Number,Local 619,92119,$0.00,TRUE
310764948,8/11/2026,8/5/2026,Plumbing Service,Mainline Stop,Completed,PPC,Google | Search | Brand,92130,$0.00,TRUE
31560809,8/11/2026,,Plumbing Service,Mainline Stop,Hold,Branded Phone Number,A1-800-BILL HOWE,92105,$0.00,TRUE
1124576880,8/12/2026,8/12/2026,Plumbing Service,Mainline Stop,Completed,Direct Web Traffic,Direct Web Traffic,92130,$144.00,TRUE
31599943,8/12/2026,8/12/2026,Plumbing Service,Mainline Stop,Completed,Branded Phone Number,Local 619,91911,$0.00,TRUE
295094316,8/12/2026,8/17/2026,Plumbing Service,Mainline Stop,Completed,Branded Phone Number,Local 619,92103,$93.84,TRUE
31659066,8/12/2026,8/12/2026,Plumbing Service,Mainline Stop,Completed,Google Business Profiles,GMB_Poway,92064,$161.00,TRUE
1124133628,8/12/2026,8/17/2026,Plumbing Service,Mainline Stop,Completed,Branded Phone Number,Local 619,92154,$102.00,TRUE
31659066,8/12/2026,8/12/2026,Plumbing Service,Mainline Stop,Completed,Google Business Profiles,GMB_Poway,92064,$0.00,TRUE
1109564987,8/12/2026,7/23/2026,Plumbing Service,Mainline Stop,Completed,PPC,Google | Search | Brand,91977,-$433.00,TRUE
285623645,8/12/2026,8/12/2026,Plumbing Service,Mainline Stop,Completed,Branded Phone Number,Local 619,92020,$0.00,FALSE
31627404,8/13/2026,8/13/2026,Plumbing Service,Mainline Stop,Completed,Website,Website Phone Calls,92037,$474.00,TRUE
304818563,8/13/2026,8/13/2026,Plumbing Service,Mainline Stop,Completed,Branded Phone Number,Local 619,92116,$319.00,TRUE
50027999,8/13/2026,8/13/2026,Plumbing Service,Mainline Stop,Completed,Organic Search,Google Organic,92021,$161.00,TRUE
273887537,8/13/2026,8/14/2026,Plumbing Service,Mainline Stop,Completed,Branded Phone Number,A1-800-BILL HOWE,92037,$250.00,TRUE
31732021,8/13/2026,8/13/2026,Plumbing Service,Mainline Stop,Completed,Google Business Profiles,GMB_SanDiego,92122,$425.00,TRUE
49375647,8/13/2026,8/14/2026,Plumbing Service,Mainline Stop,Completed,Outbound SMS,ST Outbound Text Lines,91977,$102.00,TRUE
31594437,8/13/2026,8/14/2026,Plumbing Service,Mainline Stop,Completed,Website,Website Phone Calls,92037,$1273.00,TRUE
1125227133,8/13/2026,8/14/2026,Plumbing Service,Mainline Stop,Completed,Google Business Profiles,GMB_SanDiego,92021,$99.00,TRUE
44063073,8/13/2026,8/14/2026,Plumbing Service,Mainline Stop,Completed,Branded Phone Number,A1-800-BILL HOWE,92078,$175.00,TRUE
31675766,8/14/2026,,Plumbing Service,Mainline Stop,Scheduled,Email,Legacy Email Marketing Multiple Offers,92020,$0.00,TRUE
31711463,8/14/2026,,Plumbing Service,Mainline Stop,Hold,PPC,Google | Search | Competitor,92020,$0.00,TRUE
310312345,8/14/2026,8/17/2026,Plumbing Service,Mainline Stop,Completed,Google Business Profiles,GMB_SanDiego,92122,$102.00,TRUE
1125227133,8/14/2026,8/15/2026,Plumbing Service,Mainline Stop,Canceled,Google Business Profiles,GMB_SanDiego,92021,$0.00,FALSE
282051349,8/14/2026,8/15/2026,Plumbing Service,Mainline Stop,Completed,Branded Phone Number,Local 619,92113,$425.00,TRUE
1125552658,8/15/2026,8/15/2026,Plumbing Service,Mainline Stop,Completed,Google LSA,Google Local Services,92007,$425.00,TRUE
31572795,8/15/2026,8/17/2026,Plumbing Service,Mainline Stop,Completed,Branded Phone Number,Local 619,92113,$0.00,TRUE
371118020,8/15/2026,8/15/2026,Plumbing Service,Mainline Stop,Completed,Organic Search,Bing Organic,92037,$815.00,TRUE
31711558,8/15/2026,8/15/2026,Plumbing Service,Mainline Stop,Completed,Organic Search,Google Organic,92021,$425.00,TRUE
292047261,8/15/2026,8/17/2026,Plumbing Service,Mainline Stop,Completed,Yelp,Yelp,92115,$175.00,TRUE
1125570658,8/15/2026,8/15/2026,Plumbing Service,Mainline Stop,Completed,PPC,Google | Search | Competitor,91913,$407.50,TRUE
1125552658,8/15/2026,8/18/2026,Plumbing Service,Mainline Stop,Completed,Google LSA,Google Local Services,92007,$0.00,TRUE
1078657341,8/15/2026,8/16/2026,Plumbing Service,Mainline Stop,Completed,Direct Web Traffic,Direct Web Traffic,92075,$0.00,FALSE
31616917,8/16/2026,8/16/2026,Plumbing Service,Mainline Stop,Canceled,PPC,Google | PMAX | Drains,92102,$0.00,TRUE
1127168478,8/17/2026,8/17/2026,Plumbing Service,Mainline Stop,Canceled,PPC,Google | PMAX | Drains,92037,$0.00,TRUE
1078657341,8/17/2026,8/17/2026,Plumbing Service,Mainline Stop,Completed,Direct Web Traffic,Direct Web Traffic,92075,$175.00,TRUE
292047261,8/17/2026,8/17/2026,Plumbing Service,Mainline Stop,Completed,Yelp,Yelp,92115,$166.25,TRUE
1127281164,8/17/2026,8/18/2026,Plumbing Service,Mainline Stop,Completed,PPC,Google | Search | Brand,92115,$175.00,TRUE
31564376,8/17/2026,8/17/2026,Plumbing Service,Mainline Stop,Completed,Branded Phone Number,Local 619,92109,$161.00,TRUE
31729504,8/17/2026,8/17/2026,Plumbing Service,Mainline Stop,Completed,Branded Phone Number,Local 619,91942,$250.00,TRUE
31671564,8/18/2026,8/18/2026,Plumbing Service,Mainline Stop,Completed,Branded Phone Number,Local 619,92037,$0.00,TRUE
1108311410,8/18/2026,8/18/2026,Plumbing Service,Mainline Stop,Completed,Google LSA,Google Local Services,92110,$175.00,TRUE
896607178,8/18/2026,8/19/2026,Plumbing Service,Mainline Stop,Completed,Branded Phone Number,Local 619,92109,$0.00,FALSE
31728648,8/19/2026,8/12/2026,Plumbing Service,Mainline Stop,Completed,PPC,Google | Search | Brand,92104,$0.00,TRUE
65988369,8/19/2026,8/21/2026,Plumbing Service,Mainline Stop,Completed,PPC,Google | Search | Brand,92131,$0.00,TRUE
31593168,8/19/2026,8/19/2026,Plumbing Service,Mainline Stop,Completed,Branded Phone Number,Local 619,92104,$102.00,TRUE
31714657,8/19/2026,6/9/2026,Plumbing Service,Mainline Stop,Completed,Google Business Profiles,GMB_SanDiego,92128,$0.00,TRUE
31622427,8/19/2026,8/20/2026,Plumbing Service,Mainline Stop,Completed,Branded Phone Number,Local 619,92064,$172.04,TRUE
1128354466,8/19/2026,8/20/2026,Plumbing Service,Mainline Stop,Completed,Yelp,Yelp,92110,$596.00,TRUE
1128392035,8/19/2026,8/19/2026,Plumbing Service,Mainline Stop,Completed,Yelp,Yelp,92103,$500.00,TRUE
471089082,8/19/2026,8/20/2026,Plumbing Service,Mainline Stop,Completed,Branded Phone Number,A1-800-BILL HOWE,92101,$0.00,TRUE
1128433775,8/19/2026,8/19/2026,Plumbing Service,Mainline Stop,Canceled,Organic Search,Google Organic,92117,$0.00,TRUE
31581429,8/20/2026,8/20/2026,Plumbing Service,Mainline Stop,Completed,Branded Phone Number,Local 619,92123,$342.24,TRUE
31729504,8/20/2026,8/20/2026,Plumbing Service,Mainline Stop,Completed,Branded Phone Number,Local 619,92084,$0.00,FALSE
473584347,8/20/2026,8/20/2026,Plumbing Service,Mainline Stop,Completed,Outbound SMS,ST Outbound Text Lines,92126,$0.00,FALSE
1068967575,8/20/2026,8/21/2026,Plumbing Service,Mainline Stop,Completed,PPC,Google | Search | Brand,92109,$0.00,FALSE
31733408,8/20/2026,8/20/2026,Plumbing Service,Mainline Stop,Completed,Google Business Profiles,GMB_SanDiego,92106,$175.00,TRUE
1128836447,8/21/2026,8/21/2026,Plumbing Service,Mainline Stop,Completed,PPC,Google | Search | Plumbing,92104,$250.00,TRUE
60630704,8/21/2026,,Plumbing Service,Mainline Stop,Scheduled,PPC,Google | PMAX | Plumbing,92131,$0.00,TRUE
52187072,8/21/2026,8/21/2026,Plumbing Service,Mainline Stop,Completed,Google Business Profiles,GMB_SanDiego,92109,$320.16,TRUE
483199705,8/21/2026,8/21/2026,Plumbing Service,Mainline Stop,Canceled,PPC,Google | Search | Brand,92071,$0.00,TRUE
483199705,8/21/2026,,Plumbing Service,Mainline Stop,In Progress,PPC,Google | Search | Brand,92071,$461.00,TRUE
94427466,8/21/2026,8/21/2026,Plumbing Service,Mainline Stop,Canceled,Google Business Profiles,GMB_SanDiego,92111,$0.00,TRUE
31709554,8/21/2026,8/21/2026,Plumbing Service,Mainline Stop,Completed,Branded Phone Number,Local 619,92104,$0.00,TRUE
976719254,8/22/2026,,Plumbing Service,Mainline Stop,Scheduled,PPC,Google | Search | Brand,92123,$0.00,TRUE
1125590587,8/22/2026,,Plumbing Service,Mainline Stop,In Progress,Branded Phone Number,A1-800-BILL HOWE,92008,$0.00,FALSE
59990984,8/22/2026,8/22/2026,Plumbing Service,Mainline Stop,Completed,PPC,Google | Search | Brand,92111,$742.30,TRUE
1087771445,8/22/2026,8/22/2026,Plumbing Service,Mainline Stop,Canceled,Branded Phone Number,Local 619,92131,$0.00,TRUE
476871022,8/22/2026,8/22/2026,Plumbing Service,Mainline Stop,Completed,Branded Phone Number,Local 619,92075,$175.00,TRUE
57977408,8/23/2026,,Plumbing Service,Mainline Stop,Scheduled,Direct Web Traffic,Direct Web Traffic,92123,$0.00,TRUE
1129276311,8/23/2026,,Plumbing Service,Mainline Stop,Scheduled,Google Business Profiles,GMB_SanDiego,92007,$0.00,TRUE
1129275415,8/23/2026,8/23/2026,Plumbing Service,Mainline Stop,Completed,Organic Search,Google Organic,92064,$425.00,TRUE
31655909,8/23/2026,,Plumbing Service,Mainline Stop,Scheduled,Branded Phone Number,A1-800-BILL HOWE,92117,$0.00,TRUE
1124329034,8/11/2026,,Plumbing Sales,Moen Flo Estimate,Hold,Organic Search,DuckDuckGo Organic,92014,$0.00,TRUE
1127983622,8/18/2026,8/21/2026,Plumbing Sales,Moen Flo Estimate,Completed,Branded Phone Number,A1-800-BILL HOWE,92056,$179.88,TRUE
1122091990,8/12/2026,,Plumbing Install,Moen Flo Install,Scheduled,Google LSA,Google Local Services,91913,$2200.00,TRUE
65715275,8/14/2026,8/18/2026,Plumbing Install,Moen Flo Install,Completed,Google Business Profiles,GMB_SanDiego,92075,$212.00,TRUE
95155127,8/20/2026,8/20/2026,Plumbing Install,Moen Flo Install,Completed,PPC,Google | Search | Brand,92120,$5106.00,TRUE
1127983622,8/21/2026,,Plumbing Install,Moen Flo Install,Scheduled,Branded Phone Number,A1-800-BILL HOWE,92056,$3455.00,TRUE
34531013,8/10/2026,8/3/2026,Plumbing Service,Moen Flo Repair,Completed,Outbound SMS,ST Outbound Text Lines,92081,$0.00,TRUE
46669286,8/11/2026,8/13/2026,Plumbing Service,Moen Flo Repair,Completed,Google Business Profiles,GMB_SanDiego,92129,$0.00,TRUE
31648594,8/11/2026,8/18/2026,Plumbing Service,Pex Piping,Completed,Yelp,Yelp,92129,$0.00,TRUE
1124729124,8/12/2026,8/12/2026,Plumbing Service,Pex Piping,Completed,Branded Phone Number,A1-800-BILL HOWE,92130,$0.00,TRUE
52527073,8/12/2026,8/14/2026,Plumbing Service,Pex Piping,Completed,Google Business Profiles,GMB_SanDiego,92071,$7790.00,TRUE
52527073,8/17/2026,8/14/2026,Plumbing Service,Pex Piping,Completed,Google Business Profiles,GMB_SanDiego,92071,$0.00,TRUE
52527073,8/21/2026,8/14/2026,Plumbing Service,Pex Piping,Completed,Google Business Profiles,GMB_SanDiego,92071,$0.00,TRUE
272911724,8/10/2026,8/10/2026,Plumbing Service,Pipe Leak,Completed,Branded Phone Number,Local 619,92037,$0.00,FALSE
486015785,8/10/2026,8/10/2026,Plumbing Service,Pipe Leak,Completed,PPC,Google | Search | Brand,92107,$220.00,TRUE
670411804,8/10/2026,8/12/2026,Plumbing Service,Pipe Leak,Completed,Branded Phone Number,Local 619,92124,$352.00,TRUE
1123599202,8/10/2026,8/10/2026,Plumbing Service,Pipe Leak,Completed,Branded Phone Number,Local 619,92113,$524.00,TRUE
1123666271,8/10/2026,,Plumbing Service,Pipe Leak,In Progress,PPC,Google | PMAX | Plumbing,92078,$0.00,TRUE
67147095,8/10/2026,8/5/2026,Plumbing Service,Pipe Leak,Completed,PPC,Google | Search | Brand,91978,$0.00,TRUE
1067820822,8/10/2026,,Plumbing Service,Pipe Leak,Hold,PPC,Google | Search | Brand,92025,$0.00,TRUE
1101004318,8/10/2026,6/24/2026,Plumbing Service,Pipe Leak,Completed,Direct Mail,Dynamicard February HVAC 2026,91910,-$250.00,TRUE
309221427,8/10/2026,8/12/2026,Plumbing Service,Pipe Leak,Completed,Google Business Profiles,GMB_SanDiego,92130,$586.00,TRUE
902469128,8/10/2026,7/28/2026,Plumbing Service,Pipe Leak,Completed,Google Business Profiles,GMB_Poway,92064,$1830.46,TRUE
1124024824,8/11/2026,8/11/2026,Plumbing Service,Pipe Leak,Completed,Google Business Profiles,GMB_SanDiego,91941,$0.00,FALSE
63259777,8/11/2026,8/11/2026,Plumbing Service,Pipe Leak,Completed,PPC,Google | Search | Brand,92067,$0.00,FALSE
31565453,8/11/2026,8/11/2026,Plumbing Service,Pipe Leak,Completed,Google Business Profiles,GMB_SanDiego,92025,$0.00,FALSE
293411902,8/11/2026,8/12/2026,Plumbing Service,Pipe Leak,Completed,Google Business Profiles,GMB_SanDiego,92127,$655.00,TRUE
59259327,8/11/2026,8/12/2026,Plumbing Service,Pipe Leak,Completed,Google Business Profiles,GMB_Poway,92122,$0.00,TRUE
1123821833,8/11/2026,8/13/2026,Plumbing Service,Pipe Leak,Completed,Branded Phone Number,Local 619,92027,$0.00,FALSE
1124024824,8/11/2026,8/12/2026,Plumbing Service,Pipe Leak,Completed,Google Business Profiles,GMB_SanDiego,91941,$5290.00,TRUE
92811575,8/11/2026,8/11/2026,Plumbing Service,Pipe Leak,Completed,PPC,Google | Search | Brand,92111,$362.90,TRUE
284234413,8/11/2026,8/12/2026,Plumbing Service,Pipe Leak,Completed,Email,Legacy Email Marketing Multiple Offers,92109,$1078.24,TRUE
31637453,8/11/2026,8/11/2026,Plumbing Service,Pipe Leak,Completed,Website,Website Phone Calls,92109,$470.00,TRUE
670411804,8/12/2026,8/13/2026,Plumbing Service,Pipe Leak,Completed,Branded Phone Number,Local 619,92124,$0.00,FALSE
201992,8/12/2026,8/12/2026,Plumbing Service,Pipe Leak,Completed,Organic Search,Google Organic,92119,$220.00,TRUE
49451732,8/12/2026,,Plumbing Service,Pipe Leak,In Progress,Organic Search,Google Organic,92123,$0.00,TRUE
31734201,8/12/2026,8/13/2026,Plumbing Service,Pipe Leak,Completed,Google Business Profiles,GMB_SanDiego,92127,$0.00,TRUE
1124577014,8/12/2026,8/18/2026,Plumbing Service,Pipe Leak,Completed,Organic Search,Google Organic,92127,$720.00,TRUE
1124612979,8/12/2026,8/14/2026,Plumbing Service,Pipe Leak,Completed,Direct Web Traffic,Direct Web Traffic,92116,$0.00,TRUE
408991443,8/12/2026,,Plumbing Service,Pipe Leak,Hold,Branded Phone Number,A1-800-BILL HOWE,92091,$0.00,TRUE
907724626,8/12/2026,8/12/2026,Plumbing Service,Pipe Leak,Completed,Google Business Profiles,GMB_SanDiego,92040,$716.00,TRUE
31714508,8/12/2026,8/19/2026,Plumbing Service,Pipe Leak,Completed,Google Business Profiles,GMB_SanDiego,92007,$270.00,TRUE
1125021543,8/13/2026,8/13/2026,Plumbing Service,Pipe Leak,Completed,Google Business Profiles,GMB_SanDiego,92113,$0.00,TRUE
31653082,8/13/2026,7/15/2026,Plumbing Service,Pipe Leak,Completed,Google LSA,Google Local Services,92113,-$220.00,TRUE
1077795351,8/13/2026,8/13/2026,Plumbing Service,Pipe Leak,Completed,PPC,Google | PMAX | HVAC,92129,$0.00,TRUE
1125031728,8/13/2026,8/13/2026,Plumbing Service,Pipe Leak,Completed,Google LSA,Google Local Services,92128,$0.00,TRUE
349125019,8/13/2026,7/31/2026,Plumbing Service,Pipe Leak,Completed,Branded Phone Number,Local 619,92020,-$500.00,TRUE
1123821833,8/13/2026,8/13/2026,Plumbing Service,Pipe Leak,Completed,PPC,Google | Search | Brand,92027,$1250.00,TRUE
1125085946,8/13/2026,8/14/2026,Plumbing Service,Pipe Leak,Completed,PPC,Google | Search | Brand,92027,$0.00,TRUE
1125198081,8/13/2026,8/13/2026,Plumbing Service,Pipe Leak,Completed,Google Business Profiles,GMB_SanDiego,92130,$462.00,TRUE
31667915,8/13/2026,8/18/2026,Plumbing Service,Pipe Leak,Hold,Branded Phone Number,Local 619,92108,$0.00,TRUE
1125209352,8/13/2026,8/14/2026,Plumbing Service,Pipe Leak,Completed,PPC,Google | Search | Brand,92127,$1629.00,TRUE
31727443,8/13/2026,8/14/2026,Plumbing Service,Pipe Leak,Completed,Yelp,Yelp,92071,$1764.00,TRUE
31722348,8/13/2026,8/14/2026,Plumbing Service,Pipe Leak,Completed,Direct Web Traffic,Direct Web Traffic,92106,$0.00,TRUE
1125198081,8/14/2026,,Plumbing Service,Pipe Leak,Hold,Google Business Profiles,GMB_SanDiego,92130,$1379.00,TRUE
377934630,8/14/2026,8/14/2026,Plumbing Service,Pipe Leak,Canceled,Google Business Profiles,GMB_SanDiego,92119,$0.00,TRUE
249649401,8/14/2026,8/14/2026,Plumbing Service,Pipe Leak,Completed,Branded Phone Number,A1-800-BILL HOWE,92020,$220.00,TRUE
31581429,8/14/2026,8/17/2026,Plumbing Service,Pipe Leak,Completed,Branded Phone Number,Local 619,92075,$1070.88,TRUE
307670462,8/14/2026,8/14/2026,Plumbing Service,Pipe Leak,Completed,Branded Phone Number,A1-800-BILL HOWE,92129,$0.00,TRUE
486015785,8/14/2026,8/10/2026,Plumbing Service,Pipe Leak,Completed,PPC,Google | Search | Brand,92107,-$40.00,TRUE
272556691,8/14/2026,8/18/2026,Plumbing Service,Pipe Leak,Completed,Google Business Profiles,GMB_SanDiego,92071,$251.75,TRUE
323510067,8/14/2026,8/14/2026,Plumbing Service,Pipe Leak,Completed,Google Business Profiles,GMB_SanDiego,92127,$805.50,TRUE
31730621,8/14/2026,8/17/2026,Plumbing Service,Pipe Leak,Completed,Branded Phone Number,A1-800-BILL HOWE,92123,$0.00,TRUE
31692848,8/14/2026,8/14/2026,Plumbing Service,Pipe Leak,Completed,Outbound SMS,ST Outbound Text Lines,92131,$250.00,TRUE
31692848,8/14/2026,8/15/2026,Plumbing Service,Pipe Leak,Completed,Outbound SMS,ST Outbound Text Lines,92131,$0.00,FALSE
63607741,8/15/2026,8/15/2026,Plumbing Service,Pipe Leak,Completed,Branded Phone Number,Local 619,92040,$1430.00,TRUE
1080013374,8/15/2026,8/17/2026,Plumbing Service,Pipe Leak,Canceled,PPC,Google | PMAX | Drains,92067,$0.00,TRUE
58322171,8/15/2026,8/17/2026,Plumbing Service,Pipe Leak,Completed,Branded Phone Number,Local 619,92075,$0.00,FALSE
58322171,8/15/2026,8/15/2026,Plumbing Service,Pipe Leak,Completed,Branded Phone Number,Local 619,92075,$250.00,TRUE
31692848,8/15/2026,8/16/2026,Plumbing Service,Pipe Leak,Completed,Outbound SMS,ST Outbound Text Lines,92131,$8450.00,TRUE
31690166,8/15/2026,8/15/2026,Plumbing Service,Pipe Leak,Completed,Direct Web Traffic,Direct Web Traffic,92037,$568.00,TRUE
1125567390,8/15/2026,8/17/2026,Plumbing Service,Pipe Leak,Completed,Google LSA,Google Local Services,92127,$220.00,TRUE
1125582621,8/15/2026,8/15/2026,Plumbing Service,Pipe Leak,Completed,Organic Search,DuckDuckGo Organic,92111,$774.00,TRUE
1126788830,8/16/2026,8/17/2026,Plumbing Service,Pipe Leak,Completed,PPC,Google | Search | Brand,92111,$0.00,TRUE
1125591584,8/16/2026,8/16/2026,Plumbing Service,Pipe Leak,Completed,PPC,Google | Search | Plumbing,92075,$524.00,TRUE
303955801,8/16/2026,8/16/2026,Plumbing Service,Pipe Leak,Completed,Branded Phone Number,A1-800-BILL HOWE,92131,$250.00,TRUE
1125590692,8/16/2026,8/16/2026,Plumbing Service,Pipe Leak,Completed,Google Business Profiles,GMB_SanDiego,92071,$774.00,TRUE
374842885,8/16/2026,8/18/2026,Plumbing Service,Pipe Leak,Completed,Sameday AI,Sameday AI,92122,$0.00,TRUE
95237344,8/16/2026,8/17/2026,Plumbing Service,Pipe Leak,Completed,Direct Web Traffic,Direct Web Traffic,92037,$212.00,TRUE
1038677539,8/16/2026,8/18/2026,Plumbing Service,Pipe Leak,Completed,Google Business Profiles,GMB_SanDiego,92067,$700.00,TRUE
1125589078,8/16/2026,8/16/2026,Plumbing Service,Pipe Leak,Completed,Yelp,Yelp,92130,$816.00,TRUE
31675853,8/17/2026,8/17/2026,Plumbing Service,Pipe Leak,Completed,Branded Phone Number,Local 619,92109,$530.00,TRUE
50306979,8/17/2026,8/17/2026,Plumbing Service,Pipe Leak,Completed,Google LSA,Google Local Services,92102,$265.00,TRUE
95237344,8/17/2026,8/17/2026,Plumbing Service,Pipe Leak,Canceled,Branded Phone Number,Local 619,92037,$0.00,TRUE
377566071,8/17/2026,8/17/2026,Plumbing Service,Pipe Leak,Completed,Google LSA,Google Local Services,92009,$1646.00,TRUE
95237344,8/17/2026,8/17/2026,Plumbing Service,Pipe Leak,Canceled,Branded Phone Number,Local 619,92037,$0.00,TRUE
331891291,8/17/2026,8/18/2026,Plumbing Service,Pipe Leak,Completed,Branded Phone Number,Local 619,92021,$0.00,FALSE
58322171,8/17/2026,,Plumbing Service,Pipe Leak,Scheduled,Branded Phone Number,Local 619,92075,$4450.00,TRUE
1127537506,8/18/2026,,Plumbing Service,Pipe Leak,Scheduled,PPC,Google | Search | Brand,92108,$0.00,TRUE
58322171,8/18/2026,8/18/2026,Plumbing Service,Pipe Leak,Completed,Branded Phone Number,Local 619,92037,$539.12,TRUE
309221427,8/18/2026,8/12/2026,Plumbing Service,Pipe Leak,Completed,Google Business Profiles,GMB_SanDiego,92130,$0.00,TRUE
31595537,8/18/2026,8/19/2026,Plumbing Service,Pipe Leak,Completed,PPC,Bing | Search | Plumbing,92123,$1325.00,TRUE
31564973,8/18/2026,8/18/2026,Plumbing Service,Pipe Leak,Canceled,Google Business Profiles,GMB_SanDiego,92037,$0.00,TRUE
31689759,8/18/2026,8/19/2026,Plumbing Service,Pipe Leak,Completed,PPC,Google | Search | Brand,92127,$1584.00,TRUE
1128072299,8/18/2026,8/20/2026,Plumbing Service,Pipe Leak,Completed,Branded Phone Number,Local 619,92020,$950.00,TRUE
675563865,8/19/2026,8/19/2026,Plumbing Service,Pipe Leak,Completed,Website,Website Phone Calls,92110,$4171.00,TRUE
31556116,8/19/2026,8/19/2026,Plumbing Service,Pipe Leak,Canceled,PPC,Google | Search | Plumbing,92110,$0.00,TRUE
1128110960,8/19/2026,8/20/2026,Plumbing Service,Pipe Leak,Completed,Organic Search,Google Organic,92037,$0.00,TRUE
902469128,8/19/2026,8/10/2026,Plumbing Service,Pipe Leak,Completed,PPC,Google | Search | Plumbing,92129,$9875.25,TRUE
1125209352,8/19/2026,8/14/2026,Plumbing Service,Pipe Leak,Completed,PPC,Google | Search | Brand,92127,$0.00,TRUE
309221427,8/19/2026,8/12/2026,Plumbing Service,Pipe Leak,Completed,Google Business Profiles,GMB_SanDiego,92130,$0.00,TRUE
97212899,8/19/2026,8/20/2026,Plumbing Service,Pipe Leak,Completed,Branded Phone Number,Local 619,92071,$0.00,TRUE
31696692,8/19/2026,8/21/2026,Plumbing Service,Pipe Leak,Completed,Branded Phone Number,A1-800-BILL HOWE,92117,$1245.00,TRUE
31602820,8/19/2026,8/20/2026,Plumbing Service,Pipe Leak,Completed,Branded Phone Number,A1-800-BILL HOWE,92110,$0.00,TRUE
1128430969,8/19/2026,8/20/2026,Plumbing Service,Pipe Leak,Completed,PPC,Google | PMAX | Plumbing,92075,$250.00,TRUE
57973767,8/20/2026,8/20/2026,Plumbing Service,Pipe Leak,Completed,PPC,Google | Search | Brand,92115,$477.00,TRUE
46549565,8/20/2026,8/21/2026,Plumbing Service,Pipe Leak,Completed,Branded Phone Number,Local 619,92126,$0.00,TRUE
1128461394,8/20/2026,8/20/2026,Plumbing Service,Pipe Leak,Completed,PPC,Google | Search | Plumbing,91977,$0.00,FALSE
31563918,8/20/2026,8/20/2026,Plumbing Service,Pipe Leak,Completed,Branded Phone Number,A1-800-BILL HOWE,92118,$175.00,TRUE
31563543,8/20/2026,8/20/2026,Plumbing Service,Pipe Leak,Completed,Website,Website Phone Calls,92101,$0.00,TRUE
1128505056,8/20/2026,8/20/2026,Plumbing Service,Pipe Leak,Completed,PPC,Google | Search | Plumbing,92131,$0.00,TRUE
1128600428,8/20/2026,8/20/2026,Plumbing Service,Pipe Leak,Completed,PPC,Google | Search | Plumbing,92109,$1534.00,TRUE
49353541,8/20/2026,8/21/2026,Plumbing Service,Pipe Leak,Completed,Yelp,Yelp,92064,$586.00,TRUE
909578453,8/20/2026,,Plumbing Service,Pipe Leak,In Progress,Branded Phone Number,Local 619,91932,$582.00,TRUE
1128461394,8/20/2026,,Plumbing Service,Pipe Leak,Hold,PPC,Google | Search | Plumbing,91977,$750.00,TRUE
1128759436,8/20/2026,,Plumbing Service,Pipe Leak,In Progress,Organic Search,Google Organic,92027,$0.00,FALSE
310810854,8/20/2026,8/21/2026,Plumbing Service,Pipe Leak,Completed,Branded Phone Number,Local 619,92104,$757.00,TRUE
1113386944,8/20/2026,8/21/2026,Plumbing Service,Pipe Leak,Completed,Branded Phone Number,Local 619,92113,$0.00,TRUE
473010769,8/20/2026,8/21/2026,Plumbing Service,Pipe Leak,Completed,3rd Party Web Traffic,Yelp Referral Traffic,92126,$318.00,TRUE
31675853,8/21/2026,8/21/2026,Plumbing Service,Pipe Leak,Completed,Branded Phone Number,Local 619,92109,$0.00,TRUE
1129036179,8/21/2026,8/21/2026,Plumbing Service,Pipe Leak,Completed,Branded Phone Number,A1-800-BILL HOWE,92078,$0.00,TRUE
1128986166,8/21/2026,8/21/2026,Plumbing Service,Pipe Leak,Completed,Yelp,Yelp,92025,$524.00,TRUE
1128759436,8/21/2026,,Plumbing Service,Pipe Leak,Scheduled,Organic Search,Google Organic,92027,$13465.00,TRUE
483154017,8/21/2026,8/21/2026,Plumbing Service,Pipe Leak,Completed,Google Business Profiles,GMB_SanDiego,92117,$1092.00,TRUE
31586563,8/21/2026,8/22/2026,Plumbing Service,Pipe Leak,Completed,Branded Phone Number,Local 619,92109,$144.00,TRUE
31684195,8/22/2026,,Plumbing Service,Pipe Leak,Scheduled,Branded Phone Number,Local 619,92129,$0.00,TRUE
1129245633,8/22/2026,,Plumbing Service,Pipe Leak,Scheduled,Google Business Profiles,GMB_SanDiego,92011,$0.00,TRUE
31600811,8/22/2026,8/22/2026,Plumbing Service,Pipe Leak,Canceled,Google Business Profiles,GMB_SanDiego,91910,$0.00,TRUE
1129272299,8/23/2026,8/23/2026,Plumbing Service,Pipe Leak,Completed,PPC,Google | Search | Plumbing,92101,$250.00,TRUE
31587607,8/23/2026,8/23/2026,Plumbing Service,Pipe Leak,Completed,Branded Phone Number,A1-800-BILL HOWE,92021,$3962.00,TRUE
1129268234,8/23/2026,8/23/2026,Plumbing Service,Pipe Leak,Canceled,PPC,Bing | Search | Brand,92071,$0.00,TRUE
58322171,8/23/2026,8/23/2026,Plumbing Service,Pipe Leak,Completed,Branded Phone Number,Local 619,92109,$250.00,TRUE
1123682626,8/10/2026,8/10/2026,Plumbing Sales,Plumbing Estimate,Completed,Branded Phone Number,A1-800-BILL HOWE,92130,$0.00,TRUE
95944378,8/10/2026,8/10/2026,Plumbing Sales,Plumbing Estimate,Canceled,PPC,Google | Search | Brand,92009,$0.00,TRUE
1123759458,8/10/2026,8/13/2026,Plumbing Sales,Plumbing Estimate,Completed,CSR Outbound,$1 OUTBOUND (use this for out-bounding),92104,$0.00,TRUE
31634232,8/11/2026,8/13/2026,Plumbing Sales,Plumbing Estimate,Completed,Branded Phone Number,A1-800-BILL HOWE,92154,$0.00,FALSE
1079867351,8/11/2026,8/11/2026,Plumbing Sales,Plumbing Estimate,Completed,Google Business Profiles,GMB_SanDiego,92024,$0.00,TRUE
31634232,8/11/2026,8/13/2026,Plumbing Sales,Plumbing Estimate,Completed,Branded Phone Number,A1-800-BILL HOWE,92154,$0.00,FALSE
31634232,8/11/2026,8/13/2026,Plumbing Sales,Plumbing Estimate,Completed,Branded Phone Number,A1-800-BILL HOWE,92154,$0.00,FALSE
31634232,8/11/2026,8/13/2026,Plumbing Sales,Plumbing Estimate,Completed,Branded Phone Number,A1-800-BILL HOWE,92154,$0.00,FALSE
31634232,8/11/2026,8/13/2026,Plumbing Sales,Plumbing Estimate,Completed,Branded Phone Number,A1-800-BILL HOWE,92154,$0.00,FALSE
101302748,8/11/2026,8/12/2026,Plumbing Sales,Plumbing Estimate,Completed,Branded Phone Number,Local 619,92130,$233.00,TRUE
31684168,8/11/2026,8/12/2026,Plumbing Sales,Plumbing Estimate,Completed,Branded Phone Number,Local 619,92024,$0.00,TRUE
31709059,8/11/2026,8/12/2026,Plumbing Sales,Plumbing Estimate,Completed,Email,Legacy Email Marketing Multiple Offers,92075,$0.00,TRUE
888421962,8/11/2026,8/13/2026,Plumbing Sales,Plumbing Estimate,Completed,Organic Search,Google Organic,92027,$0.00,TRUE
96669858,8/11/2026,8/17/2026,Plumbing Sales,Plumbing Estimate,Canceled,Yelp,Yelp,91941,$0.00,TRUE
31589937,8/11/2026,8/12/2026,Plumbing Sales,Plumbing Estimate,Completed,Organic Search,Google Organic,92019,$0.00,FALSE
31650598,8/11/2026,8/13/2026,Plumbing Sales,Plumbing Estimate,Completed,Yelp,Yelp,92037,$0.00,TRUE
1117988510,8/12/2026,8/12/2026,Plumbing Sales,Plumbing Estimate,Completed,PPC,Google | Search | Plumbing,92075,$0.00,FALSE
1124585089,8/12/2026,8/13/2026,Plumbing Sales,Plumbing Estimate,Completed,Google Business Profiles,GMB_SanDiego,92127,$0.00,FALSE
285136065,8/12/2026,8/12/2026,Plumbing Sales,Plumbing Estimate,Completed,Branded Phone Number,Local 619,92118,$0.00,FALSE
483999280,8/12/2026,8/18/2026,Plumbing Sales,Plumbing Estimate,Completed,Google Business Profiles,GMB_SanDiego,92037,$529.88,TRUE
1124756624,8/12/2026,8/13/2026,Plumbing Sales,Plumbing Estimate,Completed,Branded Phone Number,A1-800-BILL HOWE,92105,$0.00,TRUE
31720157,8/12/2026,8/18/2026,Plumbing Sales,Plumbing Estimate,Completed,PPC,Google | Search | Brand,92102,$0.00,FALSE
293411902,8/12/2026,8/12/2026,Plumbing Sales,Plumbing Estimate,Completed,Google Business Profiles,GMB_SanDiego,92127,$0.00,TRUE
40880499,8/12/2026,8/13/2026,Plumbing Sales,Plumbing Estimate,Completed,Branded Phone Number,Local 619,92124,$0.00,TRUE
31674139,8/12/2026,8/13/2026,Plumbing Sales,Plumbing Estimate,Completed,Email,Legacy Email Marketing Multiple Offers,92104,$0.00,TRUE
1124811736,8/12/2026,8/12/2026,Plumbing Sales,Plumbing Estimate,Completed,Google Business Profiles,GMB_SanDiego,92123,$0.00,TRUE
31608430,8/12/2026,8/14/2026,Plumbing Sales,Plumbing Estimate,Completed,Branded Phone Number,Local 619,92111,$0.00,TRUE
31716699,8/13/2026,8/14/2026,Plumbing Sales,Plumbing Estimate,Completed,Google Business Profiles,GMB_SanDiego,92126,$0.00,FALSE
31566491,8/13/2026,8/13/2026,Plumbing Sales,Plumbing Estimate,Completed,PPC,Google | Search | Brand,92106,$0.00,TRUE
1065856421,8/13/2026,,Plumbing Sales,Plumbing Estimate,Hold,Branded Phone Number,A1-800-BILL HOWE,92130,$0.00,TRUE
97817974,8/13/2026,8/19/2026,Plumbing Sales,Plumbing Estimate,Completed,PPC,Google | Search | Brand,92057,$0.00,TRUE
1125170998,8/13/2026,8/14/2026,Plumbing Sales,Plumbing Estimate,Completed,Yelp,Yelp,92113,$0.00,FALSE
31535970,8/13/2026,8/19/2026,Plumbing Sales,Plumbing Estimate,Completed,Branded Phone Number,Local 619,92106,$0.00,TRUE
31723915,8/13/2026,,Plumbing Sales,Plumbing Estimate,Hold,CSR Outbound,$1 OUTBOUND (use this for out-bounding),92009,$0.00,TRUE
332503109,8/13/2026,,Plumbing Sales,Plumbing Estimate,Hold,Branded Phone Number,Local 619,92037,$0.00,TRUE
1125128862,8/14/2026,8/14/2026,Plumbing Sales,Plumbing Estimate,Completed,Branded Phone Number,A1-800-BILL HOWE,92024,$0.00,TRUE
341417389,8/14/2026,8/14/2026,Plumbing Sales,Plumbing Estimate,Completed,CSR Outbound,$1 OUTBOUND (use this for out-bounding),92129,$0.00,TRUE
1102732715,8/14/2026,8/17/2026,Plumbing Sales,Plumbing Estimate,Completed,Branded Phone Number,A1-800-BILL HOWE,92121,$0.00,FALSE
31583292,8/14/2026,,Plumbing Sales,Plumbing Estimate,Scheduled,,Memberships due for Service,92109,$0.00,TRUE
981452714,8/14/2026,8/17/2026,Plumbing Sales,Plumbing Estimate,Completed,Google Business Profiles,GMB_SanDiego,92126,$0.00,TRUE
1125396339,8/14/2026,8/18/2026,Plumbing Sales,Plumbing Estimate,Completed,Sameday AI,Sameday AI,92027,$0.00,TRUE
1115661027,8/14/2026,,Plumbing Sales,Plumbing Estimate,Scheduled,Branded Phone Number,Local 619,92075,$0.00,TRUE
31709537,8/14/2026,,Plumbing Sales,Plumbing Estimate,Hold,Branded Phone Number,A1-800-BILL HOWE,92064,$0.00,TRUE
53632206,8/15/2026,,Plumbing Sales,Plumbing Estimate,In Progress,Organic Search,Google Organic,92037,$1930.00,TRUE
1036583888,8/15/2026,8/17/2026,Plumbing Sales,Plumbing Estimate,Completed,PPC,Google | PMAX | HVAC,92101,$0.00,TRUE
1038021412,8/15/2026,8/17/2026,Plumbing Sales,Plumbing Estimate,Completed,Google Business Profiles,GMB_Poway,92064,$0.00,FALSE
1122387242,8/17/2026,8/17/2026,Plumbing Sales,Plumbing Estimate,Completed,Organic Search,Google Organic,92129,$0.00,TRUE
312039060,8/17/2026,8/17/2026,Plumbing Sales,Plumbing Estimate,Completed,Google Business Profiles,GMB_SanDiego,92128,$0.00,FALSE
31713861,8/17/2026,8/17/2026,Plumbing Sales,Plumbing Estimate,Completed,Branded Phone Number,Local 619,92102,$0.00,FALSE
260979953,8/17/2026,8/18/2026,Plumbing Sales,Plumbing Estimate,Completed,Branded Phone Number,A1-800-BILL HOWE,92024,$0.00,FALSE
65426716,8/17/2026,8/19/2026,Plumbing Sales,Plumbing Estimate,Completed,PPC,Google | Search | Brand,92130,$557.00,TRUE
1125520618,8/17/2026,,Plumbing Sales,Plumbing Estimate,Hold,Branded Phone Number,Local 619,92111,$0.00,FALSE
282753174,8/17/2026,8/17/2026,Plumbing Sales,Plumbing Estimate,Canceled,Website,Email Contact Form,92101,$0.00,TRUE
1127338078,8/17/2026,8/18/2026,Plumbing Sales,Plumbing Estimate,Completed,PPC,Google | Search | Brand,92108,$0.00,FALSE
54472817,8/17/2026,8/17/2026,Plumbing Sales,Plumbing Estimate,Completed,Branded Phone Number,Local 619,92105,$0.00,TRUE
31608430,8/17/2026,8/18/2026,Plumbing Sales,Plumbing Estimate,Completed,Branded Phone Number,Local 619,92111,$0.00,FALSE
66181548,8/17/2026,,Plumbing Sales,Plumbing Estimate,Scheduled,,Memberships due for Service,92106,$0.00,TRUE
286949075,8/17/2026,8/20/2026,Plumbing Sales,Plumbing Estimate,Completed,Organic Search,Google Organic,92067,$0.00,FALSE
31563821,8/17/2026,8/12/2026,Plumbing Sales,Plumbing Estimate,Completed,Branded Phone Number,A1-800-BILL HOWE,92020,$0.00,TRUE
44487486,8/17/2026,,Plumbing Sales,Plumbing Estimate,Scheduled,Branded Phone Number,Local 619,92109,$0.00,TRUE
1127629435,8/18/2026,8/19/2026,Plumbing Sales,Plumbing Estimate,Completed,PPC,Google | Search | Plumbing,92108,$0.00,FALSE
31655530,8/18/2026,8/14/2026,Plumbing Sales,Plumbing Estimate,Completed,Branded Phone Number,A1-800-BILL HOWE,92037,$0.00,TRUE
31595115,8/18/2026,8/19/2026,Plumbing Sales,Plumbing Estimate,Completed,Organic Search,Google Organic,92104,$0.00,TRUE
67537405,8/18/2026,,Plumbing Sales,Plumbing Estimate,Scheduled,Branded Phone Number,Local 619,92064,$0.00,TRUE
31674139,8/18/2026,8/21/2026,Plumbing Sales,Plumbing Estimate,Completed,Email,Legacy Email Marketing Multiple Offers,92104,$0.00,TRUE
1125287433,8/18/2026,8/18/2026,Plumbing Sales,Plumbing Estimate,Completed,PPC,Google | Search | Brand,92037,$0.00,TRUE
1127933279,8/18/2026,8/18/2026,Plumbing Sales,Plumbing Estimate,Completed,Direct Web Traffic,Direct Web Traffic,92109,$0.00,TRUE
66856952,8/18/2026,8/19/2026,Plumbing Sales,Plumbing Estimate,Completed,PPC,Google | PMAX | Drains,92129,$0.00,TRUE
31573125,8/18/2026,,Plumbing Sales,Plumbing Estimate,Hold,Direct Web Traffic,Direct Web Traffic,92129,$0.00,TRUE
31680759,8/18/2026,8/21/2026,Plumbing Sales,Plumbing Estimate,Completed,CSR Outbound,$1 OUTBOUND (use this for out-bounding),92118,$0.00,FALSE
64462960,8/18/2026,,Plumbing Sales,Plumbing Estimate,Hold,,Memberships due for Service,91941,$0.00,TRUE
1127338078,8/19/2026,8/21/2026,Plumbing Sales,Plumbing Estimate,Completed,PPC,Google | Search | Brand,92108,$1855.00,TRUE
50978288,8/19/2026,8/19/2026,Plumbing Sales,Plumbing Estimate,Completed,CSR Outbound,$1 OUTBOUND (use this for out-bounding),92115,$0.00,TRUE
85461290,8/19/2026,8/20/2026,Plumbing Sales,Plumbing Estimate,Completed,Outbound SMS,ST Outbound Text Lines,92131,$0.00,TRUE
254408058,8/19/2026,,Plumbing Sales,Plumbing Estimate,Hold,Branded Phone Number,A1-800-BILL HOWE,92118,$0.00,TRUE
31723349,8/19/2026,,Plumbing Sales,Plumbing Estimate,Hold,Google Business Profiles,GMB_SanDiego,92008,$0.00,TRUE
1074833540,8/19/2026,8/20/2026,Plumbing Sales,Plumbing Estimate,Completed,Google Business Profiles,GMB_SanDiego,92105,$0.00,TRUE
1128275755,8/19/2026,8/20/2026,Plumbing Sales,Plumbing Estimate,Completed,Google Business Profiles,GMB_SanDiego,92037,$0.00,TRUE
41684952,8/19/2026,8/19/2026,Plumbing Sales,Plumbing Estimate,Completed,Direct Web Traffic,Direct Web Traffic,92037,$0.00,TRUE
60689140,8/19/2026,8/20/2026,Plumbing Sales,Plumbing Estimate,Completed,Website,Website Phone Calls,92103,$0.00,TRUE
322971552,8/19/2026,8/20/2026,Plumbing Sales,Plumbing Estimate,Canceled,Direct Web Traffic,Direct Web Traffic,92131,$0.00,TRUE
31563918,8/20/2026,8/20/2026,Plumbing Sales,Plumbing Estimate,Completed,Branded Phone Number,A1-800-BILL HOWE,92118,$0.00,TRUE
1128559966,8/20/2026,8/20/2026,Plumbing Sales,Plumbing Estimate,Completed,Email,Legacy Email Marketing Multiple Offers,92131,$0.00,TRUE
31692299,8/20/2026,8/21/2026,Plumbing Sales,Plumbing Estimate,Completed,PPC,Google | Search | HVAC,92131,$0.00,TRUE
92627978,8/20/2026,,Plumbing Sales,Plumbing Estimate,Scheduled,Email,Legacy Email Marketing Multiple Offers,92119,$0.00,TRUE
1101085365,8/20/2026,8/20/2026,Plumbing Sales,Plumbing Estimate,Completed,Branded Phone Number,A1-800-BILL HOWE,92021,$0.00,FALSE
981452714,8/20/2026,8/21/2026,Plumbing Sales,Plumbing Estimate,Completed,Google Business Profiles,GMB_SanDiego,92126,$0.00,TRUE
476566853,8/20/2026,8/20/2026,Plumbing Sales,Plumbing Estimate,Completed,CSR Outbound,$1 OUTBOUND (use this for out-bounding),92109,$0.00,TRUE
31535970,8/20/2026,,Plumbing Sales,Plumbing Estimate,Scheduled,Branded Phone Number,Local 619,92106,$0.00,TRUE
93606953,8/20/2026,8/20/2026,Plumbing Sales,Plumbing Estimate,Completed,Website,Email Contact Form,92122,$0.00,TRUE
31693148,8/20/2026,,Plumbing Sales,Plumbing Estimate,Scheduled,,Memberships due for Service,92109,$0.00,TRUE
901811809,8/20/2026,,Plumbing Sales,Plumbing Estimate,Scheduled,,Memberships due for Service,92129,$0.00,TRUE
1115911123,8/20/2026,8/21/2026,Plumbing Sales,Plumbing Estimate,Completed,Tech referral,Tech Referral,92128,$0.00,TRUE
375017318,8/20/2026,,Plumbing Sales,Plumbing Estimate,Scheduled,Google Business Profiles,GMB_SanDiego,92101,$0.00,TRUE
49353541,8/21/2026,,Plumbing Sales,Plumbing Estimate,Scheduled,Yelp,Yelp,92064,$0.00,TRUE
31682317,8/21/2026,,Plumbing Sales,Plumbing Estimate,Scheduled,Branded Phone Number,Local 619,92120,$0.00,TRUE
286593181,8/21/2026,,Plumbing Sales,Plumbing Estimate,Scheduled,Google Business Profiles,GMB_SanDiego,92037,$0.00,TRUE
304742437,8/21/2026,8/21/2026,Plumbing Sales,Plumbing Estimate,Completed,PPC,Google | Search | Plumbing,92126,$0.00,FALSE
31659211,8/21/2026,,Plumbing Sales,Plumbing Estimate,Scheduled,PPC,Google | PMAX | HVAC,92104,$0.00,TRUE
313549719,8/21/2026,,Plumbing Sales,Plumbing Estimate,Scheduled,Branded Phone Number,Local 619,92108,$0.00,TRUE
1129273100,8/23/2026,,Plumbing Sales,Plumbing Estimate,Scheduled,Organic Search,Google Organic,92024,$0.00,TRUE
282753174,8/14/2026,8/17/2026,Plumbing Maintenance,Plumbing Inspection,Completed,Website,Email Contact Form,92101,$0.00,TRUE
484737644,8/14/2026,,Plumbing Maintenance,Plumbing Inspection,Scheduled,Organic Search,Chat - Service Titan,92129,$0.00,TRUE
31550952,8/15/2026,,Plumbing Maintenance,Plumbing Inspection,Scheduled,Branded Phone Number,Local 619,92105,$0.00,TRUE
979490189,8/13/2026,,Plumbing Install,Plumbing Install,In Progress,Branded Phone Number,A1-800-BILL HOWE,92117,$9380.00,TRUE
1104919408,8/10/2026,7/29/2026,Plumbing Service,Plumbing Service,Completed,PPC,Google | Search | Brand,92064,$0.00,TRUE
31640548,8/10/2026,8/11/2026,Plumbing Service,Plumbing Service,Completed,PPC,Google | PMAX | HVAC,92117,$1385.10,TRUE
481786927,8/10/2026,8/10/2026,Plumbing Service,Plumbing Service,Completed,Sameday AI,Sameday AI,92024,$160.00,TRUE
31579157,8/10/2026,8/10/2026,Plumbing Service,Plumbing Service,Completed,PPC,Google | Search | Brand,92107,$1193.00,TRUE
1081301538,8/10/2026,8/10/2026,Plumbing Service,Plumbing Service,Completed,PPC,Google | Search | Brand,92037,$583.00,TRUE
58541418,8/10/2026,8/11/2026,Plumbing Service,Plumbing Service,Completed,PPC,Bing | Search | Plumbing,92129,$0.00,FALSE
31589159,8/10/2026,7/31/2026,Plumbing Service,Plumbing Service,Completed,Direct Web Traffic,Direct Web Traffic,92103,-$607.50,TRUE
1118975112,8/10/2026,8/10/2026,Plumbing Service,Plumbing Service,Completed,Google Business Profiles,GMB_SanDiego,92130,$0.00,TRUE
1123702725,8/10/2026,8/12/2026,Plumbing Service,Plumbing Service,Completed,Google Business Profiles,GMB_SanDiego,92117,$0.00,TRUE
1102672351,8/10/2026,8/11/2026,Plumbing Service,Plumbing Service,Completed,Direct Web Traffic,Direct Web Traffic,91942,$0.00,FALSE
31709549,8/10/2026,8/10/2026,Plumbing Service,Plumbing Service,Completed,Google LSA,Google Local Services,92130,$995.00,TRUE
354744712,8/10/2026,,Plumbing Service,Plumbing Service,Hold,Google Business Profiles,GMB_SanDiego,91941,$0.00,TRUE
1107683380,8/10/2026,8/11/2026,Plumbing Service,Plumbing Service,Completed,Google LSA,Google Local Services,92129,$0.00,TRUE
268567853,8/10/2026,8/11/2026,Plumbing Service,Plumbing Service,Completed,Branded Phone Number,Local 619,92111,$1584.00,TRUE
97708185,8/10/2026,8/21/2026,Plumbing Service,Plumbing Service,Completed,Branded Phone Number,A1-800-BILL HOWE,92127,$0.00,TRUE
57942815,8/10/2026,8/13/2026,Plumbing Service,Plumbing Service,Completed,Website,Website Phone Calls,91915,$6800.00,TRUE
474537277,8/10/2026,,Plumbing Service,Plumbing Service,Hold,Branded Phone Number,A1-800-BILL HOWE,92091,$1484.00,TRUE
31720146,8/10/2026,8/10/2026,Plumbing Service,Plumbing Service,Canceled,Direct Web Traffic,Direct Web Traffic,92119,$0.00,TRUE
31593848,8/10/2026,8/11/2026,Plumbing Service,Plumbing Service,Completed,Branded Phone Number,A1-800-BILL HOWE,92109,$248.00,TRUE
31730549,8/10/2026,8/10/2026,Plumbing Service,Plumbing Service,Canceled,Branded Phone Number,A1-800-BILL HOWE,92117,$0.00,TRUE
1114948396,8/11/2026,8/11/2026,Plumbing Service,Plumbing Service,Completed,PPC,Google | Search | Brand,92026,$220.00,TRUE
354938390,8/11/2026,8/13/2026,Plumbing Service,Plumbing Service,Completed,Google Business Profiles,GMB_SanDiego,92104,$0.00,FALSE
120652,8/11/2026,8/12/2026,Plumbing Service,Plumbing Service,Completed,Branded Phone Number,A1-800-BILL HOWE,92111,$175.00,TRUE
46832801,8/11/2026,8/13/2026,Plumbing Service,Plumbing Service,Completed,Branded Phone Number,Local 619,91941,$2010.00,TRUE
341252417,8/11/2026,8/12/2026,Plumbing Service,Plumbing Service,Completed,PPC,Google | Search | Brand,92118,$0.00,TRUE
31636452,8/11/2026,8/12/2026,Plumbing Service,Plumbing Service,Completed,PPC,Google | Search | Brand,92014,$195.04,TRUE
349121032,8/11/2026,8/12/2026,Plumbing Service,Plumbing Service,Completed,Branded Phone Number,Local 619,92067,$0.00,FALSE
470905782,8/11/2026,8/13/2026,Plumbing Service,Plumbing Service,Completed,Organic Search,Bing Organic,92009,$435.00,TRUE
31701333,8/11/2026,8/11/2026,Plumbing Service,Plumbing Service,Completed,Branded Phone Number,A1-800-BILL HOWE,92075,$390.08,TRUE
979490189,8/11/2026,8/12/2026,Plumbing Service,Plumbing Service,Completed,Branded Phone Number,A1-800-BILL HOWE,92117,$0.00,TRUE
479618818,8/11/2026,8/17/2026,Plumbing Service,Plumbing Service,Completed,Direct Web Traffic,Direct Web Traffic,92108,$3797.68,TRUE
53190309,8/11/2026,8/18/2026,Plumbing Service,Plumbing Service,Completed,Direct Web Traffic,Direct Web Traffic,92101,$301.00,TRUE
31709059,8/11/2026,8/11/2026,Plumbing Service,Plumbing Service,Canceled,Branded Phone Number,Local 619,92075,$0.00,TRUE
90241939,8/11/2026,8/14/2026,Plumbing Service,Plumbing Service,Completed,PPC,Google | Search | Brand,92107,$0.00,FALSE
307072571,8/11/2026,8/6/2026,Plumbing Service,Plumbing Service,Completed,Branded Phone Number,Local 619,91941,$0.00,TRUE
31715776,8/11/2026,8/12/2026,Plumbing Service,Plumbing Service,Completed,Branded Phone Number,Local 619,92083,$0.00,TRUE
65031393,8/11/2026,,Plumbing Service,Plumbing Service,Scheduled,Branded Phone Number,A1-800-BILL HOWE,92014,$1485.00,TRUE
31695717,8/11/2026,8/11/2026,Plumbing Service,Plumbing Service,Canceled,Google Business Profiles,GMB_SanDiego,92127,$0.00,TRUE
206182,8/11/2026,8/12/2026,Plumbing Service,Plumbing Service,Completed,Branded Phone Number,Local 619,92037,$950.00,TRUE
1124463554,8/11/2026,8/13/2026,Plumbing Service,Plumbing Service,Completed,Google Business Profiles,GMB_SanDiego,92104,$0.00,TRUE
310475296,8/11/2026,8/12/2026,Plumbing Service,Plumbing Service,Completed,Branded Phone Number,A1-800-BILL HOWE,92128,$457.50,TRUE
255270289,8/11/2026,8/14/2026,Plumbing Service,Plumbing Service,Completed,Email,Legacy Email Marketing Multiple Offers,92129,$265.00,TRUE
325527961,8/11/2026,8/13/2026,Plumbing Service,Plumbing Service,Completed,Google Business Profiles,GMB_SanDiego,92127,$0.00,TRUE
1124541653,8/11/2026,8/12/2026,Plumbing Service,Plumbing Service,Canceled,PPC,Google | Search | Brand,92122,$0.00,TRUE
1115700732,8/12/2026,8/12/2026,Plumbing Service,Plumbing Service,Completed,Branded Phone Number,A1-800-BILL HOWE,92056,$0.00,TRUE
333962278,8/12/2026,8/13/2026,Plumbing Service,Plumbing Service,Completed,Branded Phone Number,Local 619,92056,$639.12,TRUE
265474198,8/12/2026,8/14/2026,Plumbing Service,Plumbing Service,Completed,Branded Phone Number,Local 619,92128,$748.00,TRUE
57734948,8/12/2026,,Plumbing Service,Plumbing Service,Hold,Google Business Profiles,GMB_SanDiego,92101,$4113.00,TRUE
1095489959,8/12/2026,8/3/2026,Plumbing Service,Plumbing Service,Completed,Google Business Profiles,GMB_SanDiego,92104,$0.00,TRUE
48924886,8/12/2026,8/12/2026,Plumbing Service,Plumbing Service,Canceled,Google Business Profiles,GMB_SanDiego,91977,$0.00,TRUE
1122091990,8/12/2026,8/13/2026,Plumbing Service,Plumbing Service,Completed,Google LSA,Google Local Services,91913,$1100.00,TRUE
1089370756,8/12/2026,,Plumbing Service,Plumbing Service,Scheduled,Direct Web Traffic,Direct Web Traffic,92104,$3760.00,TRUE
31554486,8/12/2026,8/18/2026,Plumbing Service,Plumbing Service,Completed,PPC,Google | PMAX | Plumbing,92110,$4262.00,TRUE
1065351330,8/12/2026,8/14/2026,Plumbing Service,Plumbing Service,Completed,Branded Phone Number,A1-800-BILL HOWE,92064,$0.00,TRUE
1124743450,8/12/2026,8/17/2026,Plumbing Service,Plumbing Service,Completed,Google Business Profiles,GMB_SanDiego,92091,$580.00,TRUE
120652,8/12/2026,8/13/2026,Plumbing Service,Plumbing Service,Completed,Tech referral,Tech Referral,92126,$599.06,TRUE
476447170,8/12/2026,,Plumbing Service,Plumbing Service,Hold,Branded Phone Number,Local 619,92139,$0.00,TRUE
206182,8/12/2026,8/6/2026,Plumbing Service,Plumbing Service,Completed,Branded Phone Number,Local 619,92037,$0.00,TRUE
42022044,8/12/2026,8/7/2026,Plumbing Service,Plumbing Service,Completed,Branded Phone Number,Local 619,92037,$0.00,TRUE
58390662,8/12/2026,8/17/2026,Plumbing Service,Plumbing Service,Completed,Google Business Profiles,GMB_Poway,92128,$292.00,TRUE
31576324,8/12/2026,8/13/2026,Plumbing Service,Plumbing Service,Completed,Account,Work Order,92128,$0.00,TRUE
31671943,8/12/2026,8/13/2026,Plumbing Service,Plumbing Service,Completed,PPC,Google Legacy Campaigns,92124,$983.00,TRUE
31538589,8/12/2026,8/19/2026,Plumbing Service,Plumbing Service,Completed,Tech referral,Tech Referral,92084,$7800.00,TRUE
31640520,8/12/2026,8/13/2026,Plumbing Service,Plumbing Service,Completed,Organic Search,Yahoo Organic,92108,$175.00,TRUE
31592506,8/12/2026,8/13/2026,Plumbing Service,Plumbing Service,Completed,Organic Search,Google Organic,92014,$0.00,FALSE
1116113646,8/12/2026,8/13/2026,Plumbing Service,Plumbing Service,Completed,Google LSA,Google Local Services,92128,$0.00,TRUE
265249106,8/12/2026,8/13/2026,Plumbing Service,Plumbing Service,Completed,Google Business Profiles,GMB_SanDiego,92117,$0.00,TRUE
31686022,8/12/2026,8/13/2026,Plumbing Service,Plumbing Service,Completed,Branded Phone Number,A1-800-BILL HOWE,92130,$467.00,TRUE
287695849,8/13/2026,,Plumbing Service,Plumbing Service,Hold,Google Business Profiles,GMB_SanDiego,92118,$0.00,FALSE
206182,8/13/2026,8/12/2026,Plumbing Service,Plumbing Service,Completed,Branded Phone Number,Local 619,92037,$0.00,TRUE
101302748,8/13/2026,8/13/2026,Plumbing Service,Plumbing Service,Completed,Branded Phone Number,Local 619,92130,$212.00,TRUE
49427630,8/13/2026,8/19/2026,Plumbing Service,Plumbing Service,Completed,Yelp,Yelp,92130,$350.00,TRUE
31709549,8/13/2026,8/10/2026,Plumbing Service,Plumbing Service,Completed,Google LSA,Google Local Services,92130,$0.00,TRUE
58541418,8/13/2026,8/11/2026,Plumbing Service,Plumbing Service,Completed,PPC,Bing | Search | Plumbing,92129,$0.00,FALSE
286742747,8/13/2026,,Plumbing Service,Plumbing Service,Hold,Yelp,Yelp,92129,$1045.00,TRUE
358042368,8/13/2026,8/13/2026,Plumbing Service,Plumbing Service,Completed,Branded Phone Number,Local 619,92024,$0.00,TRUE
54699151,8/13/2026,,Plumbing Service,Plumbing Service,Scheduled,Google Business Profiles,GMB_SanDiego,92024,$0.00,TRUE
251371407,8/13/2026,8/17/2026,Plumbing Service,Plumbing Service,Completed,Organic Search,Google Organic,92110,$192.46,TRUE
884953724,8/13/2026,8/18/2026,Plumbing Service,Plumbing Service,Completed,Website,Email Contact Form,92029,$0.00,TRUE
1104965966,8/13/2026,,Plumbing Service,Plumbing Service,Hold,Direct Web Traffic,Direct Web Traffic,92104,$4172.00,TRUE
120652,8/13/2026,8/18/2026,Plumbing Service,Plumbing Service,Completed,Tech referral,Tech Referral,92115,$280.61,TRUE
365976316,8/13/2026,,Plumbing Service,Plumbing Service,Scheduled,CSR Outbound,$1 OUTBOUND (use this for out-bounding),92029,$0.00,TRUE
120652,8/13/2026,8/14/2026,Plumbing Service,Plumbing Service,Completed,Branded Phone Number,A1-800-BILL HOWE,92104,$211.72,TRUE
93798412,8/13/2026,8/14/2026,Plumbing Service,Plumbing Service,Completed,Sameday AI,Sameday AI,92105,$583.00,TRUE
322935640,8/14/2026,8/14/2026,Plumbing Service,Plumbing Service,Completed,Direct Mail,Dynamicard Direct Mail July 2025,92122,$0.00,TRUE
287207115,8/14/2026,8/17/2026,Plumbing Service,Plumbing Service,Completed,Branded Phone Number,A1-800-BILL HOWE,92008,$769.80,TRUE
31605008,8/14/2026,8/19/2026,Plumbing Service,Plumbing Service,Canceled,Google LSA,Google Local Services,92054,$0.00,TRUE
300555227,8/14/2026,8/14/2026,Plumbing Service,Plumbing Service,Completed,Branded Phone Number,Local 619,92123,$318.00,TRUE
44487486,8/14/2026,8/17/2026,Plumbing Service,Plumbing Service,Completed,Branded Phone Number,Local 619,92109,$233.00,TRUE
86191331,8/14/2026,8/18/2026,Plumbing Service,Plumbing Service,Completed,Direct Web Traffic,Direct Web Traffic,92127,$655.00,TRUE
1125248774,8/14/2026,8/14/2026,Plumbing Service,Plumbing Service,Completed,Google Business Profiles,GMB_SanDiego,92127,$0.00,FALSE
31716699,8/14/2026,8/14/2026,Plumbing Service,Plumbing Service,Completed,Google Business Profiles,GMB_SanDiego,92126,$2300.00,TRUE
31669442,8/14/2026,8/14/2026,Plumbing Service,Plumbing Service,Completed,Google Business Profiles,GMB_SanDiego,92020,$246.56,TRUE
1125286290,8/14/2026,8/18/2026,Plumbing Service,Plumbing Service,Completed,PPC,Google | Search | Brand,92021,$96.90,TRUE
285136065,8/14/2026,8/14/2026,Plumbing Service,Plumbing Service,Completed,Branded Phone Number,Local 619,92118,$0.00,FALSE
120652,8/14/2026,6/15/2026,Plumbing Service,Plumbing Service,Completed,Branded Phone Number,A1-800-BILL HOWE,92009,-$205.00,TRUE
287207115,8/14/2026,8/18/2026,Plumbing Service,Plumbing Service,Completed,Branded Phone Number,A1-800-BILL HOWE,92008,$750.00,TRUE
882772602,8/14/2026,8/17/2026,Plumbing Service,Plumbing Service,Completed,PPC,Google | Search | Brand,92054,$350.00,TRUE
1125248774,8/14/2026,8/17/2026,Plumbing Service,Plumbing Service,Completed,Google Business Profiles,GMB_SanDiego,92127,$2065.00,TRUE
902469128,8/14/2026,7/21/2026,Plumbing Service,Plumbing Service,Completed,Google Business Profiles,GMB_SanDiego,92101,$1350.00,TRUE
354938390,8/14/2026,8/21/2026,Plumbing Service,Plumbing Service,Completed,Google Business Profiles,GMB_SanDiego,92104,$467.00,TRUE
93423045,8/14/2026,8/17/2026,Plumbing Service,Plumbing Service,Canceled,Website,Email Contact Form,92108,$0.00,TRUE
258135190,8/14/2026,8/17/2026,Plumbing Service,Plumbing Service,Completed,Google Business Profiles,GMB_SanDiego,91978,$292.00,TRUE
31723044,8/14/2026,8/19/2026,Plumbing Service,Plumbing Service,Completed,Branded Phone Number,A1-800-BILL HOWE,92009,$0.00,FALSE
1122135836,8/14/2026,8/17/2026,Plumbing Service,Plumbing Service,Completed,PPC,Google | PMAX | Plumbing,92104,$1800.00,TRUE
49214284,8/14/2026,8/14/2026,Plumbing Service,Plumbing Service,Completed,Yelp,Yelp,92128,$250.00,TRUE
1125170998,8/15/2026,8/17/2026,Plumbing Service,Plumbing Service,Completed,Yelp,Yelp,92113,$2780.00,TRUE
1125559904,8/15/2026,8/15/2026,Plumbing Service,Plumbing Service,Completed,Yelp,Yelp,92131,$250.00,TRUE
1125558412,8/15/2026,8/15/2026,Plumbing Service,Plumbing Service,Completed,Yelp,Yelp,92009,$250.00,TRUE
328487220,8/15/2026,8/17/2026,Plumbing Service,Plumbing Service,Completed,Branded Phone Number,Local 619,92129,$0.00,FALSE
31655530,8/16/2026,8/16/2026,Plumbing Service,Plumbing Service,Completed,Branded Phone Number,A1-800-BILL HOWE,92037,$0.00,FALSE
31651570,8/16/2026,8/18/2026,Plumbing Service,Plumbing Service,Completed,Google Business Profiles,GMB_SanDiego,92037,$1606.00,TRUE
31699192,8/16/2026,8/17/2026,Plumbing Service,Plumbing Service,Completed,Google Business Profiles,GMB_Poway,92131,$530.00,TRUE
57762448,8/17/2026,8/19/2026,Plumbing Service,Plumbing Service,Completed,Branded Phone Number,Local 619,92117,$0.00,FALSE
1125558412,8/17/2026,8/19/2026,Plumbing Service,Plumbing Service,Completed,Yelp,Yelp,92009,$509.00,TRUE
58322171,8/17/2026,8/17/2026,Plumbing Service,Plumbing Service,Completed,Branded Phone Number,Local 619,92075,$0.00,TRUE
31563430,8/17/2026,,Plumbing Service,Plumbing Service,Hold,Google Business Profiles,GMB_SanDiego,92122,$351.44,TRUE
101302748,8/17/2026,8/13/2026,Plumbing Service,Plumbing Service,Completed,Branded Phone Number,Local 619,92130,$0.00,TRUE
1065925198,8/17/2026,,Plumbing Service,Plumbing Service,Scheduled,Branded Phone Number,A1-800-BILL HOWE,92102,$0.00,TRUE
206182,8/17/2026,8/12/2026,Plumbing Service,Plumbing Service,Completed,Branded Phone Number,Local 619,92037,$0.00,TRUE
31678682,8/17/2026,,Plumbing Service,Plumbing Service,Hold,Yelp,Yelp,92014,$0.00,TRUE
1120105934,8/17/2026,8/19/2026,Plumbing Service,Plumbing Service,Completed,PPC,Google | PMAX | Plumbing,92105,$0.00,TRUE
322935640,8/17/2026,8/18/2026,Plumbing Service,Plumbing Service,Completed,Direct Mail,Dynamicard Direct Mail July 2025,92122,$0.00,TRUE
84510271,8/17/2026,8/19/2026,Plumbing Service,Plumbing Service,Completed,Branded Phone Number,Local 619,92117,$393.30,TRUE
251371407,8/17/2026,,Plumbing Service,Plumbing Service,Scheduled,Organic Search,Google Organic,92110,$0.00,FALSE
308859711,8/17/2026,8/12/2026,Plumbing Service,Plumbing Service,Completed,Branded Phone Number,Local 619,92122,$0.00,TRUE
56592463,8/17/2026,8/4/2026,Plumbing Service,Plumbing Service,Completed,CSR Outbound,$1 OUTBOUND (use this for out-bounding),92123,$0.00,TRUE
57942815,8/17/2026,8/13/2026,Plumbing Service,Plumbing Service,Completed,Website,Website Phone Calls,91915,$0.00,TRUE
1104436231,8/17/2026,8/7/2026,Plumbing Service,Plumbing Service,Completed,PPC,Google | Search | Brand,92014,$0.00,TRUE
31544967,8/17/2026,8/7/2026,Plumbing Service,Plumbing Service,Completed,Branded Phone Number,Local 619,92123,$0.00,TRUE
312039060,8/17/2026,,Plumbing Service,Plumbing Service,Scheduled,Google Business Profiles,GMB_SanDiego,92128,$691.00,TRUE
268567853,8/17/2026,8/11/2026,Plumbing Service,Plumbing Service,Completed,Branded Phone Number,Local 619,92111,$0.00,TRUE
31550826,8/17/2026,8/5/2026,Plumbing Service,Plumbing Service,Completed,PPC,Google | Search | Brand,92117,$0.00,TRUE
1072795637,8/17/2026,8/12/2026,Plumbing Service,Plumbing Service,Completed,PPC,Google | Search | Brand,92024,$0.00,TRUE
58322171,8/17/2026,8/18/2026,Plumbing Service,Plumbing Service,Completed,Branded Phone Number,Local 619,92109,$0.00,FALSE
982691638,8/17/2026,8/18/2026,Plumbing Service,Plumbing Service,Completed,Branded Phone Number,Local 619,92010,$0.00,TRUE
1127924774,8/17/2026,8/18/2026,Plumbing Service,Plumbing Service,Canceled,Google Business Profiles,GMB_SanDiego,92108,$0.00,TRUE
1124748438,8/17/2026,8/18/2026,Plumbing Service,Plumbing Service,Completed,Google Business Profiles,GMB_SanDiego,92131,$0.00,FALSE
31634232,8/18/2026,,Plumbing Service,Plumbing Service,Scheduled,Branded Phone Number,A1-800-BILL HOWE,92154,$954.00,TRUE
58390662,8/18/2026,,Plumbing Service,Plumbing Service,Scheduled,Google Business Profiles,GMB_Poway,92128,$930.00,TRUE
1104954059,8/18/2026,,Plumbing Service,Plumbing Service,Scheduled,PPC,Google | Search | Brand,92115,$3550.00,TRUE
31634232,8/18/2026,,Plumbing Service,Plumbing Service,Scheduled,Branded Phone Number,A1-800-BILL HOWE,92154,$945.00,TRUE
338841195,8/18/2026,8/19/2026,Plumbing Service,Plumbing Service,Completed,Google LSA,Google Local Services,92014,$398.00,TRUE
31634232,8/18/2026,,Plumbing Service,Plumbing Service,Scheduled,Branded Phone Number,A1-800-BILL HOWE,92154,$954.00,TRUE
95237344,8/18/2026,8/18/2026,Plumbing Service,Plumbing Service,Completed,Direct Web Traffic,Direct Web Traffic,92037,$970.00,TRUE
58322171,8/18/2026,8/18/2026,Plumbing Service,Plumbing Service,Completed,Branded Phone Number,Local 619,92109,$1250.00,TRUE
31634232,8/18/2026,,Plumbing Service,Plumbing Service,Scheduled,Branded Phone Number,A1-800-BILL HOWE,92154,$954.00,TRUE
1104004369,8/18/2026,8/5/2026,Plumbing Service,Plumbing Service,Completed,Google Business Profiles,GMB_SanDiego,92037,-$250.00,TRUE
31634232,8/18/2026,,Plumbing Service,Plumbing Service,Scheduled,Branded Phone Number,A1-800-BILL HOWE,92154,$954.00,TRUE
260979953,8/18/2026,8/19/2026,Plumbing Service,Plumbing Service,Completed,Branded Phone Number,A1-800-BILL HOWE,92024,$1975.00,TRUE
31732435,8/18/2026,8/21/2026,Plumbing Service,Plumbing Service,Completed,Google LSA,Google Local Services,92116,$4040.00,TRUE
331891291,8/18/2026,8/20/2026,Plumbing Service,Plumbing Service,Completed,Branded Phone Number,Local 619,92021,$2544.50,TRUE
974947353,8/18/2026,,Plumbing Service,Plumbing Service,Scheduled,,Offers Roundup August 2026,92037,$0.00,TRUE
57942815,8/18/2026,8/13/2026,Plumbing Service,Plumbing Service,Completed,Website,Website Phone Calls,91915,$0.00,TRUE
52527073,8/18/2026,8/10/2026,Plumbing Service,Plumbing Service,Completed,Google Business Profiles,GMB_SanDiego,92071,$0.00,TRUE
120652,8/18/2026,8/19/2026,Plumbing Service,Plumbing Service,Completed,Tech referral,Tech Referral,92131,$700.00,TRUE
93798412,8/18/2026,,Plumbing Service,Plumbing Service,Hold,Sameday AI,Sameday AI,92105,$0.00,TRUE
285136065,8/18/2026,,Plumbing Service,Plumbing Service,Scheduled,Branded Phone Number,Local 619,92118,$2257.00,TRUE
470905782,8/18/2026,8/13/2026,Plumbing Service,Plumbing Service,Completed,Organic Search,Bing Organic,92009,$0.00,TRUE
31640520,8/18/2026,8/13/2026,Plumbing Service,Plumbing Service,Completed,Organic Search,Yahoo Organic,92108,$0.00,TRUE
1125442772,8/18/2026,8/18/2026,Plumbing Service,Plumbing Service,Canceled,Branded Phone Number,Local 619,92127,$0.00,TRUE
31720157,8/18/2026,,Plumbing Service,Plumbing Service,Scheduled,PPC,Google | Search | Brand,92102,$1883.00,TRUE
1097914776,8/19/2026,8/20/2026,Plumbing Service,Plumbing Service,Completed,Branded Phone Number,Local 619,92109,$1499.00,TRUE
311235756,8/19/2026,8/20/2026,Plumbing Service,Plumbing Service,Completed,Branded Phone Number,A1-800-BILL HOWE,92122,$0.00,TRUE
1102732715,8/19/2026,8/23/2026,Plumbing Service,Plumbing Service,Completed,Branded Phone Number,A1-800-BILL HOWE,92121,$3111.00,TRUE
1102732715,8/19/2026,8/23/2026,Plumbing Service,Plumbing Service,Completed,Branded Phone Number,A1-800-BILL HOWE,92121,$2327.00,TRUE
1118846323,8/19/2026,,Plumbing Service,Plumbing Service,Hold,Google LSA,Google Local Services,92064,$1787.00,TRUE
31715776,8/19/2026,8/20/2026,Plumbing Service,Plumbing Service,Completed,Branded Phone Number,Local 619,92083,$5680.00,TRUE
1128359393,8/19/2026,8/21/2026,Plumbing Service,Plumbing Service,Completed,Branded Phone Number,Local 619,92126,$209.00,TRUE
260979953,8/19/2026,8/20/2026,Plumbing Service,Plumbing Service,Completed,Branded Phone Number,A1-800-BILL HOWE,92024,$686.00,TRUE
31709549,8/19/2026,8/20/2026,Plumbing Service,Plumbing Service,Completed,Google LSA,Google Local Services,92130,$1680.00,TRUE
1100586880,8/19/2026,8/21/2026,Plumbing Service,Plumbing Service,Completed,Outbound SMS,ST Outbound Text Lines,92139,$1219.80,TRUE
31568406,8/19/2026,8/20/2026,Plumbing Service,Plumbing Service,Completed,Branded Phone Number,Local 619,92110,$438.84,TRUE
1125170998,8/20/2026,8/20/2026,Plumbing Service,Plumbing Service,Completed,Yelp,Yelp,92113,$0.00,FALSE
53190309,8/20/2026,,Plumbing Service,Plumbing Service,Scheduled,Direct Web Traffic,Direct Web Traffic,92101,$1583.00,TRUE
31606148,8/20/2026,8/20/2026,Plumbing Service,Plumbing Service,Completed,Branded Phone Number,A1-800-BILL HOWE,92120,$0.00,TRUE
31692848,8/20/2026,8/21/2026,Plumbing Service,Plumbing Service,Completed,Outbound SMS,ST Outbound Text Lines,92131,$0.00,TRUE
1128504800,8/20/2026,8/20/2026,Plumbing Service,Plumbing Service,Completed,Branded Phone Number,A1-800-BILL HOWE,92130,$0.00,TRUE
979380109,8/20/2026,,Plumbing Service,Plumbing Service,Hold,PPC,Google | PMAX | Plumbing - Spanish,92131,$4350.00,TRUE
31723552,8/20/2026,8/20/2026,Plumbing Service,Plumbing Service,Canceled,PPC,Google | Search | Brand,92011,$0.00,TRUE
31572524,8/20/2026,8/21/2026,Plumbing Service,Plumbing Service,Completed,Organic Search,DuckDuckGo Organic,92106,$0.00,TRUE
31716699,8/20/2026,8/14/2026,Plumbing Service,Plumbing Service,Completed,Google Business Profiles,GMB_SanDiego,92126,$0.00,TRUE
1121454609,8/20/2026,8/21/2026,Plumbing Service,Plumbing Service,Completed,Google LSA,Google Local Services,91945,$0.00,FALSE
46999187,8/20/2026,8/21/2026,Plumbing Service,Plumbing Service,Completed,Programmatic,StackAdapt / Display,92103,$276.00,TRUE
286949075,8/20/2026,,Plumbing Service,Plumbing Service,Scheduled,Organic Search,Google Organic,92067,$2354.00,TRUE
120652,8/20/2026,8/14/2026,Plumbing Service,Plumbing Service,Completed,Branded Phone Number,A1-800-BILL HOWE,92104,$0.00,TRUE
895271681,8/20/2026,8/21/2026,Plumbing Service,Plumbing Service,Completed,Branded Phone Number,A1-800-BILL HOWE,92081,$3260.00,TRUE
31542052,8/20/2026,,Plumbing Service,Plumbing Service,Scheduled,Branded Phone Number,Local 619,92109,$0.00,TRUE
57734948,8/20/2026,8/21/2026,Plumbing Service,Plumbing Service,Completed,Google Business Profiles,GMB_SanDiego,92101,$0.00,TRUE
882772602,8/20/2026,,Plumbing Service,Plumbing Service,Scheduled,PPC,Google | Search | Brand,92054,$3600.00,TRUE
56499985,8/20/2026,8/21/2026,Plumbing Service,Plumbing Service,Completed,PPC,Google | Search | Brand,92120,$1200.00,TRUE
911680427,8/20/2026,8/21/2026,Plumbing Service,Plumbing Service,Completed,Yelp,Yelp,92091,$399.00,TRUE
304742437,8/21/2026,8/21/2026,Plumbing Service,Plumbing Service,Completed,PPC,Google | Search | Plumbing,92126,$0.00,TRUE
31665384,8/21/2026,,Plumbing Service,Plumbing Service,Scheduled,Google LSA,Google Local Services,92106,$800.00,TRUE
1122157119,8/21/2026,,Plumbing Service,Plumbing Service,Scheduled,Google Business Profiles,GMB_SanDiego,92117,$0.00,FALSE
120652,8/21/2026,,Plumbing Service,Plumbing Service,Scheduled,Google Business Profiles,GMB_SanDiego,92154,$0.00,TRUE
328487220,8/21/2026,8/17/2026,Plumbing Service,Plumbing Service,Completed,Branded Phone Number,Local 619,92129,$0.00,FALSE
1129003742,8/21/2026,8/21/2026,Plumbing Service,Plumbing Service,Completed,Branded Phone Number,A1-800-BILL HOWE,92109,$292.00,TRUE
258135190,8/21/2026,8/17/2026,Plumbing Service,Plumbing Service,Completed,Google Business Profiles,GMB_SanDiego,91978,$0.00,TRUE
93606953,8/21/2026,,Plumbing Service,Plumbing Service,In Progress,Website,Email Contact Form,92122,$0.00,FALSE
31570635,8/21/2026,,Plumbing Service,Plumbing Service,Scheduled,Organic Search,DuckDuckGo Organic,92110,$0.00,TRUE
31680759,8/21/2026,,Plumbing Service,Plumbing Service,Hold,CSR Outbound,$1 OUTBOUND (use this for out-bounding),92118,$1789.00,TRUE
93798412,8/21/2026,8/14/2026,Plumbing Service,Plumbing Service,Completed,Sameday AI,Sameday AI,92105,$0.00,FALSE
120652,8/21/2026,,Plumbing Service,Plumbing Service,Scheduled,Branded Phone Number,A1-800-BILL HOWE,92111,$0.00,TRUE
53190309,8/21/2026,8/18/2026,Plumbing Service,Plumbing Service,Completed,Direct Web Traffic,Direct Web Traffic,92101,$0.00,FALSE
304742437,8/21/2026,,Plumbing Service,Plumbing Service,In Progress,PPC,Google | Search | Plumbing,92126,$10285.00,TRUE
1129228990,8/22/2026,,Plumbing Service,Plumbing Service,Scheduled,PPC,Google | PMAX | Drains,92014,$0.00,TRUE
260968729,8/22/2026,,Plumbing Service,Plumbing Service,Scheduled,Branded Phone Number,Local 619,91941,$0.00,TRUE
31650598,8/22/2026,,Plumbing Service,Plumbing Service,Scheduled,Yelp,Yelp,92037,$2020.00,TRUE
31656107,8/22/2026,,Plumbing Service,Plumbing Service,Scheduled,Google Business Profiles,GMB_SanDiego,92064,$0.00,TRUE
54192608,8/22/2026,,Plumbing Service,Plumbing Service,Scheduled,Email,Legacy Email Marketing Multiple Offers,92103,$0.00,TRUE
676414493,8/23/2026,,Plumbing Service,Plumbing Service,Scheduled,Organic Search,Google Organic,92130,$0.00,TRUE
1129273855,8/23/2026,,Plumbing Service,Plumbing Service,Scheduled,3rd Party Web Traffic,Yelp Referral Traffic,92101,$0.00,TRUE
913818570,8/23/2026,,Plumbing Service,Plumbing Service,Scheduled,Branded Phone Number,Local 619,92029,$0.00,TRUE
1102732715,8/23/2026,,Plumbing Service,Plumbing Service,Scheduled,Branded Phone Number,A1-800-BILL HOWE,92121,$0.00,TRUE
1123597587,8/10/2026,,HVAC Maintenance,Preventative Maintenance,Scheduled,PPC,Bing | Search | Brand,92129,$0.00,TRUE
372652817,8/10/2026,,HVAC Maintenance,Preventative Maintenance,Scheduled,Organic Search,Bing Organic,92123,$0.00,TRUE
1123683799,8/10/2026,,HVAC Maintenance,Preventative Maintenance,Scheduled,Email,Legacy Email Marketing Multiple Offers,92069,$0.00,TRUE
1123785990,8/10/2026,,HVAC Maintenance,Preventative Maintenance,Scheduled,Google Business Profiles,GMB_SanDiego,92102,$0.00,TRUE
133899,8/10/2026,,HVAC Maintenance,Preventative Maintenance,Scheduled,PPC,Google | Search | HVAC,92111,$0.00,TRUE
31611610,8/10/2026,,HVAC Maintenance,Preventative Maintenance,Scheduled,Organic Search,Google Organic,92021,$0.00,TRUE
31689795,8/11/2026,,HVAC Maintenance,Preventative Maintenance,Scheduled,Branded Phone Number,Local 619,92126,$0.00,TRUE
304512117,8/11/2026,,HVAC Maintenance,Preventative Maintenance,Scheduled,PPC,Google | PMAX | HVAC,92109,$0.00,TRUE
1124304170,8/11/2026,,HVAC Maintenance,Preventative Maintenance,Scheduled,,AC Acting Up?,92103,$0.00,TRUE
1108620460,8/11/2026,8/7/2026,HVAC Maintenance,Preventative Maintenance,Completed,PPC,Google | Search | Brand,92119,$0.00,TRUE
31550768,8/11/2026,,HVAC Maintenance,Preventative Maintenance,Scheduled,Branded Phone Number,A1-800-BILL HOWE,92122,$0.00,TRUE
31612323,8/11/2026,,HVAC Maintenance,Preventative Maintenance,Scheduled,Direct Web Traffic,Direct Web Traffic,91977,$0.00,TRUE
976321945,8/11/2026,8/14/2026,HVAC Maintenance,Preventative Maintenance,Canceled,PPC,Google | Search | Brand,92103,$0.00,TRUE
1124586974,8/12/2026,8/12/2026,HVAC Maintenance,Preventative Maintenance,Canceled,Direct Web Traffic,Direct Web Traffic,92110,$0.00,TRUE
96407088,8/12/2026,,HVAC Maintenance,Preventative Maintenance,Scheduled,Google LSA,Google Local Services,92122,$0.00,TRUE
358042368,8/12/2026,,HVAC Maintenance,Preventative Maintenance,Scheduled,Branded Phone Number,Local 619,92024,$0.00,TRUE
1037122373,8/12/2026,,HVAC Maintenance,Preventative Maintenance,Hold,,Offers Roundup August 2026,92154,$0.00,TRUE
902469128,8/12/2026,8/4/2026,HVAC Maintenance,Preventative Maintenance,Completed,Branded Phone Number,A1-800-BILL HOWE,92105,$1606.00,TRUE
1124880345,8/12/2026,,HVAC Maintenance,Preventative Maintenance,Scheduled,PPC,Google | PMAX | HVAC,92037,$0.00,TRUE
61027539,8/13/2026,8/11/2026,HVAC Maintenance,Preventative Maintenance,Completed,PPC,Google | Search | Brand,92014,$0.00,TRUE
31713061,8/13/2026,,HVAC Maintenance,Preventative Maintenance,Scheduled,PPC,Google | Search | Brand,92130,$0.00,TRUE
1125099888,8/13/2026,,HVAC Maintenance,Preventative Maintenance,Scheduled,PPC,Google | Search | HVAC,91910,$0.00,TRUE
333331119,8/13/2026,,HVAC Maintenance,Preventative Maintenance,Scheduled,Branded Phone Number,Local 619,92064,$0.00,TRUE
280185492,8/13/2026,,HVAC Maintenance,Preventative Maintenance,Scheduled,CSR Outbound,$1 OUTBOUND (use this for out-bounding),92091,$0.00,TRUE
365976316,8/13/2026,,HVAC Maintenance,Preventative Maintenance,Scheduled,CSR Outbound,$1 OUTBOUND (use this for out-bounding),92029,$0.00,TRUE
1125286290,8/14/2026,,HVAC Maintenance,Preventative Maintenance,Scheduled,PPC,Google | Search | Brand,92021,$0.00,TRUE
1125236200,8/14/2026,,HVAC Maintenance,Preventative Maintenance,Scheduled,Branded Phone Number,Local 619,92130,$0.00,TRUE
267543671,8/14/2026,8/19/2026,HVAC Maintenance,Preventative Maintenance,Completed,Website,Website Phone Calls,92037,$0.00,TRUE
101324928,8/14/2026,,HVAC Maintenance,Preventative Maintenance,Scheduled,Google Business Profiles,GMB_SanDiego,92024,$0.00,TRUE
65250620,8/15/2026,,HVAC Maintenance,Preventative Maintenance,Scheduled,Direct Web Traffic,Direct Web Traffic,91902,$0.00,TRUE
31708432,8/15/2026,,HVAC Maintenance,Preventative Maintenance,Scheduled,Direct Web Traffic,Direct Web Traffic,92128,$0.00,TRUE
1125099555,8/17/2026,,HVAC Maintenance,Preventative Maintenance,Scheduled,CSR Outbound,$1 OUTBOUND (use this for out-bounding),92019,$0.00,TRUE
1067995791,8/17/2026,8/18/2026,HVAC Maintenance,Preventative Maintenance,Completed,,Offers Roundup August 2026,92120,$414.74,TRUE
31697456,8/17/2026,,HVAC Maintenance,Preventative Maintenance,Scheduled,Branded Phone Number,A1-800-BILL HOWE,92020,$0.00,TRUE
31552123,8/17/2026,,HVAC Maintenance,Preventative Maintenance,Scheduled,Branded Phone Number,Local 619,92037,$0.00,TRUE
1127318879,8/17/2026,8/17/2026,HVAC Maintenance,Preventative Maintenance,Canceled,Direct Web Traffic,Direct Web Traffic,92113,$0.00,TRUE
1127645040,8/18/2026,,HVAC Maintenance,Preventative Maintenance,Scheduled,PPC,Google | Search | HVAC,92119,$0.00,TRUE
292076438,8/18/2026,,HVAC Maintenance,Preventative Maintenance,Scheduled,Branded Phone Number,Local 619,92109,$0.00,TRUE
471045498,8/18/2026,,HVAC Maintenance,Preventative Maintenance,Scheduled,Direct Web Traffic,Direct Web Traffic,92037,$0.00,TRUE
253850120,8/19/2026,,HVAC Maintenance,Preventative Maintenance,Scheduled,PPC,Google | Search | Brand,92117,$0.00,TRUE
479681172,8/19/2026,,HVAC Maintenance,Preventative Maintenance,Scheduled,Yelp,Yelp,92103,$0.00,TRUE
31711936,8/19/2026,,HVAC Maintenance,Preventative Maintenance,Scheduled,Google Business Profiles,GMB_SanDiego,92105,$0.00,TRUE
31580313,8/19/2026,,HVAC Maintenance,Preventative Maintenance,Scheduled,Organic Search,Google Organic,92104,$0.00,TRUE
348403393,8/19/2026,,HVAC Maintenance,Preventative Maintenance,Hold,PPC,Google | PMAX | HVAC,91942,$0.00,TRUE
1128504937,8/20/2026,8/20/2026,HVAC Maintenance,Preventative Maintenance,Canceled,PPC,Google | PMAX | HVAC,92114,$0.00,TRUE
260736723,8/20/2026,,HVAC Maintenance,Preventative Maintenance,Scheduled,PPC,Google | Search | Brand,91911,$0.00,TRUE
31713061,8/20/2026,,HVAC Maintenance,Preventative Maintenance,Scheduled,Branded Phone Number,Local 619,92130,$0.00,TRUE
286369484,8/20/2026,,HVAC Maintenance,Preventative Maintenance,Scheduled,PPC,Google | Search | Brand,92111,$0.00,TRUE
84800604,8/20/2026,,HVAC Maintenance,Preventative Maintenance,Scheduled,PPC,Google | Search | Brand,92117,$0.00,TRUE
1129184255,8/21/2026,,HVAC Maintenance,Preventative Maintenance,Scheduled,Organic Search,Google Organic,91941,$0.00,TRUE
473895385,8/21/2026,,HVAC Maintenance,Preventative Maintenance,Scheduled,CSR Outbound,$1 OUTBOUND (use this for out-bounding),92009,$0.00,TRUE
62377455,8/21/2026,,HVAC Maintenance,Preventative Maintenance,Scheduled,Google Business Profiles,GMB_SanDiego,91941,$0.00,TRUE
31599017,8/21/2026,,HVAC Maintenance,Preventative Maintenance,Scheduled,Direct Web Traffic,Direct Web Traffic,92128,$0.00,TRUE
477510974,8/22/2026,,HVAC Maintenance,Preventative Maintenance,Scheduled,PPC,Google | Search | HVAC,92071,$0.00,TRUE
68529726,8/22/2026,,HVAC Maintenance,Preventative Maintenance,Scheduled,Google Business Profiles,GMB_SanDiego,92124,$0.00,TRUE
373156055,8/22/2026,8/23/2026,HVAC Maintenance,Preventative Maintenance,Canceled,Google Business Profiles,GMB_SanDiego,92121,$0.00,TRUE
1076198758,8/23/2026,,HVAC Maintenance,Preventative Maintenance,Scheduled,PPC,Google | Search | Brand,92071,$0.00,TRUE
306048338,8/23/2026,,HVAC Maintenance,Preventative Maintenance,Scheduled,Organic Search,Google Organic,92114,$0.00,TRUE
62587882,8/10/2026,8/11/2026,Plumbing Service,PRV,Completed,Email,Legacy Email Marketing Multiple Offers,91942,$0.00,TRUE
1123681775,8/10/2026,8/12/2026,Plumbing Service,PRV,Completed,Organic Search,DuckDuckGo Organic,92120,$570.00,TRUE
31648139,8/10/2026,8/10/2026,Plumbing Service,PRV,Completed,Branded Phone Number,A1-800-BILL HOWE,92128,$212.00,TRUE
1123694042,8/10/2026,,Plumbing Service,PRV,Hold,Organic Search,Google Organic,92131,$0.00,TRUE
31537169,8/10/2026,8/10/2026,Plumbing Service,PRV,Completed,Branded Phone Number,A1-800-BILL HOWE,92107,$584.00,TRUE
31561986,8/11/2026,8/12/2026,Plumbing Service,PRV,Completed,Branded Phone Number,A1-800-BILL HOWE,92014,$0.00,TRUE
31644622,8/12/2026,8/14/2026,Plumbing Service,PRV,Completed,Branded Phone Number,A1-800-BILL HOWE,92108,$2818.88,TRUE
31567572,8/12/2026,8/13/2026,Plumbing Service,PRV,Completed,Website,Email Contact Form,92113,$0.00,TRUE
31627351,8/12/2026,8/13/2026,Plumbing Service,PRV,Completed,Branded Phone Number,A1-800-BILL HOWE,92122,$0.00,TRUE
31607934,8/13/2026,8/14/2026,Plumbing Service,PRV,Completed,PPC,Google | Search | Brand,92124,$0.00,TRUE
93138828,8/13/2026,8/14/2026,Plumbing Service,PRV,Completed,Branded Phone Number,Local 619,92011,$0.00,TRUE
31568572,8/13/2026,,Plumbing Service,PRV,Scheduled,Google Business Profiles,GMB_SanDiego,92130,$0.00,TRUE
31727443,8/13/2026,8/14/2026,Plumbing Service,PRV,Canceled,Yelp,Yelp,92071,$0.00,TRUE
50376315,8/14/2026,8/14/2026,Plumbing Service,PRV,Completed,Google LSA,Google Local Services,91941,$1204.00,TRUE
1079399862,8/14/2026,8/17/2026,Plumbing Service,PRV,Canceled,Sameday AI,Sameday AI,92071,$0.00,TRUE
1125520733,8/15/2026,8/15/2026,Plumbing Service,PRV,Completed,PPC,Google | PMAX | Drains,92024,$1289.00,TRUE
1103830407,8/15/2026,8/16/2026,Plumbing Service,PRV,Canceled,Google LSA,Google Local Services,92026,$0.00,FALSE
1079617530,8/15/2026,,Plumbing Service,PRV,Hold,PPC,Bing | Search | Brand,92117,$0.00,FALSE
348298530,8/16/2026,8/16/2026,Plumbing Service,PRV,Completed,Google LSA,Google Local Services,91941,$1263.00,TRUE
1127189488,8/17/2026,8/18/2026,Plumbing Service,PRV,Completed,Yelp,Yelp,92040,$1240.00,TRUE
31668830,8/17/2026,8/20/2026,Plumbing Service,PRV,Completed,Branded Phone Number,A1-800-BILL HOWE,92127,$0.00,FALSE
1125571700,8/17/2026,8/17/2026,Plumbing Service,PRV,Completed,Branded Phone Number,A1-800-BILL HOWE,92128,$0.00,TRUE
1125520990,8/17/2026,,Plumbing Service,PRV,Scheduled,Uncategorized,Uncategorized,92037,$1697.00,TRUE
1125559904,8/17/2026,8/17/2026,Plumbing Service,PRV,Completed,Yelp,Yelp,92131,$2513.00,TRUE
348930036,8/17/2026,8/7/2026,Plumbing Service,PRV,Completed,,BFP Water Heater Maintenance SMS 2026,92024,$0.00,TRUE
48988463,8/17/2026,8/18/2026,Plumbing Service,PRV,Completed,Website,Website Phone Calls,92108,$0.00,FALSE
1125559904,8/18/2026,8/18/2026,Plumbing Service,PRV,Completed,Yelp,Yelp,92131,$0.00,FALSE
48988463,8/18/2026,8/19/2026,Plumbing Service,PRV,Completed,Website,Website Phone Calls,92108,$2385.00,TRUE
273301281,8/18/2026,8/18/2026,Plumbing Service,PRV,Completed,Google Business Profiles,GMB_SanDiego,92037,$0.00,FALSE
31653994,8/18/2026,8/19/2026,Plumbing Service,PRV,Completed,PPC,Google | Search | Brand,92014,$0.00,TRUE
334786450,8/18/2026,8/19/2026,Plumbing Service,PRV,Completed,Google Business Profiles,GMB_SanDiego,92037,$447.00,TRUE
912453774,8/18/2026,8/19/2026,Plumbing Service,PRV,Completed,Branded Phone Number,Local 619,92014,$3868.00,TRUE
31593681,8/19/2026,,Plumbing Service,PRV,Hold,Branded Phone Number,Local 619,92120,$0.00,TRUE
31608172,8/19/2026,8/19/2026,Plumbing Service,PRV,Completed,Google Business Profiles,GMB_SanDiego,92109,$939.00,TRUE
381360302,8/20/2026,8/20/2026,Plumbing Service,PRV,Canceled,PPC,Google | Search | Brand,92126,$0.00,TRUE
367624855,8/21/2026,,Plumbing Service,PRV,Scheduled,PPC,Google | Search | Brand,92011,$0.00,TRUE
31689000,8/21/2026,8/21/2026,Plumbing Service,PRV,Completed,Branded Phone Number,Local 619,92109,$0.00,TRUE
31676155,8/23/2026,8/23/2026,Plumbing Service,PRV,Completed,Organic Search,Google Organic,92120,$1921.00,TRUE
41760250,8/13/2026,,Plumbing Service,R/O System,Scheduled,PPC,Google | Search | Brand,92067,$0.00,TRUE
903296276,8/14/2026,,HVAC Install,Re-Duct,Scheduled,Yelp,Yelp,92071,$3938.90,TRUE
1038552149,8/11/2026,8/12/2026,Plumbing Service,Recirculating Pump,Completed,Google Business Profiles,GMB_SanDiego,92111,$0.00,TRUE
31537295,8/17/2026,8/20/2026,Plumbing Service,Recirculating Pump,Completed,Yelp,Yelp,91942,$0.00,TRUE
31724864,8/14/2026,,Restoration RECON,Recon Estimate,Scheduled,Google Business Profiles,GMB_SanDiego,92130,$0.00,FALSE
1116730871,8/17/2026,,Restoration RECON,Recon Estimate,Scheduled,Branded Phone Number,Local 619,92058,$0.00,TRUE
272896705,8/10/2026,,HVAC Maintenance,Recurring Services: B.F.P. Hvac Maintenance,Scheduled,Organic Search,Chat - Service Titan,92123,$0.00,TRUE
486015785,8/10/2026,,HVAC Maintenance,Recurring Services: B.F.P. Hvac Maintenance,Scheduled,Google Business Profiles,GMB_SanDiego,92107,$0.00,TRUE
267582965,8/10/2026,,HVAC Maintenance,Recurring Services: B.F.P. Hvac Maintenance,Scheduled,Google Business Profiles,GMB_SanDiego,92130,$0.00,TRUE
378839832,8/10/2026,,HVAC Maintenance,Recurring Services: B.F.P. Hvac Maintenance,Scheduled,Website,Email Contact Form,91914,$0.00,TRUE
486015785,8/10/2026,,HVAC Maintenance,Recurring Services: B.F.P. Hvac Maintenance,Scheduled,PPC,Google | Search | Brand,92107,$0.00,TRUE
1070080927,8/10/2026,,HVAC Maintenance,Recurring Services: B.F.P. Hvac Maintenance,Scheduled,Email,Legacy Email Marketing Multiple Offers,92118,$0.00,TRUE
325632021,8/10/2026,,HVAC Maintenance,Recurring Services: B.F.P. Hvac Maintenance,Scheduled,Outbound SMS,ST Outbound Text Lines,92037,$0.00,TRUE
31557098,8/10/2026,,HVAC Maintenance,Recurring Services: B.F.P. Hvac Maintenance,Scheduled,,Memberships due for Service,92069,$0.00,TRUE
974799274,8/11/2026,,HVAC Maintenance,Recurring Services: B.F.P. Hvac Maintenance,Scheduled,PPC,Bing | Search | Plumbing,92019,$0.00,TRUE
61636728,8/12/2026,,HVAC Maintenance,Recurring Services: B.F.P. Hvac Maintenance,Scheduled,,BFP HVAC Maintenance SMS 2026,92129,$0.00,TRUE
297536044,8/12/2026,,HVAC Maintenance,Recurring Services: B.F.P. Hvac Maintenance,Scheduled,,Memberships due for Service,92025,$0.00,TRUE
49679589,8/12/2026,,HVAC Maintenance,Recurring Services: B.F.P. Hvac Maintenance,Scheduled,Branded Phone Number,Local 619,92126,$0.00,TRUE
31546057,8/12/2026,,HVAC Maintenance,Recurring Services: B.F.P. Hvac Maintenance,Scheduled,Branded Phone Number,A1-800-BILL HOWE,92128,$0.00,TRUE
59676047,8/13/2026,,HVAC Maintenance,Recurring Services: B.F.P. Hvac Maintenance,Scheduled,,Memberships due for Service,92154,$0.00,TRUE
31677877,8/13/2026,,HVAC Maintenance,Recurring Services: B.F.P. Hvac Maintenance,Scheduled,,Memberships due for Service,92064,$0.00,TRUE
465754922,8/13/2026,,HVAC Maintenance,Recurring Services: B.F.P. Hvac Maintenance,Scheduled,,Memberships due for Service,92024,$0.00,TRUE
31643521,8/13/2026,,HVAC Maintenance,Recurring Services: B.F.P. Hvac Maintenance,Scheduled,Branded Phone Number,Local 619,92037,$0.00,TRUE
31583292,8/13/2026,,HVAC Maintenance,Recurring Services: B.F.P. Hvac Maintenance,Scheduled,,Memberships due for Service,92109,$0.00,TRUE
1073997877,8/14/2026,,HVAC Maintenance,Recurring Services: B.F.P. Hvac Maintenance,Scheduled,Organic Search,Chat - Service Titan,92037,$0.00,TRUE
50130908,8/18/2026,,HVAC Maintenance,Recurring Services: B.F.P. Hvac Maintenance,Scheduled,CSR Outbound,$1 OUTBOUND (use this for out-bounding),92108,$0.00,TRUE
50130908,8/18/2026,,HVAC Maintenance,Recurring Services: B.F.P. Hvac Maintenance,Scheduled,CSR Outbound,$1 OUTBOUND (use this for out-bounding),92126,$0.00,TRUE
911961309,8/18/2026,,HVAC Maintenance,Recurring Services: B.F.P. Hvac Maintenance,Scheduled,CSR Outbound,$1 OUTBOUND (use this for out-bounding),92124,$0.00,TRUE
1074714114,8/20/2026,,HVAC Maintenance,Recurring Services: B.F.P. Hvac Maintenance,Scheduled,,BFP HVAC Maintenance SMS 2026,92128,$0.00,TRUE
66217931,8/20/2026,,HVAC Maintenance,Recurring Services: B.F.P. Hvac Maintenance,Scheduled,,Memberships due for Service,92037,$0.00,TRUE
93616090,8/20/2026,,HVAC Maintenance,Recurring Services: B.F.P. Hvac Maintenance,Scheduled,Email,Legacy Email Marketing Multiple Offers,91914,$0.00,TRUE
93616090,8/20/2026,,HVAC Maintenance,Recurring Services: B.F.P. Hvac Maintenance,Scheduled,Branded Phone Number,Local 619,91914,$0.00,TRUE
269325971,8/20/2026,,HVAC Maintenance,Recurring Services: B.F.P. Hvac Maintenance,Scheduled,,Memberships due for Service,92128,$0.00,TRUE
31564672,8/20/2026,,HVAC Maintenance,Recurring Services: B.F.P. Hvac Maintenance,Scheduled,Branded Phone Number,Local 619,91941,$0.00,TRUE
60294178,8/20/2026,,HVAC Maintenance,Recurring Services: B.F.P. Hvac Maintenance,Scheduled,Branded Phone Number,Local 619,92106,$0.00,TRUE
31731863,8/21/2026,,HVAC Maintenance,Recurring Services: B.F.P. Hvac Maintenance,Scheduled,,Memberships due for Service,92104,$0.00,TRUE
31642008,8/21/2026,,HVAC Maintenance,Recurring Services: B.F.P. Hvac Maintenance,Scheduled,,BFP HVAC Maintenance SMS 2026,92119,$0.00,TRUE
51429035,8/21/2026,,HVAC Maintenance,Recurring Services: B.F.P. Hvac Maintenance,Scheduled,Outbound SMS,ST Outbound Text Lines,91977,$0.00,TRUE
31537393,8/21/2026,,HVAC Maintenance,Recurring Services: B.F.P. Hvac Maintenance,Scheduled,,Memberships due for Service,91945,$0.00,TRUE
31725856,8/21/2026,,HVAC Maintenance,Recurring Services: B.F.P. Hvac Maintenance,Scheduled,,Memberships due for Service,92131,$0.00,TRUE
52075041,8/21/2026,,HVAC Maintenance,Recurring Services: B.F.P. Hvac Maintenance,Scheduled,Yelp,Yelp,92110,$0.00,TRUE
31642386,8/21/2026,,HVAC Maintenance,Recurring Services: B.F.P. Hvac Maintenance,Scheduled,CSR Outbound,$1 OUTBOUND (use this for out-bounding),92131,$0.00,TRUE
265863774,8/21/2026,,HVAC Maintenance,Recurring Services: B.F.P. Hvac Maintenance,Scheduled,,Memberships due for Service,92027,$0.00,TRUE
478465906,8/21/2026,,HVAC Maintenance,Recurring Services: B.F.P. Hvac Maintenance,Scheduled,,Memberships due for Service,92065,$0.00,TRUE
478465906,8/21/2026,,HVAC Maintenance,Recurring Services: B.F.P. Hvac Maintenance,Scheduled,,Memberships due for Service,92065,$0.00,TRUE
370319572,8/21/2026,,HVAC Maintenance,Recurring Services: B.F.P. Hvac Maintenance,Scheduled,,Memberships due for Service,92118,$0.00,TRUE
66187761,8/21/2026,,HVAC Maintenance,Recurring Services: B.F.P. Hvac Maintenance,Scheduled,Direct Web Traffic,BHP - Poway - Local Search Ad,92108,$0.00,TRUE
287546725,8/10/2026,,Plumbing Maintenance,Recurring Services: B.F.P. Water Heater/Tankless Flush,Scheduled,CSR Outbound,$1 OUTBOUND (use this for out-bounding),92118,$0.00,TRUE
913819024,8/10/2026,8/21/2026,Plumbing Maintenance,Recurring Services: B.F.P. Water Heater/Tankless Flush,Completed,,Memberships due for Service,92064,$0.00,TRUE
46867375,8/10/2026,,Plumbing Maintenance,Recurring Services: B.F.P. Water Heater/Tankless Flush,Scheduled,Outbound SMS,ST Outbound Text Lines,91977,$0.00,TRUE
31732346,8/10/2026,,Plumbing Maintenance,Recurring Services: B.F.P. Water Heater/Tankless Flush,Scheduled,PPC,Google | Search | Plumbing,92107,$0.00,TRUE
275080652,8/10/2026,,Plumbing Maintenance,Recurring Services: B.F.P. Water Heater/Tankless Flush,Scheduled,Branded Phone Number,Local 619,92128,$0.00,TRUE
31619471,8/10/2026,,Plumbing Maintenance,Recurring Services: B.F.P. Water Heater/Tankless Flush,Scheduled,,Memberships due for Service,92106,$0.00,TRUE
31557098,8/10/2026,,Plumbing Maintenance,Recurring Services: B.F.P. Water Heater/Tankless Flush,Scheduled,,Memberships due for Service,92069,$0.00,TRUE
31602321,8/11/2026,,Plumbing Maintenance,Recurring Services: B.F.P. Water Heater/Tankless Flush,Scheduled,CSR Outbound,$1 OUTBOUND (use this for out-bounding),92110,$0.00,TRUE
31561641,8/11/2026,8/11/2026,Plumbing Maintenance,Recurring Services: B.F.P. Water Heater/Tankless Flush,Canceled,Google Business Profiles,GMB_SanDiego,92064,$0.00,TRUE
358362318,8/12/2026,,Plumbing Maintenance,Recurring Services: B.F.P. Water Heater/Tankless Flush,Scheduled,,BFP Water Heater Maintenance SMS 2026,92128,$0.00,TRUE
31607410,8/13/2026,,Plumbing Maintenance,Recurring Services: B.F.P. Water Heater/Tankless Flush,Scheduled,PPC,Google | Search | Brand,92130,$0.00,TRUE
479772982,8/14/2026,8/21/2026,Plumbing Maintenance,Recurring Services: B.F.P. Water Heater/Tankless Flush,Completed,,Memberships due for Service,92130,$0.00,TRUE
31616932,8/14/2026,,Plumbing Maintenance,Recurring Services: B.F.P. Water Heater/Tankless Flush,Scheduled,Branded Phone Number,Local 619,92071,$0.00,TRUE
31595238,8/14/2026,,Plumbing Maintenance,Recurring Services: B.F.P. Water Heater/Tankless Flush,Scheduled,Branded Phone Number,Local 619,92103,$0.00,TRUE
255951317,8/17/2026,,Plumbing Maintenance,Recurring Services: B.F.P. Water Heater/Tankless Flush,Scheduled,Branded Phone Number,Local 619,92064,$222.00,TRUE
84510271,8/17/2026,,Plumbing Maintenance,Recurring Services: B.F.P. Water Heater/Tankless Flush,Scheduled,Branded Phone Number,Local 619,92117,$0.00,TRUE
31731518,8/17/2026,,Plumbing Maintenance,Recurring Services: B.F.P. Water Heater/Tankless Flush,Scheduled,CSR Outbound,$1 OUTBOUND (use this for out-bounding),92064,$0.00,TRUE
31559871,8/18/2026,,Plumbing Maintenance,Recurring Services: B.F.P. Water Heater/Tankless Flush,Scheduled,CSR Outbound,$1 OUTBOUND (use this for out-bounding),92129,$0.00,TRUE
31683697,8/19/2026,,Plumbing Maintenance,Recurring Services: B.F.P. Water Heater/Tankless Flush,Scheduled,Branded Phone Number,Local 619,92109,$0.00,TRUE
1128673808,8/20/2026,,Plumbing Maintenance,Recurring Services: B.F.P. Water Heater/Tankless Flush,Scheduled,Organic Search,Google Organic,92091,$0.00,TRUE
255459825,8/21/2026,,Plumbing Maintenance,Recurring Services: B.F.P. Water Heater/Tankless Flush,Scheduled,Branded Phone Number,Local 619,92111,$0.00,TRUE
31642386,8/21/2026,,Plumbing Maintenance,Recurring Services: B.F.P. Water Heater/Tankless Flush,Scheduled,CSR Outbound,$1 OUTBOUND (use this for out-bounding),92131,$0.00,TRUE
473895385,8/21/2026,,Plumbing Maintenance,Recurring Services: B.F.P. Water Heater/Tankless Flush,Scheduled,CSR Outbound,$1 OUTBOUND (use this for out-bounding),92009,$0.00,TRUE
31567572,8/10/2026,8/10/2026,Plumbing Maintenance,Recurring Services: Backflow Test,Completed,Website,Email Contact Form,92113,$0.00,TRUE
93423045,8/10/2026,8/20/2026,Plumbing Maintenance,Recurring Services: Backflow Test,Completed,Branded Phone Number,A1-800-BILL HOWE,92108,$104.00,TRUE
368169203,8/10/2026,8/12/2026,Plumbing Maintenance,Recurring Services: Backflow Test,Completed,Branded Phone Number,Local 619,92067,$127.00,TRUE
483643384,8/10/2026,,Plumbing Maintenance,Recurring Services: Backflow Test,Scheduled,Branded Phone Number,Local 619,92102,$0.00,TRUE
274293556,8/10/2026,,Plumbing Maintenance,Recurring Services: Backflow Test,Scheduled,Google LSA,Google Local Services,92154,$0.00,TRUE
274293556,8/10/2026,,Plumbing Maintenance,Recurring Services: Backflow Test,Scheduled,Google LSA,Google Local Services,92154,$0.00,TRUE
370277991,8/11/2026,,Plumbing Maintenance,Recurring Services: Backflow Test,Scheduled,CSR Outbound,$1 OUTBOUND (use this for out-bounding),92154,$0.00,TRUE
31605869,8/11/2026,,Plumbing Maintenance,Recurring Services: Backflow Test,Scheduled,Branded Phone Number,Local 619,92103,$0.00,TRUE
31691893,8/11/2026,,Plumbing Maintenance,Recurring Services: Backflow Test,Scheduled,Google Business Profiles,GMB_SanDiego,92154,$0.00,TRUE
31564138,8/11/2026,8/20/2026,Plumbing Maintenance,Recurring Services: Backflow Test,Completed,Email,Legacy Email Marketing Multiple Offers,92105,$0.00,TRUE
370277991,8/11/2026,,Plumbing Maintenance,Recurring Services: Backflow Test,Scheduled,CSR Outbound,$1 OUTBOUND (use this for out-bounding),92154,$0.00,TRUE
60083739,8/11/2026,8/18/2026,Plumbing Maintenance,Recurring Services: Backflow Test,Completed,Branded Phone Number,Local 619,92128,$104.00,TRUE
31561821,8/11/2026,8/17/2026,Plumbing Maintenance,Recurring Services: Backflow Test,Completed,Website,Email Contact Form,92104,$104.00,TRUE
1124652303,8/13/2026,8/19/2026,Plumbing Maintenance,Recurring Services: Backflow Test,Completed,Google LSA,Google Local Services,92064,$104.00,TRUE
333331119,8/13/2026,,Plumbing Maintenance,Recurring Services: Backflow Test,Scheduled,Branded Phone Number,Local 619,92064,$0.00,TRUE
304769169,8/17/2026,8/18/2026,Plumbing Maintenance,Recurring Services: Backflow Test,Canceled,Branded Phone Number,Local 619,92101,$0.00,TRUE
63259777,8/18/2026,,Plumbing Maintenance,Recurring Services: Backflow Test,Hold,PPC,Google | Search | Brand,92067,$0.00,TRUE
31567572,8/18/2026,,Plumbing Maintenance,Recurring Services: Backflow Test,Scheduled,Website,Email Contact Form,92113,$0.00,TRUE
480283033,8/19/2026,,Plumbing Maintenance,Recurring Services: Backflow Test,Scheduled,Branded Phone Number,A1-800-BILL HOWE,92064,$0.00,TRUE
343252560,8/19/2026,,Plumbing Maintenance,Recurring Services: Backflow Test,Scheduled,Google Business Profiles,GMB_SanDiego,92154,$0.00,FALSE
31673088,8/21/2026,,Plumbing Maintenance,Recurring Services: Backflow Test,Scheduled,Branded Phone Number,A1-800-BILL HOWE,92127,$0.00,TRUE
1038571617,8/21/2026,,Plumbing Maintenance,Recurring Services: Backflow Test,Scheduled,Branded Phone Number,Local 619,92101,$0.00,TRUE
31635733,8/11/2026,,HVAC Maintenance,Recurring Services: Complimentary Maintenance,Scheduled,Email,Legacy Email Marketing Multiple Offers,92116,$0.00,FALSE
473147772,8/12/2026,,HVAC Maintenance,Recurring Services: Complimentary Maintenance,Scheduled,Google Business Profiles,GMB_SanDiego,91942,$0.00,FALSE
331106505,8/17/2026,,HVAC Maintenance,Recurring Services: Complimentary Maintenance,Scheduled,Branded Phone Number,Local 619,92103,$0.00,FALSE
31647126,8/18/2026,,HVAC Maintenance,Recurring Services: Complimentary Maintenance,Scheduled,Branded Phone Number,A1-800-BILL HOWE,92103,$0.00,FALSE
31635225,8/14/2026,,Plumbing Maintenance,Recurring Services: Jetting,Scheduled,Branded Phone Number,A1-800-BILL HOWE,92106,$2400.00,TRUE
97317635,8/10/2026,,Plumbing Maintenance,Recurring Services: Plumbing Inspection,Scheduled,CSR Outbound,$1 OUTBOUND (use this for out-bounding),92128,$0.00,TRUE
1119229693,8/10/2026,,Plumbing Maintenance,Recurring Services: Plumbing Inspection,Scheduled,PPC,Google | Search | Competitor,91915,$0.00,TRUE
60205611,8/10/2026,,Plumbing Maintenance,Recurring Services: Plumbing Inspection,Scheduled,CSR Outbound,$1 OUTBOUND (use this for out-bounding),92131,$0.00,TRUE
282305570,8/10/2026,,Plumbing Maintenance,Recurring Services: Plumbing Inspection,Scheduled,,Memberships due for Service,91911,$0.00,TRUE
31570406,8/11/2026,,Plumbing Maintenance,Recurring Services: Plumbing Inspection,Scheduled,,Memberships due for Service,92037,$0.00,TRUE
43727520,8/11/2026,,Plumbing Maintenance,Recurring Services: Plumbing Inspection,Scheduled,,Memberships due for Service,92103,$0.00,TRUE
31709644,8/11/2026,,Plumbing Maintenance,Recurring Services: Plumbing Inspection,Scheduled,,BFP Sewer Camera Inspection SMS 2026,91910,$0.00,TRUE
53541450,8/11/2026,,Plumbing Maintenance,Recurring Services: Plumbing Inspection,Scheduled,,Memberships due for Service,92107,$0.00,TRUE
31665493,8/11/2026,,Plumbing Maintenance,Recurring Services: Plumbing Inspection,Scheduled,CSR Outbound,$1 OUTBOUND (use this for out-bounding),92128,$0.00,TRUE
297536044,8/12/2026,,Plumbing Maintenance,Recurring Services: Plumbing Inspection,Scheduled,,Memberships due for Service,92025,$0.00,TRUE
477271882,8/12/2026,,Plumbing Maintenance,Recurring Services: Plumbing Inspection,Scheduled,Email,Legacy Email Marketing Multiple Offers,91915,$0.00,TRUE
31659438,8/12/2026,,Plumbing Maintenance,Recurring Services: Plumbing Inspection,Scheduled,,Memberships due for Service,92116,$0.00,TRUE
31621723,8/13/2026,,Plumbing Maintenance,Recurring Services: Plumbing Inspection,Scheduled,Google LSA,Google Local Services,92106,$0.00,TRUE
31568602,8/13/2026,,Plumbing Maintenance,Recurring Services: Plumbing Inspection,Scheduled,CSR Outbound,$1 OUTBOUND (use this for out-bounding),92129,$0.00,TRUE
42362623,8/13/2026,,Plumbing Maintenance,Recurring Services: Plumbing Inspection,Scheduled,CSR Outbound,$1 OUTBOUND (use this for out-bounding),92131,$0.00,TRUE
61158873,8/13/2026,,Plumbing Maintenance,Recurring Services: Plumbing Inspection,Scheduled,,BFP Plumbing Inspection SMS 2026,92111,$0.00,TRUE
31654801,8/13/2026,6/2/2026,Plumbing Maintenance,Recurring Services: Plumbing Inspection,Completed,,Memberships due for Service,92123,-$179.88,TRUE
83583363,8/13/2026,,Plumbing Maintenance,Recurring Services: Plumbing Inspection,Scheduled,,BFP Sewer Camera Inspection SMS 2026,92128,$0.00,TRUE
31731220,8/14/2026,,Plumbing Maintenance,Recurring Services: Plumbing Inspection,Scheduled,Branded Phone Number,Local 619,92154,$0.00,TRUE
49761335,8/14/2026,,Plumbing Maintenance,Recurring Services: Plumbing Inspection,Scheduled,Branded Phone Number,Local 619,92106,$0.00,TRUE
894792924,8/14/2026,,Plumbing Maintenance,Recurring Services: Plumbing Inspection,Scheduled,CSR Outbound,$1 OUTBOUND (use this for out-bounding),92037,$0.00,TRUE
31699915,8/14/2026,,Plumbing Maintenance,Recurring Services: Plumbing Inspection,Scheduled,CSR Outbound,$1 OUTBOUND (use this for out-bounding),92106,$0.00,TRUE
476566853,8/17/2026,8/20/2026,Plumbing Maintenance,Recurring Services: Plumbing Inspection,Completed,CSR Outbound,$1 OUTBOUND (use this for out-bounding),92109,$0.00,TRUE
31727040,8/17/2026,,Plumbing Maintenance,Recurring Services: Plumbing Inspection,Scheduled,Branded Phone Number,A1-800-BILL HOWE,92014,$0.00,TRUE
313736766,8/17/2026,,Plumbing Maintenance,Recurring Services: Plumbing Inspection,Scheduled,Email,Legacy Email Marketing Multiple Offers,92131,$0.00,TRUE
31547110,8/17/2026,,Plumbing Maintenance,Recurring Services: Plumbing Inspection,Scheduled,Branded Phone Number,A1-800-BILL HOWE,92124,$0.00,TRUE
31603961,8/17/2026,,Plumbing Maintenance,Recurring Services: Plumbing Inspection,Scheduled,CSR Outbound,$1 OUTBOUND (use this for out-bounding),92128,$0.00,TRUE
31712423,8/18/2026,,Plumbing Maintenance,Recurring Services: Plumbing Inspection,Scheduled,,BFP Plumbing Inspection SMS 2026,92117,$0.00,TRUE
476529831,8/18/2026,,Plumbing Maintenance,Recurring Services: Plumbing Inspection,Scheduled,Email,Legacy Email Marketing Multiple Offers,91913,$0.00,TRUE
893611620,8/18/2026,,Plumbing Maintenance,Recurring Services: Plumbing Inspection,Scheduled,,BFP Plumbing Inspection SMS 2026,91977,$0.00,TRUE
483999280,8/18/2026,,Plumbing Maintenance,Recurring Services: Plumbing Inspection,Scheduled,Google Business Profiles,GMB_SanDiego,92037,$0.00,TRUE
313043386,8/18/2026,,Plumbing Maintenance,Recurring Services: Plumbing Inspection,Scheduled,PPC,Google | Search | Brand,92127,$0.00,TRUE
46288524,8/19/2026,,Plumbing Maintenance,Recurring Services: Plumbing Inspection,Scheduled,,Memberships due for Service,92109,$210.00,TRUE
1118788084,8/19/2026,,Plumbing Maintenance,Recurring Services: Plumbing Inspection,Scheduled,Organic Search,Google Organic,92106,$0.00,TRUE
49385151,8/20/2026,,Plumbing Maintenance,Recurring Services: Plumbing Inspection,Scheduled,,Memberships due for Service,92024,$0.00,TRUE
486184014,8/20/2026,,Plumbing Maintenance,Recurring Services: Plumbing Inspection,Scheduled,,Memberships due for Service,92128,$0.00,TRUE
291242309,8/20/2026,,Plumbing Maintenance,Recurring Services: Plumbing Inspection,Scheduled,Email,Legacy Email Marketing Multiple Offers,92075,$0.00,TRUE
373807195,8/21/2026,,Plumbing Maintenance,Recurring Services: Plumbing Inspection,Scheduled,Outbound SMS,ST Outbound Text Lines,92131,$0.00,TRUE
366327256,8/10/2026,,Plumbing Maintenance,Recurring Services: Sewer Camera Inspection,Scheduled,Organic Search,Chat - Service Titan,92024,$0.00,TRUE
327734842,8/10/2026,,Plumbing Maintenance,Recurring Services: Sewer Camera Inspection,Scheduled,Google Business Profiles,GMB_SanDiego,92124,$0.00,TRUE
477478145,8/10/2026,,Plumbing Maintenance,Recurring Services: Sewer Camera Inspection,Scheduled,CSR Outbound,$1 OUTBOUND (use this for out-bounding),92130,$0.00,TRUE
330510132,8/11/2026,,Plumbing Maintenance,Recurring Services: Sewer Camera Inspection,Scheduled,Branded Phone Number,Local 619,92075,$0.00,TRUE
98152516,8/11/2026,,Plumbing Maintenance,Recurring Services: Sewer Camera Inspection,Scheduled,Branded Phone Number,Local 619,92064,$0.00,TRUE
31672172,8/13/2026,,Plumbing Maintenance,Recurring Services: Sewer Camera Inspection,Scheduled,,Memberships due for Service,92024,$0.00,TRUE
63766004,8/13/2026,,Plumbing Maintenance,Recurring Services: Sewer Camera Inspection,Scheduled,,Memberships due for Service,92024,$0.00,TRUE
49761335,8/14/2026,,Plumbing Maintenance,Recurring Services: Sewer Camera Inspection,Scheduled,Branded Phone Number,Local 619,92106,$0.00,TRUE
366167357,8/10/2026,8/17/2026,Plumbing Maintenance,Recurring Services: Tankless Flush,Completed,CSR Outbound,$1 OUTBOUND (use this for out-bounding),92078,$179.88,TRUE
31723299,8/11/2026,,Plumbing Maintenance,Recurring Services: Tankless Flush,Scheduled,CSR Outbound,$1 OUTBOUND (use this for out-bounding),92127,$0.00,TRUE
296265545,8/12/2026,,Plumbing Maintenance,Recurring Services: Tankless Flush,Scheduled,Google Business Profiles,GMB_SanDiego,92126,$0.00,TRUE
249306927,8/12/2026,,Plumbing Maintenance,Recurring Services: Tankless Flush,Scheduled,CSR Outbound,$1 OUTBOUND (use this for out-bounding),91941,$210.00,TRUE
302938306,8/14/2026,,Plumbing Maintenance,Recurring Services: Tankless Flush,Scheduled,CSR Outbound,$1 OUTBOUND (use this for out-bounding),92037,$0.00,TRUE
270119513,8/18/2026,,Plumbing Maintenance,Recurring Services: Tankless Flush,Scheduled,Branded Phone Number,Local 619,92056,$210.00,TRUE
45904810,8/19/2026,,Plumbing Maintenance,Recurring Services: Tankless Flush,Scheduled,Branded Phone Number,Local 619,92124,$210.00,TRUE
352204328,8/19/2026,,Plumbing Maintenance,Recurring Services: Tankless Flush,Scheduled,CSR Outbound,$1 OUTBOUND (use this for out-bounding),92037,$210.00,TRUE
255459825,8/21/2026,8/21/2026,Plumbing Maintenance,Recurring Services: Tankless Flush,Canceled,Branded Phone Number,Local 619,92111,$0.00,TRUE
55204399,8/21/2026,,Plumbing Maintenance,Recurring Services: Tankless Flush,Scheduled,Branded Phone Number,Local 619,92117,$210.00,TRUE
365928030,8/10/2026,8/17/2026,Plumbing Maintenance,Recurring Services: Water Heater Flush,Canceled,Outbound SMS,ST Outbound Text Lines,92154,$0.00,TRUE
254367122,8/11/2026,,Plumbing Maintenance,Recurring Services: Water Heater Flush,Scheduled,CSR Outbound,$1 OUTBOUND (use this for out-bounding),92040,$0.00,TRUE
274632593,8/13/2026,,Plumbing Maintenance,Recurring Services: Water Heater Flush,Scheduled,CSR Outbound,$1 OUTBOUND (use this for out-bounding),92118,$0.00,TRUE
358590048,8/18/2026,,Plumbing Maintenance,Recurring Services: Water Heater Flush,Scheduled,Google Business Profiles,GMB_SanDiego,92040,$0.00,TRUE
271030957,8/18/2026,8/21/2026,Plumbing Maintenance,Recurring Services: Water Heater Flush,Completed,,BFP Water Heater Maintenance SMS 2026,92071,$0.00,TRUE
479947874,8/19/2026,,Plumbing Maintenance,Recurring Services: Water Heater Flush,Scheduled,Branded Phone Number,Local 619,92019,$0.00,TRUE
370600199,8/20/2026,,Plumbing Maintenance,Recurring Services: Water Heater Flush,Scheduled,CSR Outbound,$1 OUTBOUND (use this for out-bounding),92154,$0.00,TRUE
1067792429,8/10/2026,2/11/2026,Plumbing Install,Repipe/Reroute,Completed,Branded Phone Number,A1-800-BILL HOWE,92037,$0.00,TRUE
882772602,8/10/2026,8/4/2026,Plumbing Install,Repipe/Reroute,Completed,PPC,Google | Search | Brand,92025,$0.00,TRUE
1113766841,8/11/2026,8/7/2026,Plumbing Install,Repipe/Reroute,Completed,Google Business Profiles,GMB_SanDiego,92154,-$650.00,TRUE
882772602,8/11/2026,8/4/2026,Plumbing Install,Repipe/Reroute,Completed,PPC,Google | Search | Brand,92025,$0.00,TRUE
368361381,8/11/2026,8/18/2026,Plumbing Install,Repipe/Reroute,Completed,PPC,Google | Search | Brand,91942,$2895.00,TRUE
48924886,8/12/2026,8/14/2026,Plumbing Install,Repipe/Reroute,Completed,Google Business Profiles,GMB_SanDiego,91977,$8597.00,TRUE
1107683380,8/17/2026,7/16/2026,Plumbing Install,Repipe/Reroute,Completed,Google LSA,Google Local Services,92129,$0.00,TRUE
1125520618,8/17/2026,,Plumbing Install,Repipe/Reroute,Hold,Branded Phone Number,Local 619,92111,$4200.00,TRUE
31723044,8/17/2026,8/13/2026,Plumbing Install,Repipe/Reroute,Completed,Branded Phone Number,A1-800-BILL HOWE,92009,$0.00,TRUE
328487220,8/17/2026,8/14/2026,Plumbing Install,Repipe/Reroute,Completed,Branded Phone Number,Local 619,92129,$0.00,TRUE
1124577014,8/18/2026,8/18/2026,Plumbing Install,Repipe/Reroute,Completed,Branded Phone Number,Local 619,92127,$3265.00,TRUE
297918481,8/18/2026,,Plumbing Install,Repipe/Reroute,Hold,Google Business Profiles,GMB_SanDiego,92025,$5390.00,TRUE
31608430,8/18/2026,8/21/2026,Plumbing Install,Repipe/Reroute,Completed,Branded Phone Number,Local 619,92111,$7090.00,TRUE
902469128,8/19/2026,8/7/2026,Plumbing Install,Repipe/Reroute,Completed,Google Business Profiles,GMB_SanDiego,92154,$20274.80,TRUE
48924886,8/19/2026,8/14/2026,Plumbing Install,Repipe/Reroute,Completed,Google Business Profiles,GMB_SanDiego,91977,$0.00,TRUE
84351758,8/20/2026,,Plumbing Install,Repipe/Reroute,Scheduled,PPC,Google | Search | Brand,92124,$6150.00,TRUE
31692299,8/21/2026,,Plumbing Install,Repipe/Reroute,Scheduled,PPC,Google | Search | HVAC,92131,$44800.00,TRUE
31705097,8/22/2026,,Plumbing Install,Repipe/Reroute,Scheduled,PPC,Google | Search | HVAC,92010,$2430.00,TRUE
368361381,8/10/2026,8/11/2026,Plumbing Sales,Repipe/Reroute Estimate,Completed,PPC,Google | Search | Brand,91942,$0.00,FALSE
1124074208,8/11/2026,8/11/2026,Plumbing Sales,Repipe/Reroute Estimate,Completed,Organic Search,Google Organic,92029,$0.00,TRUE
59259327,8/12/2026,8/12/2026,Plumbing Sales,Repipe/Reroute Estimate,Completed,Google Business Profiles,GMB_Poway,92122,$0.00,FALSE
1124710071,8/12/2026,8/17/2026,Plumbing Sales,Repipe/Reroute Estimate,Completed,Branded Phone Number,Local 619,92111,$0.00,TRUE
59259327,8/13/2026,,Plumbing Sales,Repipe/Reroute Estimate,In Progress,Google Business Profiles,GMB_Poway,92122,$41895.00,TRUE
303955801,8/16/2026,8/17/2026,Plumbing Sales,Repipe/Reroute Estimate,Completed,Branded Phone Number,A1-800-BILL HOWE,92131,$0.00,FALSE
1124577014,8/17/2026,8/18/2026,Plumbing Sales,Repipe/Reroute Estimate,Completed,Branded Phone Number,Local 619,92127,$0.00,FALSE
303955801,8/18/2026,8/19/2026,Plumbing Sales,Repipe/Reroute Estimate,Completed,Branded Phone Number,A1-800-BILL HOWE,92131,$950.00,TRUE
1128072299,8/19/2026,8/19/2026,Plumbing Sales,Repipe/Reroute Estimate,Canceled,Branded Phone Number,Local 619,92020,$0.00,FALSE
84351758,8/20/2026,8/21/2026,Plumbing Sales,Repipe/Reroute Estimate,Completed,PPC,Google | Search | Brand,92124,$0.00,FALSE
1129246309,8/22/2026,8/22/2026,Plumbing Sales,Repipe/Reroute Estimate,Canceled,Google Business Profiles,GMB_SanDiego,92129,$0.00,TRUE
31535653,8/10/2026,7/15/2026,Plumbing Service,Reset Toilet,Completed,Outbound SMS,2024 Water Heater/ Tankless Flush SMS Drip,92123,$0.00,TRUE
677811511,8/10/2026,8/10/2026,Plumbing Service,Reset Toilet,Canceled,Yelp,Yelp,92111,$0.00,FALSE
120652,8/10/2026,8/11/2026,Plumbing Service,Reset Toilet,Completed,Email,Legacy Email Marketing Multiple Offers,91902,$189.46,TRUE
31536619,8/11/2026,8/12/2026,Plumbing Service,Reset Toilet,Completed,Tech referral,Tech Referral,92064,$515.20,TRUE
31662438,8/11/2026,8/12/2026,Plumbing Service,Reset Toilet,Completed,Organic Search,Google Organic,92119,$447.00,TRUE
54611541,8/11/2026,8/17/2026,Plumbing Service,Reset Toilet,Completed,Google Business Profiles,GMB_SanDiego,92024,$1870.00,TRUE
1035784787,8/12/2026,8/12/2026,Plumbing Service,Reset Toilet,Completed,Branded Phone Number,A1-800-BILL HOWE,92131,$0.00,FALSE
100993944,8/13/2026,8/13/2026,Plumbing Service,Reset Toilet,Completed,Organic Search,Bing Organic,92128,$698.40,TRUE
31536619,8/13/2026,8/12/2026,Plumbing Service,Reset Toilet,Completed,Tech referral,Tech Referral,92064,-$515.20,TRUE
906051415,8/13/2026,8/19/2026,Plumbing Service,Reset Toilet,Completed,Branded Phone Number,Local 619,92102,$0.00,TRUE
56513499,8/14/2026,8/17/2026,Plumbing Service,Reset Toilet,Completed,Google Business Profiles,GMB_SanDiego,92130,$706.95,TRUE
31594437,8/17/2026,8/18/2026,Plumbing Service,Reset Toilet,Completed,Website,Website Phone Calls,92037,$0.00,FALSE
1038807370,8/17/2026,8/18/2026,Plumbing Service,Reset Toilet,Completed,Google LSA,Google Local Services,92121,$480.88,TRUE
1090464438,8/18/2026,8/19/2026,Plumbing Service,Reset Toilet,Completed,PPC,Google | Search | Brand,92037,$680.00,TRUE
100993944,8/19/2026,8/13/2026,Plumbing Service,Reset Toilet,Completed,Organic Search,Bing Organic,92128,$0.00,TRUE
482727850,8/19/2026,8/20/2026,Plumbing Service,Reset Toilet,Completed,Outbound SMS,ST Outbound Text Lines,92011,$3346.00,TRUE
279859777,8/20/2026,8/21/2026,Plumbing Service,Reset Toilet,Completed,Direct Web Traffic,Direct Web Traffic,91941,$246.00,TRUE
56513499,8/21/2026,8/17/2026,Plumbing Service,Reset Toilet,Completed,Google Business Profiles,GMB_SanDiego,92130,$0.00,TRUE
31564796,8/22/2026,,Plumbing Service,Reset Toilet,Scheduled,Organic Search,Yahoo Organic,92127,$0.00,TRUE
31554631,8/22/2026,,Plumbing Service,Reset Toilet,Scheduled,Branded Phone Number,A1-800-BILL HOWE,92117,$0.00,TRUE
462243735,8/23/2026,,Plumbing Service,Reset Toilet,Scheduled,Yelp,Yelp,92037,$0.00,TRUE
31719108,8/23/2026,,Plumbing Service,Reset Toilet,Scheduled,Branded Phone Number,Local 619,92037,$0.00,TRUE
31564101,8/10/2026,8/10/2026,Lining Install - CA,Sewer Camera,Completed,Branded Phone Number,Local 619,92014,$315.00,TRUE
1116887516,8/10/2026,,Plumbing Service,Sewer Camera,Hold,Google Business Profiles,GMB_SanDiego,92101,$0.00,FALSE
328201495,8/10/2026,8/10/2026,Plumbing Service,Sewer Camera,Canceled,PPC,Google | Search | Brand,92011,$0.00,TRUE
60525370,8/10/2026,8/14/2026,Plumbing Service,Sewer Camera,Completed,Organic Search,Bing Organic,92139,$0.00,FALSE
1115839892,8/10/2026,,Plumbing Service,Sewer Camera,Hold,Branded Phone Number,Local 619,92115,$0.00,TRUE
374400693,8/10/2026,8/10/2026,Plumbing Service,Sewer Camera,Completed,PPC,Google | Search | Brand,92024,$0.00,FALSE
466735816,8/10/2026,8/10/2026,Plumbing Service,Sewer Camera,Completed,Google Business Profiles,GMB_SanDiego,92109,$0.00,FALSE
31589657,8/10/2026,,Plumbing Service,Sewer Camera,Hold,PPC,Google | Search | Brand,92119,$0.00,TRUE
52530322,8/10/2026,8/11/2026,Plumbing Service,Sewer Camera,Completed,PPC,Google | Search | Brand,92115,$315.00,TRUE
31536700,8/10/2026,8/10/2026,Plumbing Service,Sewer Camera,Canceled,Direct Web Traffic,Direct Web Traffic,92008,$0.00,TRUE
59283199,8/10/2026,8/11/2026,Plumbing Service,Sewer Camera,Canceled,PPC,Google | Search | Brand,92109,$0.00,TRUE
31536700,8/10/2026,8/11/2026,Plumbing Service,Sewer Camera,Completed,Direct Web Traffic,Direct Web Traffic,92008,$0.00,TRUE
46935190,8/11/2026,8/17/2026,Plumbing Service,Sewer Camera,Completed,Branded Phone Number,A1-800-BILL HOWE,92122,$0.00,FALSE
31728648,8/11/2026,8/11/2026,Plumbing Service,Sewer Camera,Completed,PPC,Google | Search | Brand,92104,$0.00,TRUE
59724517,8/11/2026,8/11/2026,Plumbing Service,Sewer Camera,Canceled,PPC,Google | Search | Brand,92067,$0.00,TRUE
1123599235,8/11/2026,8/12/2026,Plumbing Service,Sewer Camera,Completed,Google Business Profiles,GMB_SanDiego,92120,$0.00,TRUE
31728648,8/11/2026,8/11/2026,Plumbing Service,Sewer Camera,Completed,PPC,Google | Search | Brand,92104,$0.00,TRUE
1123827626,8/11/2026,8/11/2026,Plumbing Service,Sewer Camera,Completed,Google Business Profiles,GMB_SanDiego,92115,$0.00,TRUE
57980371,8/11/2026,8/11/2026,Plumbing Service,Sewer Camera,Completed,Google Business Profiles,GMB_Poway,92128,$0.00,TRUE
303467652,8/11/2026,8/17/2026,Plumbing Service,Sewer Camera,Completed,PPC,Google | Search | Brand,92037,$0.00,FALSE
31730222,8/11/2026,8/12/2026,Plumbing Service,Sewer Camera,Completed,PPC,Google | Search | Brand,92116,$0.00,TRUE
55181175,8/11/2026,8/11/2026,Plumbing Service,Sewer Camera,Completed,Branded Phone Number,A1-800-BILL HOWE,92117,$0.00,TRUE
85838947,8/11/2026,8/12/2026,Plumbing Service,Sewer Camera,Completed,Direct Mail,Dynamicard June 2026 (Drains + WH),92117,$89.00,TRUE
31560809,8/11/2026,,Plumbing Service,Sewer Camera,Hold,Branded Phone Number,A1-800-BILL HOWE,92105,$0.00,TRUE
1122135836,8/11/2026,8/13/2026,Plumbing Service,Sewer Camera,Completed,PPC,Google | PMAX | Plumbing,92104,$0.00,TRUE
31728648,8/12/2026,8/12/2026,Plumbing Service,Sewer Camera,Completed,PPC,Google | Search | Brand,92115,$0.00,TRUE
31599943,8/12/2026,8/12/2026,Plumbing Service,Sewer Camera,Completed,Branded Phone Number,Local 619,91911,$0.00,FALSE
31577684,8/12/2026,8/12/2026,Plumbing Service,Sewer Camera,Canceled,Organic Search,Bing Organic,92117,$0.00,TRUE
31634943,8/12/2026,8/12/2026,Plumbing Service,Sewer Camera,Completed,Branded Phone Number,Local 619,92130,$0.00,TRUE
44130051,8/12/2026,8/12/2026,Plumbing Service,Sewer Camera,Canceled,Google Business Profiles,GMB_SanDiego,92123,$0.00,TRUE
31612323,8/12/2026,8/12/2026,Plumbing Service,Sewer Camera,Completed,PPC,Google | PMAX | Plumbing,91977,$0.00,FALSE
31710370,8/12/2026,8/12/2026,Plumbing Service,Sewer Camera,Completed,Branded Phone Number,Local 619,92123,$0.00,TRUE
52853564,8/12/2026,8/12/2026,Plumbing Service,Sewer Camera,Completed,Google Business Profiles,GMB_SanDiego,92117,$0.00,FALSE
1124409822,8/12/2026,8/13/2026,Plumbing Service,Sewer Camera,Completed,Google Business Profiles,GMB_SanDiego,92122,$0.00,TRUE
31684645,8/12/2026,8/13/2026,Plumbing Service,Sewer Camera,Completed,Branded Phone Number,A1-800-BILL HOWE,92064,$0.00,TRUE
31683054,8/12/2026,,Plumbing Service,Sewer Camera,Hold,Website,Website Phone Calls,92037,$0.00,TRUE
1124540923,8/12/2026,8/17/2026,Plumbing Service,Sewer Camera,Completed,Branded Phone Number,A1-800-BILL HOWE,92120,$3160.00,TRUE
31730222,8/12/2026,,Plumbing Service,Sewer Camera,Scheduled,PPC,Google | Search | Brand,92116,$0.00,TRUE
49493409,8/13/2026,8/17/2026,Plumbing Service,Sewer Camera,Completed,Branded Phone Number,A1-800-BILL HOWE,92126,$0.00,FALSE
479618818,8/13/2026,8/13/2026,Plumbing Service,Sewer Camera,Completed,Direct Web Traffic,Direct Web Traffic,92108,$0.00,TRUE
272134329,8/13/2026,8/13/2026,Plumbing Service,Sewer Camera,Completed,PPC,Google | Search | Brand,92119,$0.00,FALSE
31582588,8/13/2026,8/14/2026,Plumbing Service,Sewer Camera,Completed,Branded Phone Number,Local 619,92037,$0.00,FALSE
83583363,8/13/2026,8/13/2026,Plumbing Service,Sewer Camera,Canceled,,BFP Sewer Camera Inspection SMS 2026,92128,$0.00,TRUE
301558551,8/13/2026,8/14/2026,Plumbing Service,Sewer Camera,Completed,Google Business Profiles,GMB_SanDiego,92123,$0.00,FALSE
409155939,8/13/2026,8/14/2026,Plumbing Service,Sewer Camera,Completed,Direct Web Traffic,Direct Web Traffic,92119,$0.00,TRUE
31594437,8/13/2026,8/14/2026,Plumbing Service,Sewer Camera,Completed,Website,Website Phone Calls,92037,$0.00,FALSE
258142252,8/13/2026,8/14/2026,Plumbing Service,Sewer Camera,Completed,Email,Legacy Email Marketing Multiple Offers,92119,$0.00,TRUE
31732021,8/13/2026,8/17/2026,Plumbing Service,Sewer Camera,Completed,Google Business Profiles,GMB_SanDiego,92122,$0.00,TRUE
31712278,8/13/2026,8/14/2026,Plumbing Service,Sewer Camera,Completed,Google Business Profiles,GMB_SanDiego,92111,$0.00,FALSE
1115911123,8/14/2026,,Lining Install - CA,Sewer Camera,Scheduled,Tech referral,Tech Referral,92128,$3750.00,TRUE
374593926,8/14/2026,8/14/2026,Plumbing Service,Sewer Camera,Canceled,Google Business Profiles,GMB_SanDiego,92124,$0.00,TRUE
31671854,8/14/2026,8/21/2026,Plumbing Service,Sewer Camera,Completed,PPC,Google | Search | Brand,92117,$0.00,TRUE
1125287433,8/14/2026,8/18/2026,Plumbing Service,Sewer Camera,Completed,PPC,Google | Search | Brand,92037,$291.00,TRUE
31724751,8/14/2026,8/14/2026,Plumbing Service,Sewer Camera,Canceled,Google LSA,Google Local Services,92104,$0.00,FALSE
49375647,8/14/2026,8/14/2026,Plumbing Service,Sewer Camera,Canceled,Outbound SMS,ST Outbound Text Lines,91977,$0.00,TRUE
31606148,8/14/2026,8/14/2026,Plumbing Service,Sewer Camera,Canceled,Branded Phone Number,A1-800-BILL HOWE,92120,$0.00,TRUE
31582588,8/14/2026,,Plumbing Service,Sewer Camera,In Progress,Branded Phone Number,Local 619,92037,$19689.00,TRUE
273887537,8/14/2026,8/17/2026,Plumbing Service,Sewer Camera,Completed,Branded Phone Number,A1-800-BILL HOWE,92037,$0.00,FALSE
1125369941,8/14/2026,8/19/2026,Plumbing Service,Sewer Camera,Completed,Email,2025 Jetter Customers Annual Drip,92116,$0.00,TRUE
903781133,8/14/2026,8/17/2026,Plumbing Service,Sewer Camera,Completed,PPC,Google | Search | Brand,92037,$0.00,FALSE
31589459,8/14/2026,8/14/2026,Plumbing Service,Sewer Camera,Completed,Branded Phone Number,A1-800-BILL HOWE,92109,$0.00,FALSE
355074358,8/14/2026,,Plumbing Service,Sewer Camera,Scheduled,Website,Website Phone Calls,92127,$0.00,TRUE
31711558,8/14/2026,8/19/2026,Plumbing Service,Sewer Camera,Completed,Organic Search,Google Organic,92021,$0.00,TRUE
1125254752,8/14/2026,,Plumbing Service,Sewer Camera,Hold,PPC,Google | Search | Competitor,91932,$0.00,TRUE
282051349,8/15/2026,8/18/2026,Plumbing Service,Sewer Camera,Completed,Branded Phone Number,Local 619,92113,$0.00,TRUE
1125552658,8/15/2026,8/15/2026,Plumbing Service,Sewer Camera,Canceled,Google LSA,Google Local Services,92007,$0.00,TRUE
1125570658,8/15/2026,8/18/2026,Plumbing Service,Sewer Camera,Completed,PPC,Google | Search | Competitor,91913,$0.00,FALSE
1125582753,8/15/2026,8/17/2026,Plumbing Service,Sewer Camera,Completed,External Referral,Referral,92120,$0.00,TRUE
92614201,8/16/2026,8/20/2026,Plumbing Service,Sewer Camera,Completed,Branded Phone Number,A1-800-BILL HOWE,92128,$4800.00,TRUE
310312345,8/17/2026,8/17/2026,Plumbing Service,Sewer Camera,Completed,Google Business Profiles,GMB_SanDiego,92122,$0.00,TRUE
31554590,8/17/2026,8/18/2026,Plumbing Service,Sewer Camera,Completed,Organic Search,DuckDuckGo Organic,92117,$0.00,TRUE
674433419,8/17/2026,,Plumbing Service,Sewer Camera,In Progress,Branded Phone Number,Local 619,92102,$0.00,TRUE
346440037,8/17/2026,8/18/2026,Plumbing Service,Sewer Camera,Completed,Direct Web Traffic,Direct Web Traffic,92111,$0.00,TRUE
31706524,8/17/2026,8/20/2026,Plumbing Service,Sewer Camera,Completed,PPC,Bing | Search | Brand,92117,$0.00,FALSE
1125175650,8/17/2026,8/17/2026,Plumbing Service,Sewer Camera,Completed,PPC,Google | PMAX | Drains,92014,$0.00,FALSE
1126788892,8/17/2026,,Plumbing Service,Sewer Camera,Scheduled,Branded Phone Number,Local 619,91945,$0.00,TRUE
31657834,8/17/2026,8/18/2026,Plumbing Service,Sewer Camera,Completed,Branded Phone Number,Local 619,92109,$0.00,FALSE
1100236591,8/17/2026,8/19/2026,Plumbing Service,Sewer Camera,Completed,PPC,Google | Search | Brand,92064,$0.00,TRUE
269614871,8/17/2026,,Plumbing Service,Sewer Camera,Hold,PPC,Google | Search | Brand,92020,$0.00,TRUE
31720364,8/17/2026,8/18/2026,Plumbing Service,Sewer Camera,Completed,Branded Phone Number,Local 619,92123,$0.00,TRUE
1127181202,8/17/2026,8/18/2026,Plumbing Service,Sewer Camera,Completed,Sameday AI,Sameday AI,92107,$0.00,FALSE
1126788830,8/17/2026,8/21/2026,Plumbing Service,Sewer Camera,Completed,PPC,Google | Search | Brand,92111,$0.00,FALSE
31564376,8/17/2026,,Plumbing Service,Sewer Camera,Hold,Branded Phone Number,Local 619,92109,$0.00,TRUE
31732435,8/18/2026,8/18/2026,Plumbing Service,Sewer Camera,Completed,Google LSA,Google Local Services,92116,$0.00,FALSE
298221093,8/18/2026,8/18/2026,Plumbing Service,Sewer Camera,Completed,Yelp,Yelp,92117,$0.00,TRUE
31705097,8/18/2026,8/21/2026,Plumbing Service,Sewer Camera,Completed,PPC,Google | Search | HVAC,92010,$0.00,FALSE
1127281164,8/18/2026,8/18/2026,Plumbing Service,Sewer Camera,Completed,PPC,Google | Search | Brand,92115,$0.00,FALSE
31676553,8/18/2026,,Plumbing Service,Sewer Camera,Scheduled,Google Business Profiles,GMB_SanDiego,92069,$0.00,TRUE
31594437,8/18/2026,8/19/2026,Plumbing Service,Sewer Camera,Canceled,Website,Website Phone Calls,92037,$0.00,TRUE
1108311410,8/18/2026,8/18/2026,Plumbing Service,Sewer Camera,Completed,Google LSA,Google Local Services,92110,$0.00,TRUE
63406919,8/18/2026,8/19/2026,Plumbing Service,Sewer Camera,Canceled,Google LSA,Google Local Services,92064,$0.00,TRUE
1125175650,8/18/2026,8/20/2026,Plumbing Service,Sewer Camera,Completed,PPC,Google | PMAX | Drains,92014,$0.00,FALSE
46050435,8/18/2026,8/20/2026,Plumbing Service,Sewer Camera,Completed,Google Business Profiles,GMB_SanDiego,92071,$0.00,TRUE
55360492,8/19/2026,8/19/2026,Plumbing Service,Sewer Camera,Canceled,Google Business Profiles,GMB_SanDiego,92067,$0.00,TRUE
92614201,8/19/2026,8/19/2026,Plumbing Service,Sewer Camera,Completed,Branded Phone Number,A1-800-BILL HOWE,92128,$0.00,FALSE
41776483,8/19/2026,8/20/2026,Plumbing Service,Sewer Camera,Completed,CSR Outbound,$1 OUTBOUND (use this for out-bounding),91941,$0.00,TRUE
31658916,8/19/2026,8/20/2026,Plumbing Service,Sewer Camera,Completed,Google Business Profiles,GMB_SanDiego,92103,$0.00,FALSE
31564788,8/20/2026,,Plumbing Service,Sewer Camera,Scheduled,Email,Legacy Email Marketing Multiple Offers,92124,$0.00,TRUE
34531019,8/20/2026,,Plumbing Service,Sewer Camera,Hold,Outbound SMS,ST Outbound Text Lines,91941,$0.00,TRUE
1128392035,8/20/2026,8/20/2026,Plumbing Service,Sewer Camera,Completed,Yelp,Yelp,92103,$0.00,TRUE
298847893,8/20/2026,8/20/2026,Plumbing Service,Sewer Camera,Completed,Branded Phone Number,Local 619,92122,$0.00,FALSE
31665384,8/20/2026,8/20/2026,Plumbing Service,Sewer Camera,Canceled,Google LSA,Google Local Services,92106,$0.00,TRUE
1128110960,8/20/2026,8/20/2026,Plumbing Service,Sewer Camera,Completed,Organic Search,Google Organic,92037,$0.00,FALSE
31665384,8/20/2026,8/20/2026,Plumbing Service,Sewer Camera,Completed,Google LSA,Google Local Services,92106,$0.00,FALSE
320120131,8/20/2026,8/20/2026,Plumbing Service,Sewer Camera,Completed,PPC,Bing | Search | Brand,92123,$0.00,TRUE
1128457541,8/20/2026,8/21/2026,Plumbing Service,Sewer Camera,Completed,Outbound SMS,ST Outbound Text Lines,91941,$0.00,TRUE
31542052,8/20/2026,,Plumbing Service,Sewer Camera,Scheduled,Branded Phone Number,Local 619,92109,$0.00,TRUE
31733408,8/20/2026,,Plumbing Service,Sewer Camera,Hold,Google Business Profiles,GMB_SanDiego,92106,$0.00,TRUE
1075118203,8/20/2026,,Plumbing Service,Sewer Camera,Scheduled,Email,Legacy Email Marketing Multiple Offers,92064,$0.00,TRUE
1128827463,8/21/2026,8/21/2026,Plumbing Service,Sewer Camera,Completed,Direct Web Traffic,Direct Web Traffic,91941,$0.00,TRUE
51970307,8/21/2026,8/21/2026,Plumbing Service,Sewer Camera,Completed,Outbound SMS,ST Outbound Text Lines,92110,$0.00,FALSE
31568524,8/21/2026,,Plumbing Service,Sewer Camera,Scheduled,Branded Phone Number,Local 619,92110,$0.00,TRUE
1127281164,8/21/2026,,Plumbing Service,Sewer Camera,Scheduled,PPC,Google | Search | Brand,92115,$6189.00,TRUE
1125590587,8/22/2026,,Plumbing Service,Sewer Camera,Scheduled,Branded Phone Number,A1-800-BILL HOWE,92008,$0.00,TRUE
1129275415,8/23/2026,,Plumbing Service,Sewer Camera,Scheduled,Organic Search,Google Organic,92064,$0.00,TRUE
1035468088,8/14/2026,8/18/2026,Lining Install - CA,Sewer Camera Post Lining,Completed,Branded Phone Number,A1-800-BILL HOWE,92831,$0.00,TRUE
31550115,8/18/2026,,Lining Install - CA,Sewer Camera Post Lining,Scheduled,Branded Phone Number,A1-800-BILL HOWE,92110,$0.00,TRUE
31684710,8/18/2026,8/19/2026,Lining Install - CA,Sewer Camera Recall/Warranty,Completed,Branded Phone Number,A1-800-BILL HOWE,92128,$0.00,FALSE
325915966,8/11/2026,,Plumbing Service,Sewer Smell,Hold,Google Business Profiles,GMB_SanDiego,92064,$0.00,TRUE
1124409822,8/11/2026,8/12/2026,Plumbing Service,Sewer Smell,Completed,Google Business Profiles,GMB_SanDiego,92122,$0.00,TRUE
31612323,8/11/2026,8/12/2026,Plumbing Service,Sewer Smell,Completed,PPC,Google | PMAX | Plumbing,91977,$0.00,TRUE
31581336,8/13/2026,8/14/2026,Plumbing Service,Sewer Smell,Completed,Google Business Profiles,GMB_SanDiego,92037,$0.00,TRUE
1125175650,8/13/2026,8/17/2026,Plumbing Service,Sewer Smell,Completed,PPC,Google | PMAX | Drains,92014,$0.00,TRUE
346440037,8/14/2026,8/18/2026,Plumbing Service,Sewer Smell,Completed,Direct Web Traffic,Direct Web Traffic,92111,$0.00,TRUE
1125519240,8/15/2026,8/19/2026,Plumbing Service,Sewer Smell,Completed,Yelp,Yelp,92127,$0.00,TRUE
31732435,8/17/2026,8/18/2026,Plumbing Service,Sewer Smell,Completed,Google LSA,Google Local Services,92116,$0.00,FALSE
1090464438,8/17/2026,8/18/2026,Plumbing Service,Sewer Smell,Completed,PPC,Google | Search | Brand,92037,$0.00,TRUE
1090464438,8/18/2026,8/18/2026,Plumbing Service,Sewer Smell,Completed,PPC,Google | Search | Brand,92037,$0.00,FALSE
31730559,8/18/2026,8/18/2026,Plumbing Service,Sewer Smell,Completed,PPC,Google | Search | Brand,92037,$102.00,TRUE
1127948239,8/18/2026,8/19/2026,Plumbing Service,Sewer Smell,Completed,Google Business Profiles,GMB_SanDiego,92127,$0.00,TRUE
375885332,8/19/2026,8/20/2026,Plumbing Service,Sewer Smell,Canceled,Google Business Profiles,GMB_SanDiego,92109,$0.00,TRUE
41709707,8/19/2026,8/19/2026,Plumbing Service,Sewer Smell,Completed,Email,Legacy Email Marketing Multiple Offers,92091,$102.00,TRUE
55360492,8/19/2026,8/19/2026,Plumbing Service,Sewer Smell,Completed,Google Business Profiles,GMB_SanDiego,92067,$0.00,TRUE
375885332,8/19/2026,8/20/2026,Plumbing Service,Sewer Smell,Completed,Branded Phone Number,Local 619,92109,$0.00,TRUE
43204061,8/20/2026,8/21/2026,Plumbing Service,Sewer Smell,Completed,Branded Phone Number,Local 619,92101,$0.00,TRUE
1033867930,8/20/2026,8/20/2026,Plumbing Service,Sewer Smell,Completed,Website,Website Phone Calls,92103,$320.40,TRUE
31629707,8/20/2026,,Plumbing Service,Sewer Smell,Scheduled,Google Business Profiles,GMB_SanDiego,92104,$0.00,TRUE
1118925016,8/10/2026,8/3/2026,Plumbing Service,Slab Leak,Completed,Google Business Profiles,GMB_SanDiego,92116,-$220.00,TRUE
89583325,8/10/2026,8/10/2026,Plumbing Service,Slab Leak,Completed,Branded Phone Number,A1-800-BILL HOWE,92109,$0.00,TRUE
52527073,8/10/2026,8/10/2026,Plumbing Service,Slab Leak,Completed,Google Business Profiles,GMB_SanDiego,92071,$0.00,FALSE
1121338183,8/10/2026,8/19/2026,Plumbing Service,Slab Leak,Completed,Direct Web Traffic,Direct Web Traffic,92119,$0.00,TRUE
48924886,8/10/2026,8/12/2026,Plumbing Service,Slab Leak,Completed,Google Business Profiles,GMB_SanDiego,91977,$0.00,FALSE
258142252,8/11/2026,8/11/2026,Plumbing Service,Slab Leak,Completed,Email,Legacy Email Marketing Multiple Offers,92119,$0.00,TRUE
1124317503,8/11/2026,8/11/2026,Plumbing Service,Slab Leak,Completed,PPC,Google | Search | Brand,92115,$0.00,TRUE
1124463495,8/11/2026,8/18/2026,Plumbing Service,Slab Leak,Completed,Branded Phone Number,A1-800-BILL HOWE,92056,$1635.00,TRUE
31572795,8/11/2026,,Plumbing Service,Slab Leak,Hold,Branded Phone Number,Local 619,92056,$0.00,TRUE
31536456,8/11/2026,8/13/2026,Plumbing Service,Slab Leak,Completed,Branded Phone Number,A1-800-BILL HOWE,92115,$3802.60,TRUE
1119803956,8/12/2026,,Plumbing Service,Slab Leak,Hold,Organic Search,Google Organic,92064,$0.00,TRUE
31715776,8/12/2026,8/18/2026,Plumbing Service,Slab Leak,Completed,Branded Phone Number,Local 619,92083,$0.00,FALSE
1124932712,8/13/2026,8/14/2026,Plumbing Service,Slab Leak,Completed,Google LSA,Google Local Services,92020,$0.00,TRUE
31560686,8/13/2026,8/14/2026,Plumbing Service,Slab Leak,Completed,Branded Phone Number,Local 619,92103,$0.00,FALSE
1125031728,8/13/2026,8/17/2026,Plumbing Service,Slab Leak,Completed,Google LSA,Google Local Services,92128,$0.00,TRUE
31560686,8/13/2026,8/14/2026,Plumbing Service,Slab Leak,Completed,Branded Phone Number,Local 619,92103,$3580.00,TRUE
323510067,8/14/2026,8/14/2026,Plumbing Service,Slab Leak,Completed,Google Business Profiles,GMB_SanDiego,92127,$0.00,FALSE
1122157119,8/14/2026,8/17/2026,Plumbing Service,Slab Leak,Completed,Google Business Profiles,GMB_SanDiego,92117,$0.00,FALSE
1125520618,8/15/2026,8/15/2026,Plumbing Service,Slab Leak,Completed,Branded Phone Number,Local 619,92111,$250.00,TRUE
297918481,8/15/2026,8/17/2026,Plumbing Service,Slab Leak,Completed,Google Business Profiles,GMB_SanDiego,92025,$0.00,FALSE
1125520618,8/16/2026,8/17/2026,Plumbing Service,Slab Leak,Canceled,Branded Phone Number,Local 619,92111,$0.00,TRUE
1122157119,8/17/2026,8/19/2026,Plumbing Service,Slab Leak,Completed,Google Business Profiles,GMB_SanDiego,92117,$12985.00,TRUE
59240735,8/17/2026,8/10/2026,Plumbing Service,Slab Leak,Completed,Direct Web Traffic,Direct Web Traffic,92128,$0.00,TRUE
1100586880,8/18/2026,8/19/2026,Plumbing Service,Slab Leak,Completed,Outbound SMS,ST Outbound Text Lines,92139,$0.00,FALSE
54244105,8/18/2026,,Plumbing Service,Slab Leak,Scheduled,Branded Phone Number,Local 619,92007,$0.00,TRUE
31588059,8/19/2026,8/19/2026,Plumbing Service,Slab Leak,Completed,Outbound SMS,ST Outbound Text Lines,92117,$0.00,FALSE
31588059,8/19/2026,8/19/2026,Plumbing Service,Slab Leak,Completed,Outbound SMS,ST Outbound Text Lines,92117,$4285.00,TRUE
673011024,8/19/2026,8/20/2026,Plumbing Service,Slab Leak,Canceled,Direct Web Traffic,Direct Web Traffic,92123,$0.00,TRUE
31665384,8/20/2026,8/20/2026,Plumbing Service,Slab Leak,Canceled,Google LSA,Google Local Services,92106,$0.00,TRUE
67786192,8/20/2026,8/10/2026,Plumbing Service,Slab Leak,Completed,Outbound SMS,ST Outbound Text Lines,91977,$0.00,TRUE
31536456,8/20/2026,8/13/2026,Plumbing Service,Slab Leak,Completed,Branded Phone Number,A1-800-BILL HOWE,92115,$0.00,TRUE
1128676933,8/20/2026,8/20/2026,Plumbing Service,Slab Leak,Canceled,Google Business Profiles,GMB_SanDiego,92037,$0.00,TRUE
1128600428,8/20/2026,8/21/2026,Plumbing Service,Slab Leak,Completed,PPC,Google | Search | Plumbing,92109,$0.00,FALSE
1128676933,8/20/2026,,Plumbing Service,Slab Leak,In Progress,Google Business Profiles,GMB_SanDiego,92037,$2890.00,TRUE
1128600428,8/20/2026,8/21/2026,Plumbing Service,Slab Leak,In Progress,PPC,Google | Search | Plumbing,92109,$4985.00,TRUE
1128600428,8/20/2026,,Plumbing Service,Slab Leak,In Progress,PPC,Google | Search | Plumbing,92109,$1000.00,TRUE
673011024,8/20/2026,8/21/2026,Plumbing Service,Slab Leak,Canceled,Branded Phone Number,Local 619,92123,$0.00,TRUE
31696692,8/21/2026,8/21/2026,Plumbing Service,Slab Leak,Completed,Branded Phone Number,A1-800-BILL HOWE,92117,$0.00,FALSE
1129013046,8/21/2026,8/21/2026,Plumbing Service,Slab Leak,Completed,Branded Phone Number,A1-800-BILL HOWE,92129,$19865.00,TRUE
31572524,8/21/2026,,Plumbing Service,Slab Leak,Scheduled,Organic Search,DuckDuckGo Organic,92106,$0.00,TRUE
376666322,8/23/2026,,Plumbing Service,Slab Leak,Scheduled,Organic Search,Google Organic,92127,$0.00,TRUE
31717099,8/10/2026,8/13/2026,Plumbing Service,Sump Pump,Completed,Branded Phone Number,Local 619,92104,$2015.00,TRUE
31589057,8/11/2026,8/13/2026,Plumbing Service,Sump Pump,Completed,Organic Search,Google Organic,92025,$424.00,TRUE
1128927198,8/21/2026,8/21/2026,Plumbing Service,Sump Pump,Completed,Google LSA,Google Local Services,92020,$0.00,TRUE
257577037,8/10/2026,8/11/2026,Plumbing Sales,Sump Pump Estimate,Completed,Google Business Profiles,GMB_Poway,92116,$0.00,TRUE
84106072,8/13/2026,8/14/2026,Plumbing Sales,Sump Pump Estimate,Completed,Branded Phone Number,Local 619,92101,$0.00,TRUE
1123698274,8/10/2026,8/11/2026,Plumbing Sales,Tankless Estimate,Completed,Direct Web Traffic,Direct Web Traffic,92114,$0.00,TRUE
306020153,8/11/2026,8/12/2026,Plumbing Sales,Tankless Estimate,Completed,Google Business Profiles,GMB_SanDiego,92106,$0.00,TRUE
979644336,8/11/2026,8/13/2026,Plumbing Sales,Tankless Estimate,Completed,PPC,Google | Search | Brand,92019,$0.00,TRUE
1125035522,8/13/2026,8/13/2026,Plumbing Sales,Tankless Estimate,Completed,Branded Phone Number,Local 619,92040,$0.00,TRUE
1125477377,8/14/2026,8/17/2026,Plumbing Sales,Tankless Estimate,Completed,Direct Web Traffic,Direct Web Traffic,92127,$179.88,TRUE
31648904,8/17/2026,8/17/2026,Plumbing Sales,Tankless Estimate,Completed,Branded Phone Number,Local 619,92106,$0.00,TRUE
1127204186,8/17/2026,,Plumbing Sales,Tankless Estimate,In Progress,Email,Legacy Email Marketing Multiple Offers,92078,$0.00,TRUE
31690233,8/18/2026,8/18/2026,Plumbing Sales,Tankless Estimate,Completed,Google Business Profiles,GMB_SanDiego,92024,$179.88,TRUE
1116114973,8/19/2026,,Plumbing Sales,Tankless Estimate,Scheduled,Branded Phone Number,Local 619,92057,$0.00,TRUE
285136065,8/20/2026,8/20/2026,Plumbing Sales,Tankless Estimate,Completed,Branded Phone Number,Local 619,92118,$0.00,TRUE
882772602,8/20/2026,8/21/2026,Plumbing Sales,Tankless Estimate,Completed,PPC,Google | Search | Brand,92025,$0.00,FALSE
487202285,8/21/2026,8/21/2026,Plumbing Sales,Tankless Estimate,Completed,PPC,Google | PMAX | HVAC,92014,$0.00,FALSE
1128902058,8/21/2026,8/21/2026,Plumbing Sales,Tankless Estimate,Completed,Email,Legacy Email Marketing Multiple Offers,92130,$0.00,TRUE
31674898,8/11/2026,,Plumbing Service,Tankless Flush,Scheduled,Organic Search,Google Organic,92104,$0.00,TRUE
1124933145,8/13/2026,8/14/2026,Plumbing Maintenance,Tankless Flush,Completed,PPC,Bing | Search | HVAC,92118,$0.00,TRUE
357199748,8/14/2026,,Plumbing Maintenance,Tankless Flush,Scheduled,Branded Phone Number,Local 619,91945,$0.00,TRUE
65306818,8/17/2026,,Plumbing Maintenance,Tankless Flush,Scheduled,Branded Phone Number,A1-800-BILL HOWE,92020,$210.00,TRUE
1127690900,8/18/2026,,Plumbing Maintenance,Tankless Flush,Scheduled,Email,Legacy Email Marketing Multiple Offers,92037,$0.00,TRUE
271973344,8/19/2026,,Plumbing Maintenance,Tankless Flush,Scheduled,Branded Phone Number,A1-800-BILL HOWE,92091,$0.00,TRUE
902469128,8/10/2026,7/31/2026,Plumbing Install,Tankless Install,Completed,Google Business Profiles,GMB_SanDiego,92123,$6926.85,TRUE
285136065,8/12/2026,,Plumbing Install,Tankless Install,Hold,Branded Phone Number,Local 619,92118,$2089.00,TRUE
272911724,8/17/2026,8/7/2026,Plumbing Install,Tankless Install,Completed,Branded Phone Number,Local 619,92037,$0.00,TRUE
1125477377,8/17/2026,8/19/2026,Plumbing Install,Tankless Install,Canceled,Direct Web Traffic,Direct Web Traffic,92127,$0.00,TRUE
31690233,8/18/2026,8/21/2026,Plumbing Install,Tankless Install,Completed,Google Business Profiles,GMB_SanDiego,92024,$7000.00,TRUE
31580313,8/21/2026,,Plumbing Install,Tankless Install,Scheduled,Business Directories,Rinnai Listing,92104,$3818.00,TRUE
1064795286,8/21/2026,8/13/2026,Plumbing Install,Tankless Install,Completed,,Offers Roundup August 2026,92029,$0.00,TRUE
487202285,8/21/2026,8/22/2026,Plumbing Install,Tankless Install,Completed,PPC,Google | PMAX | HVAC,92014,$7300.00,TRUE
347155178,8/10/2026,8/11/2026,Plumbing Service,Tankless Service,Completed,Direct Web Traffic,Direct Web Traffic,92129,$0.00,FALSE
31536288,8/10/2026,,Plumbing Service,Tankless Service,Hold,PPC,Google | Search | Brand,92014,$0.00,TRUE
267129615,8/11/2026,8/13/2026,Plumbing Service,Tankless Service,Completed,Google Business Profiles,GMB_SanDiego,92130,$750.00,TRUE
1124077831,8/11/2026,8/13/2026,Plumbing Service,Tankless Service,Completed,Branded Phone Number,A1-800-BILL HOWE,92057,$4995.00,TRUE
267129615,8/12/2026,8/10/2026,Plumbing Service,Tankless Service,Completed,Google Business Profiles,GMB_SanDiego,92130,$0.00,TRUE
31699787,8/12/2026,,Plumbing Service,Tankless Service,Scheduled,Tech referral,Tech Referral,91950,$1167.00,TRUE
1118128750,8/12/2026,8/13/2026,Plumbing Service,Tankless Service,Canceled,Direct Web Traffic,Direct Web Traffic,91950,$0.00,TRUE
1124933145,8/13/2026,8/13/2026,Plumbing Service,Tankless Service,Completed,PPC,Bing | Search | HVAC,92118,$179.88,TRUE
272911724,8/13/2026,8/17/2026,Plumbing Service,Tankless Service,Completed,Branded Phone Number,Local 619,92037,$0.00,FALSE
461037406,8/13/2026,8/19/2026,Plumbing Service,Tankless Service,Completed,Outbound SMS,ST Outbound Text Lines,92130,$4241.10,TRUE
31556785,8/13/2026,8/14/2026,Plumbing Service,Tankless Service,Completed,Branded Phone Number,A1-800-BILL HOWE,91941,$0.00,TRUE
31561641,8/13/2026,8/20/2026,Plumbing Service,Tankless Service,Completed,Google Business Profiles,GMB_SanDiego,92064,$0.00,FALSE
214587,8/13/2026,8/14/2026,Plumbing Service,Tankless Service,Completed,Branded Phone Number,A1-800-BILL HOWE,92127,$220.00,TRUE
465260800,8/14/2026,8/19/2026,Plumbing Service,Tankless Service,Completed,Google Business Profiles,GMB_SanDiego,92009,$0.00,FALSE
1124933145,8/14/2026,8/15/2026,Plumbing Service,Tankless Service,Completed,PPC,Bing | Search | HVAC,92118,$0.00,TRUE
911902964,8/14/2026,8/14/2026,Plumbing Service,Tankless Service,Completed,Business Directories,Rinnai Listing,92129,$0.00,TRUE
483889141,8/14/2026,8/17/2026,Plumbing Service,Tankless Service,Completed,Branded Phone Number,Local 619,92103,$0.00,FALSE
214587,8/14/2026,,Plumbing Service,Tankless Service,Scheduled,Branded Phone Number,A1-800-BILL HOWE,92127,$660.00,TRUE
679735228,8/14/2026,8/17/2026,Plumbing Service,Tankless Service,Completed,Branded Phone Number,A1-800-BILL HOWE,92127,$0.00,TRUE
257051575,8/14/2026,8/14/2026,Plumbing Service,Tankless Service,Canceled,Direct Web Traffic,Direct Web Traffic,92127,$0.00,TRUE
214587,8/14/2026,8/14/2026,Plumbing Service,Tankless Service,Completed,Branded Phone Number,A1-800-BILL HOWE,92127,$0.00,FALSE
311275317,8/15/2026,8/15/2026,Plumbing Service,Tankless Service,Completed,Branded Phone Number,Local 619,91941,$674.00,TRUE
890737020,8/15/2026,8/15/2026,Plumbing Service,Tankless Service,Completed,PPC,Google | Search | Brand,92127,$0.00,FALSE
890737020,8/15/2026,8/15/2026,Plumbing Service,Tankless Service,Completed,PPC,Google | Search | Brand,92127,$2492.00,TRUE
31613120,8/16/2026,8/19/2026,Plumbing Service,Tankless Service,Hold,PPC,Google | Search | Brand,91977,$0.00,TRUE
64717420,8/17/2026,8/19/2026,Plumbing Service,Tankless Service,Completed,Yelp,Yelp,92103,$5727.00,TRUE
1124077831,8/17/2026,8/18/2026,Plumbing Service,Tankless Service,Completed,Branded Phone Number,A1-800-BILL HOWE,92057,$0.00,FALSE
90048962,8/17/2026,8/18/2026,Plumbing Service,Tankless Service,Completed,Organic Search,Google Organic,92130,$199.80,TRUE
231483,8/17/2026,8/19/2026,Plumbing Service,Tankless Service,Completed,Website,Website Phone Calls,92127,$0.00,TRUE
267129615,8/17/2026,8/13/2026,Plumbing Service,Tankless Service,Completed,Google Business Profiles,GMB_SanDiego,92130,$0.00,TRUE
278577425,8/17/2026,8/7/2026,Plumbing Service,Tankless Service,Completed,PPC,Google | Search | Brand,92127,$0.00,TRUE
468396834,8/18/2026,8/21/2026,Plumbing Service,Tankless Service,Completed,PPC,Bing | Search | Brand,92040,$0.00,FALSE
1124077831,8/18/2026,8/13/2026,Plumbing Service,Tankless Service,Completed,Branded Phone Number,A1-800-BILL HOWE,92057,$0.00,TRUE
31580313,8/18/2026,8/19/2026,Plumbing Service,Tankless Service,Completed,Business Directories,Rinnai Listing,92104,$0.00,FALSE
31542074,8/19/2026,8/21/2026,Plumbing Service,Tankless Service,Completed,Branded Phone Number,Local 619,92118,$0.00,FALSE
1124077831,8/19/2026,8/13/2026,Plumbing Service,Tankless Service,Completed,Branded Phone Number,A1-800-BILL HOWE,92057,$0.00,TRUE
316427545,8/19/2026,8/20/2026,Plumbing Service,Tankless Service,Completed,Google Business Profiles,GMB_SanDiego,91915,$0.00,TRUE
1128504811,8/20/2026,,Plumbing Service,Tankless Service,In Progress,Organic Search,Google Organic,92037,$2299.00,TRUE
465260800,8/20/2026,8/20/2026,Plumbing Service,Tankless Service,Completed,Google Business Profiles,GMB_SanDiego,92009,$209.00,TRUE
316427545,8/20/2026,8/20/2026,Plumbing Service,Tankless Service,Completed,Google Business Profiles,GMB_SanDiego,91915,$0.00,FALSE
31712294,8/20/2026,,Plumbing Service,Tankless Service,Scheduled,Website,Website Phone Calls,92131,$0.00,TRUE
101124088,8/20/2026,8/20/2026,Plumbing Service,Tankless Service,Completed,Email,Legacy Email Marketing Multiple Offers,92107,$0.00,TRUE
272911724,8/21/2026,8/17/2026,Plumbing Service,Tankless Service,Completed,Branded Phone Number,Local 619,92037,$0.00,FALSE
292729440,8/21/2026,8/21/2026,Plumbing Service,Tankless Service,Completed,Email,Legacy Email Marketing Multiple Offers,92116,$0.00,TRUE
98585519,8/21/2026,,Plumbing Service,Tankless Service,Scheduled,Outbound SMS,ST Outbound Text Lines,91932,$0.00,TRUE
31675064,8/22/2026,8/22/2026,Plumbing Service,Tankless Service,Canceled,PPC,Google | Search | Brand,92130,$0.00,TRUE
31589673,8/22/2026,8/23/2026,Plumbing Service,Tankless Service,Completed,Branded Phone Number,Local 619,92071,$250.00,TRUE
294269595,8/10/2026,8/13/2026,Plumbing Install,Toilet Install,Completed,Branded Phone Number,A1-800-BILL HOWE,92121,$1450.00,TRUE
1123859878,8/10/2026,8/11/2026,Plumbing Install,Toilet Install,Completed,Branded Phone Number,Local 619,91942,$0.00,TRUE
248891027,8/11/2026,8/12/2026,Plumbing Install,Toilet Install,Completed,Branded Phone Number,A1-800-BILL HOWE,92128,$0.00,TRUE
341178917,8/12/2026,,Plumbing Install,Toilet Install,Hold,Branded Phone Number,A1-800-BILL HOWE,92067,$0.00,TRUE
1080793737,8/12/2026,8/13/2026,Plumbing Install,Toilet Install,Completed,PPC,Google | Search | Brand,92011,$515.10,TRUE
31589937,8/14/2026,8/18/2026,Plumbing Install,Toilet Install,Completed,Organic Search,Google Organic,92019,$190.80,TRUE
31697369,8/16/2026,8/18/2026,Plumbing Install,Toilet Install,Completed,PPC,Google | Search | Brand,92014,$1060.00,TRUE
31725887,8/17/2026,8/18/2026,Plumbing Install,Toilet Install,Completed,Branded Phone Number,Local 619,92131,$1173.00,TRUE
1068324869,8/17/2026,,Plumbing Install,Toilet Install,Scheduled,Branded Phone Number,A1-800-BILL HOWE,92117,$0.00,TRUE
1124585089,8/18/2026,,Plumbing Install,Toilet Install,Scheduled,Google Business Profiles,GMB_SanDiego,92127,$1500.00,TRUE
294269595,8/18/2026,8/13/2026,Plumbing Install,Toilet Install,Completed,Branded Phone Number,A1-800-BILL HOWE,92121,$0.00,TRUE
57762448,8/19/2026,8/19/2026,Plumbing Install,Toilet Install,Canceled,Branded Phone Number,Local 619,92117,$0.00,TRUE
31573784,8/21/2026,,Plumbing Install,Toilet Install,Scheduled,Tech referral,Tech Referral,92130,$0.00,TRUE
322935640,8/10/2026,8/10/2026,Plumbing Service,Toilet Leak,Completed,Direct Mail,Dynamicard Direct Mail July 2025,92122,$0.00,FALSE
1037525720,8/10/2026,8/10/2026,Plumbing Service,Toilet Leak,Completed,Google Business Profiles,GMB_SanDiego,92126,$276.00,TRUE
31552662,8/10/2026,8/11/2026,Plumbing Service,Toilet Leak,Completed,Google Business Profiles,GMB_SanDiego,92101,$175.00,TRUE
31563818,8/10/2026,5/15/2026,Plumbing Service,Toilet Leak,Completed,Website,Email Contact Form,92103,-$69.00,TRUE
297334957,8/10/2026,8/12/2026,Plumbing Service,Toilet Leak,Completed,Google Business Profiles,GMB_SanDiego,92101,$234.60,TRUE
61740121,8/10/2026,8/11/2026,Plumbing Service,Toilet Leak,Completed,PPC,Google | Search | Brand,92071,$265.00,TRUE
480023718,8/10/2026,8/4/2026,Plumbing Service,Toilet Leak,Completed,Branded Phone Number,A1-800-BILL HOWE,92111,$0.00,TRUE
44063073,8/10/2026,8/10/2026,Plumbing Service,Toilet Leak,Canceled,Google Business Profiles,GMB_SanDiego,92040,$0.00,TRUE
31701115,8/10/2026,8/11/2026,Plumbing Service,Toilet Leak,Completed,Branded Phone Number,Local 619,92121,$262.50,TRUE
1116116647,8/10/2026,8/12/2026,Plumbing Service,Toilet Leak,Canceled,Account,Work Order,92007,$0.00,TRUE
98061365,8/10/2026,8/5/2026,Plumbing Service,Toilet Leak,Completed,Google Business Profiles,GMB_SanDiego,92118,$0.00,TRUE
44063073,8/10/2026,8/10/2026,Plumbing Service,Toilet Leak,Canceled,Email,Legacy Email Marketing Multiple Offers,92040,$0.00,TRUE
31552521,8/10/2026,8/5/2026,Plumbing Service,Toilet Leak,Completed,Branded Phone Number,A1-800-BILL HOWE,92021,$0.00,TRUE
31537661,8/10/2026,8/11/2026,Plumbing Service,Toilet Leak,Completed,PPC,Google | Search | Brand,92037,$456.00,TRUE
1123883486,8/10/2026,8/12/2026,Plumbing Service,Toilet Leak,Completed,Organic Search,Google Organic,92129,$1060.00,TRUE
31573784,8/11/2026,8/11/2026,Plumbing Service,Toilet Leak,Completed,Tech referral,Tech Referral,92130,$0.00,TRUE
31542074,8/11/2026,8/12/2026,Plumbing Service,Toilet Leak,Completed,Organic Search,Chat - Service Titan,92118,$248.40,TRUE
31564973,8/11/2026,8/11/2026,Plumbing Service,Toilet Leak,Completed,Google Business Profiles,GMB_SanDiego,92037,$226.32,TRUE
98435460,8/11/2026,8/13/2026,Plumbing Service,Toilet Leak,Completed,Branded Phone Number,Local 619,91910,$0.00,FALSE
377103480,8/11/2026,8/11/2026,Plumbing Service,Toilet Leak,Canceled,Direct Web Traffic,Direct Web Traffic,92115,$0.00,TRUE
31542074,8/11/2026,8/11/2026,Plumbing Service,Toilet Leak,Canceled,Organic Search,Chat - Service Titan,92118,$0.00,TRUE
93606953,8/11/2026,8/13/2026,Plumbing Service,Toilet Leak,Completed,Website,Email Contact Form,92122,$2121.00,TRUE
409353958,8/11/2026,8/12/2026,Plumbing Service,Toilet Leak,Completed,PPC,Google | Search | Brand,92020,$753.00,TRUE
31696206,8/11/2026,8/5/2026,Plumbing Service,Toilet Leak,Completed,Branded Phone Number,Local 619,92121,$0.00,TRUE
31589208,8/11/2026,8/5/2026,Plumbing Service,Toilet Leak,Completed,Google Business Profiles,GMB_SanDiego,92121,$0.00,FALSE
1124317503,8/11/2026,,Plumbing Service,Toilet Leak,Hold,PPC,Google | Search | Brand,92115,$0.00,TRUE
1119229163,8/12/2026,8/12/2026,Plumbing Service,Toilet Leak,Completed,PPC,Google | Search | Brand,92008,$636.00,TRUE
50175786,8/12/2026,8/13/2026,Plumbing Service,Toilet Leak,Completed,Google Business Profiles,GMB_SanDiego,92116,$381.60,TRUE
288088693,8/12/2026,8/14/2026,Plumbing Service,Toilet Leak,Completed,PPC,Google | Search | Brand,92037,$250.00,TRUE
31725668,8/12/2026,8/12/2026,Plumbing Service,Toilet Leak,Completed,Google Business Profiles,GMB_SanDiego,92115-3741,$500.00,TRUE
1122387242,8/12/2026,,Plumbing Service,Toilet Leak,Hold,Organic Search,Google Organic,92129,$1273.00,TRUE
292801433,8/12/2026,8/13/2026,Plumbing Service,Toilet Leak,Completed,Google Business Profiles,GMB_SanDiego,92103,$265.00,TRUE
31594437,8/13/2026,8/13/2026,Plumbing Service,Toilet Leak,Completed,Website,Website Phone Calls,92037,$1458.00,TRUE
911262373,8/13/2026,8/13/2026,Plumbing Service,Toilet Leak,Completed,Organic Search,Google Organic,92130,$664.00,TRUE
683533661,8/13/2026,8/13/2026,Plumbing Service,Toilet Leak,Canceled,Sameday AI,Sameday AI,92008,$0.00,TRUE
31537614,8/13/2026,8/10/2026,Plumbing Service,Toilet Leak,Completed,Branded Phone Number,A1-800-BILL HOWE,92116,$0.00,TRUE
479089536,8/13/2026,8/13/2026,Plumbing Service,Toilet Leak,Completed,Email,Legacy Email Marketing Multiple Offers,91902,$0.00,TRUE
372739477,8/14/2026,8/17/2026,Plumbing Service,Toilet Leak,Completed,Direct Web Traffic,Direct Web Traffic,92118,$265.00,TRUE
31659286,8/14/2026,8/14/2026,Plumbing Service,Toilet Leak,Completed,Organic Search,Google Organic,92130,$0.00,TRUE
98435460,8/14/2026,8/17/2026,Plumbing Service,Toilet Leak,Completed,Branded Phone Number,Local 619,91910,$467.00,TRUE
59240735,8/14/2026,8/6/2026,Plumbing Service,Toilet Leak,Completed,Branded Phone Number,A1-800-BILL HOWE,92128,-$220.00,TRUE
911262373,8/14/2026,8/17/2026,Plumbing Service,Toilet Leak,Completed,Organic Search,Google Organic,92130,$0.00,FALSE
31635930,8/15/2026,8/18/2026,Plumbing Service,Toilet Leak,Completed,PPC,Google Legacy Campaigns,92139,$4560.00,TRUE
31630437,8/15/2026,8/17/2026,Plumbing Service,Toilet Leak,Completed,Direct Web Traffic,Direct Web Traffic,92014,$246.00,TRUE
487202416,8/15/2026,8/23/2026,Plumbing Service,Toilet Leak,Completed,PPC,Google | PMAX | HVAC,92106,$1039.30,TRUE
31718459,8/15/2026,8/17/2026,Plumbing Service,Toilet Leak,Completed,Google Business Profiles,GMB_SanDiego,92117,$530.00,TRUE
307672484,8/17/2026,8/18/2026,Plumbing Service,Toilet Leak,Canceled,Google LSA,Google Local Services,92119,$0.00,TRUE
31627637,8/17/2026,8/17/2026,Plumbing Service,Toilet Leak,Completed,Email,Legacy Email Marketing Multiple Offers,92037,$473.00,TRUE
31686852,8/17/2026,8/18/2026,Plumbing Service,Toilet Leak,Completed,Google Business Profiles,GMB_SanDiego,92110,$175.00,TRUE
63406919,8/17/2026,8/19/2026,Plumbing Service,Toilet Leak,Completed,Google LSA,Google Local Services,92064,$233.70,TRUE
31667048,8/17/2026,8/18/2026,Plumbing Service,Toilet Leak,Completed,Website,Email Contact Form,91911,$768.00,TRUE
31715990,8/17/2026,8/17/2026,Plumbing Service,Toilet Leak,Completed,Direct Mail,Dynamicard January 2026,92106,$265.00,TRUE
1070070917,8/17/2026,8/17/2026,Plumbing Service,Toilet Leak,Completed,Google LSA,Google Local Services,92118,$0.00,FALSE
57762448,8/17/2026,,Plumbing Service,Toilet Leak,Hold,Branded Phone Number,Local 619,92117,$0.00,TRUE
1127274385,8/17/2026,8/18/2026,Plumbing Service,Toilet Leak,Completed,Direct Mail,Dynamicard Direct Mail September 2025,92009,$1671.00,TRUE
31667048,8/17/2026,8/17/2026,Plumbing Service,Toilet Leak,Canceled,Website,Email Contact Form,91911,$0.00,TRUE
911262373,8/18/2026,8/19/2026,Plumbing Service,Toilet Leak,Completed,Organic Search,Google Organic,92130,$0.00,FALSE
294819102,8/18/2026,8/21/2026,Plumbing Service,Toilet Leak,Completed,Google Business Profiles,GMB_SanDiego,92024,$935.00,TRUE
101784632,8/18/2026,8/19/2026,Plumbing Service,Toilet Leak,Completed,Yelp,Yelp,92037,$467.00,TRUE
64024827,8/18/2026,8/19/2026,Plumbing Service,Toilet Leak,Completed,Branded Phone Number,Local 619,92118,$246.00,TRUE
1123883486,8/18/2026,8/12/2026,Plumbing Service,Toilet Leak,Completed,Organic Search,Google Organic,92129,$0.00,TRUE
93606953,8/18/2026,8/13/2026,Plumbing Service,Toilet Leak,Completed,Website,Email Contact Form,92122,$0.00,TRUE
463142619,8/18/2026,8/18/2026,Plumbing Service,Toilet Leak,Completed,Branded Phone Number,Local 619,92037,$759.00,TRUE
681497556,8/18/2026,8/20/2026,Plumbing Service,Toilet Leak,Completed,Branded Phone Number,Local 619,92113,$0.00,FALSE
911262373,8/19/2026,8/13/2026,Plumbing Service,Toilet Leak,Completed,Organic Search,Google Organic,92130,$0.00,TRUE
31714652,8/19/2026,8/20/2026,Plumbing Service,Toilet Leak,Completed,Branded Phone Number,A1-800-BILL HOWE,92064,$219.60,TRUE
31658040,8/19/2026,8/20/2026,Plumbing Service,Toilet Leak,Completed,CSR Outbound,$1 OUTBOUND (use this for out-bounding),92120,$693.00,TRUE
31568105,8/19/2026,8/20/2026,Plumbing Service,Toilet Leak,Completed,Direct Web Traffic,Direct Web Traffic,92109,$344.00,TRUE
328625810,8/19/2026,8/21/2026,Plumbing Service,Toilet Leak,Completed,Branded Phone Number,A1-800-BILL HOWE,92111,$1595.00,TRUE
1128429500,8/19/2026,8/20/2026,Plumbing Service,Toilet Leak,Completed,PPC,Google | Search | Brand,92064,$0.00,TRUE
1080880509,8/20/2026,8/20/2026,Plumbing Service,Toilet Leak,Completed,PPC,Google | Search | Brand,92025,$255.00,TRUE
481119280,8/20/2026,8/20/2026,Plumbing Service,Toilet Leak,Completed,Website,Website Phone Calls,92127,$1393.00,TRUE
320120131,8/20/2026,8/20/2026,Plumbing Service,Toilet Leak,Completed,PPC,Bing | Search | Brand,92123,$0.00,TRUE
31582121,8/20/2026,8/20/2026,Plumbing Service,Toilet Leak,Completed,Branded Phone Number,A1-800-BILL HOWE,92130,$255.00,TRUE
369989414,8/20/2026,8/21/2026,Plumbing Service,Toilet Leak,Completed,Organic Search,DuckDuckGo Organic,92029,$1338.00,TRUE
31686852,8/20/2026,8/21/2026,Plumbing Service,Toilet Leak,Completed,Google Business Profiles,GMB_SanDiego,92110,$0.00,FALSE
31667915,8/20/2026,8/21/2026,Plumbing Service,Toilet Leak,Completed,CSR Outbound,$1 OUTBOUND (use this for out-bounding),92124,$276.00,TRUE
31598616,8/21/2026,8/21/2026,Plumbing Service,Toilet Leak,Completed,Branded Phone Number,Local 619,92108,$262.50,TRUE
31542074,8/21/2026,8/21/2026,Plumbing Service,Toilet Leak,Completed,Branded Phone Number,Local 619,92118,$0.00,FALSE
50357384,8/22/2026,8/22/2026,Plumbing Service,Toilet Leak,Completed,Branded Phone Number,Local 619,92104,$547.00,TRUE
274974893,8/22/2026,8/22/2026,Plumbing Service,Toilet Leak,Completed,Google Business Profiles,GMB_SanDiego,92118,$250.00,TRUE
31565030,8/22/2026,,Plumbing Service,Toilet Leak,Scheduled,PPC,Google | Search | Brand,92109,$0.00,TRUE
31565419,8/22/2026,8/23/2026,Plumbing Service,Toilet Leak,Completed,Google Business Profiles,GMB_SanDiego,92122,$476.32,TRUE
256838688,8/10/2026,8/10/2026,Plumbing Service,Toilet Stop,Completed,Direct Mail,Dynamicard Direct Mail September 2025,92113,$0.00,TRUE
1038571617,8/10/2026,8/10/2026,Plumbing Service,Toilet Stop,Completed,Branded Phone Number,Local 619,92101,$0.00,FALSE
89583325,8/10/2026,8/11/2026,Plumbing Service,Toilet Stop,Completed,Branded Phone Number,A1-800-BILL HOWE,92109,$0.00,TRUE
31645343,8/10/2026,8/11/2026,Plumbing Service,Toilet Stop,Completed,Branded Phone Number,A1-800-BILL HOWE,92009,$0.00,TRUE
673452134,8/10/2026,8/4/2026,Plumbing Service,Toilet Stop,Completed,PPC,Google | Search | Brand,92111,-$102.00,TRUE
31563430,8/10/2026,8/13/2026,Plumbing Service,Toilet Stop,Completed,Google Business Profiles,GMB_SanDiego,92122,$658.72,TRUE
31595399,8/10/2026,8/12/2026,Plumbing Service,Toilet Stop,Completed,Yelp,Yelp,92109,$411.00,TRUE
1123878627,8/10/2026,8/11/2026,Plumbing Service,Toilet Stop,Canceled,PPC,Google | Search | Brand,92111,$0.00,TRUE
31637453,8/11/2026,8/11/2026,Plumbing Service,Toilet Stop,Completed,Website,Website Phone Calls,92037,$0.00,FALSE
31726556,8/11/2026,7/27/2026,Plumbing Service,Toilet Stop,Completed,Branded Phone Number,Local 619,92027,-$300.00,TRUE
31640765,8/11/2026,8/11/2026,Plumbing Service,Toilet Stop,Completed,Branded Phone Number,A1-800-BILL HOWE,91910,$352.00,TRUE
256242714,8/12/2026,8/12/2026,Plumbing Service,Toilet Stop,Completed,Direct Web Traffic,Direct Web Traffic,92115,$102.00,TRUE
31566178,8/12/2026,8/13/2026,Plumbing Service,Toilet Stop,Completed,Account,Work Order,91942,$102.00,TRUE
31661196,8/12/2026,8/13/2026,Plumbing Service,Toilet Stop,Completed,PPC,Google | Search | Brand,92116,$1273.00,TRUE
31689703,8/12/2026,8/14/2026,Plumbing Service,Toilet Stop,Completed,Branded Phone Number,A1-800-BILL HOWE,92106,$552.00,TRUE
31654427,8/12/2026,8/12/2026,Plumbing Service,Toilet Stop,Canceled,Branded Phone Number,Local 619,92139,$0.00,TRUE
978759655,8/13/2026,8/13/2026,Plumbing Service,Toilet Stop,Completed,PPC,Google | Search | Brand,92131,$2127.00,TRUE
85913603,8/13/2026,8/13/2026,Plumbing Service,Toilet Stop,Completed,Direct Web Traffic,Direct Web Traffic,92128,$175.00,TRUE
31721996,8/13/2026,8/13/2026,Plumbing Service,Toilet Stop,Completed,Branded Phone Number,Local 619,91978,$102.00,TRUE
480375144,8/13/2026,4/24/2026,Plumbing Service,Toilet Stop,Completed,Branded Phone Number,Local 619,91915,-$586.00,TRUE
31712278,8/13/2026,8/14/2026,Plumbing Service,Toilet Stop,Completed,Google Business Profiles,GMB_SanDiego,92111,$523.00,TRUE
249569514,8/13/2026,8/14/2026,Plumbing Service,Toilet Stop,Completed,Branded Phone Number,Local 619,92107,$102.00,TRUE
374593926,8/13/2026,8/14/2026,Plumbing Service,Toilet Stop,Completed,Google Business Profiles,GMB_SanDiego,92124,$0.00,TRUE
257545908,8/13/2026,8/14/2026,Plumbing Service,Toilet Stop,Completed,Direct Web Traffic,Direct Web Traffic,92104,$102.00,TRUE
1125307998,8/14/2026,8/14/2026,Plumbing Service,Toilet Stop,Completed,Sameday AI,Sameday AI,92126,$0.00,TRUE
31657834,8/14/2026,8/18/2026,Plumbing Service,Toilet Stop,Completed,Branded Phone Number,Local 619,92109,$0.00,TRUE
315038483,8/14/2026,8/14/2026,Plumbing Service,Toilet Stop,Completed,Branded Phone Number,Local 619,92008,$102.00,TRUE
355074358,8/14/2026,8/14/2026,Plumbing Service,Toilet Stop,Canceled,Website,Website Phone Calls,92127,$0.00,TRUE
93500057,8/14/2026,8/14/2026,Plumbing Service,Toilet Stop,Completed,Google Business Profiles,GMB_SanDiego,92025,$93.84,TRUE
374593926,8/14/2026,8/17/2026,Plumbing Service,Toilet Stop,Completed,Google Business Profiles,GMB_SanDiego,92124,$175.00,TRUE
31726556,8/14/2026,7/27/2026,Plumbing Service,Toilet Stop,Completed,Branded Phone Number,Local 619,92027,$0.00,TRUE
31538865,8/15/2026,8/15/2026,Plumbing Service,Toilet Stop,Completed,Branded Phone Number,A1-800-BILL HOWE,92037,$352.00,TRUE
31611311,8/15/2026,8/17/2026,Plumbing Service,Toilet Stop,Completed,Organic Search,Google Organic,92122,$0.00,TRUE
909031498,8/16/2026,8/17/2026,Plumbing Service,Toilet Stop,Canceled,PPC,Google | Search | Brand,92130,$0.00,TRUE
909031498,8/16/2026,8/17/2026,Plumbing Service,Toilet Stop,Completed,PPC,Google | Search | Brand,92130,$421.00,TRUE
1126793753,8/16/2026,8/17/2026,Plumbing Service,Toilet Stop,Completed,PPC,Google | Search | Plumbing,92128,$671.00,TRUE
1126788892,8/17/2026,8/17/2026,Plumbing Service,Toilet Stop,Completed,Branded Phone Number,Local 619,91945,$0.00,TRUE
55328426,8/17/2026,8/17/2026,Plumbing Service,Toilet Stop,Completed,Website,Website Phone Calls,92109,$102.00,TRUE
93606953,8/17/2026,8/17/2026,Plumbing Service,Toilet Stop,Completed,Website,Email Contact Form,92037,$161.00,TRUE
1126809782,8/17/2026,,Plumbing Service,Toilet Stop,Hold,Google Business Profiles,GMB_SanDiego,92123,$0.00,TRUE
1126825504,8/17/2026,8/17/2026,Plumbing Service,Toilet Stop,Completed,Uncategorized,Uncategorized,92103,$220.00,TRUE
1127207797,8/17/2026,8/17/2026,Plumbing Service,Toilet Stop,Completed,Branded Phone Number,A1-800-BILL HOWE,92106,$0.00,TRUE
31588059,8/17/2026,8/17/2026,Plumbing Service,Toilet Stop,Completed,Outbound SMS,ST Outbound Text Lines,92117,$250.00,TRUE
1127400034,8/17/2026,8/18/2026,Plumbing Service,Toilet Stop,Completed,Sameday AI,Sameday AI,92101,$220.00,TRUE
31640765,8/17/2026,8/17/2026,Plumbing Service,Toilet Stop,Completed,Branded Phone Number,A1-800-BILL HOWE,91910,$382.48,TRUE
31588059,8/18/2026,8/18/2026,Plumbing Service,Toilet Stop,Completed,Outbound SMS,ST Outbound Text Lines,92117,$501.00,TRUE
1066701664,8/18/2026,8/18/2026,Plumbing Service,Toilet Stop,Canceled,Branded Phone Number,Local 619,92124,$0.00,TRUE
1127651020,8/18/2026,8/18/2026,Plumbing Service,Toilet Stop,Completed,Yelp,Yelp,92127,$776.00,TRUE
1127706734,8/18/2026,8/18/2026,Plumbing Service,Toilet Stop,Canceled,Google Business Profiles,GMB_SanDiego,92118,$0.00,TRUE
31572795,8/18/2026,8/19/2026,Plumbing Service,Toilet Stop,Completed,Branded Phone Number,Local 619,92027,$0.00,TRUE
1127400034,8/18/2026,8/21/2026,Plumbing Service,Toilet Stop,Completed,Sameday AI,Sameday AI,92101,$1593.00,TRUE
31637453,8/19/2026,8/5/2026,Plumbing Service,Toilet Stop,Completed,Website,Website Phone Calls,92037,$0.00,FALSE
96778257,8/19/2026,8/19/2026,Plumbing Service,Toilet Stop,Completed,Branded Phone Number,A1-800-BILL HOWE,92126,$102.00,TRUE
68440711,8/19/2026,8/19/2026,Plumbing Service,Toilet Stop,Completed,Email,Legacy Email Marketing Multiple Offers,92123,$487.80,TRUE
978759655,8/19/2026,8/13/2026,Plumbing Service,Toilet Stop,Completed,PPC,Google | Search | Brand,92131,$0.00,TRUE
268607129,8/19/2026,8/20/2026,Plumbing Service,Toilet Stop,Completed,Google Business Profiles,GMB_SanDiego,92067,$0.00,TRUE
31599142,8/19/2026,8/19/2026,Plumbing Service,Toilet Stop,Completed,PPC,Google | Search | Brand,92107,$411.00,TRUE
51970307,8/20/2026,8/21/2026,Plumbing Service,Toilet Stop,Completed,Outbound SMS,ST Outbound Text Lines,92110,$331.00,TRUE
909661816,8/20/2026,8/20/2026,Plumbing Service,Toilet Stop,Completed,Google Business Profiles,GMB_SanDiego,92037,$93.84,TRUE
376380727,8/20/2026,8/20/2026,Plumbing Service,Toilet Stop,Completed,Yelp,Yelp,92024,$425.00,TRUE
31589788,8/20/2026,8/21/2026,Plumbing Service,Toilet Stop,Completed,Direct Web Traffic,Direct Web Traffic,92119,$96.90,TRUE
1128827463,8/20/2026,8/20/2026,Plumbing Service,Toilet Stop,Completed,Direct Web Traffic,Direct Web Traffic,91941,$352.00,TRUE
1129075443,8/21/2026,8/21/2026,Plumbing Service,Toilet Stop,Completed,PPC,Google | Search | Brand,91941,$175.00,TRUE
1129207575,8/21/2026,8/21/2026,Plumbing Service,Toilet Stop,Completed,Branded Phone Number,Local 619,92115,$425.00,TRUE
31684153,8/22/2026,,Plumbing Service,Toilet Stop,Scheduled,Branded Phone Number,A1-800-BILL HOWE,92025,$0.00,TRUE
31618517,8/22/2026,8/23/2026,Plumbing Service,Toilet Stop,Completed,PPC,Google | Search | Brand,92120,$671.00,TRUE
1129222035,8/23/2026,,Plumbing Service,Toilet Stop,Scheduled,PPC,Google | Search | Brand,92037,$0.00,TRUE
298847893,8/23/2026,8/23/2026,Plumbing Service,Toilet Stop,Completed,Branded Phone Number,Local 619,92122,$0.00,TRUE
1108311410,8/23/2026,8/24/2026,Plumbing Service,Toilet Stop,Completed,Google LSA,Google Local Services,92110,$425.00,TRUE
1129273922,8/23/2026,,Plumbing Service,Toilet Stop,Scheduled,Google Business Profiles,GMB_SanDiego,92123,$0.00,TRUE
31723814,8/10/2026,8/12/2026,Plumbing Service,Tub/Shower Faucet,Completed,Branded Phone Number,Local 619,92019,$343.80,TRUE
31716048,8/10/2026,8/14/2026,Plumbing Service,Tub/Shower Faucet,Completed,Email,Legacy Email Marketing Multiple Offers,92009,$398.00,TRUE
278004810,8/10/2026,,Plumbing Service,Tub/Shower Faucet,Hold,Branded Phone Number,Local 619,92029,$0.00,TRUE
31563306,8/10/2026,8/11/2026,Plumbing Service,Tub/Shower Faucet,Completed,Branded Phone Number,A1-800-BILL HOWE,92116,$265.00,TRUE
31724130,8/10/2026,8/10/2026,Plumbing Service,Tub/Shower Faucet,Completed,Direct Web Traffic,Direct Web Traffic,92020,$717.00,TRUE
50306929,8/10/2026,8/10/2026,Plumbing Service,Tub/Shower Faucet,Completed,PPC,Bing | Search | Brand,92110,$530.00,TRUE
50524470,8/10/2026,8/12/2026,Plumbing Service,Tub/Shower Faucet,Completed,PPC,Google | Search | Brand,92118,$2386.00,TRUE
1123678115,8/10/2026,8/11/2026,Plumbing Service,Tub/Shower Faucet,Completed,PPC,Google | Search | Brand,92104,$190.80,TRUE
50306929,8/10/2026,8/10/2026,Plumbing Service,Tub/Shower Faucet,Canceled,PPC,Bing | Search | Brand,92110,$0.00,TRUE
465133064,8/10/2026,8/11/2026,Plumbing Service,Tub/Shower Faucet,Completed,PPC,Google | Search | Brand,92118,$265.00,TRUE
1119629812,8/10/2026,8/5/2026,Plumbing Service,Tub/Shower Faucet,Completed,PPC,Google | Search | Brand,92011,-$22.00,TRUE
64886726,8/10/2026,8/1/2026,Plumbing Service,Tub/Shower Faucet,Completed,PPC,Google | Search | Brand,92071,$0.00,TRUE
484563759,8/11/2026,8/12/2026,Plumbing Service,Tub/Shower Faucet,Completed,Direct Web Traffic,Direct Web Traffic,92108,$0.00,TRUE
44346766,8/11/2026,,Plumbing Service,Tub/Shower Faucet,Hold,Organic Search,Chat - Service Titan,91913,$0.00,TRUE
31645404,8/11/2026,8/12/2026,Plumbing Service,Tub/Shower Faucet,Completed,Google Business Profiles,GMB_SanDiego,92075,$398.00,TRUE
62198894,8/11/2026,8/12/2026,Plumbing Service,Tub/Shower Faucet,Completed,Outbound SMS,ST Outbound Text Lines,91913,$378.10,TRUE
90049273,8/11/2026,8/13/2026,Plumbing Service,Tub/Shower Faucet,Completed,Organic Search,Google Organic,92118,$0.00,FALSE
1072472339,8/11/2026,8/12/2026,Plumbing Service,Tub/Shower Faucet,Completed,Organic Search,Google Organic,92113,$0.00,TRUE
983330483,8/11/2026,8/12/2026,Plumbing Service,Tub/Shower Faucet,Completed,Google Business Profiles,GMB_SanDiego,92037,$0.00,TRUE
31678682,8/11/2026,8/12/2026,Plumbing Service,Tub/Shower Faucet,Completed,Yelp,Yelp,92014,$0.00,TRUE
250694023,8/11/2026,8/12/2026,Plumbing Service,Tub/Shower Faucet,Completed,PPC,Google | Search | Brand,92037,$303.05,TRUE
31696692,8/11/2026,8/12/2026,Plumbing Service,Tub/Shower Faucet,Completed,Branded Phone Number,A1-800-BILL HOWE,92123,$0.00,FALSE
280744632,8/11/2026,8/12/2026,Plumbing Service,Tub/Shower Faucet,Completed,Direct Web Traffic,Direct Web Traffic,92127,$0.00,TRUE
896425738,8/11/2026,8/11/2026,Plumbing Service,Tub/Shower Faucet,Completed,Organic Search,Google Organic,92120,$950.00,TRUE
293878466,8/11/2026,8/12/2026,Plumbing Service,Tub/Shower Faucet,Completed,Branded Phone Number,Local 619,92127,$0.00,FALSE
904831866,8/11/2026,8/14/2026,Plumbing Service,Tub/Shower Faucet,Completed,Google Business Profiles,GMB_SanDiego,92126,$358.20,TRUE
1124607454,8/11/2026,8/14/2026,Plumbing Service,Tub/Shower Faucet,Completed,Direct Web Traffic,Direct Web Traffic,92104,$398.00,TRUE
296325942,8/12/2026,8/17/2026,Plumbing Service,Tub/Shower Faucet,Completed,Email,Legacy Email Marketing Multiple Offers,92116,$2000.00,TRUE
31699787,8/12/2026,8/12/2026,Plumbing Service,Tub/Shower Faucet,Completed,Tech referral,Tech Referral,91950,$220.00,TRUE
462461365,8/12/2026,8/13/2026,Plumbing Service,Tub/Shower Faucet,Completed,Google Business Profiles,GMB_SanDiego,92107,$212.00,TRUE
100480268,8/12/2026,8/7/2026,Plumbing Service,Tub/Shower Faucet,Completed,Branded Phone Number,Local 619,92118,$0.00,TRUE
1124845919,8/12/2026,8/21/2026,Plumbing Service,Tub/Shower Faucet,Completed,Direct Web Traffic,Direct Web Traffic,92111,$0.00,TRUE
50306929,8/12/2026,8/10/2026,Plumbing Service,Tub/Shower Faucet,Completed,PPC,Bing | Search | Brand,92110,$0.00,TRUE
31654427,8/12/2026,8/13/2026,Plumbing Service,Tub/Shower Faucet,Canceled,Google Business Profiles,GMB_SanDiego,92109,$0.00,TRUE
31671308,8/13/2026,8/13/2026,Plumbing Service,Tub/Shower Faucet,Completed,PPC,Google | Search | Brand,92024,$0.00,TRUE
31696692,8/13/2026,8/17/2026,Plumbing Service,Tub/Shower Faucet,Completed,Branded Phone Number,A1-800-BILL HOWE,92123,$398.00,TRUE
1125049785,8/13/2026,8/13/2026,Plumbing Service,Tub/Shower Faucet,Completed,Google Business Profiles,GMB_SanDiego,91932,$0.00,TRUE
31565047,8/13/2026,8/14/2026,Plumbing Service,Tub/Shower Faucet,Completed,Google Business Profiles,GMB_SanDiego,92116,$0.00,TRUE
31678682,8/13/2026,8/17/2026,Plumbing Service,Tub/Shower Faucet,Completed,Yelp,Yelp,92014,$270.00,TRUE
279684770,8/13/2026,,Plumbing Service,Tub/Shower Faucet,Hold,PPC,Google | PMAX | Drains,92037,$0.00,TRUE
31586318,8/13/2026,8/14/2026,Plumbing Service,Tub/Shower Faucet,Completed,Branded Phone Number,A1-800-BILL HOWE,92007,$667.80,TRUE
1125247505,8/14/2026,8/19/2026,Plumbing Service,Tub/Shower Faucet,Completed,PPC,Google | Search | Plumbing,92109,$2242.00,TRUE
90049273,8/14/2026,8/19/2026,Plumbing Service,Tub/Shower Faucet,Completed,Organic Search,Google Organic,92118,$2115.00,TRUE
487072175,8/14/2026,8/14/2026,Plumbing Service,Tub/Shower Faucet,Completed,PPC,Google | Search | Brand,92064,$0.00,TRUE
31563306,8/14/2026,8/11/2026,Plumbing Service,Tub/Shower Faucet,Completed,Branded Phone Number,A1-800-BILL HOWE,92116,$0.00,TRUE
31671854,8/14/2026,8/14/2026,Plumbing Service,Tub/Shower Faucet,Completed,PPC,Google | Search | Brand,92117,$358.20,TRUE
293878466,8/14/2026,8/17/2026,Plumbing Service,Tub/Shower Faucet,Completed,Branded Phone Number,Local 619,92127,$0.00,TRUE
317409931,8/14/2026,8/14/2026,Plumbing Service,Tub/Shower Faucet,Completed,Business Directories,Rinnai Listing,92115,$212.00,TRUE
48924886,8/14/2026,8/15/2026,Plumbing Service,Tub/Shower Faucet,Completed,Google Business Profiles,GMB_SanDiego,91977,$608.20,TRUE
896425738,8/17/2026,8/11/2026,Plumbing Service,Tub/Shower Faucet,Completed,Organic Search,Google Organic,92120,$0.00,TRUE
31564045,8/17/2026,8/18/2026,Plumbing Service,Tub/Shower Faucet,Completed,Branded Phone Number,Local 619,92024,$416.76,TRUE
31583795,8/17/2026,8/18/2026,Plumbing Service,Tub/Shower Faucet,Completed,Yelp,Yelp,92116,$398.00,TRUE
31621746,8/17/2026,8/20/2026,Plumbing Service,Tub/Shower Faucet,Completed,Branded Phone Number,A1-800-BILL HOWE,92130,$398.00,TRUE
1037305493,8/17/2026,8/18/2026,Plumbing Service,Tub/Shower Faucet,Completed,,Plumbing to HVAC Cross Promotion July 2026,92131,$0.00,FALSE
31545755,8/17/2026,8/17/2026,Plumbing Service,Tub/Shower Faucet,Completed,Branded Phone Number,Local 619,92037,$220.00,TRUE
273470915,8/17/2026,8/18/2026,Plumbing Service,Tub/Shower Faucet,Completed,PPC,Google | PMAX | Plumbing,91977,$398.00,TRUE
59074697,8/17/2026,8/17/2026,Plumbing Service,Tub/Shower Faucet,Completed,Branded Phone Number,Local 619,92103,$0.00,TRUE
257193217,8/17/2026,8/10/2026,Plumbing Service,Tub/Shower Faucet,Completed,Yelp,Yelp,92009,$0.00,TRUE
293878466,8/17/2026,8/5/2026,Plumbing Service,Tub/Shower Faucet,Completed,Branded Phone Number,Local 619,92127,$0.00,TRUE
1127524371,8/18/2026,8/18/2026,Plumbing Service,Tub/Shower Faucet,Completed,Direct Web Traffic,Direct Web Traffic,92129,$850.00,TRUE
31564444,8/18/2026,8/18/2026,Plumbing Service,Tub/Shower Faucet,Completed,Branded Phone Number,Local 619,92025,$262.50,TRUE
337511489,8/18/2026,8/19/2026,Plumbing Service,Tub/Shower Faucet,Completed,Branded Phone Number,Local 619,92069,$851.00,TRUE
1127644898,8/18/2026,8/18/2026,Plumbing Service,Tub/Shower Faucet,Completed,PPC,Google | Search | Brand,92128,$982.00,TRUE
31611819,8/18/2026,8/18/2026,Plumbing Service,Tub/Shower Faucet,Completed,PPC,Google | Search | Brand,92120,$530.00,TRUE
31723814,8/18/2026,8/12/2026,Plumbing Service,Tub/Shower Faucet,Completed,Branded Phone Number,Local 619,92019,$0.00,TRUE
31537614,8/18/2026,8/21/2026,Plumbing Service,Tub/Shower Faucet,Completed,Branded Phone Number,A1-800-BILL HOWE,92116,$398.00,TRUE
271973344,8/19/2026,,Plumbing Maintenance,Tub/Shower Faucet,Scheduled,Branded Phone Number,A1-800-BILL HOWE,92091,$0.00,TRUE
465561773,8/19/2026,8/7/2026,Plumbing Service,Tub/Shower Faucet,Completed,Branded Phone Number,Local 619,92106,$0.00,TRUE
1128086829,8/19/2026,8/19/2026,Plumbing Service,Tub/Shower Faucet,Completed,Google Business Profiles,GMB_SanDiego,91915,$0.00,TRUE
1125293888,8/19/2026,,Plumbing Service,Tub/Shower Faucet,Scheduled,Website,Email Contact Form,92110,$0.00,TRUE
1124748438,8/19/2026,8/20/2026,Plumbing Service,Tub/Shower Faucet,Completed,Google Business Profiles,GMB_SanDiego,92131,$1485.00,TRUE
31567298,8/19/2026,8/20/2026,Plumbing Service,Tub/Shower Faucet,Completed,Branded Phone Number,Local 619,92122,$175.00,TRUE
301731989,8/19/2026,8/20/2026,Plumbing Service,Tub/Shower Faucet,Completed,Google Business Profiles,GMB_SanDiego,92037,$209.00,TRUE
1108520408,8/19/2026,8/21/2026,Plumbing Service,Tub/Shower Faucet,Completed,Branded Phone Number,Local 619,92056,$2600.00,TRUE
304911278,8/20/2026,8/12/2026,Plumbing Service,Tub/Shower Faucet,Completed,Organic Search,Chat - Service Titan,92037,$0.00,TRUE
31723299,8/20/2026,8/20/2026,Plumbing Service,Tub/Shower Faucet,Completed,Branded Phone Number,Local 619,92127,$0.00,TRUE
31636388,8/20/2026,,Plumbing Service,Tub/Shower Faucet,In Progress,Yelp,Yelp,92124,$1697.00,TRUE
31684153,8/20/2026,,Plumbing Service,Tub/Shower Faucet,Hold,Google LSA,Google Local Services,92128,$0.00,TRUE
301731989,8/20/2026,,Plumbing Service,Tub/Shower Faucet,Hold,Google Business Profiles,GMB_SanDiego,92037,$1925.00,TRUE
31536700,8/20/2026,8/21/2026,Plumbing Service,Tub/Shower Faucet,Completed,Direct Web Traffic,Direct Web Traffic,92107,$175.00,TRUE
1128837471,8/21/2026,8/21/2026,Plumbing Service,Tub/Shower Faucet,Completed,Direct Web Traffic,Direct Web Traffic,92103,$0.00,TRUE
1120136776,8/21/2026,,Plumbing Service,Tub/Shower Faucet,Hold,Website,Website Phone Calls,92014,$700.00,TRUE
293878466,8/21/2026,8/17/2026,Plumbing Service,Tub/Shower Faucet,Completed,Branded Phone Number,Local 619,92127,$0.00,TRUE
46999187,8/21/2026,,Plumbing Service,Tub/Shower Faucet,Scheduled,Programmatic,StackAdapt / Display,92103,$0.00,TRUE
31565047,8/21/2026,8/14/2026,Plumbing Service,Tub/Shower Faucet,Completed,Google Business Profiles,GMB_SanDiego,92116,$0.00,TRUE
31671854,8/21/2026,8/14/2026,Plumbing Service,Tub/Shower Faucet,Completed,PPC,Google | Search | Brand,92117,$0.00,TRUE
1101085365,8/21/2026,,Plumbing Service,Tub/Shower Faucet,Scheduled,Branded Phone Number,A1-800-BILL HOWE,92021,$848.00,TRUE
271100703,8/21/2026,,Plumbing Service,Tub/Shower Faucet,Scheduled,Google Business Profiles,GMB_SanDiego,92103,$0.00,TRUE
368333749,8/22/2026,,Plumbing Service,Tub/Shower Faucet,Scheduled,Organic Search,Google Organic,92126,$0.00,TRUE
31640426,8/22/2026,,Plumbing Service,Tub/Shower Faucet,Scheduled,Branded Phone Number,A1-800-BILL HOWE,92024,$0.00,TRUE
288256029,8/22/2026,,Plumbing Service,Tub/Shower Faucet,Scheduled,Organic Search,Google Organic,92130,$0.00,TRUE
1129220742,8/23/2026,,Plumbing Service,Tub/Shower Faucet,Scheduled,Organic Search,Google Organic,92131,$0.00,TRUE
31577555,8/23/2026,,Plumbing Service,Tub/Shower Faucet,Scheduled,PPC,Google | Search | Brand,92110,$0.00,TRUE
55181175,8/10/2026,8/11/2026,Plumbing Service,Tub/Shower Stop,Completed,Email,Legacy Email Marketing Multiple Offers,92117,$102.00,TRUE
89583325,8/10/2026,8/13/2026,Plumbing Service,Tub/Shower Stop,Completed,Branded Phone Number,A1-800-BILL HOWE,92114,$144.00,TRUE
1035888216,8/10/2026,8/4/2026,Plumbing Service,Tub/Shower Stop,Completed,Branded Phone Number,A1-800-BILL HOWE,92104,-$102.00,TRUE
31565524,8/10/2026,8/10/2026,Plumbing Service,Tub/Shower Stop,Completed,Branded Phone Number,Local 619,92115,$102.00,TRUE
303467652,8/10/2026,8/14/2026,Plumbing Service,Tub/Shower Stop,Completed,PPC,Google | Search | Brand,92037,$0.00,TRUE
1123609361,8/10/2026,8/11/2026,Plumbing Service,Tub/Shower Stop,Completed,PPC,Google | PMAX | Plumbing,92020,$390.00,TRUE
31593630,8/10/2026,8/11/2026,Plumbing Service,Tub/Shower Stop,Completed,Email,Legacy Email Marketing Multiple Offers,92110,$175.00,TRUE
1123827626,8/10/2026,8/11/2026,Plumbing Service,Tub/Shower Stop,Completed,Google Business Profiles,GMB_SanDiego,92115,$175.00,TRUE
1123875045,8/10/2026,8/11/2026,Plumbing Service,Tub/Shower Stop,Completed,PPC,Google | Search | Brand,92154,$144.00,TRUE
31536317,8/11/2026,8/11/2026,Plumbing Service,Tub/Shower Stop,Completed,Branded Phone Number,Local 619,92129,$144.00,TRUE
31696692,8/11/2026,8/12/2026,Plumbing Service,Tub/Shower Stop,Completed,Branded Phone Number,A1-800-BILL HOWE,92123,$102.00,TRUE
31728648,8/11/2026,8/11/2026,Plumbing Service,Tub/Shower Stop,Completed,PPC,Google | Search | Brand,92115,$250.00,TRUE
31542052,8/12/2026,8/12/2026,Plumbing Service,Tub/Shower Stop,Completed,Branded Phone Number,Local 619,92109,$102.00,TRUE
31620207,8/12/2026,8/13/2026,Plumbing Service,Tub/Shower Stop,Completed,PPC,Bing | Search | Brand,92104,$102.00,TRUE
1124701285,8/12/2026,,Plumbing Service,Tub/Shower Stop,Hold,Google Business Profiles,GMB_Poway,92064,$0.00,TRUE
1124595630,8/12/2026,8/12/2026,Plumbing Service,Tub/Shower Stop,Completed,Yelp,Yelp,92037,$288.00,TRUE
332503109,8/12/2026,8/13/2026,Plumbing Service,Tub/Shower Stop,Completed,Branded Phone Number,Local 619,92037,$102.00,TRUE
284427088,8/13/2026,8/14/2026,Plumbing Service,Tub/Shower Stop,Completed,Google Business Profiles,GMB_SanDiego,92117,$0.00,TRUE
1037305493,8/13/2026,8/10/2026,Plumbing Service,Tub/Shower Stop,Completed,,Plumbing to HVAC Cross Promotion July 2026,92131,$0.00,TRUE
249846196,8/13/2026,8/14/2026,Plumbing Service,Tub/Shower Stop,Completed,Direct Web Traffic,Direct Web Traffic,92037,$93.84,TRUE
31728648,8/13/2026,8/13/2026,Plumbing Service,Tub/Shower Stop,Completed,PPC,Google | Search | Brand,92104,$352.00,TRUE
57734948,8/14/2026,,Plumbing Service,Tub/Shower Stop,Hold,Google Business Profiles,GMB_SanDiego,92101,$0.00,TRUE
1070536170,8/14/2026,8/14/2026,Plumbing Service,Tub/Shower Stop,Completed,Google Business Profiles,GMB_SanDiego,92101,$182.00,TRUE
1125290587,8/14/2026,8/14/2026,Plumbing Service,Tub/Shower Stop,Completed,PPC,Google | Search | Brand,92021,$144.00,TRUE
31589657,8/15/2026,8/15/2026,Plumbing Service,Tub/Shower Stop,Canceled,PPC,Google | Search | Brand,92102,$0.00,TRUE
481522036,8/15/2026,8/15/2026,Plumbing Service,Tub/Shower Stop,Completed,Google LSA,Google Local Services,91945,$379.60,TRUE
31662786,8/15/2026,8/17/2026,Plumbing Service,Tub/Shower Stop,Completed,Branded Phone Number,Local 619,91914,$102.00,TRUE
1072569364,8/16/2026,8/17/2026,Plumbing Service,Tub/Shower Stop,Completed,Branded Phone Number,Local 619,92109,$132.48,TRUE
41620075,8/17/2026,8/17/2026,Plumbing Service,Tub/Shower Stop,Completed,Branded Phone Number,Local 619,92104,$93.84,TRUE
31687287,8/17/2026,8/17/2026,Plumbing Service,Tub/Shower Stop,Completed,CSR Outbound,$1 OUTBOUND (use this for out-bounding),92106,$407.00,TRUE
31573125,8/17/2026,8/18/2026,Plumbing Service,Tub/Shower Stop,Completed,Direct Web Traffic,Direct Web Traffic,92129,$175.00,TRUE
326977561,8/17/2026,8/17/2026,Plumbing Service,Tub/Shower Stop,Completed,Google Business Profiles,GMB_SanDiego,91913,$206.10,TRUE
31698684,8/17/2026,8/17/2026,Plumbing Service,Tub/Shower Stop,Completed,Email,Legacy Email Marketing Multiple Offers,91941,$102.00,TRUE
31572795,8/17/2026,8/20/2026,Plumbing Service,Tub/Shower Stop,Completed,Branded Phone Number,Local 619,92107,$182.00,TRUE
290981923,8/17/2026,8/18/2026,Plumbing Service,Tub/Shower Stop,Completed,Google Business Profiles,GMB_SanDiego,92067,$144.00,TRUE
101788017,8/18/2026,8/19/2026,Plumbing Service,Tub/Shower Stop,Completed,Branded Phone Number,A1-800-BILL HOWE,92109,$102.00,TRUE
67221325,8/18/2026,8/18/2026,Plumbing Service,Tub/Shower Stop,Completed,Google Business Profiles,GMB_SanDiego,92116,$102.00,TRUE
31571158,8/18/2026,8/18/2026,Plumbing Service,Tub/Shower Stop,Completed,Email,Legacy Email Marketing Multiple Offers,92115,$0.00,TRUE
465484849,8/19/2026,8/19/2026,Plumbing Service,Tub/Shower Stop,Completed,Google Business Profiles,GMB_SanDiego,92117,$421.00,TRUE
256121985,8/19/2026,,Plumbing Service,Tub/Shower Stop,Hold,Google Business Profiles,GMB_SanDiego,92020,$0.00,TRUE
50592164,8/19/2026,8/19/2026,Plumbing Service,Tub/Shower Stop,Completed,Organic Search,DuckDuckGo Organic,92071,$102.00,TRUE
34531019,8/19/2026,8/19/2026,Plumbing Service,Tub/Shower Stop,Completed,Outbound SMS,ST Outbound Text Lines,91941,$102.00,TRUE
1128457541,8/20/2026,8/20/2026,Plumbing Service,Tub/Shower Stop,Completed,Email,Legacy Email Marketing Multiple Offers,91941,$144.00,TRUE
297253137,8/20/2026,8/20/2026,Plumbing Service,Tub/Shower Stop,Completed,Email,Legacy Email Marketing Multiple Offers,92109,$144.00,TRUE
320503137,8/20/2026,,Plumbing Service,Tub/Shower Stop,Scheduled,PPC,Google | Search | Brand,92103,$0.00,TRUE
99063169,8/20/2026,,Plumbing Service,Tub/Shower Stop,Scheduled,Google Business Profiles,GMB_SanDiego,92126,$0.00,TRUE
1128836457,8/21/2026,8/21/2026,Plumbing Service,Tub/Shower Stop,Completed,PPC,Google | PMAX | Plumbing,92103,$0.00,TRUE
334548525,8/21/2026,8/21/2026,Plumbing Service,Tub/Shower Stop,Completed,Yelp,Yelp,92127,$682.00,TRUE
31696692,8/21/2026,8/21/2026,Plumbing Service,Tub/Shower Stop,Completed,Branded Phone Number,A1-800-BILL HOWE,92123,$102.00,TRUE
31561117,8/21/2026,8/21/2026,Plumbing Service,Tub/Shower Stop,Completed,Branded Phone Number,Local 619,92102,$93.84,TRUE
31653428,8/21/2026,,Plumbing Service,Tub/Shower Stop,Scheduled,PPC,Google Legacy Campaigns,92116,$0.00,TRUE
1129203697,8/21/2026,,Plumbing Service,Tub/Shower Stop,Hold,Branded Phone Number,Local 619,92101,$0.00,TRUE
31623978,8/21/2026,,Plumbing Service,Tub/Shower Stop,Scheduled,Branded Phone Number,Local 619,92117,$0.00,TRUE
271601202,8/23/2026,,Plumbing Service,Tub/Shower Stop,Scheduled,Branded Phone Number,A1-800-BILL HOWE,92007,$0.00,TRUE
320872211,8/10/2026,8/10/2026,Plumbing Service,Upper/Lower Leak,Completed,Organic Search,Google Organic,92113,$0.00,TRUE
1123821833,8/10/2026,8/11/2026,Plumbing Service,Upper/Lower Leak,Completed,PPC,Google | Search | Brand,92027,$0.00,TRUE
253808020,8/11/2026,8/11/2026,Plumbing Service,Upper/Lower Leak,Completed,Email,2025 Jetter Customers Annual Drip,92103,$453.00,TRUE
31667382,8/11/2026,8/11/2026,Plumbing Service,Upper/Lower Leak,Canceled,Branded Phone Number,Local 619,91913,$0.00,TRUE
31667382,8/11/2026,8/11/2026,Plumbing Service,Upper/Lower Leak,Completed,Branded Phone Number,Local 619,91913,$0.00,FALSE
31606144,8/11/2026,8/12/2026,Plumbing Service,Upper/Lower Leak,Completed,Google Business Profiles,GMB_SanDiego,92110,$0.00,TRUE
44032122,8/11/2026,8/11/2026,Plumbing Service,Upper/Lower Leak,Completed,Branded Phone Number,Local 619,92104,$250.00,TRUE
44032122,8/12/2026,8/12/2026,Plumbing Service,Upper/Lower Leak,Canceled,Branded Phone Number,Local 619,92104,$0.00,TRUE
31704711,8/12/2026,,Plumbing Service,Upper/Lower Leak,Hold,Branded Phone Number,A1-800-BILL HOWE,91977,$0.00,TRUE
211387,8/12/2026,8/12/2026,Plumbing Service,Upper/Lower Leak,Completed,Branded Phone Number,A1-800-BILL HOWE,92109,$0.00,FALSE
1124748438,8/12/2026,8/17/2026,Plumbing Service,Upper/Lower Leak,Completed,Google Business Profiles,GMB_SanDiego,92131,$255.00,TRUE
358042368,8/12/2026,8/12/2026,Plumbing Service,Upper/Lower Leak,Completed,Branded Phone Number,Local 619,92024,$424.00,TRUE
31692299,8/12/2026,8/7/2026,Plumbing Service,Upper/Lower Leak,Completed,PPC,Google | Search | HVAC,92131,$0.00,TRUE
65198846,8/12/2026,8/14/2026,Plumbing Service,Upper/Lower Leak,Completed,Google Business Profiles,GMB_SanDiego,92103,$1697.00,TRUE
1124876412,8/12/2026,8/13/2026,Plumbing Service,Upper/Lower Leak,Completed,Google Business Profiles,GMB_Poway,92128,$0.00,FALSE
211387,8/12/2026,8/13/2026,Plumbing Service,Upper/Lower Leak,Completed,Branded Phone Number,A1-800-BILL HOWE,92109,$1751.00,TRUE
358042368,8/12/2026,8/13/2026,Plumbing Service,Upper/Lower Leak,Completed,Branded Phone Number,Local 619,92024,$0.00,TRUE
1124897307,8/12/2026,8/13/2026,Plumbing Service,Upper/Lower Leak,Completed,PPC,Google | PMAX | Drains,92120,$246.00,TRUE
1125166066,8/13/2026,8/14/2026,Plumbing Service,Upper/Lower Leak,Completed,Google Business Profiles,GMB_SanDiego,91913,$0.00,TRUE
1125236200,8/13/2026,8/14/2026,Plumbing Service,Upper/Lower Leak,Completed,Yelp,Yelp,92130,$5334.00,TRUE
1036555161,8/14/2026,8/14/2026,Plumbing Service,Upper/Lower Leak,Completed,Branded Phone Number,Local 619,91915,$589.50,TRUE
1124876412,8/14/2026,8/17/2026,Plumbing Service,Upper/Lower Leak,Completed,Google Business Profiles,GMB_Poway,92128,$1379.00,TRUE
1119898591,8/14/2026,,Plumbing Service,Upper/Lower Leak,Hold,PPC,Google | Search | Brand,92123,$0.00,TRUE
31665948,8/14/2026,8/17/2026,Plumbing Service,Upper/Lower Leak,Completed,PPC,Bing | Search | Brand,92126,$689.00,TRUE
1095208595,8/15/2026,8/15/2026,Plumbing Service,Upper/Lower Leak,Completed,Branded Phone Number,A1-800-BILL HOWE,91913,$669.00,TRUE
31560877,8/17/2026,8/17/2026,Plumbing Service,Upper/Lower Leak,Completed,Branded Phone Number,A1-800-BILL HOWE,92122,$0.00,TRUE
65198846,8/17/2026,8/17/2026,Plumbing Service,Upper/Lower Leak,Completed,Google Business Profiles,GMB_SanDiego,92103,$0.00,FALSE
90324170,8/18/2026,8/19/2026,Plumbing Service,Upper/Lower Leak,Completed,Branded Phone Number,Local 619,92108,$0.00,FALSE
358042368,8/18/2026,8/13/2026,Plumbing Service,Upper/Lower Leak,Completed,Branded Phone Number,Local 619,92024,$0.00,TRUE
211387,8/18/2026,8/13/2026,Plumbing Service,Upper/Lower Leak,Completed,Branded Phone Number,A1-800-BILL HOWE,92109,$0.00,TRUE
337085243,8/19/2026,8/19/2026,Plumbing Service,Upper/Lower Leak,Completed,Google Business Profiles,GMB_SanDiego,92124,$0.00,TRUE
211387,8/19/2026,8/13/2026,Plumbing Service,Upper/Lower Leak,Completed,Branded Phone Number,A1-800-BILL HOWE,92109,$0.00,TRUE
223879,8/19/2026,7/21/2026,Plumbing Service,Upper/Lower Leak,Completed,Branded Phone Number,Local 619,92116,-$100.00,TRUE
90324170,8/20/2026,8/20/2026,Plumbing Service,Upper/Lower Leak,Canceled,Branded Phone Number,Local 619,92108,$0.00,TRUE
1108645420,8/20/2026,,Plumbing Service,Upper/Lower Leak,Hold,Branded Phone Number,Local 619,92104,$0.00,TRUE
98358762,8/20/2026,,Plumbing Service,Upper/Lower Leak,Scheduled,PPC,Bing | Search | Brand,92128,$0.00,TRUE
31537661,8/21/2026,8/21/2026,Plumbing Service,Upper/Lower Leak,Completed,PPC,Google | Search | Brand,92037,$220.00,TRUE
31719803,8/21/2026,,Plumbing Service,Upper/Lower Leak,Scheduled,Google Business Profiles,GMB_SanDiego,92124,$0.00,TRUE
65198846,8/21/2026,8/14/2026,Plumbing Service,Upper/Lower Leak,Completed,Google Business Profiles,GMB_SanDiego,92103,$0.00,FALSE
83582598,8/21/2026,,Plumbing Service,Upper/Lower Leak,Scheduled,Organic Search,Google Organic,92131,$0.00,TRUE
31629868,8/22/2026,8/22/2026,Plumbing Service,Upper/Lower Leak,Completed,Branded Phone Number,A1-800-BILL HOWE,91945,$942.55,TRUE
31588059,8/22/2026,8/23/2026,Plumbing Service,Upper/Lower Leak,Completed,Outbound SMS,ST Outbound Text Lines,92117,$2030.00,TRUE
1129228271,8/22/2026,8/23/2026,Plumbing Service,Upper/Lower Leak,Canceled,Direct Web Traffic,Direct Web Traffic,92128,$0.00,TRUE
474792414,8/10/2026,8/11/2026,Plumbing Service,Urinal Leak,Completed,Email,Legacy Email Marketing Multiple Offers,92122,$0.00,FALSE
1034685727,8/11/2026,8/12/2026,Plumbing Service,Urinal Leak,Completed,PPC,Bing | Search | Brand,92123,$753.00,TRUE
474792414,8/13/2026,,Plumbing Service,Urinal Leak,Hold,Email,Legacy Email Marketing Multiple Offers,92122,$731.25,TRUE
483643384,8/20/2026,8/21/2026,Plumbing Service,Urinal Leak,Completed,Branded Phone Number,Local 619,92102,$318.00,TRUE
294269595,8/10/2026,8/10/2026,Plumbing Service,Urinal Stop,Completed,Branded Phone Number,A1-800-BILL HOWE,92121,$0.00,FALSE
280597952,8/10/2026,8/6/2026,Plumbing Service,Urinal Stop,Completed,Email,Legacy Email Marketing Multiple Offers,92071,$0.00,FALSE
54205727,8/12/2026,8/12/2026,Plumbing Service,Urinal Stop,Completed,Branded Phone Number,Local 619,92025,$187.68,TRUE
1075811360,8/19/2026,8/19/2026,Plumbing Service,Urinal Stop,Completed,Branded Phone Number,A1-800-BILL HOWE,92123,$268.00,TRUE
324195176,8/19/2026,8/19/2026,Plumbing Service,Urinal Stop,Completed,Google Business Profiles,GMB_SanDiego,92122,$525.00,TRUE
1128451038,8/19/2026,8/20/2026,Plumbing Sales,Wall Heater Estimate-Plumbing,Completed,Direct Web Traffic,Direct Web Traffic,92064,$0.00,TRUE
31634202,8/13/2026,8/18/2026,Plumbing Service,Wall Heater Repair-Plumbing,Completed,PPC,Google | Search | Brand,92109,$750.00,TRUE
1127954285,8/18/2026,8/18/2026,Plumbing Service,Wall Heater Repair-Plumbing,Canceled,Branded Phone Number,Local 619,92019,$0.00,TRUE
1127954285,8/18/2026,8/18/2026,Plumbing Service,Wall Heater Repair-Plumbing,Canceled,Branded Phone Number,Local 619,92019,$0.00,TRUE
1080622412,8/13/2026,8/20/2026,Lining Install - NV,Warranty Lining,Completed,Direct Web Traffic,Direct Web Traffic,89104,$0.00,FALSE
31581436,8/17/2026,,Lining Install - CA,Warranty Lining,Scheduled,External Referral,Referral,92093,$0.00,FALSE
481581656,8/11/2026,8/12/2026,Plumbing Sales,Water Filtration Estimate,Canceled,Yelp,Yelp,92131,$0.00,TRUE
265474198,8/12/2026,8/14/2026,Plumbing Sales,Water Filtration Estimate,Completed,Branded Phone Number,Local 619,92128,$0.00,TRUE
1103053484,8/13/2026,8/19/2026,Plumbing Sales,Water Filtration Estimate,Completed,Direct Web Traffic,Direct Web Traffic,92126,$0.00,TRUE
368675388,8/13/2026,8/17/2026,Plumbing Sales,Water Filtration Estimate,Completed,CSR Outbound,$1 OUTBOUND (use this for out-bounding),92126,$0.00,TRUE
1125086302,8/13/2026,8/13/2026,Plumbing Sales,Water Filtration Estimate,Completed,Sameday AI,Sameday AI,92067,$0.00,TRUE
1125129873,8/13/2026,8/14/2026,Plumbing Sales,Water Filtration Estimate,Completed,PPC,Google | Search | Brand,92064,$0.00,TRUE
1108520408,8/13/2026,8/19/2026,Plumbing Sales,Water Filtration Estimate,Completed,Branded Phone Number,Local 619,92056,$0.00,TRUE
345003490,8/14/2026,,Plumbing Sales,Water Filtration Estimate,Hold,PPC,Google | Search | Brand,92054,$0.00,TRUE
337340581,8/14/2026,8/17/2026,Plumbing Sales,Water Filtration Estimate,Completed,Google Business Profiles,GMB_SanDiego,92067,$0.00,TRUE
274431098,8/19/2026,,Plumbing Sales,Water Filtration Estimate,Scheduled,Branded Phone Number,Local 619,92025,$9860.00,TRUE
31613314,8/19/2026,,Plumbing Sales,Water Filtration Estimate,Hold,Outbound SMS,ST Outbound Text Lines,92011,$0.00,TRUE
31671886,8/12/2026,8/10/2026,Plumbing Install,Water Filtration Install,Completed,PPC,Bing | Search | Brand,92024,$0.00,TRUE
265474198,8/14/2026,8/14/2026,Plumbing Install,Water Filtration Install,Completed,Branded Phone Number,Local 619,92128,$9380.00,TRUE
265474198,8/14/2026,8/17/2026,Plumbing Install,Water Filtration Install,Canceled,Branded Phone Number,Local 619,92128,$0.00,FALSE
31597500,8/14/2026,8/20/2026,Plumbing Service,Water Filtration Install,Completed,Branded Phone Number,Local 619,92103,$244.00,TRUE
31664468,8/17/2026,8/18/2026,Plumbing Install,Water Filtration Install,Completed,Branded Phone Number,A1-800-BILL HOWE,91941,$4000.00,TRUE
483999280,8/18/2026,8/19/2026,Plumbing Install,Water Filtration Install,Completed,Google Business Profiles,GMB_SanDiego,92037,$4400.00,TRUE
1103053484,8/19/2026,,Plumbing Install,Water Filtration Install,Scheduled,Direct Web Traffic,Direct Web Traffic,92126,$5439.00,TRUE
31664468,8/21/2026,8/18/2026,Plumbing Install,Water Filtration Install,Completed,Branded Phone Number,A1-800-BILL HOWE,91941,$0.00,TRUE
65934771,8/10/2026,8/12/2026,Plumbing Service,Water Filtration Repair,Completed,Branded Phone Number,Local 619,91915,$198.00,TRUE
248556168,8/10/2026,8/10/2026,Plumbing Service,Water Filtration Repair,Completed,PPC,Google | Search | Brand,92103,$0.00,TRUE
31732275,8/10/2026,8/13/2026,Plumbing Service,Water Filtration Repair,Completed,Google Business Profiles,GMB_SanDiego,92011,$320.00,TRUE
57942815,8/10/2026,8/6/2026,Plumbing Service,Water Filtration Repair,Completed,Website,Website Phone Calls,91915,-$220.00,TRUE
269518251,8/10/2026,8/12/2026,Plumbing Service,Water Filtration Repair,Completed,Yelp,Yelp,92130,$0.00,TRUE
282158962,8/11/2026,8/14/2026,Plumbing Service,Water Filtration Repair,Completed,Google Business Profiles,GMB_SanDiego,92130,$1840.00,TRUE
31667915,8/14/2026,8/20/2026,Plumbing Service,Water Filtration Repair,Completed,Branded Phone Number,Local 619,91913,$0.00,FALSE
31666219,8/14/2026,8/14/2026,Plumbing Service,Water Filtration Repair,Canceled,PPC,Bing | Search | Brand,92064,$0.00,TRUE
1036499130,8/17/2026,8/20/2026,Plumbing Service,Water Filtration Repair,Completed,Branded Phone Number,Local 619,92071,$3900.00,TRUE
1128173020,8/19/2026,8/21/2026,Plumbing Service,Water Filtration Repair,Completed,Email,Legacy Email Marketing Multiple Offers,92103,$0.00,TRUE
195969,8/20/2026,8/22/2026,Plumbing Service,Water Filtration Repair,Completed,Branded Phone Number,Local 619,92109,$9119.96,TRUE
1036499130,8/21/2026,8/20/2026,Plumbing Service,Water Filtration Repair,Completed,Branded Phone Number,Local 619,92071,$0.00,TRUE
347155178,8/21/2026,8/21/2026,Plumbing Service,Water Filtration Repair,Completed,Direct Web Traffic,Direct Web Traffic,92129,$1086.00,TRUE
99142539,8/22/2026,,Plumbing Maintenance,Water Filtration Repair,Scheduled,PPC,Google | Search | Brand,92078,$0.00,TRUE
195969,8/23/2026,8/23/2026,Plumbing Service,Water Filtration Repair,Completed,Branded Phone Number,Local 619,92109,$0.00,FALSE
1128085268,8/19/2026,8/19/2026,Plumbing Sales,Water Heater Estimate - Commercial,Completed,Google Business Profiles,GMB_SanDiego,92115,$0.00,TRUE
31642163,8/20/2026,8/21/2026,Plumbing Sales,Water Heater Estimate - Commercial,Completed,PPC,Google | Search | Brand,92103,$0.00,TRUE
31537975,8/23/2026,8/23/2026,Plumbing Sales,Water Heater Estimate - Commercial,Completed,PPC,Google | Search | Brand,92109,$1130.00,TRUE
1123693800,8/10/2026,8/10/2026,Plumbing Sales,Water Heater Estimate - Residential,Completed,Google Business Profiles,GMB_SanDiego,92119,$0.00,TRUE
57980371,8/10/2026,8/12/2026,Plumbing Sales,Water Heater Estimate - Residential,Canceled,Google Business Profiles,GMB_Poway,92128,$0.00,TRUE
320872211,8/10/2026,8/11/2026,Plumbing Sales,Water Heater Estimate - Residential,Completed,PPC,Google | Search | Brand,92113,$0.00,FALSE
31701543,8/11/2026,8/11/2026,Plumbing Sales,Water Heater Estimate - Residential,Completed,Branded Phone Number,A1-800-BILL HOWE,92115,$0.00,FALSE
1124298696,8/11/2026,8/11/2026,Plumbing Sales,Water Heater Estimate - Residential,Completed,PPC,Google | Search | Plumbing,92122,$0.00,FALSE
1124410225,8/11/2026,8/11/2026,Plumbing Sales,Water Heater Estimate - Residential,Canceled,Google LSA,Google Local Services,92071,$0.00,TRUE
100604031,8/11/2026,8/14/2026,Plumbing Sales,Water Heater Estimate - Residential,Completed,Branded Phone Number,Local 619,92037,$14367.06,TRUE
1124541542,8/11/2026,8/12/2026,Plumbing Sales,Water Heater Estimate - Residential,Canceled,Organic Search,Google Organic,91977,$0.00,TRUE
31729858,8/12/2026,8/12/2026,Plumbing Sales,Water Heater Estimate - Residential,Completed,Branded Phone Number,A1-800-BILL HOWE,92020,$0.00,FALSE
94362485,8/12/2026,8/12/2026,Plumbing Sales,Water Heater Estimate - Residential,Completed,Organic Search,Google Organic,92037,$0.00,FALSE
1124586867,8/12/2026,,Plumbing Sales,Water Heater Estimate - Residential,Hold,PPC,Google | Search | Plumbing,92105,$0.00,TRUE
1124704753,8/12/2026,8/13/2026,Plumbing Sales,Water Heater Estimate - Residential,Completed,Direct Mail,Dynamicard June 2026 (Drains + WH),92117,$0.00,FALSE
31537317,8/12/2026,,Plumbing Sales,Water Heater Estimate - Residential,Hold,Direct Web Traffic,Direct Web Traffic,92124,$0.00,TRUE
1124707500,8/12/2026,8/13/2026,Plumbing Sales,Water Heater Estimate - Residential,Completed,PPC,Google | Search | Competitor,92007,$0.00,TRUE
1124728618,8/12/2026,8/14/2026,Plumbing Sales,Water Heater Estimate - Residential,Completed,PPC,Google | Search | Brand,92009,$0.00,TRUE
31699786,8/13/2026,8/21/2026,Plumbing Install,Water Heater Estimate - Residential,Completed,Branded Phone Number,Local 619,92131,$0.00,TRUE
31712364,8/13/2026,8/14/2026,Plumbing Sales,Water Heater Estimate - Residential,Canceled,Google Business Profiles,GMB_SanDiego,92131,$0.00,TRUE
1125286290,8/14/2026,,Plumbing Sales,Water Heater Estimate - Residential,Scheduled,PPC,Google | Search | Brand,92021,$0.00,TRUE
1125252161,8/14/2026,8/14/2026,Plumbing Sales,Water Heater Estimate - Residential,Completed,Google LSA,Google Local Services,92139,$0.00,TRUE
58322171,8/14/2026,8/14/2026,Plumbing Sales,Water Heater Estimate - Residential,Completed,Branded Phone Number,Local 619,92037,$0.00,FALSE
1125317431,8/14/2026,8/21/2026,Plumbing Sales,Water Heater Estimate - Residential,Completed,Organic Search,Google Organic,92115,$0.00,FALSE
31547653,8/14/2026,8/17/2026,Plumbing Sales,Water Heater Estimate - Residential,Completed,Branded Phone Number,Local 619,92106,$0.00,FALSE
343375578,8/14/2026,8/20/2026,Plumbing Sales,Water Heater Estimate - Residential,Completed,Branded Phone Number,Local 619,92103,$5847.00,TRUE
1125556879,8/15/2026,8/17/2026,Plumbing Sales,Water Heater Estimate - Residential,Completed,Google Business Profiles,GMB_SanDiego,92021,$0.00,TRUE
357378124,8/17/2026,8/17/2026,Plumbing Sales,Water Heater Estimate - Residential,Completed,Organic Search,Google Organic,92129,$0.00,TRUE
31664468,8/17/2026,8/17/2026,Plumbing Sales,Water Heater Estimate - Residential,Completed,Branded Phone Number,A1-800-BILL HOWE,91941,$0.00,FALSE
1127167823,8/17/2026,8/19/2026,Plumbing Sales,Water Heater Estimate - Residential,Completed,Google LSA,Google Local Services,92154,$0.00,TRUE
55040160,8/17/2026,8/20/2026,Plumbing Sales,Water Heater Estimate - Residential,Completed,Organic Search,Google Organic,92124,$0.00,TRUE
675188173,8/17/2026,8/19/2026,Plumbing Sales,Water Heater Estimate - Residential,Completed,Branded Phone Number,A1-800-BILL HOWE,92130,$0.00,TRUE
31695717,8/18/2026,8/20/2026,Plumbing Sales,Water Heater Estimate - Residential,Completed,Google Business Profiles,GMB_SanDiego,92127,$0.00,TRUE
341721406,8/18/2026,8/19/2026,Plumbing Sales,Water Heater Estimate - Residential,Completed,Google Business Profiles,GMB_SanDiego,92127,$0.00,FALSE
89583325,8/19/2026,8/20/2026,Plumbing Sales,Water Heater Estimate - Residential,Completed,Branded Phone Number,A1-800-BILL HOWE,92109,$0.00,TRUE
374482929,8/20/2026,8/21/2026,Plumbing Sales,Water Heater Estimate - Residential,Completed,Google LSA,Google Local Services,92057,$0.00,FALSE
31712140,8/20/2026,8/20/2026,Plumbing Sales,Water Heater Estimate - Residential,Completed,Direct Web Traffic,Direct Web Traffic,92131,$179.88,TRUE
268862372,8/20/2026,,Plumbing Sales,Water Heater Estimate - Residential,Scheduled,PPC,Google | Search | Brand,92104,$0.00,TRUE
31712140,8/20/2026,8/21/2026,Plumbing Sales,Water Heater Estimate - Residential,Completed,Direct Web Traffic,Direct Web Traffic,92131,$11780.00,TRUE
1035496484,8/20/2026,8/21/2026,Plumbing Sales,Water Heater Estimate - Residential,Completed,Direct Web Traffic,Direct Web Traffic,92128,$0.00,TRUE
31554881,8/21/2026,,Plumbing Sales,Water Heater Estimate - Residential,Scheduled,Branded Phone Number,Local 619,92037,$0.00,TRUE
355084838,8/21/2026,,Plumbing Sales,Water Heater Estimate - Residential,Scheduled,Branded Phone Number,A1-800-BILL HOWE,91913,$0.00,TRUE
31734460,8/10/2026,8/20/2026,Plumbing Maintenance,Water Heater Flush,Completed,Branded Phone Number,Local 619,92040,$179.88,TRUE
44346766,8/11/2026,8/11/2026,Plumbing Maintenance,Water Heater Flush,Canceled,Website,Online Booking,91913,$0.00,TRUE
31702530,8/17/2026,,Plumbing Maintenance,Water Heater Flush,Scheduled,PPC,Google | Search | Plumbing,92107,$0.00,TRUE
31727383,8/19/2026,,Plumbing Maintenance,Water Heater Flush,Scheduled,Organic Search,Chat - Service Titan,92122,$0.00,TRUE
320872211,8/11/2026,8/11/2026,Plumbing Install,Water Heater Install - Commercial,Completed,Organic Search,Google Organic,92113,$700.00,TRUE
1123599100,8/10/2026,8/10/2026,Plumbing Install,Water Heater Install - Residential,Completed,Direct Web Traffic,Direct Web Traffic,92037,$5079.88,TRUE
98037500,8/10/2026,8/4/2026,Plumbing Install,Water Heater Install - Residential,Completed,Google Business Profiles,GMB_SanDiego,92114,$0.00,TRUE
31701543,8/11/2026,8/11/2026,Plumbing Install,Water Heater Install - Residential,Completed,Branded Phone Number,A1-800-BILL HOWE,92115,$4567.00,TRUE
1124298696,8/11/2026,8/11/2026,Plumbing Install,Water Heater Install - Residential,Completed,PPC,Google | Search | Plumbing,92122,$2951.00,TRUE
94362485,8/12/2026,8/12/2026,Plumbing Install,Water Heater Install - Residential,Completed,Organic Search,Google Organic,92037,$3295.00,TRUE
31729858,8/12/2026,8/12/2026,Plumbing Install,Water Heater Install - Residential,Completed,Branded Phone Number,A1-800-BILL HOWE,92020,$5304.00,TRUE
31645689,8/13/2026,8/13/2026,Plumbing Install,Water Heater Install - Residential,Completed,Branded Phone Number,Local 619,92104,$4935.00,TRUE
1124704753,8/13/2026,8/13/2026,Plumbing Install,Water Heater Install - Residential,Completed,Direct Mail,Dynamicard June 2026 (Drains + WH),92117,$5230.00,TRUE
31588985,8/13/2026,8/14/2026,Plumbing Install,Water Heater Install - Residential,Completed,Branded Phone Number,A1-800-BILL HOWE,92104,$1400.00,TRUE
31586318,8/13/2026,8/4/2026,Plumbing Install,Water Heater Install - Residential,Completed,Branded Phone Number,A1-800-BILL HOWE,92007,-$100.00,TRUE
902469128,8/14/2026,8/14/2026,Plumbing Install,Water Heater Install - Residential,Completed,Branded Phone Number,A1-800-BILL HOWE,92104,$0.00,TRUE
50027999,8/15/2026,8/15/2026,Plumbing Install,Water Heater Install - Residential,Completed,Organic Search,Google Organic,92020,$250.00,TRUE
278576429,8/15/2026,8/15/2026,Plumbing Install,Water Heater Install - Residential,Completed,Google Business Profiles,GMB_Poway,92128,$0.00,FALSE
278576429,8/15/2026,8/15/2026,Plumbing Install,Water Heater Install - Residential,Completed,Google Business Profiles,GMB_Poway,92128,$4125.00,TRUE
1119229771,8/17/2026,8/5/2026,Plumbing Install,Water Heater Install - Residential,Completed,PPC,Google | PMAX | Drains,91913,-$50.00,TRUE
31547653,8/17/2026,8/17/2026,Plumbing Install,Water Heater Install - Residential,Completed,Branded Phone Number,Local 619,92106,$3965.00,TRUE
1125442772,8/17/2026,8/17/2026,Plumbing Install,Water Heater Install - Residential,Completed,Branded Phone Number,Local 619,92127,$6480.00,TRUE
31729858,8/17/2026,8/12/2026,Plumbing Install,Water Heater Install - Residential,Completed,Branded Phone Number,A1-800-BILL HOWE,92020,$0.00,TRUE
31603414,8/17/2026,8/7/2026,Plumbing Install,Water Heater Install - Residential,Completed,,Memberships due for Service,92037,$0.00,TRUE
31713861,8/18/2026,8/18/2026,Plumbing Install,Water Heater Install - Residential,Completed,Branded Phone Number,Local 619,92102,$3376.00,TRUE
31602012,8/18/2026,8/18/2026,Plumbing Install,Water Heater Install - Residential,Completed,Yelp,Yelp,92111,$3850.00,TRUE
1128061790,8/19/2026,8/19/2026,Plumbing Install,Water Heater Install - Residential,In Progress,Branded Phone Number,Local 619,92131,$4939.00,TRUE
341721406,8/20/2026,8/20/2026,Plumbing Install,Water Heater Install - Residential,Completed,Google Business Profiles,GMB_SanDiego,92127,$11800.00,TRUE
31588985,8/20/2026,8/14/2026,Plumbing Install,Water Heater Install - Residential,Completed,Branded Phone Number,A1-800-BILL HOWE,92104,$0.00,TRUE
374482929,8/21/2026,8/21/2026,Plumbing Install,Water Heater Install - Residential,Completed,Google LSA,Google Local Services,92057,$5200.00,TRUE
31536771,8/21/2026,,Plumbing Install,Water Heater Install - Residential,Hold,Branded Phone Number,A1-800-BILL HOWE,92119,$0.00,TRUE
1125317431,8/21/2026,8/21/2026,Plumbing Install,Water Heater Install - Residential,Completed,Organic Search,Google Organic,92115,$5828.00,TRUE
31621723,8/23/2026,8/23/2026,Plumbing Install,Water Heater Install - Residential,Completed,Branded Phone Number,Local 619,92106,$250.00,TRUE
31563615,8/10/2026,8/10/2026,Plumbing Service,Water Heater Repair - Residential,Completed,Branded Phone Number,Local 619,92107,$0.00,TRUE
314816541,8/10/2026,8/10/2026,Plumbing Service,Water Heater Repair - Residential,Canceled,Sameday AI,Sameday AI,92103,$0.00,TRUE
31660337,8/10/2026,8/10/2026,Plumbing Service,Water Heater Repair - Residential,Canceled,Google LSA,Google Local Services,92040,$0.00,TRUE
1123599100,8/10/2026,8/10/2026,Plumbing Service,Water Heater Repair - Residential,Completed,Direct Web Traffic,Direct Web Traffic,92037,$0.00,FALSE
31553708,8/10/2026,8/10/2026,Plumbing Service,Water Heater Repair - Residential,Completed,Google Business Profiles,GMB_SanDiego,92071,$0.00,TRUE
31608973,8/10/2026,8/10/2026,Plumbing Service,Water Heater Repair - Residential,Canceled,Direct Web Traffic,Direct Web Traffic,92104,$0.00,TRUE
249937186,8/10/2026,8/10/2026,Plumbing Service,Water Heater Repair - Residential,Completed,Email,2025 Jetter Customers Annual Drip,92103,$446.40,TRUE
31588009,8/10/2026,8/10/2026,Plumbing Service,Water Heater Repair - Residential,Completed,Email,Legacy Email Marketing Multiple Offers,92109,$0.00,TRUE
59283199,8/10/2026,8/10/2026,Plumbing Service,Water Heater Repair - Residential,Completed,PPC,Google | PMAX | Drains,92109,$0.00,TRUE
31553708,8/10/2026,8/13/2026,Plumbing Service,Water Heater Repair - Residential,Completed,Branded Phone Number,Local 619,92071,$6200.00,TRUE
31687079,8/11/2026,8/12/2026,Plumbing Service,Water Heater Repair - Residential,Completed,PPC,Google | Search | Brand,92131,$0.00,TRUE
1124542507,8/11/2026,8/11/2026,Plumbing Service,Water Heater Repair - Residential,Canceled,PPC,Google | Search | Brand,91913,$0.00,TRUE
31656104,8/12/2026,8/17/2026,Plumbing Service,Water Heater Repair - Residential,Completed,Direct Web Traffic,Direct Web Traffic,92109,$0.00,TRUE
324477826,8/12/2026,8/7/2026,Plumbing Service,Water Heater Repair - Residential,Completed,Branded Phone Number,Local 619,92069,$0.00,TRUE
1035962540,8/12/2026,8/13/2026,Plumbing Service,Water Heater Repair - Residential,Completed,PPC,Google | Search | Brand,92127,$0.00,FALSE
31592335,8/12/2026,8/13/2026,Plumbing Service,Water Heater Repair - Residential,Completed,Branded Phone Number,Local 619,92037,$4025.00,TRUE
1124805671,8/12/2026,8/13/2026,Plumbing Service,Water Heater Repair - Residential,Completed,Yelp,Yelp,91950,$1140.00,TRUE
31645689,8/12/2026,8/13/2026,Plumbing Service,Water Heater Repair - Residential,Completed,Branded Phone Number,Local 619,92104,$0.00,FALSE
54437486,8/13/2026,8/10/2026,Plumbing Service,Water Heater Repair - Residential,Completed,Branded Phone Number,A1-800-BILL HOWE,92064,$0.00,FALSE
31585317,8/13/2026,8/14/2026,Plumbing Service,Water Heater Repair - Residential,Completed,Outbound SMS,ST Outbound Text Lines,92131,$0.00,TRUE
1068737425,8/13/2026,1/31/2026,Plumbing Service,Water Heater Repair - Residential,Completed,Branded Phone Number,A1-800-BILL HOWE,92104,-$875.00,TRUE
31644902,8/14/2026,8/14/2026,Plumbing Service,Water Heater Repair - Residential,Completed,Google Business Profiles,GMB_Poway,92127,$0.00,FALSE
58322171,8/14/2026,8/14/2026,Plumbing Service,Water Heater Repair - Residential,Completed,Branded Phone Number,Local 619,92037,$2651.00,TRUE
31644902,8/14/2026,8/14/2026,Plumbing Service,Water Heater Repair - Residential,Completed,Google Business Profiles,GMB_Poway,92127,$3690.00,TRUE
1125442772,8/14/2026,8/17/2026,Plumbing Service,Water Heater Repair - Residential,Completed,Branded Phone Number,Local 619,92127,$0.00,FALSE
52074556,8/14/2026,8/21/2026,Plumbing Service,Water Heater Repair - Residential,Completed,CSR Outbound,$1 OUTBOUND (use this for out-bounding),92114,$790.00,TRUE
49621847,8/14/2026,8/14/2026,Plumbing Service,Water Heater Repair - Residential,Completed,Branded Phone Number,Local 619,92123,$250.00,TRUE
1125509554,8/14/2026,8/15/2026,Plumbing Service,Water Heater Repair - Residential,Canceled,Google Business Profiles,GMB_SanDiego,92127,$0.00,TRUE
31655530,8/15/2026,8/15/2026,Plumbing Service,Water Heater Repair - Residential,Completed,Branded Phone Number,A1-800-BILL HOWE,92037,$0.00,FALSE
255348184,8/15/2026,,Plumbing Service,Water Heater Repair - Residential,Hold,Google LSA,Google Local Services,92040,$0.00,TRUE
31688526,8/15/2026,8/17/2026,Plumbing Service,Water Heater Repair - Residential,Completed,Website,Website Phone Calls,92127,$0.00,TRUE
100466568,8/15/2026,8/15/2026,Plumbing Service,Water Heater Repair - Residential,Canceled,PPC,Google | Search | Brand,92109,$0.00,TRUE
280186293,8/15/2026,8/15/2026,Plumbing Service,Water Heater Repair - Residential,Completed,PPC,Google | PMAX | Drains,91911,$470.00,TRUE
31544437,8/15/2026,8/15/2026,Plumbing Service,Water Heater Repair - Residential,Completed,PPC,Google | Search | Brand,92110,$0.00,FALSE
292729440,8/16/2026,8/16/2026,Plumbing Service,Water Heater Repair - Residential,Completed,Email,Legacy Email Marketing Multiple Offers,92116,$0.00,FALSE
31705097,8/16/2026,8/18/2026,Plumbing Service,Water Heater Repair - Residential,Completed,PPC,Google | Search | HVAC,92010,$0.00,TRUE
31580403,8/17/2026,8/18/2026,Plumbing Service,Water Heater Repair - Residential,Completed,PPC,Bing | Search | Brand,92037,$0.00,FALSE
54437486,8/17/2026,8/10/2026,Plumbing Service,Water Heater Repair - Residential,Completed,Branded Phone Number,A1-800-BILL HOWE,92064,$0.00,FALSE
31602012,8/17/2026,8/18/2026,Plumbing Service,Water Heater Repair - Residential,Completed,Yelp,Yelp,92111,$0.00,FALSE
31666973,8/18/2026,8/18/2026,Plumbing Service,Water Heater Repair - Residential,Completed,Email,Legacy Email Marketing Multiple Offers,92111,$0.00,TRUE
1125442772,8/18/2026,8/20/2026,Plumbing Service,Water Heater Repair - Residential,Completed,Branded Phone Number,Local 619,92127,$0.00,FALSE
1035962540,8/18/2026,8/13/2026,Plumbing Service,Water Heater Repair - Residential,Completed,PPC,Google | Search | Brand,92127,$0.00,FALSE
1128061790,8/18/2026,8/19/2026,Plumbing Service,Water Heater Repair - Residential,Completed,Direct Web Traffic,Direct Web Traffic,92131,$0.00,FALSE
1128175585,8/19/2026,8/19/2026,Plumbing Service,Water Heater Repair - Residential,Completed,Branded Phone Number,A1-800-BILL HOWE,92124,$0.00,TRUE
31592335,8/19/2026,8/13/2026,Plumbing Service,Water Heater Repair - Residential,Completed,Branded Phone Number,Local 619,92037,$0.00,TRUE
31591794,8/20/2026,8/20/2026,Plumbing Service,Water Heater Repair - Residential,Completed,Direct Web Traffic,Direct Web Traffic,92131,$0.00,TRUE
1128837882,8/20/2026,8/21/2026,Plumbing Service,Water Heater Repair - Residential,Completed,Google LSA,Google Local Services,92130,$0.00,TRUE
1077796494,8/21/2026,8/21/2026,Plumbing Service,Water Heater Repair - Residential,Completed,PPC,Google | Search | Brand,92103,$0.00,TRUE
901172891,8/22/2026,,Plumbing Service,Water Heater Repair - Residential,Scheduled,PPC,Bing | Search | Plumbing,91911,$0.00,TRUE
31586318,8/23/2026,,Plumbing Service,Water Heater Repair - Residential,Scheduled,Branded Phone Number,A1-800-BILL HOWE,92007,$0.00,TRUE
31614388,8/23/2026,,Plumbing Service,Water Heater Repair - Residential,Scheduled,Google LSA,Google Local Services,92020,$0.00,TRUE
31537295,8/23/2026,8/23/2026,Plumbing Service,Water Heater Repair - Residential,Completed,Yelp,Yelp,91942,$0.00,TRUE
47203020,8/10/2026,,HVAC Maintenance,,,,,92139,$14.99,TRUE
