,,Customer ID,Created Date,Completion Date,Invoice Business Unit,Job Type,Job Status,Campaign Category,Campaign,Location Zip,Total,Opportunity
Invoice Business Unit: HVAC Install,,,,,,,,,,,,
,Job Type: A/C New Install,,,,,,,,,,,
,,31596959,9/4/2026,8/24/2026,HVAC Install,A/C New Install,Completed,Direct Web Traffic,Direct Web Traffic,92130,-$1500.00,TRUE
,,1117873413,8/24/2026,,HVAC Install,A/C New Install,Scheduled,Branded Phone Number,Local 619,92101,$13054.55,TRUE
,,470988472,8/25/2026,,HVAC Install,A/C New Install,Scheduled,Google Business Profiles,GMB_SanDiego,92009,$141390.52,TRUE
,,1118299358,8/25/2026,8/14/2026,HVAC Install,A/C New Install,Completed,PPC,Google | Search | HVAC,91942,$0.00,TRUE
,,1129604845,8/27/2026,,HVAC Install,A/C New Install,Scheduled,Sameday AI,Sameday AI,92009,$22154.32,TRUE
,,1120018843,8/28/2026,8/25/2026,HVAC Install,A/C New Install,Completed,PPC,Google | PMAX | Drains,91911,$0.00,TRUE
,,31596959,8/28/2026,8/24/2026,HVAC Install,A/C New Install,Completed,Direct Web Traffic,Direct Web Traffic,92130,$0.00,TRUE
,,31596959,8/28/2026,8/24/2026,HVAC Install,A/C New Install,Completed,Direct Web Traffic,Direct Web Traffic,92130,$0.00,TRUE
,,31596959,8/28/2026,8/24/2026,HVAC Install,A/C New Install,Completed,Direct Web Traffic,Direct Web Traffic,92130,$0.00,TRUE
,,1120018843,8/31/2026,8/25/2026,HVAC Install,A/C New Install,Completed,PPC,Google | PMAX | Drains,91911,$0.00,TRUE
,,1120018843,8/31/2026,8/25/2026,HVAC Install,A/C New Install,Completed,PPC,Google | PMAX | Drains,91911,$0.00,TRUE
,,1120018843,8/31/2026,8/25/2026,HVAC Install,A/C New Install,Completed,PPC,Google | PMAX | Drains,91911,$0.00,TRUE
,,902469128,8/31/2026,7/9/2026,HVAC Install,A/C New Install,Completed,Branded Phone Number,Local 619,92021,$14838.24,TRUE
,,31596959,8/31/2026,8/24/2026,HVAC Install,A/C New Install,Completed,Direct Web Traffic,Direct Web Traffic,92130,$0.00,TRUE
,,62304199,9/1/2026,8/28/2026,HVAC Install,A/C New Install,Completed,Google Business Profiles,GMB_SanDiego,92118,$0.00,TRUE
,,1116891102,9/1/2026,8/31/2026,HVAC Install,A/C New Install,Completed,Sameday AI,Sameday AI,92103,$0.00,TRUE
,,462015622,9/1/2026,,HVAC Install,A/C New Install,Scheduled,Branded Phone Number,A1-800-BILL HOWE,92173,$18492.89,TRUE
,,62304199,9/2/2026,8/28/2026,HVAC Install,A/C New Install,Completed,Google Business Profiles,GMB_SanDiego,92118,$0.00,TRUE
,,31727681,9/3/2026,9/2/2026,HVAC Install,A/C New Install,Completed,PPC,Google | Search | Brand,92024,$0.00,TRUE
,,1116891102,9/3/2026,8/31/2026,HVAC Install,A/C New Install,Completed,Sameday AI,Sameday AI,92103,$0.00,TRUE
,,62304199,9/3/2026,8/28/2026,HVAC Install,A/C New Install,Completed,Google Business Profiles,GMB_SanDiego,92118,$0.00,TRUE
,,1116891102,9/3/2026,8/31/2026,HVAC Install,A/C New Install,Completed,Sameday AI,Sameday AI,92103,$0.00,TRUE
,,275689281,9/3/2026,,HVAC Install,A/C New Install,Hold,Branded Phone Number,Local 619,92101,$11189.98,TRUE
,,31727681,9/3/2026,9/2/2026,HVAC Install,A/C New Install,Completed,PPC,Google | Search | Brand,92024,$0.00,TRUE
,,31727681,9/3/2026,9/2/2026,HVAC Install,A/C New Install,Completed,PPC,Google | Search | Brand,92024,$0.00,TRUE
,,31727681,9/3/2026,9/2/2026,HVAC Install,A/C New Install,Completed,PPC,Google | Search | Brand,92024,$0.00,TRUE
,,1130503865,9/4/2026,,HVAC Install,A/C New Install,Hold,Direct Web Traffic,Direct Web Traffic,92007,$22283.43,TRUE
,,,,,27,27,27,27,27,,$241903.93,
,Job Type: Dryer Vent Cleaning,,,,,,,,,,,
,,31729945,8/26/2026,,HVAC Install,Dryer Vent Cleaning,Scheduled,Google Business Profiles,GMB_SanDiego,92139,$459.70,TRUE
,,31681566,8/27/2026,8/28/2026,HVAC Install,Dryer Vent Cleaning,Canceled,Outbound SMS,ST Outbound Text Lines,92037,$0.00,TRUE
,,1131400148,9/1/2026,,HVAC Install,Dryer Vent Cleaning,Hold,Google Business Profiles,GMB_SanDiego,92123,$435.50,TRUE
,,67078292,9/5/2026,,HVAC Install,Dryer Vent Cleaning,Hold,Branded Phone Number,Local 619,92011,$0.00,TRUE
,,,,,4,4,4,4,4,,$895.20,
,Job Type: Full System Install,,,,,,,,,,,
,,1093196671,8/24/2026,8/4/2026,HVAC Install,Full System Install,Completed,Branded Phone Number,A1-800-BILL HOWE,91941,$0.00,TRUE
,,1115959251,8/24/2026,8/14/2026,HVAC Install,Full System Install,Completed,Sameday AI,Sameday AI,92101,$0.00,TRUE
,,89402750,8/24/2026,8/11/2026,HVAC Install,Full System Install,Completed,PPC,Google | Search | Brand,92064,$0.00,TRUE
,,1040106797,8/24/2026,8/14/2026,HVAC Install,Full System Install,Completed,Google LSA,Google Local Services,92078,$0.00,TRUE
,,31574511,8/24/2026,8/19/2026,HVAC Install,Full System Install,Completed,Branded Phone Number,Local 619,92110,$0.00,TRUE
,,255447514,8/24/2026,8/19/2026,HVAC Install,Full System Install,Completed,Branded Phone Number,Local 619,92107,$0.00,TRUE
,,31574511,8/24/2026,8/19/2026,HVAC Install,Full System Install,Completed,Branded Phone Number,Local 619,92110,$0.00,TRUE
,,31578504,8/24/2026,8/18/2026,HVAC Install,Full System Install,Completed,Direct Web Traffic,Direct Web Traffic,92107,$0.00,TRUE
,,255447514,8/24/2026,8/19/2026,HVAC Install,Full System Install,Completed,Branded Phone Number,Local 619,92107,$0.00,TRUE
,,95044374,8/24/2026,8/21/2026,HVAC Install,Full System Install,Completed,Branded Phone Number,Local 619,92130,$0.00,TRUE
,,31574511,8/24/2026,8/19/2026,HVAC Install,Full System Install,Completed,Branded Phone Number,Local 619,92110,$0.00,TRUE
,,31574511,8/24/2026,8/19/2026,HVAC Install,Full System Install,Completed,Branded Phone Number,Local 619,92110,-$490.88,TRUE
,,31574511,8/24/2026,8/19/2026,HVAC Install,Full System Install,Completed,Branded Phone Number,Local 619,92110,$0.00,TRUE
,,31671540,8/25/2026,8/24/2026,HVAC Install,Full System Install,Completed,Google Business Profiles,GMB_SanDiego,92019,$0.00,TRUE
,,95044374,8/25/2026,8/21/2026,HVAC Install,Full System Install,Completed,Branded Phone Number,Local 619,92130,$0.00,TRUE
,,31671540,8/25/2026,8/24/2026,HVAC Install,Full System Install,Completed,Google Business Profiles,GMB_SanDiego,92019,$0.00,TRUE
,,31671540,8/25/2026,8/24/2026,HVAC Install,Full System Install,Completed,Google Business Profiles,GMB_SanDiego,92019,$0.00,TRUE
,,1126789003,8/25/2026,,HVAC Install,Full System Install,Scheduled,PPC,Google | PMAX | HVAC,92122,$20799.51,TRUE
,,95044374,8/25/2026,8/21/2026,HVAC Install,Full System Install,Completed,Branded Phone Number,Local 619,92130,$0.00,TRUE
,,474249578,8/25/2026,8/7/2026,HVAC Install,Full System Install,Completed,PPC,Google | Search | Brand,92069,$0.00,TRUE
,,31661897,8/26/2026,,HVAC Install,Full System Install,Scheduled,Branded Phone Number,Local 619,92107,$38633.33,TRUE
,,1130167846,8/27/2026,,HVAC Install,Full System Install,Scheduled,PPC,Google | Search | HVAC,92126,$20157.00,TRUE
,,31710523,8/27/2026,,HVAC Install,Full System Install,Hold,Google Business Profiles,GMB_SanDiego,91942,$34610.30,TRUE
,,31644293,8/27/2026,,HVAC Install,Full System Install,Scheduled,Branded Phone Number,A1-800-BILL HOWE,92103,$12921.64,TRUE
,,407872013,8/27/2026,,HVAC Install,Full System Install,Scheduled,Email Marketing - ST,Legacy Email Marketing - Restoration,92115,$16837.00,TRUE
,,1115852365,8/27/2026,8/7/2026,HVAC Install,Full System Install,Completed,Direct Web Traffic,Direct Web Traffic,92117,-$375.00,TRUE
,,474249578,8/28/2026,8/7/2026,HVAC Install,Full System Install,Completed,PPC,Google | Search | Brand,92069,$0.00,TRUE
,,475729526,8/28/2026,9/16/2025,HVAC Install,Full System Install,Completed,Google Business Profiles,GMB_SanDiego,92091,$0.00,FALSE
,,335907137,8/28/2026,8/26/2026,HVAC Install,Full System Install,Completed,PPC,Google | Search | HVAC,92011,$0.00,TRUE
,,31671540,8/28/2026,8/24/2026,HVAC Install,Full System Install,Completed,Google Business Profiles,GMB_SanDiego,92019,$0.00,TRUE
,,1113625297,8/28/2026,8/24/2026,HVAC Install,Full System Install,Completed,PPC,Google | PMAX | Plumbing,92008,$0.00,TRUE
,,95044374,8/28/2026,8/21/2026,HVAC Install,Full System Install,Completed,Branded Phone Number,Local 619,92130,$0.00,TRUE
,,31536218,8/28/2026,8/26/2026,HVAC Install,Full System Install,Completed,Branded Phone Number,A1-800-BILL HOWE,92037,$0.00,TRUE
,,1113625297,8/28/2026,8/24/2026,HVAC Install,Full System Install,Completed,PPC,Google | PMAX | Plumbing,92008,$0.00,TRUE
,,31671540,8/28/2026,8/24/2026,HVAC Install,Full System Install,Completed,Google Business Profiles,GMB_SanDiego,92019,$0.00,TRUE
,,31671540,8/28/2026,8/24/2026,HVAC Install,Full System Install,Completed,Google Business Profiles,GMB_SanDiego,92019,$0.00,TRUE
,,31565414,8/28/2026,8/26/2026,HVAC Install,Full System Install,Completed,Branded Phone Number,Local 619,92128,$0.00,TRUE
,,1113625297,8/28/2026,8/24/2026,HVAC Install,Full System Install,Completed,PPC,Google | PMAX | Plumbing,92008,$0.00,TRUE
,,95044374,8/28/2026,8/21/2026,HVAC Install,Full System Install,Completed,Branded Phone Number,Local 619,92130,$0.00,TRUE
,,1113625297,8/28/2026,8/24/2026,HVAC Install,Full System Install,Completed,PPC,Google | PMAX | Plumbing,92008,$0.00,TRUE
,,1113625297,8/28/2026,8/24/2026,HVAC Install,Full System Install,Completed,PPC,Google | PMAX | Plumbing,92008,$0.00,TRUE
,,1119059939,8/28/2026,8/27/2026,HVAC Install,Full System Install,Completed,Direct Web Traffic,Direct Web Traffic,92054,$0.00,TRUE
,,1119059939,8/28/2026,8/27/2026,HVAC Install,Full System Install,Completed,Direct Web Traffic,Direct Web Traffic,92054,$0.00,TRUE
,,1113625297,8/28/2026,8/24/2026,HVAC Install,Full System Install,Completed,PPC,Google | PMAX | Plumbing,92008,$0.00,TRUE
,,1119059939,8/28/2026,8/27/2026,HVAC Install,Full System Install,Completed,Direct Web Traffic,Direct Web Traffic,92054,$0.00,TRUE
,,1119059939,8/28/2026,8/27/2026,HVAC Install,Full System Install,Completed,Direct Web Traffic,Direct Web Traffic,92054,$0.00,TRUE
,,31671540,8/28/2026,8/24/2026,HVAC Install,Full System Install,Completed,Google Business Profiles,GMB_SanDiego,92019,$0.00,TRUE
,,31671540,8/28/2026,8/24/2026,HVAC Install,Full System Install,Completed,Google Business Profiles,GMB_SanDiego,92019,$0.00,TRUE
,,902469128,8/28/2026,8/11/2026,HVAC Install,Full System Install,Completed,PPC,Google | Search | Brand,92064,$17500.00,TRUE
,,1113625297,8/28/2026,8/24/2026,HVAC Install,Full System Install,Completed,PPC,Google | PMAX | Plumbing,92008,$0.00,TRUE
,,1119059939,8/31/2026,8/27/2026,HVAC Install,Full System Install,Completed,Direct Web Traffic,Direct Web Traffic,92054,$0.00,TRUE
,,31676377,8/31/2026,,HVAC Install,Full System Install,Scheduled,PPC,Google | Search | Brand,92101,$12482.62,TRUE
,,89402750,8/31/2026,8/11/2026,HVAC Install,Full System Install,Completed,PPC,Google | Search | Brand,92064,$0.00,TRUE
,,1130986544,8/31/2026,,HVAC Install,Full System Install,Scheduled,Google Business Profiles,GMB_Poway,92064,$14155.45,TRUE
,,1119059939,8/31/2026,8/27/2026,HVAC Install,Full System Install,Completed,Direct Web Traffic,Direct Web Traffic,92054,$0.00,TRUE
,,1119059939,8/31/2026,8/27/2026,HVAC Install,Full System Install,Completed,Direct Web Traffic,Direct Web Traffic,92054,$0.00,TRUE
,,1119059939,8/31/2026,8/27/2026,HVAC Install,Full System Install,Completed,Direct Web Traffic,Direct Web Traffic,92054,$0.00,TRUE
,,1119059939,8/31/2026,8/27/2026,HVAC Install,Full System Install,Completed,Direct Web Traffic,Direct Web Traffic,92054,$0.00,TRUE
,,31536218,8/31/2026,8/26/2026,HVAC Install,Full System Install,Completed,Branded Phone Number,A1-800-BILL HOWE,92037,$0.00,TRUE
,,31565414,8/31/2026,8/26/2026,HVAC Install,Full System Install,Completed,Branded Phone Number,Local 619,92128,$0.00,TRUE
,,1119059939,8/31/2026,8/27/2026,HVAC Install,Full System Install,Completed,Direct Web Traffic,Direct Web Traffic,92054,$0.00,TRUE
,,31536218,8/31/2026,8/26/2026,HVAC Install,Full System Install,Completed,Branded Phone Number,A1-800-BILL HOWE,92037,$0.00,TRUE
,,335907137,8/31/2026,8/26/2026,HVAC Install,Full System Install,Completed,PPC,Google | Search | HVAC,92011,$0.00,TRUE
,,31565414,8/31/2026,8/26/2026,HVAC Install,Full System Install,Completed,Branded Phone Number,Local 619,92128,$0.00,TRUE
,,1119059939,8/31/2026,8/27/2026,HVAC Install,Full System Install,Completed,Direct Web Traffic,Direct Web Traffic,92054,$0.00,TRUE
,,31565414,8/31/2026,8/26/2026,HVAC Install,Full System Install,Completed,Branded Phone Number,Local 619,92128,$0.00,TRUE
,,1074980840,8/31/2026,8/12/2026,HVAC Install,Full System Install,Completed,Outbound SMS,ST Outbound Text Lines,91945,$0.00,TRUE
,,31536218,8/31/2026,8/26/2026,HVAC Install,Full System Install,Completed,Branded Phone Number,A1-800-BILL HOWE,92037,$0.00,TRUE
,,291569130,8/31/2026,,HVAC Install,Full System Install,Scheduled,Branded Phone Number,A1-800-BILL HOWE,92126,$17555.30,TRUE
,,1113625297,8/31/2026,8/24/2026,HVAC Install,Full System Install,Completed,PPC,Google | PMAX | Plumbing,92008,$0.00,TRUE
,,910897954,8/31/2026,8/12/2026,HVAC Install,Full System Install,Completed,External Referral,Referral,92064,$0.00,TRUE
,,31691647,8/31/2026,,HVAC Install,Full System Install,Hold,Sameday AI,Sameday AI,92111,$19345.03,TRUE
,,1105490162,8/31/2026,7/31/2026,HVAC Install,Full System Install,Completed,Branded Phone Number,A1-800-BILL HOWE,92064,$0.00,TRUE
,,335907137,8/31/2026,8/26/2026,HVAC Install,Full System Install,Completed,PPC,Google | Search | HVAC,92011,$0.00,TRUE
,,31565414,8/31/2026,8/26/2026,HVAC Install,Full System Install,Completed,Branded Phone Number,Local 619,92128,$0.00,TRUE
,,1115959251,8/31/2026,8/14/2026,HVAC Install,Full System Install,Completed,Sameday AI,Sameday AI,92101,$0.00,TRUE
,,31671540,8/31/2026,8/24/2026,HVAC Install,Full System Install,Completed,Google Business Profiles,GMB_SanDiego,92019,$0.00,TRUE
,,1119059939,8/31/2026,8/27/2026,HVAC Install,Full System Install,Completed,Direct Web Traffic,Direct Web Traffic,92054,$0.00,TRUE
,,902469128,8/31/2026,7/31/2026,HVAC Install,Full System Install,Completed,Branded Phone Number,Local 619,92065,$31743.95,TRUE
,,1119059939,9/1/2026,8/27/2026,HVAC Install,Full System Install,Completed,Direct Web Traffic,Direct Web Traffic,92054,$0.00,TRUE
,,1119059939,9/1/2026,8/27/2026,HVAC Install,Full System Install,Completed,Direct Web Traffic,Direct Web Traffic,92054,$0.00,TRUE
,,1119610822,9/1/2026,8/28/2026,HVAC Install,Full System Install,Completed,Sameday AI,Sameday AI,92067,$0.00,TRUE
,,1113625297,9/1/2026,8/24/2026,HVAC Install,Full System Install,Completed,PPC,Google | PMAX | Plumbing,92008,$0.00,TRUE
,,331525935,9/2/2026,,HVAC Install,Full System Install,Scheduled,PPC,Google | Search | Brand,92024,$24057.38,TRUE
,,1131339322,9/2/2026,,HVAC Install,Full System Install,Scheduled,Branded Phone Number,A1-800-BILL HOWE,92075,$22552.29,TRUE
,,902469128,9/2/2026,8/26/2026,HVAC Install,Full System Install,Completed,PPC,Google | Search | HVAC,92011,$14582.67,TRUE
,,31648836,9/3/2026,,HVAC Install,Full System Install,Hold,Google Business Profiles,GMB_SanDiego,92101,$18534.41,TRUE
,,1119610822,9/3/2026,8/28/2026,HVAC Install,Full System Install,Completed,Sameday AI,Sameday AI,92067,$0.00,TRUE
,,100705899,9/3/2026,9/2/2026,HVAC Install,Full System Install,Completed,Google Business Profiles,GMB_SanDiego,92064,$0.00,TRUE
,,1119610822,9/3/2026,8/28/2026,HVAC Install,Full System Install,Completed,Sameday AI,Sameday AI,92067,$0.00,TRUE
,,1119059939,9/3/2026,8/27/2026,HVAC Install,Full System Install,Completed,Direct Web Traffic,Direct Web Traffic,92054,$0.00,TRUE
,,683453007,9/3/2026,9/1/2026,HVAC Install,Full System Install,Completed,PPC,Google | Search | Plumbing,92078,$0.00,TRUE
,,683453007,9/3/2026,9/1/2026,HVAC Install,Full System Install,Completed,PPC,Google | Search | Plumbing,92078,$0.00,TRUE
,,46286618,9/3/2026,9/1/2026,HVAC Install,Full System Install,Completed,Branded Phone Number,A1-800-BILL HOWE,92122,$0.00,TRUE
,,46286618,9/3/2026,9/1/2026,HVAC Install,Full System Install,Completed,Branded Phone Number,A1-800-BILL HOWE,92122,$0.00,TRUE
,,683453007,9/3/2026,9/1/2026,HVAC Install,Full System Install,Completed,PPC,Google | Search | Plumbing,92078,$0.00,TRUE
,,683453007,9/3/2026,9/1/2026,HVAC Install,Full System Install,Completed,PPC,Google | Search | Plumbing,92078,$0.00,TRUE
,,374923045,9/3/2026,9/2/2026,HVAC Install,Full System Install,Completed,PPC,Google | Search | Brand,92101,$0.00,TRUE
,,100705899,9/3/2026,9/2/2026,HVAC Install,Full System Install,Completed,Google Business Profiles,GMB_SanDiego,92064,$0.00,TRUE
,,100705899,9/3/2026,9/2/2026,HVAC Install,Full System Install,Completed,Google Business Profiles,GMB_SanDiego,92064,$0.00,TRUE
,,902469128,9/3/2026,8/7/2026,HVAC Install,Full System Install,Completed,Direct Web Traffic,Direct Web Traffic,92117,$21085.40,TRUE
,,46286618,9/3/2026,9/1/2026,HVAC Install,Full System Install,Completed,Branded Phone Number,A1-800-BILL HOWE,92122,$0.00,TRUE
,,100705899,9/3/2026,9/2/2026,HVAC Install,Full System Install,Completed,Google Business Profiles,GMB_SanDiego,92064,$0.00,TRUE
,,100705899,9/3/2026,9/2/2026,HVAC Install,Full System Install,Completed,Google Business Profiles,GMB_SanDiego,92064,$0.00,TRUE
,,46286618,9/3/2026,9/1/2026,HVAC Install,Full System Install,Completed,Branded Phone Number,A1-800-BILL HOWE,92122,$0.00,TRUE
,,349923706,9/4/2026,,HVAC Install,Full System Install,Hold,PPC,Google | Search | Brand,92009,$18870.88,TRUE
,,374923045,9/4/2026,9/2/2026,HVAC Install,Full System Install,Completed,PPC,Google | Search | Brand,92101,$0.00,TRUE
,,46286618,9/4/2026,9/1/2026,HVAC Install,Full System Install,Completed,Branded Phone Number,A1-800-BILL HOWE,92122,$0.00,TRUE
,,31652250,9/4/2026,,HVAC Install,Full System Install,Hold,PPC,Google | Search | Brand,92124,$17389.55,TRUE
,,,,,109,109,109,109,109,,$392947.83,
,Job Type: Heater New Install,,,,,,,,,,,
,,1089437292,8/24/2026,7/22/2026,HVAC Install,Heater New Install,Completed,Google Business Profiles,GMB_SanDiego,92103,$0.00,TRUE
,,1073276810,8/28/2026,8/21/2026,HVAC Install,Heater New Install,Completed,Branded Phone Number,A1-800-BILL HOWE,92011,$0.00,TRUE
,,979490189,8/31/2026,8/28/2026,HVAC Install,Heater New Install,Completed,Google LSA,Google Local Services,92117,$0.00,TRUE
,,1126788902,8/31/2026,8/28/2026,HVAC Install,Heater New Install,Completed,PPC,Google | Search | Brand,92091,$0.00,TRUE
,,979490189,8/31/2026,8/28/2026,HVAC Install,Heater New Install,Completed,Google LSA,Google Local Services,92117,$0.00,TRUE
,,1073276810,8/31/2026,8/21/2026,HVAC Install,Heater New Install,Completed,Branded Phone Number,A1-800-BILL HOWE,92011,$0.00,TRUE
,,979490189,9/1/2026,8/28/2026,HVAC Install,Heater New Install,Completed,Google LSA,Google Local Services,92117,$0.00,TRUE
,,979490189,9/1/2026,8/28/2026,HVAC Install,Heater New Install,Completed,Google LSA,Google Local Services,92117,$0.00,TRUE
,,979490189,9/3/2026,8/28/2026,HVAC Install,Heater New Install,Completed,Google LSA,Google Local Services,92117,$0.00,TRUE
,,979490189,9/3/2026,8/28/2026,HVAC Install,Heater New Install,Completed,Google LSA,Google Local Services,92117,$0.00,TRUE
,,,,,10,10,10,10,10,,$0.00,
,Job Type: Hvac Recall/Warranty,,,,,,,,,,,
,,467220553,8/24/2026,8/21/2026,HVAC Install,Hvac Recall/Warranty,Completed,Website,Website Phone Calls,92009,$0.00,TRUE
,,333495461,8/24/2026,8/14/2026,HVAC Install,Hvac Recall/Warranty,Completed,PPC,Google | Search | Brand,92025,$0.00,TRUE
,,1115852365,8/24/2026,8/18/2026,HVAC Install,Hvac Recall/Warranty,Completed,Direct Web Traffic,Direct Web Traffic,92117,$0.00,TRUE
,,366608823,8/24/2026,8/28/2026,HVAC Install,Hvac Recall/Warranty,Completed,Google Business Profiles,GMB_SanDiego,92118,$0.00,TRUE
,,1113625297,8/25/2026,8/26/2026,HVAC Install,Hvac Recall/Warranty,Completed,PPC,Google | PMAX | Plumbing,92008,$0.00,TRUE
,,31574511,8/25/2026,8/20/2026,HVAC Install,Hvac Recall/Warranty,Completed,Branded Phone Number,Local 619,92110,$0.00,TRUE
,,467220553,8/25/2026,8/21/2026,HVAC Install,Hvac Recall/Warranty,Completed,Website,Website Phone Calls,92009,$0.00,TRUE
,,1100364527,8/25/2026,,HVAC Install,Hvac Recall/Warranty,Scheduled,PPC,Google | Search | Brand,92115,$0.00,TRUE
,,31671619,8/26/2026,8/31/2026,HVAC Install,Hvac Recall/Warranty,Completed,Google Business Profiles,GMB_SanDiego,92128,$0.00,TRUE
,,1118299358,8/26/2026,8/29/2026,HVAC Install,Hvac Recall/Warranty,Completed,PPC,Google | Search | HVAC,91942,$0.00,TRUE
,,31597426,8/27/2026,,HVAC Install,Hvac Recall/Warranty,Hold,Branded Phone Number,Local 619,92123,$0.00,TRUE
,,335907137,8/27/2026,8/28/2026,HVAC Install,Hvac Recall/Warranty,Completed,PPC,Google | Search | HVAC,92011,$0.00,TRUE
,,486558256,8/27/2026,8/31/2026,HVAC Install,Hvac Recall/Warranty,Canceled,Google Business Profiles,GMB_SanDiego,92109,$0.00,TRUE
,,31596959,8/27/2026,8/28/2026,HVAC Install,Hvac Recall/Warranty,Completed,Direct Web Traffic,Direct Web Traffic,92130,$0.00,TRUE
,,474249578,8/28/2026,9/4/2026,HVAC Install,Hvac Recall/Warranty,Completed,PPC,Google | Search | Brand,92069,$0.00,TRUE
,,1074980840,8/28/2026,8/27/2026,HVAC Install,Hvac Recall/Warranty,Completed,Outbound SMS,ST Outbound Text Lines,91945,$0.00,TRUE
,,31596959,8/28/2026,9/3/2026,HVAC Install,Hvac Recall/Warranty,Completed,Direct Web Traffic,Direct Web Traffic,92130,$0.00,TRUE
,,1119610822,8/29/2026,9/1/2026,HVAC Install,Hvac Recall/Warranty,Completed,Branded Phone Number,A1-800-BILL HOWE,92067,$0.00,TRUE
,,31713311,8/31/2026,8/25/2026,HVAC Install,Hvac Recall/Warranty,Completed,Organic Search,Google Organic,92106,$0.00,TRUE
,,321631922,8/31/2026,8/25/2026,HVAC Install,Hvac Recall/Warranty,Completed,Google LSA,Google Local Services,91942,$0.00,TRUE
,,1097370018,8/31/2026,8/28/2026,HVAC Install,Hvac Recall/Warranty,Completed,Branded Phone Number,Local 619,92021,$0.00,TRUE
,,31713311,8/31/2026,8/25/2026,HVAC Install,Hvac Recall/Warranty,Completed,Organic Search,Google Organic,92106,$0.00,TRUE
,,1113625297,8/31/2026,8/26/2026,HVAC Install,Hvac Recall/Warranty,Completed,PPC,Google | PMAX | Plumbing,92008,$0.00,TRUE
,,675237611,8/31/2026,8/24/2026,HVAC Install,Hvac Recall/Warranty,Completed,PPC,Google | Search | Brand,92104,$0.00,TRUE
,,31619651,9/1/2026,8/31/2026,HVAC Install,Hvac Recall/Warranty,Completed,Outbound SMS,ST Outbound Text Lines,92024,$0.00,TRUE
,,31619651,9/1/2026,8/31/2026,HVAC Install,Hvac Recall/Warranty,Completed,Outbound SMS,ST Outbound Text Lines,92024,$0.00,TRUE
,,31619651,9/1/2026,8/31/2026,HVAC Install,Hvac Recall/Warranty,Completed,Outbound SMS,ST Outbound Text Lines,92024,$0.00,TRUE
,,1097370018,9/1/2026,8/28/2026,HVAC Install,Hvac Recall/Warranty,Completed,Branded Phone Number,Local 619,92021,$0.00,TRUE
,,1097370018,9/1/2026,8/28/2026,HVAC Install,Hvac Recall/Warranty,Completed,Branded Phone Number,Local 619,92021,$0.00,TRUE
,,1097370018,9/1/2026,8/28/2026,HVAC Install,Hvac Recall/Warranty,Completed,Branded Phone Number,Local 619,92021,$0.00,TRUE
,,1097370018,9/1/2026,8/28/2026,HVAC Install,Hvac Recall/Warranty,Completed,Branded Phone Number,Local 619,92021,$0.00,TRUE
,,31625556,9/1/2026,,HVAC Install,Hvac Recall/Warranty,Scheduled,PPC,Google | Search | Brand,92130,$0.00,TRUE
,,335907137,9/2/2026,8/28/2026,HVAC Install,Hvac Recall/Warranty,Completed,PPC,Google | Search | HVAC,92011,$0.00,TRUE
,,96788441,9/3/2026,9/4/2026,HVAC Install,Hvac Recall/Warranty,Completed,PPC,Google | Search | Brand,92104,$0.00,TRUE
,,31619651,9/3/2026,8/31/2026,HVAC Install,Hvac Recall/Warranty,Completed,Outbound SMS,ST Outbound Text Lines,92024,$0.00,TRUE
,,31619651,9/3/2026,8/31/2026,HVAC Install,Hvac Recall/Warranty,Completed,Outbound SMS,ST Outbound Text Lines,92024,$0.00,TRUE
,,31619651,9/3/2026,8/31/2026,HVAC Install,Hvac Recall/Warranty,Completed,Outbound SMS,ST Outbound Text Lines,92024,$0.00,TRUE
,,266023073,9/3/2026,8/10/2026,HVAC Install,Hvac Recall/Warranty,Completed,Branded Phone Number,A1-800-BILL HOWE,92131,-$2778.17,FALSE
,,31671619,9/3/2026,8/31/2026,HVAC Install,Hvac Recall/Warranty,Completed,Google Business Profiles,GMB_SanDiego,92128,$0.00,TRUE
,,1093196671,9/4/2026,,HVAC Install,Hvac Recall/Warranty,Hold,Branded Phone Number,A1-800-BILL HOWE,91941,$0.00,TRUE
,,31574511,9/4/2026,,HVAC Install,Hvac Recall/Warranty,Hold,Branded Phone Number,Local 619,92110,$0.00,TRUE
,,,,,41,41,41,41,41,,-$2778.17,
,Job Type: HVAC Remove/Reinstall,,,,,,,,,,,
,,487202285,8/24/2026,,HVAC Install,HVAC Remove/Reinstall,Hold,PPC,Google | PMAX | HVAC,92014,$1260.00,TRUE
,,31731569,9/4/2026,,HVAC Install,HVAC Remove/Reinstall,Scheduled,Branded Phone Number,A1-800-BILL HOWE,92037,$3112.89,TRUE
,,,,,2,2,2,2,2,,$4372.89,
,Job Type: Job Walk,,,,,,,,,,,
,,1108520408,8/24/2026,8/25/2026,HVAC Install,Job Walk,Completed,Branded Phone Number,Local 619,92056,$0.00,FALSE
,,31661897,8/26/2026,8/27/2026,HVAC Install,Job Walk,Completed,Branded Phone Number,Local 619,92107,$0.00,FALSE
,,1117873413,8/28/2026,,HVAC Install,Job Walk,In Progress,Branded Phone Number,Local 619,92101,$0.00,FALSE
,,1130503865,9/4/2026,,HVAC Install,Job Walk,Scheduled,Direct Web Traffic,Direct Web Traffic,92007,$0.00,FALSE
,,,,,4,4,4,4,4,,$0.00,
,Job Type: Re-Duct,,,,,,,,,,,
,,31538470,8/31/2026,,HVAC Install,Re-Duct,Hold,Branded Phone Number,A1-800-BILL HOWE,92117,$1087.50,TRUE
,,903296276,9/3/2026,9/1/2026,HVAC Install,Re-Duct,Completed,Yelp,Yelp,92071,$0.00,TRUE
,,,,,2,2,2,2,2,,$1087.50,
,,,,,199,199,199,199,199,,$638429.18,
Invoice Business Unit: HVAC Maintenance,,,,,,,,,,,,
,Job Type:,,,,,,,,,,,
,,31733361,8/24/2026,,HVAC Maintenance,,,,,92111,$179.88,TRUE
,,31679162,8/24/2026,,HVAC Maintenance,,,,,92024,$179.88,TRUE
,,31678591,8/25/2026,,HVAC Maintenance,,,,,92108,$179.88,TRUE
,,31536428,8/26/2026,,HVAC Maintenance,,,,,92037,$179.88,TRUE
,,59420200,8/26/2026,,HVAC Maintenance,,,,,92108,$0.00,TRUE
,,58877937,8/26/2026,,HVAC Maintenance,,,,,92108,$0.00,TRUE
,,1105490162,8/27/2026,,HVAC Maintenance,,,,,92064,$14.99,TRUE
,,1105490162,8/27/2026,,HVAC Maintenance,,,,,92064,$14.99,TRUE
,,31709289,8/27/2026,,HVAC Maintenance,,,,,92127,$179.88,TRUE
,,255252356,8/28/2026,,HVAC Maintenance,,,,,92104,$179.88,TRUE
,,31537410,8/28/2026,,HVAC Maintenance,,,,,92122,$179.88,TRUE
,,1064795286,8/28/2026,,HVAC Maintenance,,,,,92029,$29.98,TRUE
,,31706459,8/28/2026,,HVAC Maintenance,,,,,92026,$14.99,TRUE
,,898233123,8/28/2026,,HVAC Maintenance,,,,,92103,-$78.12,TRUE
,,898233123,8/28/2026,,HVAC Maintenance,,,,,92103,-$179.88,TRUE
,,321816471,8/28/2026,,HVAC Maintenance,,,,,92025,$179.88,TRUE
,,901349673,8/29/2026,,HVAC Maintenance,,,,,92021,$14.99,TRUE
,,55035139,8/31/2026,,HVAC Maintenance,,,,,92037,$0.00,TRUE
,,55035139,8/31/2026,,HVAC Maintenance,,,,,92037,$0.00,TRUE
,,487161650,9/1/2026,,HVAC Maintenance,,,,,92120,$14.99,TRUE
,,55035139,9/1/2026,,HVAC Maintenance,,,,,92037,-$179.88,TRUE
,,55035139,9/1/2026,,HVAC Maintenance,,,,,92037,-$179.88,TRUE
,,318049073,9/2/2026,,HVAC Maintenance,,,,,92024,$14.99,TRUE
,,304941459,9/2/2026,,HVAC Maintenance,,,,,92103,$179.88,TRUE
,,265863774,9/2/2026,,HVAC Maintenance,,,,,92027,$14.99,TRUE
,,31729722,9/2/2026,,HVAC Maintenance,,,,,92127,$14.99,TRUE
,,58959216,9/2/2026,,HVAC Maintenance,,,,,91977,$0.00,TRUE
,,304941459,9/2/2026,,HVAC Maintenance,,,,,92103,-$179.88,TRUE
,,58959216,9/2/2026,,HVAC Maintenance,,,,,91977,-$179.88,TRUE
,,31600598,9/3/2026,,HVAC Maintenance,,,,,92119,$179.88,TRUE
,,901349673,9/3/2026,,HVAC Maintenance,,,,,92021,$14.99,TRUE
,,100626568,9/3/2026,,HVAC Maintenance,,,,,92020,$0.00,TRUE
,,31647901,9/4/2026,,HVAC Maintenance,,,,,92139,$29.98,TRUE
,,377049874,9/4/2026,,HVAC Maintenance,,,,,92040,$14.99,TRUE
,,265189298,9/4/2026,,HVAC Maintenance,,,,,92123,$179.88,TRUE
,,31729161,9/4/2026,,HVAC Maintenance,,,,,92128,$14.99,TRUE
,,1104733514,9/4/2026,,HVAC Maintenance,,,,,92119,$14.99,TRUE
,,50130908,9/5/2026,,HVAC Maintenance,,,,,92108,$179.88,TRUE
,,50130908,9/5/2026,,HVAC Maintenance,,,,,92126,$179.88,TRUE
,,66187761,9/5/2026,,HVAC Maintenance,,,,,92108,$14.99,TRUE
,,31636747,9/6/2026,,HVAC Maintenance,,,,,92114,$14.99,TRUE
,,31684241,9/6/2026,,HVAC Maintenance,,,,,92037,$14.99,TRUE
,,,,,42,42,42,42,42,,$1645.73,
,Job Type: Preventative Maintenance,,,,,,,,,,,
,,299288099,8/24/2026,,HVAC Maintenance,Preventative Maintenance,Scheduled,PPC,Google | PMAX | Plumbing,92131,$0.00,TRUE
,,980173974,8/24/2026,8/28/2026,HVAC Maintenance,Preventative Maintenance,Completed,PPC,Google | PMAX | HVAC,92103,$0.00,TRUE
,,1129525373,8/24/2026,,HVAC Maintenance,Preventative Maintenance,Scheduled,PPC,Google | Search | Competitor,92130,$0.00,TRUE
,,902736472,8/24/2026,8/31/2026,HVAC Maintenance,Preventative Maintenance,Completed,Direct Web Traffic,Direct Web Traffic,92118,$79.00,TRUE
,,31579829,8/25/2026,,HVAC Maintenance,Preventative Maintenance,Scheduled,Organic Search,Bing Organic,92124,$0.00,TRUE
,,31678591,8/25/2026,,HVAC Maintenance,Preventative Maintenance,Scheduled,CSR Outbound,$1 OUTBOUND (use this for out-bounding),92108,$0.00,TRUE
,,31571437,8/25/2026,,HVAC Maintenance,Preventative Maintenance,Scheduled,Direct Web Traffic,Direct Web Traffic,92104,$0.00,TRUE
,,31548571,8/26/2026,,HVAC Maintenance,Preventative Maintenance,Scheduled,Google Business Profiles,GMB_SanDiego,92037,$0.00,TRUE
,,1130638373,8/27/2026,,HVAC Maintenance,Preventative Maintenance,Scheduled,Google LSA,Google Local Services,92071,$0.00,TRUE
,,366749162,8/27/2026,,HVAC Maintenance,Preventative Maintenance,Scheduled,Branded Phone Number,A1-800-BILL HOWE,92019,$0.00,TRUE
,,286576621,8/27/2026,,HVAC Maintenance,Preventative Maintenance,Scheduled,PPC,Google | Search | Brand,92129,$0.00,TRUE
,,31709289,8/27/2026,,HVAC Maintenance,Preventative Maintenance,Scheduled,Branded Phone Number,Local 619,92127,$0.00,TRUE
,,31700614,8/28/2026,,HVAC Maintenance,Preventative Maintenance,Scheduled,Organic Search,Google Organic,92123,$0.00,TRUE
,,475969278,8/28/2026,,HVAC Maintenance,Preventative Maintenance,Scheduled,PPC,Google | PMAX | HVAC,92110,$0.00,TRUE
,,1131178079,8/28/2026,,HVAC Maintenance,Preventative Maintenance,Scheduled,PPC,Google | Search | HVAC,92071,$0.00,TRUE
,,267036096,8/29/2026,,HVAC Maintenance,Preventative Maintenance,Scheduled,Google Business Profiles,GMB_SanDiego,92106,$0.00,TRUE
,,94747769,8/31/2026,,HVAC Maintenance,Preventative Maintenance,Scheduled,Branded Phone Number,A1-800-BILL HOWE,92020,$0.00,TRUE
,,888212356,8/31/2026,,HVAC Maintenance,Preventative Maintenance,Scheduled,Direct Web Traffic,Direct Web Traffic,91942,$0.00,TRUE
,,179547,8/31/2026,5/22/2026,HVAC Maintenance,Preventative Maintenance,Completed,Direct Web Traffic,Direct Web Traffic,92130,-$87.00,TRUE
,,1131773700,9/1/2026,,HVAC Maintenance,Preventative Maintenance,Scheduled,Google Business Profiles,GMB_SanDiego,92130,$0.00,TRUE
,,1131775861,9/1/2026,9/1/2026,HVAC Maintenance,Preventative Maintenance,Canceled,PPC,Google | PMAX | HVAC,91914,$0.00,TRUE
,,477498834,9/1/2026,,HVAC Maintenance,Preventative Maintenance,Scheduled,Google Business Profiles,GMB_SanDiego,92128,$0.00,TRUE
,,66293311,9/1/2026,,HVAC Maintenance,Preventative Maintenance,Scheduled,Google Business Profiles,GMB_SanDiego,92037,$0.00,TRUE
,,893093312,9/1/2026,,HVAC Maintenance,Preventative Maintenance,Scheduled,,AC Acting Up?,92029,$0.00,TRUE
,,50087278,9/2/2026,,HVAC Maintenance,Preventative Maintenance,Scheduled,Branded Phone Number,A1-800-BILL HOWE,92111,$0.00,TRUE
,,31692778,9/2/2026,9/2/2026,HVAC Maintenance,Preventative Maintenance,Completed,Organic Search,Google Organic,92037,$539.64,TRUE
,,334936122,9/2/2026,,HVAC Maintenance,Preventative Maintenance,Scheduled,Google Business Profiles,GMB_SanDiego,92118,$0.00,TRUE
,,1133455127,9/2/2026,,HVAC Maintenance,Preventative Maintenance,Scheduled,PPC,Google | Search | Brand,92110,$0.00,TRUE
,,31556541,9/2/2026,,HVAC Maintenance,Preventative Maintenance,Scheduled,Google Business Profiles,GMB_SanDiego,92104,$0.00,TRUE
,,1133453530,9/2/2026,,HVAC Maintenance,Preventative Maintenance,Scheduled,Paid Social,Nextdoor,92124,$0.00,TRUE
,,31721247,9/3/2026,,HVAC Maintenance,Preventative Maintenance,Hold,PPC,Google | Search | HVAC,91950-5003,$0.00,TRUE
,,459733659,9/3/2026,,HVAC Maintenance,Preventative Maintenance,Scheduled,Direct Web Traffic,Direct Web Traffic,92119,$0.00,TRUE
,,50396028,9/3/2026,,HVAC Maintenance,Preventative Maintenance,Scheduled,Branded Phone Number,A1-800-BILL HOWE,92075,$0.00,TRUE
,,62663585,9/4/2026,,HVAC Maintenance,Preventative Maintenance,Scheduled,Branded Phone Number,Local 619,92101,$0.00,TRUE
,,255199055,9/4/2026,,HVAC Maintenance,Preventative Maintenance,Scheduled,Branded Phone Number,Local 619,92040,$0.00,TRUE
,,1136084709,9/4/2026,,HVAC Maintenance,Preventative Maintenance,Scheduled,PPC,Bing | Search | Brand,92116,$0.00,TRUE
,,255673520,9/6/2026,,HVAC Maintenance,Preventative Maintenance,Scheduled,PPC,Google | Search | HVAC,92106,$0.00,TRUE
,,31640935,9/5/2026,,HVAC Maintenance,Preventative Maintenance,Scheduled,Google Business Profiles,GMB_SanDiego,92037,$0.00,TRUE
,,1136195440,9/5/2026,,HVAC Maintenance,Preventative Maintenance,Scheduled,PPC,Google | Search | HVAC,92020,$0.00,TRUE
,,,,,39,39,39,39,39,,$531.64,
,Job Type: Recurring Services: B.F.P. Hvac Maintenance,,,,,,,,,,,
,,898233123,8/24/2026,8/28/2026,HVAC Maintenance,Recurring Services: B.F.P. Hvac Maintenance,Canceled,PPC,Google | Search | Brand,92103,$0.00,TRUE
,,31704085,8/24/2026,,HVAC Maintenance,Recurring Services: B.F.P. Hvac Maintenance,Scheduled,PPC,Bing | Search | Brand,92064,$0.00,TRUE
,,31585003,8/24/2026,,HVAC Maintenance,Recurring Services: B.F.P. Hvac Maintenance,Scheduled,,Memberships due for Service,92075,$0.00,TRUE
,,31733361,8/24/2026,,HVAC Maintenance,Recurring Services: B.F.P. Hvac Maintenance,Scheduled,CSR Outbound,$1 OUTBOUND (use this for out-bounding),92111,$0.00,TRUE
,,31718947,8/24/2026,,HVAC Maintenance,Recurring Services: B.F.P. Hvac Maintenance,Scheduled,Organic Search,Bing Organic,91910,$0.00,TRUE
,,31636902,8/24/2026,,HVAC Maintenance,Recurring Services: B.F.P. Hvac Maintenance,Scheduled,,Memberships due for Service,92064,$0.00,TRUE
,,31647481,8/24/2026,8/19/2026,HVAC Maintenance,Recurring Services: B.F.P. Hvac Maintenance,Completed,,BFP HVAC Maintenance SMS 2026,92129,$0.00,TRUE
,,31537823,8/24/2026,,HVAC Maintenance,Recurring Services: B.F.P. Hvac Maintenance,Scheduled,,Memberships due for Service,91932,$0.00,TRUE
,,53292217,8/25/2026,,HVAC Maintenance,Recurring Services: B.F.P. Hvac Maintenance,Scheduled,PPC,Google | Search | Brand,92114,$0.00,TRUE
,,1129168827,8/25/2026,,HVAC Maintenance,Recurring Services: B.F.P. Hvac Maintenance,Scheduled,PPC,Google | Search | Brand,91913,$0.00,TRUE
,,31592335,8/25/2026,7/7/2026,HVAC Maintenance,Recurring Services: B.F.P. Hvac Maintenance,Completed,Branded Phone Number,Local 619,92037,$0.00,FALSE
,,373008653,8/25/2026,,HVAC Maintenance,Recurring Services: B.F.P. Hvac Maintenance,Scheduled,,Memberships due for Service,92037,$0.00,TRUE
,,31536428,8/26/2026,,HVAC Maintenance,Recurring Services: B.F.P. Hvac Maintenance,Scheduled,Branded Phone Number,Local 619,92037,$0.00,TRUE
,,95065905,8/26/2026,,HVAC Maintenance,Recurring Services: B.F.P. Hvac Maintenance,Scheduled,CSR Outbound,$1 OUTBOUND (use this for out-bounding),91977,$0.00,TRUE
,,302938306,8/26/2026,,HVAC Maintenance,Recurring Services: B.F.P. Hvac Maintenance,Scheduled,,Memberships due for Service,92037,$0.00,TRUE
,,31713313,8/27/2026,,HVAC Maintenance,Recurring Services: B.F.P. Hvac Maintenance,Scheduled,,Memberships due for Service,92109,$0.00,TRUE
,,31713655,8/31/2026,,HVAC Maintenance,Recurring Services: B.F.P. Hvac Maintenance,Scheduled,CSR Outbound,$1 OUTBOUND (use this for out-bounding),91935,$0.00,TRUE
,,356424741,8/31/2026,,HVAC Maintenance,Recurring Services: B.F.P. Hvac Maintenance,Scheduled,Branded Phone Number,Local 619,92127,$0.00,TRUE
,,96544227,9/1/2026,,HVAC Maintenance,Recurring Services: B.F.P. Hvac Maintenance,Scheduled,,September Savings 2026,91941,$0.00,TRUE
,,57843795,9/2/2026,,HVAC Maintenance,Recurring Services: B.F.P. Hvac Maintenance,Scheduled,Branded Phone Number,Local 619,92020,$0.00,TRUE
,,912719005,9/2/2026,,HVAC Maintenance,Recurring Services: B.F.P. Hvac Maintenance,Scheduled,,BFP HVAC Maintenance SMS 2026,92154,$0.00,TRUE
,,265536757,9/3/2026,,HVAC Maintenance,Recurring Services: B.F.P. Hvac Maintenance,Scheduled,,Memberships due for Service,91902,$0.00,TRUE
,,85771814,9/5/2026,,HVAC Maintenance,Recurring Services: B.F.P. Hvac Maintenance,Scheduled,Branded Phone Number,Local 619,91902,$0.00,TRUE
,,,,,23,23,23,23,23,,$0.00,
,Job Type: Recurring Services: Complimentary Maintenance,,,,,,,,,,,
,,31679612,8/31/2026,,HVAC Maintenance,Recurring Services: Complimentary Maintenance,Scheduled,Outbound SMS,ST Outbound Text Lines,92019,$0.00,TRUE
,,,,,1,1,1,1,1,,$0.00,
,,,,,105,105,105,105,105,,$2177.37,
Invoice Business Unit: HVAC Sales,,,,,,,,,,,,
,Job Type: HVAC Estimate,,,,,,,,,,,
,,1129338972,8/24/2026,8/25/2026,HVAC Sales,HVAC Estimate,Completed,Google Business Profiles,GMB_Poway,92024,$0.00,TRUE
,,1129381101,8/24/2026,8/28/2026,HVAC Sales,HVAC Estimate,Completed,PPC,Google | Search | Brand,92104,$0.00,TRUE
,,1129287202,8/24/2026,8/25/2026,HVAC Sales,HVAC Estimate,Completed,Branded Phone Number,Local 619,92130,$0.00,TRUE
,,31647889,8/24/2026,8/25/2026,HVAC Sales,HVAC Estimate,Completed,Sameday AI,Sameday AI,92064,$0.00,TRUE
,,907087544,8/24/2026,8/25/2026,HVAC Sales,HVAC Estimate,Completed,Google Business Profiles,GMB_Poway,92007,$0.00,TRUE
,,1129433029,8/24/2026,8/25/2026,HVAC Sales,HVAC Estimate,Completed,PPC,Google | Search | Brand,92021,$0.00,TRUE
,,1129260561,8/24/2026,8/24/2026,HVAC Sales,HVAC Estimate,Canceled,Direct Web Traffic,Direct Web Traffic,92037,$0.00,TRUE
,,1120105934,8/24/2026,8/26/2026,HVAC Sales,HVAC Estimate,Completed,PPC,Google | PMAX | Plumbing,92105,$0.00,FALSE
,,1129473791,8/24/2026,8/27/2026,HVAC Sales,HVAC Estimate,Completed,PPC,Google | Search | HVAC,92081,$0.00,TRUE
,,1129556291,8/24/2026,8/26/2026,HVAC Sales,HVAC Estimate,Completed,PPC,Google | Search | HVAC,92109,$0.00,TRUE
,,1129598414,8/24/2026,8/29/2026,HVAC Sales,HVAC Estimate,Completed,Organic Search,Google Organic,91911,$0.00,TRUE
,,1129604845,8/25/2026,8/26/2026,HVAC Sales,HVAC Estimate,Completed,Sameday AI,Sameday AI,92009,$0.00,FALSE
,,1129781901,8/25/2026,,HVAC Sales,HVAC Estimate,Hold,PPC,Google | Search | Brand,92064,$0.00,TRUE
,,31564258,8/25/2026,8/26/2026,HVAC Sales,HVAC Estimate,Completed,Organic Search,Google Organic,92130,$0.00,TRUE
,,57796451,8/25/2026,8/28/2026,HVAC Sales,HVAC Estimate,Completed,Organic Search,Bing Organic,92014,$0.00,TRUE
,,1130305118,8/26/2026,8/27/2026,HVAC Sales,HVAC Estimate,Completed,PPC,Google | PMAX | HVAC,92109,$0.00,TRUE
,,31576531,8/26/2026,8/27/2026,HVAC Sales,HVAC Estimate,Completed,Branded Phone Number,A1-800-BILL HOWE,92064,$0.00,TRUE
,,274475928,8/26/2026,8/28/2026,HVAC Sales,HVAC Estimate,Completed,Branded Phone Number,A1-800-BILL HOWE,92071,$0.00,TRUE
,,31676377,8/26/2026,8/26/2026,HVAC Sales,HVAC Estimate,Completed,PPC,Google | Search | Brand,92101,$0.00,FALSE
,,31728170,8/26/2026,8/27/2026,HVAC Sales,HVAC Estimate,Completed,Organic Search,Google Organic,92106-1534,$0.00,TRUE
,,466746387,8/26/2026,8/28/2026,HVAC Sales,HVAC Estimate,Completed,Yelp,Yelp,92117,$0.00,TRUE
,,1130443159,8/26/2026,8/31/2026,HVAC Sales,HVAC Estimate,Completed,PPC,Google | Search | HVAC,92084,$0.00,TRUE
,,679614858,8/26/2026,8/29/2026,HVAC Sales,HVAC Estimate,Completed,Email,2025 September BBB Torch Awards Winners,92037,$0.00,TRUE
,,1130503865,8/26/2026,8/31/2026,HVAC Sales,HVAC Estimate,Completed,CSR Outbound,$1 OUTBOUND (use this for out-bounding),92007,$0.00,FALSE
,,291569130,8/26/2026,8/31/2026,HVAC Sales,HVAC Estimate,Completed,Branded Phone Number,A1-800-BILL HOWE,92126,$0.00,FALSE
,,1130695716,8/27/2026,8/28/2026,HVAC Sales,HVAC Estimate,Canceled,PPC,Google | Search | Brand,92128,$0.00,TRUE
,,375906711,8/27/2026,,HVAC Sales,HVAC Estimate,Scheduled,Google Business Profiles,GMB_SanDiego,92131,$0.00,TRUE
,,1130792733,8/27/2026,8/30/2026,HVAC Sales,HVAC Estimate,Canceled,Branded Phone Number,Local 619,92124,$0.00,TRUE
,,1130787936,8/27/2026,8/31/2026,HVAC Sales,HVAC Estimate,Completed,PPC,Google | Search | Brand,92130,$0.00,TRUE
,,31619331,8/27/2026,8/31/2026,HVAC Sales,HVAC Estimate,Completed,Yelp,Yelp,91942,$0.00,TRUE
,,342208971,8/27/2026,9/2/2026,HVAC Sales,HVAC Estimate,Completed,Google Business Profiles,GMB_SanDiego,92130,$0.00,TRUE
,,272280638,8/27/2026,,HVAC Sales,HVAC Estimate,Scheduled,Uncategorized,Uncategorized,92110,$0.00,TRUE
,,31726515,8/27/2026,,HVAC Sales,HVAC Estimate,Hold,PPC,Google | PMAX | HVAC,92130,$0.00,TRUE
,,1130992353,8/28/2026,8/31/2026,HVAC Sales,HVAC Estimate,Completed,PPC,Google | Search | Competitor,92037,$0.00,TRUE
,,1130986544,8/28/2026,8/29/2026,HVAC Sales,HVAC Estimate,Completed,Google Business Profiles,GMB_Poway,92064,$0.00,FALSE
,,1129267163,8/28/2026,9/1/2026,HVAC Sales,HVAC Estimate,Canceled,Google Business Profiles,GMB_SanDiego,91942,$0.00,TRUE
,,31596657,8/28/2026,,HVAC Sales,HVAC Estimate,Scheduled,Branded Phone Number,Local 619,92117,$0.00,TRUE
,,1131045743,8/28/2026,,HVAC Sales,HVAC Estimate,Hold,PPC,Google | PMAX | Plumbing,91915,$0.00,TRUE
,,31566178,8/28/2026,8/31/2026,HVAC Sales,HVAC Estimate,Completed,Branded Phone Number,Local 619,92078,$0.00,TRUE
,,1130925937,8/28/2026,9/2/2026,HVAC Sales,HVAC Estimate,Completed,Branded Phone Number,Local 619,92081,$0.00,TRUE
,,31565414,8/28/2026,9/1/2026,HVAC Sales,HVAC Estimate,Completed,Branded Phone Number,Local 619,92117,$0.00,TRUE
,,1119312404,8/28/2026,9/1/2026,HVAC Sales,HVAC Estimate,Completed,Google Business Profiles,GMB_SanDiego,92056,$0.00,FALSE
,,1131169377,8/28/2026,8/31/2026,HVAC Sales,HVAC Estimate,Completed,CSR Outbound,$1 OUTBOUND (use this for out-bounding),92091,$0.00,TRUE
,,31712013,8/29/2026,9/1/2026,HVAC Sales,HVAC Estimate,Canceled,PPC,Google | Search | Brand,92131,$0.00,TRUE
,,1131177089,8/29/2026,,HVAC Sales,HVAC Estimate,Scheduled,PPC,Google | Search | Brand,92113,$0.00,TRUE
,,1131228382,8/29/2026,9/2/2026,HVAC Sales,HVAC Estimate,Completed,Programmatic,StackAdapt / Display,92056,$0.00,TRUE
,,1131231421,8/29/2026,9/1/2026,HVAC Sales,HVAC Estimate,Completed,Sameday AI,Sameday AI,92128,$0.00,TRUE
,,1131222587,8/30/2026,9/2/2026,HVAC Sales,HVAC Estimate,Completed,Pending Validation,Google Ads Pending Validation,91941,$0.00,TRUE
,,31691647,8/30/2026,8/31/2026,HVAC Sales,HVAC Estimate,Completed,Sameday AI,Sameday AI,92111,$0.00,FALSE
,,1131273888,8/31/2026,,HVAC Sales,HVAC Estimate,Hold,PPC,Google | PMAX | Drains,92040,$0.00,TRUE
,,1131284353,8/31/2026,,HVAC Sales,HVAC Estimate,In Progress,Direct Web Traffic,Direct Web Traffic,92007,$0.00,TRUE
,,336252981,8/31/2026,9/2/2026,HVAC Sales,HVAC Estimate,Completed,Direct Web Traffic,Direct Web Traffic,92027,$0.00,TRUE
,,1131315575,8/31/2026,9/4/2026,HVAC Sales,HVAC Estimate,Completed,Google Business Profiles,GMB_SanDiego,92075,$0.00,TRUE
,,683112845,8/31/2026,9/3/2026,HVAC Sales,HVAC Estimate,Canceled,Yelp,Yelp,92130,$0.00,TRUE
,,1131339322,8/31/2026,9/2/2026,HVAC Sales,HVAC Estimate,Completed,Branded Phone Number,A1-800-BILL HOWE,92075,$0.00,FALSE
,,265474198,8/31/2026,9/3/2026,HVAC Sales,HVAC Estimate,Completed,Branded Phone Number,Local 619,92128,$0.00,TRUE
,,31537948,9/1/2026,9/1/2026,HVAC Sales,HVAC Estimate,Canceled,Branded Phone Number,A1-800-BILL HOWE,92110,$0.00,TRUE
,,913082815,9/1/2026,9/4/2026,HVAC Sales,HVAC Estimate,In Progress,Direct Web Traffic,Direct Web Traffic,92114,$0.00,TRUE
,,97708185,9/1/2026,9/2/2026,HVAC Sales,HVAC Estimate,Completed,Branded Phone Number,A1-800-BILL HOWE,92127,$0.00,FALSE
,,909283959,9/1/2026,9/1/2026,HVAC Sales,HVAC Estimate,Completed,Google LSA,Google Local Services,92108,$0.00,TRUE
,,31712241,9/1/2026,9/1/2026,HVAC Sales,HVAC Estimate,Completed,Branded Phone Number,A1-800-BILL HOWE,92019,$0.00,FALSE
,,31729601,9/1/2026,9/3/2026,HVAC Sales,HVAC Estimate,Completed,Branded Phone Number,A1-800-BILL HOWE,91932,$0.00,TRUE
,,98696933,9/1/2026,,HVAC Sales,HVAC Estimate,Scheduled,Outbound SMS,ST Outbound Text Lines,92104,$0.00,TRUE
,,55593441,9/1/2026,9/1/2026,HVAC Sales,HVAC Estimate,Canceled,Branded Phone Number,Local 619,92102,$0.00,TRUE
,,1131854205,9/1/2026,9/2/2026,HVAC Sales,HVAC Estimate,Canceled,PPC,Google | PMAX | HVAC,92117,$0.00,TRUE
,,1131571488,9/1/2026,9/3/2026,HVAC Sales,HVAC Estimate,Completed,PPC,Google | Search | Competitor,92115,$0.00,TRUE
,,1132074494,9/2/2026,9/3/2026,HVAC Sales,HVAC Estimate,Completed,Yelp,Yelp,92107,$0.00,TRUE
,,349923706,9/2/2026,9/3/2026,HVAC Sales,HVAC Estimate,Completed,PPC,Google | Search | Brand,92009,$0.00,FALSE
,,60087000,9/2/2026,9/4/2026,HVAC Sales,HVAC Estimate,Completed,Direct Web Traffic,Direct Web Traffic,92131,$0.00,TRUE
,,31696398,9/2/2026,9/5/2026,HVAC Sales,HVAC Estimate,Completed,Branded Phone Number,Local 619,92037,$0.00,TRUE
,,342923100,9/2/2026,9/4/2026,HVAC Sales,HVAC Estimate,Canceled,PPC,Google | Search | Brand,92126,$0.00,TRUE
,,59990984,9/2/2026,9/3/2026,HVAC Sales,HVAC Estimate,Completed,PPC,Google | Search | Brand,92111,$0.00,TRUE
,,1133451688,9/2/2026,9/3/2026,HVAC Sales,HVAC Estimate,Completed,Direct Web Traffic,Direct Web Traffic,92124,$0.00,FALSE
,,31723049,9/3/2026,9/4/2026,HVAC Sales,HVAC Estimate,Completed,Branded Phone Number,Local 619,92130,$0.00,TRUE
,,476733635,9/3/2026,9/3/2026,HVAC Sales,HVAC Estimate,Completed,Branded Phone Number,Local 619,92118,$0.00,TRUE
,,1133532331,9/3/2026,9/3/2026,HVAC Sales,HVAC Estimate,Completed,Google LSA,Google Local Services,92128,$0.00,TRUE
,,31692778,9/3/2026,,HVAC Sales,HVAC Estimate,Scheduled,Organic Search,Google Organic,92037,$0.00,TRUE
,,1133653837,9/3/2026,,HVAC Sales,HVAC Estimate,Scheduled,Branded Phone Number,Local 619,92010,$0.00,TRUE
,,1133683951,9/3/2026,,HVAC Sales,HVAC Estimate,Scheduled,PPC,Google | PMAX | HVAC,91915,$0.00,TRUE
,,100290432,9/4/2026,,HVAC Sales,HVAC Estimate,Scheduled,Google LSA,Google Local Services,92102,$0.00,TRUE
,,1134736951,9/4/2026,,HVAC Sales,HVAC Estimate,Scheduled,Google Business Profiles,GMB_SanDiego,92110,$0.00,TRUE
,,31577176,9/4/2026,,HVAC Sales,HVAC Estimate,Scheduled,Direct Web Traffic,Direct Web Traffic,92037,$0.00,TRUE
,,272911724,9/5/2026,,HVAC Sales,HVAC Estimate,Scheduled,Branded Phone Number,Local 619,92037,$0.00,TRUE
,,1136216280,9/5/2026,,HVAC Sales,HVAC Estimate,Scheduled,Website,Website Phone Calls,92131,$0.00,TRUE
,,,,,84,84,84,84,84,,$0.00,
,Job Type: Hvac Tech Turnover Estimate,,,,,,,,,,,
,,31538470,8/24/2026,8/25/2026,HVAC Sales,Hvac Tech Turnover Estimate,Completed,Branded Phone Number,A1-800-BILL HOWE,92117,$0.00,TRUE
,,1122182759,8/24/2026,8/25/2026,HVAC Sales,Hvac Tech Turnover Estimate,Completed,Yelp,Yelp,92067,$0.00,TRUE
,,52399802,8/24/2026,8/25/2026,HVAC Sales,Hvac Tech Turnover Estimate,Completed,PPC,Google | Search | Brand,92110,$0.00,TRUE
,,31697219,8/24/2026,8/26/2026,HVAC Sales,Hvac Tech Turnover Estimate,Completed,PPC,Google Legacy Campaigns,92037,$0.00,TRUE
,,358674934,8/25/2026,8/26/2026,HVAC Sales,Hvac Tech Turnover Estimate,Completed,Branded Phone Number,A1-800-BILL HOWE,92024,$0.00,TRUE
,,1130167846,8/25/2026,8/26/2026,HVAC Sales,Hvac Tech Turnover Estimate,Completed,PPC,Google | Search | HVAC,92126,$0.00,TRUE
,,50044824,8/26/2026,8/27/2026,HVAC Sales,Hvac Tech Turnover Estimate,Completed,Google Business Profiles,GMB_SanDiego,92102,$0.00,TRUE
,,31725984,8/27/2026,,HVAC Sales,Hvac Tech Turnover Estimate,Scheduled,Google LSA,Google Local Services,92101,$0.00,TRUE
,,31620257,8/27/2026,8/27/2026,HVAC Sales,Hvac Tech Turnover Estimate,Canceled,PPC,Google | Search | Brand,91950,$0.00,TRUE
,,31559997,8/28/2026,8/31/2026,HVAC Sales,Hvac Tech Turnover Estimate,Completed,PPC,Bing | Search | Brand,92110,$0.00,TRUE
,,1124851027,8/31/2026,,HVAC Sales,Hvac Tech Turnover Estimate,Hold,Google LSA,Google Local Services,92130,$0.00,TRUE
,,896228698,8/31/2026,9/1/2026,HVAC Sales,Hvac Tech Turnover Estimate,Completed,PPC,Google | Search | HVAC,92037,$0.00,TRUE
,,31536162,8/31/2026,,HVAC Sales,Hvac Tech Turnover Estimate,Hold,Branded Phone Number,Local 619,91910,$0.00,TRUE
,,31648836,8/31/2026,9/2/2026,HVAC Sales,Hvac Tech Turnover Estimate,Completed,Google Business Profiles,GMB_SanDiego,92101,$0.00,TRUE
,,90009198,9/1/2026,9/1/2026,HVAC Sales,Hvac Tech Turnover Estimate,Canceled,Google Business Profiles,GMB_SanDiego,92120,$0.00,TRUE
,,31537948,9/1/2026,9/1/2026,HVAC Sales,Hvac Tech Turnover Estimate,Completed,Branded Phone Number,A1-800-BILL HOWE,92110,$0.00,TRUE
,,260662988,9/2/2026,9/2/2026,HVAC Sales,Hvac Tech Turnover Estimate,Completed,Google Business Profiles,GMB_SanDiego,92127,$0.00,TRUE
,,671329533,9/2/2026,,HVAC Sales,Hvac Tech Turnover Estimate,Scheduled,PPC,Google | Search | Plumbing,92024,$0.00,TRUE
,,1116111943,9/2/2026,9/5/2026,HVAC Sales,Hvac Tech Turnover Estimate,Completed,Direct Web Traffic,Direct Web Traffic,92126,$0.00,TRUE
,,1128393284,9/2/2026,,HVAC Sales,Hvac Tech Turnover Estimate,Scheduled,Branded Phone Number,Local 619,92103,$0.00,TRUE
,,1113567985,9/3/2026,9/5/2026,HVAC Sales,Hvac Tech Turnover Estimate,Canceled,Google LSA,Google Local Services,92124,$0.00,TRUE
,,1131948622,9/3/2026,,HVAC Sales,Hvac Tech Turnover Estimate,Scheduled,PPC,Google | Search | Competitor,92040,$0.00,TRUE
,,31695033,9/3/2026,9/5/2026,HVAC Sales,Hvac Tech Turnover Estimate,Canceled,Branded Phone Number,Local 619,92037,$0.00,TRUE
,,31729465,9/3/2026,9/5/2026,HVAC Sales,Hvac Tech Turnover Estimate,Completed,Branded Phone Number,Local 619,92118,$0.00,TRUE
,,1129290842,9/4/2026,,HVAC Sales,Hvac Tech Turnover Estimate,Scheduled,Email,Legacy Email Marketing Multiple Offers,92110,$0.00,TRUE
,,31580403,9/4/2026,,HVAC Sales,Hvac Tech Turnover Estimate,Scheduled,PPC,Bing | Search | Brand,92037,$0.00,TRUE
,,1129222020,9/4/2026,,HVAC Sales,Hvac Tech Turnover Estimate,Scheduled,Direct Web Traffic,Direct Web Traffic,92126,$0.00,TRUE
,,58899005,9/4/2026,,HVAC Sales,Hvac Tech Turnover Estimate,Hold,Branded Phone Number,Local 619,92131,$0.00,TRUE
,,,,,28,28,28,28,28,,$0.00,
,,,,,112,112,112,112,112,,$0.00,
Invoice Business Unit: HVAC Service,,,,,,,,,,,,
,Job Type:,,,,,,,,,,,
,,59420200,8/27/2026,,HVAC Service,,,,,92108,-$89.84,TRUE
,,58877937,8/27/2026,,HVAC Service,,,,,92108,-$89.84,TRUE
,,286576621,8/27/2026,,HVAC Service,,,,,92129,$179.88,TRUE
,,31729945,8/28/2026,,HVAC Service,,,,,92139,$14.99,TRUE
,,31633256,8/28/2026,,HVAC Service,,,,,92122,$0.00,TRUE
,,407605504,8/28/2026,,HVAC Service,,,,,92131,$14.99,TRUE
,,93545031,9/3/2026,,HVAC Service,,,,,92020,$179.88,TRUE
,,31683938,9/3/2026,,HVAC Service,,,,,92037,$179.88,TRUE
,,913862549,9/1/2026,,HVAC Service,,,,,92128,-$179.88,TRUE
,,31596657,9/4/2026,,HVAC Service,,,,,92117,$179.88,TRUE
,,31596657,9/4/2026,,HVAC Service,,,,,92117,$179.88,TRUE
,,481472593,9/5/2026,,HVAC Service,,,,,92084,$179.88,TRUE
,,,,,12,12,12,12,12,,$749.70,
,Job Type: 10+ HVAC Unit,,,,,,,,,,,
,,265470742,8/24/2026,9/3/2026,HVAC Service,10+ HVAC Unit,Completed,PPC,Google | Search | Brand,91978,$94.00,TRUE
,,31578928,8/24/2026,8/11/2026,HVAC Service,10+ HVAC Unit,Completed,Branded Phone Number,Local 619,92111,$0.00,TRUE
,,1108493514,8/24/2026,9/4/2026,HVAC Service,10+ HVAC Unit,Completed,Branded Phone Number,A1-800-BILL HOWE,92107,$87.00,TRUE
,,1131220747,8/29/2026,9/4/2026,HVAC Service,10+ HVAC Unit,Canceled,PPC,Google Legacy Campaigns,92130,$0.00,TRUE
,,31538170,8/29/2026,9/5/2026,HVAC Service,10+ HVAC Unit,Completed,Branded Phone Number,Local 619,92123,$0.00,TRUE
,,1131231925,8/29/2026,8/31/2026,HVAC Service,10+ HVAC Unit,Canceled,Google Business Profiles,GMB_SanDiego,92014,$0.00,TRUE
,,31561823,8/30/2026,,HVAC Service,10+ HVAC Unit,Scheduled,Branded Phone Number,Local 619,91911,$0.00,TRUE
,,31537193,8/30/2026,,HVAC Service,10+ HVAC Unit,Scheduled,Outbound SMS,ST Outbound Text Lines,92064,$0.00,FALSE
,,31594181,8/30/2026,,HVAC Service,10+ HVAC Unit,Scheduled,PPC,Google | Search | Brand,92127,$0.00,TRUE
,,58133917,8/31/2026,,HVAC Service,10+ HVAC Unit,Scheduled,,BFP HVAC Maintenance SMS 2026,92108,$0.00,TRUE
,,683112845,8/31/2026,,HVAC Service,10+ HVAC Unit,Scheduled,Yelp,Yelp,92130,$0.00,TRUE
,,1130185320,8/31/2026,,HVAC Service,10+ HVAC Unit,Scheduled,Branded Phone Number,A1-800-BILL HOWE,92115,$0.00,TRUE
,,357597112,9/1/2026,,HVAC Service,10+ HVAC Unit,Scheduled,Google LSA,Google Local Services,92119,$0.00,TRUE
,,31537342,9/1/2026,9/3/2026,HVAC Service,10+ HVAC Unit,Completed,External Referral,Referral,92114,$1237.00,TRUE
,,893093312,9/1/2026,,HVAC Service,10+ HVAC Unit,Scheduled,,AC Acting Up?,92029,$0.00,TRUE
,,1131973890,9/1/2026,,HVAC Service,10+ HVAC Unit,Hold,PPC,Google | Search | HVAC,92154,$0.00,TRUE
,,1131972891,9/1/2026,,HVAC Service,10+ HVAC Unit,Hold,Google Business Profiles,GMB_SanDiego,92103,$0.00,TRUE
,,284628369,9/1/2026,,HVAC Service,10+ HVAC Unit,Scheduled,Direct Web Traffic,Direct Web Traffic,92124,$0.00,TRUE
,,372687882,9/5/2026,9/5/2026,HVAC Service,10+ HVAC Unit,Completed,PPC,Google | Search | Brand,92109,$509.00,TRUE
,,1136224698,9/5/2026,9/6/2026,HVAC Service,10+ HVAC Unit,Completed,PPC,Google | Search | Brand,92037,$509.00,TRUE
,,31726043,9/5/2026,,HVAC Service,10+ HVAC Unit,Scheduled,Organic Search,Google Organic,92130,$0.00,TRUE
,,1136249055,9/6/2026,,HVAC Service,10+ HVAC Unit,Scheduled,Google LSA,Google Local Services,92,$0.00,TRUE
,,,,,22,22,22,22,22,,$2436.00,
,Job Type: A/C Repair,,,,,,,,,,,
,,1115959251,8/24/2026,8/17/2026,HVAC Service,A/C Repair,Completed,Branded Phone Number,Local 619,92101,-$393.75,TRUE
,,1117589599,8/24/2026,9/4/2026,HVAC Service,A/C Repair,Completed,Direct Web Traffic,Direct Web Traffic,92009,$912.18,TRUE
,,31556954,8/24/2026,8/5/2026,HVAC Service,A/C Repair,Completed,PPC,Google | Search | Brand,92110,$0.00,TRUE
,,304834079,8/24/2026,8/7/2026,HVAC Service,A/C Repair,Completed,Branded Phone Number,A1-800-BILL HOWE,92109,$0.00,TRUE
,,31649252,8/24/2026,8/27/2026,HVAC Service,A/C Repair,Completed,Branded Phone Number,Local 619,91913,$2705.35,TRUE
,,977899684,8/24/2026,,HVAC Service,A/C Repair,Hold,CSR Outbound,$1 OUTBOUND (use this for out-bounding),91902,$724.53,TRUE
,,675237611,8/24/2026,,HVAC Service,A/C Repair,Scheduled,PPC,Google | Search | Brand,92104,$0.00,TRUE
,,321624355,8/24/2026,8/25/2026,HVAC Service,A/C Repair,Canceled,Business Directories,BBB Business Listing,92128,$0.00,TRUE
,,1129596215,8/24/2026,8/28/2026,HVAC Service,A/C Repair,Completed,PPC,Google Legacy Campaigns,92118,$1062.12,TRUE
,,86409819,8/25/2026,,HVAC Service,A/C Repair,Scheduled,Direct Web Traffic,Direct Web Traffic,92102,$0.00,TRUE
,,31722864,8/25/2026,,HVAC Service,A/C Repair,Scheduled,Google Business Profiles,GMB_SanDiego,92037,$981.57,TRUE
,,31655530,8/25/2026,9/3/2026,HVAC Service,A/C Repair,Completed,Branded Phone Number,A1-800-BILL HOWE,92065,$129.00,TRUE
,,31627722,8/25/2026,,HVAC Service,A/C Repair,Hold,PPC,Google | PMAX | HVAC,92111,$0.00,TRUE
,,1130188864,8/25/2026,8/25/2026,HVAC Service,A/C Repair,Completed,PPC,Google | Search | HVAC,92056,$709.01,TRUE
,,1130194461,8/25/2026,,HVAC Service,A/C Repair,Hold,Yelp,Yelp,92128,$0.00,TRUE
,,358784234,8/26/2026,8/27/2026,HVAC Service,A/C Repair,Completed,Google Business Profiles,GMB_SanDiego,91941,$2441.26,TRUE
,,1124767476,8/26/2026,,HVAC Service,A/C Repair,Hold,PPC,Google | Search | Brand,92107,$816.73,TRUE
,,61237034,8/26/2026,9/1/2026,HVAC Service,A/C Repair,Completed,Google Business Profiles,GMB_SanDiego,91910,$2235.22,TRUE
,,280938847,8/26/2026,8/27/2026,HVAC Service,A/C Repair,Canceled,Branded Phone Number,Local 619,92029,$0.00,TRUE
,,31726556,8/27/2026,9/1/2026,HVAC Service,A/C Repair,Completed,Branded Phone Number,Local 619,92027,$549.00,TRUE
,,1074434381,8/27/2026,,HVAC Service,A/C Repair,Scheduled,Branded Phone Number,Local 619,92127,$0.00,TRUE
,,294848036,8/27/2026,,HVAC Service,A/C Repair,Scheduled,PPC,Google | Search | HVAC,92009,$0.00,TRUE
,,909282037,8/27/2026,8/29/2026,HVAC Service,A/C Repair,Completed,Outbound SMS,2024 HVAC Unsold Estimates 2 Day SMS,92019,$0.00,TRUE
,,31572380,8/27/2026,,HVAC Service,A/C Repair,Hold,Google Business Profiles,GMB_Poway,92127,$0.00,TRUE
,,306051877,8/28/2026,,HVAC Service,A/C Repair,Scheduled,PPC,Google | Search | Brand,92129,$0.00,TRUE
,,63527852,8/28/2026,8/24/2026,HVAC Service,A/C Repair,Completed,Branded Phone Number,Local 619,92128,$0.00,FALSE
,,31627967,8/28/2026,9/2/2026,HVAC Service,A/C Repair,Completed,PPC,Google | Search | Brand,92113,$1451.82,TRUE
,,31546387,8/28/2026,8/31/2026,HVAC Service,A/C Repair,Completed,PPC,Google | Search | Brand,92122,$269.80,TRUE
,,673100566,8/28/2026,8/31/2026,HVAC Service,A/C Repair,Completed,Google Business Profiles,GMB_SanDiego,92131,$585.00,TRUE
,,31577710,8/28/2026,8/30/2026,HVAC Service,A/C Repair,Canceled,Branded Phone Number,Local 619,92131,$0.00,TRUE
,,1131182757,8/28/2026,8/28/2026,HVAC Service,A/C Repair,Canceled,PPC,Google | Search | Brand,92126,$0.00,TRUE
,,1131174347,8/28/2026,8/29/2026,HVAC Service,A/C Repair,Completed,PPC,Google | PMAX | HVAC,92024,$225.00,TRUE
,,31731679,8/28/2026,8/30/2026,HVAC Service,A/C Repair,Completed,PPC,Google | Search | HVAC,92129,$525.72,TRUE
,,255589379,8/28/2026,8/29/2026,HVAC Service,A/C Repair,Completed,Paid Social,Nextdoor,92064,$856.05,TRUE
,,896228698,8/30/2026,8/31/2026,HVAC Service,A/C Repair,Completed,PPC,Google | Search | HVAC,92037,$87.00,TRUE
,,1131244834,8/30/2026,8/31/2026,HVAC Service,A/C Repair,Canceled,PPC,Google | PMAX | HVAC,92091,$0.00,TRUE
,,31671619,8/30/2026,8/30/2026,HVAC Service,A/C Repair,Completed,Google Business Profiles,GMB_SanDiego,92128,$0.00,TRUE
,,31538170,8/30/2026,8/31/2026,HVAC Service,A/C Repair,Completed,Branded Phone Number,Local 619,92123,$0.00,TRUE
,,31537948,8/30/2026,8/31/2026,HVAC Service,A/C Repair,Completed,Branded Phone Number,A1-800-BILL HOWE,92110,$87.00,TRUE
,,31648836,8/30/2026,8/31/2026,HVAC Service,A/C Repair,Completed,Google Business Profiles,GMB_SanDiego,92101,$354.00,TRUE
,,31578928,8/30/2026,8/30/2026,HVAC Service,A/C Repair,Completed,Branded Phone Number,Local 619,92111,$0.00,TRUE
,,1131174347,8/31/2026,9/1/2026,HVAC Service,A/C Repair,Completed,PPC,Google | PMAX | HVAC,92024,$1784.91,TRUE
,,273106075,8/31/2026,8/27/2026,HVAC Service,A/C Repair,Completed,Direct Web Traffic,Direct Web Traffic,92025,$0.00,TRUE
,,671048301,8/31/2026,8/27/2026,HVAC Service,A/C Repair,Completed,Google Business Profiles,GMB_SanDiego,92110,$0.00,FALSE
,,90009198,8/31/2026,8/31/2026,HVAC Service,A/C Repair,Completed,Google Business Profiles,GMB_SanDiego,92120,$509.00,TRUE
,,31537569,8/31/2026,,HVAC Service,A/C Repair,Scheduled,Google Business Profiles,GMB_SanDiego,91945,$0.00,TRUE
,,347826627,9/1/2026,9/3/2026,HVAC Service,A/C Repair,Completed,Google Business Profiles,GMB_SanDiego,92103,$702.12,TRUE
,,671048301,9/1/2026,8/27/2026,HVAC Service,A/C Repair,Completed,Google Business Profiles,GMB_SanDiego,92110,$0.00,FALSE
,,1119164788,9/1/2026,,HVAC Service,A/C Repair,Scheduled,Branded Phone Number,Local 619,92081,$0.00,TRUE
,,466023751,9/2/2026,,HVAC Service,A/C Repair,Scheduled,CSR Outbound,$1 OUTBOUND (use this for out-bounding),92014,$3161.79,TRUE
,,46286618,9/2/2026,9/3/2026,HVAC Service,A/C Repair,Completed,Branded Phone Number,A1-800-BILL HOWE,92122,$0.00,TRUE
,,376097793,9/2/2026,9/3/2026,HVAC Service,A/C Repair,Completed,Branded Phone Number,Local 619,92124,$484.01,TRUE
,,272909981,9/2/2026,,HVAC Service,A/C Repair,Scheduled,Branded Phone Number,Local 619,92007,$1092.06,TRUE
,,1131174347,9/2/2026,8/29/2026,HVAC Service,A/C Repair,Completed,PPC,Google | PMAX | HVAC,92024,$0.00,FALSE
,,1113660566,9/2/2026,9/1/2026,HVAC Service,A/C Repair,Completed,Google LSA,Google Local Services,92120,$0.00,TRUE
,,31596959,9/2/2026,,HVAC Service,A/C Repair,Hold,Direct Web Traffic,Direct Web Traffic,92130,$0.00,FALSE
,,673100566,9/3/2026,8/31/2026,HVAC Service,A/C Repair,Completed,Google Business Profiles,GMB_SanDiego,92131,$0.00,TRUE
,,31726556,9/3/2026,9/1/2026,HVAC Service,A/C Repair,Completed,Branded Phone Number,Local 619,92027,$0.00,TRUE
,,214319,9/3/2026,,HVAC Service,A/C Repair,Scheduled,Google Business Profiles,GMB_SanDiego,92122,$458.28,TRUE
,,1133697470,9/3/2026,9/3/2026,HVAC Service,A/C Repair,Completed,PPC,Google | Search | Brand,92128,$696.14,TRUE
,,31681690,9/4/2026,,HVAC Service,A/C Repair,Scheduled,Branded Phone Number,Local 619,92103,$450.00,TRUE
,,299631252,9/4/2026,,HVAC Service,A/C Repair,Scheduled,Organic Search,Google Organic,92119,$399.64,TRUE
,,59420332,9/4/2026,,HVAC Service,A/C Repair,Scheduled,Email,Legacy Email Marketing Multiple Offers,92118,$300.00,TRUE
,,354849606,9/4/2026,,HVAC Service,A/C Repair,Hold,Branded Phone Number,Local 619,92071,$0.00,TRUE
,,54133169,9/4/2026,,HVAC Service,A/C Repair,Scheduled,Branded Phone Number,A1-800-BILL HOWE,91910,$450.00,TRUE
,,283053089,9/6/2026,9/6/2026,HVAC Service,A/C Repair,Completed,PPC,Google | PMAX | Drains - Vegas,92128,$0.00,TRUE
,,1136238918,9/6/2026,,HVAC Service,A/C Repair,Scheduled,PPC,Google | Search | HVAC,92127,$0.00,TRUE
,,,,,67,67,67,67,67,,$27801.56,
,Job Type: Diagnosis,,,,,,,,,,,
,,31577043,8/24/2026,9/3/2026,HVAC Service,Diagnosis,Completed,PPC,Google | Search | Brand,92117,$581.85,TRUE
,,293500067,8/24/2026,9/4/2026,HVAC Service,Diagnosis,Completed,Direct Web Traffic,Direct Web Traffic,92075,$446.76,TRUE
,,59420332,8/24/2026,9/3/2026,HVAC Service,Diagnosis,Completed,Email,Legacy Email Marketing Multiple Offers,92118,$87.00,FALSE
,,1080579005,8/24/2026,9/4/2026,HVAC Service,Diagnosis,Completed,Email,Legacy Email Marketing Multiple Offers,92037,$87.00,TRUE
,,1129291389,8/24/2026,,HVAC Service,Diagnosis,Hold,Branded Phone Number,A1-800-BILL HOWE,92064,$0.00,TRUE
,,31657109,8/24/2026,9/3/2026,HVAC Service,Diagnosis,Completed,Google Business Profiles,GMB_SanDiego,92102,$0.00,TRUE
,,977515446,8/24/2026,8/24/2026,HVAC Service,Diagnosis,Completed,PPC,Google | Search | Competitor,92064,$509.48,TRUE
,,31606148,8/24/2026,8/31/2026,HVAC Service,Diagnosis,Canceled,Branded Phone Number,A1-800-BILL HOWE,92120,$0.00,TRUE
,,31692299,8/24/2026,,HVAC Service,Diagnosis,Scheduled,PPC,Google | Search | HVAC,92131,$0.00,TRUE
,,214699,8/24/2026,8/27/2026,HVAC Service,Diagnosis,Completed,Yelp,Yelp,92109,$119.89,TRUE
,,274475928,8/24/2026,8/26/2026,HVAC Service,Diagnosis,Canceled,Branded Phone Number,A1-800-BILL HOWE,92071,$0.00,TRUE
,,31591135,8/24/2026,8/26/2026,HVAC Service,Diagnosis,Completed,Outbound SMS,ST Outbound Text Lines,92037,$87.00,TRUE
,,463328062,8/24/2026,8/27/2026,HVAC Service,Diagnosis,Canceled,PPC,Google | Search | Brand,92130,$0.00,TRUE
,,1129290842,8/24/2026,9/4/2026,HVAC Service,Diagnosis,Completed,Email,Legacy Email Marketing Multiple Offers,92110,$87.00,TRUE
,,58899005,8/24/2026,9/4/2026,HVAC Service,Diagnosis,Completed,Branded Phone Number,Local 619,92131,$484.01,TRUE
,,31580403,8/24/2026,9/4/2026,HVAC Service,Diagnosis,Completed,PPC,Bing | Search | Brand,92037,$174.00,TRUE
,,1129390441,8/24/2026,9/4/2026,HVAC Service,Diagnosis,Completed,Email,Legacy Email Marketing Multiple Offers,92119,$0.00,TRUE
,,1129373980,8/24/2026,,HVAC Service,Diagnosis,Hold,Google LSA,Google Local Services,92014,$0.00,TRUE
,,42749617,8/24/2026,8/25/2026,HVAC Service,Diagnosis,Completed,Google Business Profiles,GMB_SanDiego,92113,$225.00,TRUE
,,476733635,8/24/2026,9/3/2026,HVAC Service,Diagnosis,Canceled,PPC,Google | Search | Competitor,92118,$0.00,TRUE
,,31654488,8/24/2026,8/25/2026,HVAC Service,Diagnosis,Completed,Google Business Profiles,GMB_SanDiego,92117,$1080.87,TRUE
,,31719251,8/24/2026,8/27/2026,HVAC Service,Diagnosis,Completed,Google Business Profiles,GMB_SanDiego,92130,$0.00,TRUE
,,1129436911,8/24/2026,8/28/2026,HVAC Service,Diagnosis,Completed,PPC,Google | PMAX | HVAC,92009,$264.50,TRUE
,,31716729,8/24/2026,9/3/2026,HVAC Service,Diagnosis,Completed,Google Business Profiles,GMB_SanDiego,92108,$0.00,TRUE
,,1129497035,8/24/2026,,HVAC Service,Diagnosis,Scheduled,3rd Party Web Traffic,Yelp Referral Traffic,92118,$0.00,TRUE
,,84463536,8/24/2026,9/2/2026,HVAC Service,Diagnosis,Completed,PPC,Google | Search | Brand,91913,$0.00,TRUE
,,31537808,8/24/2026,,HVAC Service,Diagnosis,Hold,Branded Phone Number,Local 619,92075,$0.00,TRUE
,,31665349,8/24/2026,9/2/2026,HVAC Service,Diagnosis,Canceled,PPC,Google | Search | Brand,91914,$0.00,TRUE
,,1129577838,8/24/2026,,HVAC Service,Diagnosis,Scheduled,Sameday AI,Sameday AI,92107,$0.00,TRUE
,,31679162,8/24/2026,,HVAC Service,Diagnosis,Scheduled,CSR Outbound,$1 OUTBOUND (use this for out-bounding),92024,$0.00,TRUE
,,1080793737,8/24/2026,9/1/2026,HVAC Service,Diagnosis,Completed,PPC,Google | Search | Brand,92011,$1215.20,TRUE
,,59258237,8/24/2026,,HVAC Service,Diagnosis,Hold,Branded Phone Number,A1-800-BILL HOWE,92119,$0.00,TRUE
,,31627967,8/24/2026,8/28/2026,HVAC Service,Diagnosis,Completed,PPC,Google | Search | Brand,92113,$129.00,TRUE
,,474181525,8/24/2026,,HVAC Service,Diagnosis,Scheduled,Direct Web Traffic,Direct Web Traffic,92019,$0.00,TRUE
,,42450530,8/24/2026,,HVAC Service,Diagnosis,Scheduled,Branded Phone Number,Local 619,91941,$0.00,TRUE
,,49045525,8/24/2026,8/24/2026,HVAC Service,Diagnosis,Canceled,Email,Legacy Email Marketing Multiple Offers,92057,$0.00,TRUE
,,31725082,8/24/2026,,HVAC Service,Diagnosis,Scheduled,Google LSA,Google Local Services,92107,$0.00,TRUE
,,31707240,8/24/2026,8/28/2026,HVAC Service,Diagnosis,Completed,PPC,Google | Search | Brand,92103,$371.00,TRUE
,,1129598591,8/25/2026,8/25/2026,HVAC Service,Diagnosis,Canceled,Website,Online Booking,92131,$0.00,TRUE
,,31565463,8/25/2026,,HVAC Service,Diagnosis,Scheduled,Branded Phone Number,A1-800-BILL HOWE,92124,$0.00,TRUE
,,31725984,8/25/2026,8/26/2026,HVAC Service,Diagnosis,Completed,Google LSA,Google Local Services,92101,$225.00,TRUE
,,1129680496,8/25/2026,,HVAC Service,Diagnosis,Scheduled,Google LSA,Google Local Services,92124,$0.00,TRUE
,,31537571,8/25/2026,8/25/2026,HVAC Service,Diagnosis,Canceled,Email,Legacy Email Marketing Multiple Offers,92037,$0.00,TRUE
,,31700213,8/25/2026,,HVAC Service,Diagnosis,Scheduled,Branded Phone Number,A1-800-BILL HOWE,91911,$0.00,TRUE
,,260662988,8/25/2026,9/1/2026,HVAC Service,Diagnosis,Completed,Google Business Profiles,GMB_SanDiego,92127,$87.00,TRUE
,,85455893,8/25/2026,9/3/2026,HVAC Service,Diagnosis,Completed,Direct Web Traffic,Direct Web Traffic,92014,$0.00,TRUE
,,31543863,8/25/2026,8/28/2026,HVAC Service,Diagnosis,Canceled,PPC,Google | Search | Brand,92101,$0.00,TRUE
,,312279231,8/25/2026,,HVAC Service,Diagnosis,Scheduled,PPC,Google | Search | Brand,92024,$0.00,TRUE
,,273887537,8/25/2026,9/1/2026,HVAC Service,Diagnosis,Canceled,Branded Phone Number,A1-800-BILL HOWE,92037,$0.00,TRUE
,,49632120,8/25/2026,9/4/2026,HVAC Service,Diagnosis,Canceled,Branded Phone Number,Local 619,92009,$0.00,TRUE
,,31559997,8/25/2026,8/28/2026,HVAC Service,Diagnosis,Completed,PPC,Bing | Search | Brand,92110,$0.00,TRUE
,,280597952,8/25/2026,,HVAC Service,Diagnosis,Scheduled,Email,Legacy Email Marketing Multiple Offers,92071,$0.00,TRUE
,,62364761,8/25/2026,,HVAC Service,Diagnosis,Scheduled,Direct Web Traffic,Direct Web Traffic,92101,$0.00,TRUE
,,674583687,8/25/2026,,HVAC Service,Diagnosis,Scheduled,Branded Phone Number,Local 619,92106,$0.00,TRUE
,,901730551,8/25/2026,8/25/2026,HVAC Service,Diagnosis,Completed,Email,Legacy Email Marketing Multiple Offers,92127,$225.00,TRUE
,,1129998916,8/25/2026,,HVAC Service,Diagnosis,Scheduled,PPC,Google | Search | Brand,92120,$0.00,TRUE
,,1129303544,8/25/2026,9/5/2026,HVAC Service,Diagnosis,Canceled,PPC,Google | Search | Brand,92037,$0.00,TRUE
,,31622630,8/25/2026,,HVAC Service,Diagnosis,Scheduled,Organic Search,Google Organic,92037,$0.00,TRUE
,,1130167846,8/25/2026,8/25/2026,HVAC Service,Diagnosis,Completed,PPC,Google | Search | HVAC,92126,$225.00,TRUE
,,1130185320,8/25/2026,,HVAC Service,Diagnosis,Scheduled,Sameday AI,Sameday AI,92115,$0.00,TRUE
,,980337442,8/25/2026,,HVAC Service,Diagnosis,Scheduled,PPC,Google | Search | Brand,91932,$0.00,TRUE
,,31608149,8/25/2026,,HVAC Service,Diagnosis,Scheduled,Direct Web Traffic,Direct Web Traffic,92117,$0.00,TRUE
,,367792570,8/25/2026,,HVAC Service,Diagnosis,Scheduled,Sameday AI,Sameday AI,92124,$0.00,TRUE
,,1130226163,8/26/2026,,HVAC Service,Diagnosis,Scheduled,Google LSA,Google Local Services,92064,$0.00,TRUE
,,31711238,8/26/2026,,HVAC Service,Diagnosis,Scheduled,Branded Phone Number,A1-800-BILL HOWE,92064,$0.00,TRUE
,,1130230114,8/26/2026,,HVAC Service,Diagnosis,Scheduled,Google Business Profiles,GMB_Poway,92115,$0.00,TRUE
,,42749617,8/26/2026,,HVAC Service,Diagnosis,In Progress,Google Business Profiles,GMB_SanDiego,92113,$1926.54,TRUE
,,49384244,8/26/2026,8/28/2026,HVAC Service,Diagnosis,Canceled,PPC,Google | Search | Brand,92037,$0.00,TRUE
,,1130398686,8/26/2026,,HVAC Service,Diagnosis,Scheduled,Organic Search,Google Organic,92103,$0.00,TRUE
,,31675161,8/26/2026,,HVAC Service,Diagnosis,Scheduled,PPC,Bing | Search | Brand,92116,$0.00,TRUE
,,31704085,8/26/2026,,HVAC Service,Diagnosis,Scheduled,Branded Phone Number,Local 619,92117,$0.00,TRUE
,,1130484330,8/26/2026,,HVAC Service,Diagnosis,Scheduled,PPC,Google | Search | Brand,92024,$0.00,TRUE
,,981959659,8/26/2026,9/1/2026,HVAC Service,Diagnosis,Canceled,Branded Phone Number,Local 619,92008,$0.00,TRUE
,,31667886,8/26/2026,,HVAC Service,Diagnosis,Scheduled,Google Business Profiles,GMB_SanDiego,92104,$0.00,TRUE
,,1130452275,8/26/2026,,HVAC Service,Diagnosis,Scheduled,Google Business Profiles,GMB_SanDiego,92130,$0.00,TRUE
,,1076078681,8/26/2026,9/2/2026,HVAC Service,Diagnosis,Completed,,Offers Roundup August 2026,92130,$498.19,TRUE
,,95162169,8/26/2026,8/26/2026,HVAC Service,Diagnosis,Completed,Google Business Profiles,GMB_SanDiego,92037,$450.00,TRUE
,,1130573950,8/26/2026,8/26/2026,HVAC Service,Diagnosis,Canceled,PPC,Google | Search | HVAC,92110,$0.00,TRUE
,,31578548,8/26/2026,8/26/2026,HVAC Service,Diagnosis,Completed,PPC,Google | Search | Brand,92109,$631.91,TRUE
,,481289618,8/26/2026,9/1/2026,HVAC Service,Diagnosis,Completed,Email,Legacy Email Marketing Multiple Offers,91977,$1020.16,TRUE
,,1130600671,8/26/2026,8/26/2026,HVAC Service,Diagnosis,Canceled,PPC,Google | Search | HVAC,92124,$0.00,TRUE
,,374703192,8/26/2026,,HVAC Service,Diagnosis,Scheduled,Sameday AI,Sameday AI,92111,$0.00,TRUE
,,1125209352,8/27/2026,,HVAC Service,Diagnosis,Scheduled,PPC,Google | Search | Brand,92127,$0.00,TRUE
,,57754144,8/27/2026,,HVAC Service,Diagnosis,Scheduled,Branded Phone Number,Local 619,92025,$0.00,TRUE
,,31710333,8/27/2026,,HVAC Service,Diagnosis,Scheduled,Branded Phone Number,A1-800-BILL HOWE,92122,$0.00,TRUE
,,1066946286,8/27/2026,8/27/2026,HVAC Service,Diagnosis,Canceled,Outbound SMS,ST Outbound Text Lines,92078,$0.00,TRUE
,,1130630914,8/27/2026,,HVAC Service,Diagnosis,Scheduled,PPC,Bing | Search | Brand,92065,$0.00,TRUE
,,183246,8/27/2026,9/3/2026,HVAC Service,Diagnosis,Canceled,Google Business Profiles,GMB_SanDiego,92101,$0.00,TRUE
,,31687425,8/27/2026,8/27/2026,HVAC Service,Diagnosis,Canceled,PPC,Google | Search | Competitor,92127,$0.00,TRUE
,,330471508,8/27/2026,,HVAC Service,Diagnosis,Scheduled,Direct Web Traffic,Direct Web Traffic,92028,$0.00,TRUE
,,283088548,8/27/2026,,HVAC Service,Diagnosis,Scheduled,Google Business Profiles,GMB_SanDiego,92064,$0.00,TRUE
,,31601351,8/27/2026,,HVAC Service,Diagnosis,Scheduled,Direct Web Traffic,Direct Web Traffic,92037,$0.00,TRUE
,,1130769586,8/27/2026,,HVAC Service,Diagnosis,Scheduled,PPC,Google | Search | Brand,91910,$0.00,TRUE
,,50413658,8/27/2026,,HVAC Service,Diagnosis,Scheduled,Google Business Profiles,GMB_SanDiego,92154,$0.00,FALSE
,,50315777,8/27/2026,8/28/2026,HVAC Service,Diagnosis,Completed,Branded Phone Number,A1-800-BILL HOWE,92029,$269.80,TRUE
,,975961970,8/27/2026,9/3/2026,HVAC Service,Diagnosis,Completed,Branded Phone Number,A1-800-BILL HOWE,92064,$0.00,TRUE
,,1130758630,8/27/2026,,HVAC Service,Diagnosis,Hold,PPC,Google | Search | HVAC,92064,$0.00,TRUE
,,1130823086,8/27/2026,8/27/2026,HVAC Service,Diagnosis,Canceled,Branded Phone Number,A1-800-BILL HOWE,92128,$0.00,TRUE
,,31571926,8/27/2026,,HVAC Service,Diagnosis,Scheduled,Branded Phone Number,A1-800-BILL HOWE,92120,$0.00,TRUE
,,31576371,8/27/2026,8/28/2026,HVAC Service,Diagnosis,Canceled,Branded Phone Number,A1-800-BILL HOWE,91902,$0.00,TRUE
,,31690425,8/27/2026,8/28/2026,HVAC Service,Diagnosis,Canceled,Outbound SMS,ST Outbound Text Lines,92126,$0.00,TRUE
,,31723936,8/27/2026,9/1/2026,HVAC Service,Diagnosis,Completed,PPC,Google | Search | HVAC,92064,$0.00,TRUE
,,315329048,8/27/2026,9/3/2026,HVAC Service,Diagnosis,Completed,Google Business Profiles,GMB_SanDiego,92121,$87.00,TRUE
,,31566491,8/27/2026,,HVAC Service,Diagnosis,Scheduled,PPC,Google | Search | Brand,91935,$0.00,TRUE
,,31654866,8/27/2026,8/28/2026,HVAC Service,Diagnosis,Completed,Email,Legacy Email Marketing Multiple Offers,92123,$450.23,TRUE
,,1130909424,8/27/2026,,HVAC Service,Diagnosis,Scheduled,Google Business Profiles,GMB_SanDiego,91978,$0.00,TRUE
,,271275835,8/27/2026,,HVAC Service,Diagnosis,Scheduled,PPC,Google | Search | Brand,92128,$0.00,TRUE
,,1074965663,8/27/2026,9/1/2026,HVAC Service,Diagnosis,Completed,Sameday AI,Sameday AI,91910,$0.00,TRUE
,,1102289686,8/27/2026,,HVAC Service,Diagnosis,Scheduled,Organic Search,Google Organic,92064,$0.00,TRUE
,,31609860,8/28/2026,,HVAC Service,Diagnosis,Hold,Organic Search,DuckDuckGo Organic,92118,$0.00,TRUE
,,1130950113,8/28/2026,,HVAC Service,Diagnosis,Hold,Direct Web Traffic,Direct Web Traffic,91910,$0.00,TRUE
,,31696121,8/28/2026,9/1/2026,HVAC Service,Diagnosis,Canceled,Google Business Profiles,GMB_SanDiego,92037,$0.00,TRUE
,,1131002626,8/28/2026,,HVAC Service,Diagnosis,Scheduled,Google Business Profiles,GMB_SanDiego,92130,$0.00,TRUE
,,1067349270,8/28/2026,8/31/2026,HVAC Service,Diagnosis,Canceled,Direct Web Traffic,Direct Web Traffic,92124,$0.00,TRUE
,,679105608,8/28/2026,8/28/2026,HVAC Service,Diagnosis,Completed,PPC,Google | Search | Brand,92126,$434.00,TRUE
,,321948720,8/28/2026,,HVAC Service,Diagnosis,Scheduled,Google Business Profiles,GMB_SanDiego,92128,$0.00,TRUE
,,1130987683,8/28/2026,,HVAC Service,Diagnosis,Scheduled,Branded Phone Number,Local 619,92007,$0.00,TRUE
,,473147772,8/28/2026,9/3/2026,HVAC Service,Diagnosis,Completed,Google Business Profiles,GMB_SanDiego,91942,$289.91,TRUE
,,31689930,8/28/2026,,HVAC Service,Diagnosis,Scheduled,Organic Search,Google Organic,92106,$0.00,TRUE
,,352405587,8/28/2026,,HVAC Service,Diagnosis,Scheduled,Branded Phone Number,Local 619,92107,$0.00,TRUE
,,31627967,8/28/2026,8/28/2026,HVAC Service,Diagnosis,Completed,PPC,Google | Search | Brand,92113,$129.00,TRUE
,,60498301,8/28/2026,8/28/2026,HVAC Service,Diagnosis,Completed,PPC,Google | Search | Brand,91977,$0.00,TRUE
,,980173974,8/28/2026,8/30/2026,HVAC Service,Diagnosis,Completed,Google LSA,Google Local Services,92103,$1238.72,TRUE
,,1131095134,8/28/2026,,HVAC Service,Diagnosis,Scheduled,Google Business Profiles,GMB_SanDiego,92130,$0.00,TRUE
,,31624499,8/28/2026,,HVAC Service,Diagnosis,Scheduled,Branded Phone Number,Local 619,92128,$0.00,TRUE
,,31695078,8/28/2026,,HVAC Service,Diagnosis,Scheduled,Google Business Profiles,GMB_SanDiego,92127,$1999.91,TRUE
,,43727520,8/28/2026,,HVAC Service,Diagnosis,Scheduled,Branded Phone Number,A1-800-BILL HOWE,92103,$0.00,TRUE
,,1131119644,8/28/2026,8/31/2026,HVAC Service,Diagnosis,Completed,PPC,Google | Search | Brand,92122,$393.63,TRUE
,,31644293,8/28/2026,8/28/2026,HVAC Service,Diagnosis,Completed,Branded Phone Number,A1-800-BILL HOWE,92103,$1703.00,TRUE
,,265473102,8/28/2026,,HVAC Service,Diagnosis,Scheduled,Branded Phone Number,Local 619,92024,$0.00,TRUE
,,31583222,8/28/2026,8/28/2026,HVAC Service,Diagnosis,Canceled,PPC,Google | Search | HVAC,92130,$0.00,TRUE
,,31614125,8/28/2026,8/29/2026,HVAC Service,Diagnosis,Completed,CSR Outbound,$1 OUTBOUND (use this for out-bounding),91915,$294.05,TRUE
,,90009198,8/28/2026,,HVAC Service,Diagnosis,Scheduled,Google Business Profiles,GMB_SanDiego,92120,$0.00,TRUE
,,321816471,8/28/2026,,HVAC Service,Diagnosis,Scheduled,Branded Phone Number,Local 619,92025,$0.00,TRUE
,,1131173734,8/28/2026,,HVAC Service,Diagnosis,Scheduled,Google Business Profiles,GMB_SanDiego,92107,$0.00,TRUE
,,42091851,8/30/2026,9/5/2026,HVAC Service,Diagnosis,Completed,Branded Phone Number,Local 619,92021,$509.00,TRUE
,,1118106638,8/29/2026,,HVAC Service,Diagnosis,Scheduled,Branded Phone Number,A1-800-BILL HOWE,91942,$0.00,TRUE
,,373220427,8/29/2026,8/29/2026,HVAC Service,Diagnosis,Completed,Direct Mail,Dynamicard Direct Mail September 2025,92020,$922.30,TRUE
,,84463536,8/30/2026,,HVAC Service,Diagnosis,Scheduled,Direct Web Traffic,Direct Web Traffic,91913,$0.00,TRUE
,,62887888,8/29/2026,,HVAC Service,Diagnosis,Scheduled,Organic Search,DuckDuckGo Organic,92037,$0.00,TRUE
,,1131196615,8/29/2026,8/30/2026,HVAC Service,Diagnosis,Completed,Organic Search,Google Organic,92011,$807.67,TRUE
,,58877937,8/29/2026,8/30/2026,HVAC Service,Diagnosis,Completed,Yelp,Yelp,92108,$709.01,TRUE
,,377934630,8/29/2026,,HVAC Service,Diagnosis,Scheduled,Google Business Profiles,GMB_SanDiego,92119,$0.00,TRUE
,,31635278,8/29/2026,,HVAC Service,Diagnosis,Scheduled,Direct Web Traffic,Direct Web Traffic,91914,$0.00,TRUE
,,309102047,8/29/2026,,HVAC Service,Diagnosis,Scheduled,PPC,Google | Search | Brand,92107,$0.00,TRUE
,,1131230483,8/29/2026,8/31/2026,HVAC Service,Diagnosis,Canceled,Organic Search,Google Organic,91914,$0.00,TRUE
,,44601176,8/30/2026,9/1/2026,HVAC Service,Diagnosis,Canceled,Organic Search,Google Organic,92037,$0.00,TRUE
,,99991201,8/29/2026,,HVAC Service,Diagnosis,Scheduled,Branded Phone Number,Local 619,92025,$0.00,TRUE
,,325403586,8/29/2026,8/29/2026,HVAC Service,Diagnosis,Canceled,Branded Phone Number,A1-800-BILL HOWE,92131,$0.00,TRUE
,,53718423,8/31/2026,,HVAC Service,Diagnosis,Scheduled,Google Business Profiles,GMB_SanDiego,92025,$0.00,TRUE
,,31659678,8/31/2026,9/2/2026,HVAC Service,Diagnosis,Completed,Branded Phone Number,A1-800-BILL HOWE,91945,$371.00,TRUE
,,1131284465,8/31/2026,9/4/2026,HVAC Service,Diagnosis,Canceled,Sameday AI,Sameday AI,92104,$0.00,TRUE
,,31696609,8/31/2026,9/2/2026,HVAC Service,Diagnosis,Canceled,Branded Phone Number,A1-800-BILL HOWE,92127,$0.00,TRUE
,,355853637,8/31/2026,8/31/2026,HVAC Service,Diagnosis,Completed,Branded Phone Number,Local 619,92064,$582.67,TRUE
,,1131292470,8/31/2026,,HVAC Service,Diagnosis,Hold,PPC,Google | Search | Brand,92131,$0.00,TRUE
,,31677122,8/31/2026,8/31/2026,HVAC Service,Diagnosis,Canceled,Branded Phone Number,Local 619,92067,$0.00,TRUE
,,31722342,8/31/2026,9/4/2026,HVAC Service,Diagnosis,Completed,Direct Web Traffic,Direct Web Traffic,92118,$0.00,TRUE
,,349903944,8/31/2026,8/31/2026,HVAC Service,Diagnosis,Completed,Google Business Profiles,GMB_SanDiego,92127,$174.00,TRUE
,,31706485,8/31/2026,,HVAC Service,Diagnosis,Scheduled,Branded Phone Number,Local 619,92103,$0.00,TRUE
,,891005799,8/31/2026,,HVAC Service,Diagnosis,Scheduled,Google Business Profiles,GMB_SanDiego,92117,$0.00,TRUE
,,31558884,8/31/2026,,HVAC Service,Diagnosis,Scheduled,Branded Phone Number,Local 619,92064,$0.00,TRUE
,,31705914,8/31/2026,8/13/2026,HVAC Service,Diagnosis,Completed,Branded Phone Number,Local 619,92108,$0.00,FALSE
,,467119421,8/31/2026,,HVAC Service,Diagnosis,Scheduled,Branded Phone Number,Local 619,92020,$0.00,TRUE
,,31631039,8/31/2026,,HVAC Service,Diagnosis,Scheduled,PPC,Google | Search | Brand,92101,$0.00,TRUE
,,1131320551,8/31/2026,,HVAC Service,Diagnosis,Scheduled,Google Business Profiles,GMB_SanDiego,92107,$0.00,TRUE
,,1131317782,8/31/2026,,HVAC Service,Diagnosis,Scheduled,PPC,Google | PMAX | HVAC,92024,$0.00,TRUE
,,31549108,8/31/2026,,HVAC Service,Diagnosis,Scheduled,Google Business Profiles,GMB_SanDiego,92067,$0.00,TRUE
,,31641764,8/31/2026,,HVAC Service,Diagnosis,Scheduled,Outbound SMS,ST Outbound Text Lines,92116,$0.00,TRUE
,,214699,8/31/2026,8/27/2026,HVAC Service,Diagnosis,Completed,Yelp,Yelp,92109,$0.00,FALSE
,,1131352826,8/31/2026,,HVAC Service,Diagnosis,Hold,Branded Phone Number,Local 619,92107,$0.00,TRUE
,,302402139,8/31/2026,,HVAC Service,Diagnosis,Scheduled,Direct Web Traffic,Direct Web Traffic,91915,$0.00,TRUE
,,1131350539,8/31/2026,,HVAC Service,Diagnosis,Scheduled,PPC,Google | Search | HVAC,92024,$0.00,TRUE
,,31712213,8/31/2026,,HVAC Service,Diagnosis,Scheduled,Branded Phone Number,Local 619,92105,$0.00,TRUE
,,1131370706,8/31/2026,,HVAC Service,Diagnosis,Scheduled,Google Business Profiles,GMB_SanDiego,91950,$0.00,TRUE
,,467585484,8/31/2026,,HVAC Service,Diagnosis,Scheduled,Google Business Profiles,GMB_Poway,92064,$0.00,TRUE
,,1131541099,9/1/2026,9/2/2026,HVAC Service,Diagnosis,Canceled,External Referral,Referral,91942,$0.00,TRUE
,,31729465,9/1/2026,9/1/2026,HVAC Service,Diagnosis,Completed,Branded Phone Number,Local 619,92118,$0.00,TRUE
,,86489851,9/1/2026,,HVAC Service,Diagnosis,Scheduled,Direct Web Traffic,Direct Web Traffic,92130,$0.00,TRUE
,,31647840,9/1/2026,,HVAC Service,Diagnosis,Scheduled,Branded Phone Number,A1-800-BILL HOWE,92121,$0.00,TRUE
,,348047731,9/1/2026,,HVAC Service,Diagnosis,Scheduled,PPC,Google | Search | Brand,91977,$0.00,TRUE
,,31723556,9/1/2026,,HVAC Service,Diagnosis,Scheduled,Organic Search,Google Organic,92126,$0.00,TRUE
,,1131776145,9/1/2026,,HVAC Service,Diagnosis,Scheduled,Branded Phone Number,Local 619,92064,$0.00,TRUE
,,289136590,9/1/2026,,HVAC Service,Diagnosis,Scheduled,PPC,Google | Search | Brand,92129,$0.00,TRUE
,,297603642,9/1/2026,9/1/2026,HVAC Service,Diagnosis,Canceled,Email,Legacy Email Marketing Multiple Offers,92111,$0.00,TRUE
,,378558172,9/1/2026,,HVAC Service,Diagnosis,Scheduled,Email,Legacy Email Marketing Multiple Offers,92037,$0.00,TRUE
,,61237034,9/1/2026,8/24/2026,HVAC Service,Diagnosis,Completed,Google Business Profiles,GMB_SanDiego,91910,$0.00,FALSE
,,297603642,9/1/2026,,HVAC Service,Diagnosis,Scheduled,Sameday AI,Sameday AI,92111,$0.00,TRUE
,,93157397,9/1/2026,9/4/2026,HVAC Service,Diagnosis,Canceled,Branded Phone Number,A1-800-BILL HOWE,92131,$0.00,TRUE
,,1131857263,9/1/2026,9/3/2026,HVAC Service,Diagnosis,Canceled,PPC,Google | Search | HVAC,92109,$0.00,TRUE
,,1131948622,9/1/2026,9/2/2026,HVAC Service,Diagnosis,Completed,PPC,Google | Search | Competitor,92040,$87.00,TRUE
,,31655530,9/1/2026,,HVAC Service,Diagnosis,Scheduled,Branded Phone Number,A1-800-BILL HOWE,92065,$0.00,TRUE
,,376419438,9/1/2026,,HVAC Service,Diagnosis,Scheduled,Google Business Profiles,GMB_Poway,92129,$0.00,TRUE
,,31720146,9/1/2026,9/2/2026,HVAC Service,Diagnosis,Completed,Direct Web Traffic,Direct Web Traffic,92119,$341.45,TRUE
,,1131971064,9/1/2026,9/3/2026,HVAC Service,Diagnosis,Canceled,Branded Phone Number,Local 619,92029,$0.00,TRUE
,,370678648,9/1/2026,,HVAC Service,Diagnosis,Scheduled,Branded Phone Number,A1-800-BILL HOWE,92056,$0.00,TRUE
,,42749617,9/2/2026,,HVAC Service,Diagnosis,Hold,Google Business Profiles,GMB_SanDiego,92154,$0.00,TRUE
,,980492748,9/2/2026,,HVAC Service,Diagnosis,Scheduled,Google LSA,Google Local Services,92104,$0.00,TRUE
,,31730559,9/2/2026,,HVAC Service,Diagnosis,Scheduled,PPC,Google | Search | Brand,92037,$0.00,TRUE
,,1132008286,9/2/2026,,HVAC Service,Diagnosis,Scheduled,Website,Website Phone Calls,92009,$0.00,TRUE
,,281680852,9/2/2026,9/2/2026,HVAC Service,Diagnosis,Completed,External Referral,Referral,91942,$284.00,TRUE
,,1131999799,9/2/2026,,HVAC Service,Diagnosis,Scheduled,PPC,Google | Search | HVAC,91941,$0.00,TRUE
,,255589379,9/2/2026,,HVAC Service,Diagnosis,Scheduled,Paid Social,Nextdoor,92064,$0.00,TRUE
,,278591675,9/2/2026,,HVAC Service,Diagnosis,Scheduled,Branded Phone Number,Local 619,92037,$0.00,TRUE
,,308754835,9/2/2026,9/2/2026,HVAC Service,Diagnosis,Canceled,Branded Phone Number,A1-800-BILL HOWE,92103,$0.00,TRUE
,,1132075494,9/2/2026,9/3/2026,HVAC Service,Diagnosis,Canceled,Organic Search,Google Organic,92024,$0.00,TRUE
,,31682501,9/2/2026,,HVAC Service,Diagnosis,Scheduled,Organic Search,Google Organic,92037,$0.00,TRUE
,,1102985013,9/2/2026,,HVAC Service,Diagnosis,Scheduled,Google LSA,Google Local Services,92108,$1497.41,TRUE
,,31536827,9/2/2026,,HVAC Service,Diagnosis,Scheduled,Google Business Profiles,GMB_SanDiego,92122,$0.00,TRUE
,,275689281,9/2/2026,,HVAC Service,Diagnosis,Scheduled,Branded Phone Number,Local 619,92115,$0.00,TRUE
,,31648955,9/2/2026,,HVAC Service,Diagnosis,Hold,Direct Web Traffic,Direct Web Traffic,92123,$458.28,TRUE
,,342208971,9/2/2026,,HVAC Service,Diagnosis,Scheduled,Google Business Profiles,GMB_SanDiego,92130,$0.00,TRUE
,,31644293,9/2/2026,8/28/2026,HVAC Service,Diagnosis,Completed,Branded Phone Number,A1-800-BILL HOWE,92103,-$684.26,TRUE
,,1131352826,9/2/2026,,HVAC Service,Diagnosis,Scheduled,Branded Phone Number,Local 619,92107,$0.00,TRUE
,,289873230,9/2/2026,,HVAC Service,Diagnosis,Scheduled,Direct Web Traffic,Direct Web Traffic,92075,$0.00,TRUE
,,31623460,9/2/2026,9/3/2026,HVAC Service,Diagnosis,Completed,Google Business Profiles,GMB_SanDiego,92109,$763.93,TRUE
,,45281788,9/2/2026,,HVAC Service,Diagnosis,Scheduled,Yelp,Yelp,92127,$0.00,TRUE
,,1133515712,9/3/2026,,HVAC Service,Diagnosis,Scheduled,Organic Search,Google Organic,92127,$0.00,TRUE
,,1133528218,9/3/2026,9/3/2026,HVAC Service,Diagnosis,Canceled,Direct Web Traffic,Direct Web Traffic,91910,$0.00,TRUE
,,1133542237,9/3/2026,,HVAC Service,Diagnosis,Scheduled,PPC,Google | Search | HVAC,91910,$0.00,TRUE
,,474565169,9/3/2026,,HVAC Service,Diagnosis,Scheduled,Branded Phone Number,Local 619,92130,$0.00,TRUE
,,31729465,9/3/2026,9/3/2026,HVAC Service,Diagnosis,Completed,Branded Phone Number,Local 619,92118,$0.00,TRUE
,,31692778,9/3/2026,8/28/2026,HVAC Service,Diagnosis,Completed,Organic Search,Google Organic,92037,-$87.00,TRUE
,,31732130,9/3/2026,,HVAC Service,Diagnosis,Scheduled,PPC,Google | PMAX | Plumbing,92037,$0.00,TRUE
,,307596067,9/3/2026,,HVAC Service,Diagnosis,Scheduled,Email,Legacy Email Marketing Multiple Offers,91913,$0.00,TRUE
,,1133667940,9/3/2026,,HVAC Service,Diagnosis,Scheduled,Google Business Profiles,GMB_SanDiego,92025,$0.00,TRUE
,,92898015,9/3/2026,,HVAC Service,Diagnosis,Scheduled,Google Business Profiles,GMB_SanDiego,92154,$0.00,TRUE
,,907230721,9/4/2026,9/4/2026,HVAC Service,Diagnosis,Canceled,Branded Phone Number,A1-800-BILL HOWE,91932,$0.00,TRUE
,,332351786,9/4/2026,,HVAC Service,Diagnosis,Scheduled,PPC,Google | PMAX | Plumbing,92037,$0.00,TRUE
,,256989246,9/4/2026,9/5/2026,HVAC Service,Diagnosis,Completed,Branded Phone Number,Local 619,92037,$509.00,TRUE
,,1134724121,9/4/2026,,HVAC Service,Diagnosis,Scheduled,Website,Email Contact Form,91911,$0.00,TRUE
,,1131595558,9/4/2026,,HVAC Service,Diagnosis,Scheduled,PPC,Google | Search | Brand,92122,$0.00,TRUE
,,902547108,9/4/2026,,HVAC Service,Diagnosis,Scheduled,Direct Web Traffic,Direct Web Traffic,92124,$0.00,TRUE
,,31666688,9/4/2026,,HVAC Service,Diagnosis,Scheduled,Google Business Profiles,GMB_SanDiego,92123,$0.00,TRUE
,,1136038751,9/4/2026,,HVAC Service,Diagnosis,Scheduled,Direct Web Traffic,Direct Web Traffic,92128,$0.00,TRUE
,,1136120684,9/4/2026,,HVAC Service,Diagnosis,Scheduled,PPC,Google | Search | Brand,92037,$0.00,TRUE
,,31650598,9/4/2026,,HVAC Service,Diagnosis,Scheduled,Yelp,Yelp,92037,$0.00,TRUE
,,31651405,9/4/2026,9/4/2026,HVAC Service,Diagnosis,Completed,PPC,Google | PMAX | Drains,92131,$87.00,TRUE
,,31655128,9/4/2026,7/1/2026,HVAC Service,Diagnosis,Completed,Outbound SMS,ST Outbound Text Lines,91902,-$87.00,TRUE
,,1136107336,9/4/2026,9/5/2026,HVAC Service,Diagnosis,Completed,PPC,Google | Search | Brand,92056,$404.88,TRUE
,,31643021,9/5/2026,,HVAC Service,Diagnosis,Scheduled,PPC,Google | Search | Brand,92118,$0.00,TRUE
,,1136170499,9/6/2026,,HVAC Service,Diagnosis,Scheduled,PPC,Google | PMAX | HVAC,91942,$0.00,TRUE
,,1136171618,9/5/2026,9/5/2026,HVAC Service,Diagnosis,Canceled,PPC,Google | PMAX | HVAC,92154,$0.00,TRUE
,,31651369,9/5/2026,,HVAC Service,Diagnosis,Scheduled,Branded Phone Number,A1-800-BILL HOWE,92129,$0.00,TRUE
,,31646930,9/6/2026,,HVAC Service,Diagnosis,Scheduled,Direct Web Traffic,Direct Web Traffic,91910,$0.00,TRUE
,,474730285,9/5/2026,9/6/2026,HVAC Service,Diagnosis,Completed,Google Business Profiles,GMB_SanDiego,92103,$0.00,TRUE
,,,,,245,245,245,245,245,,$26177.95,
,Job Type: Hvac Recall/Warranty,,,,,,,,,,,
,,366608823,8/24/2026,8/24/2026,HVAC Service,Hvac Recall/Warranty,Canceled,Google Business Profiles,GMB_SanDiego,92118,$0.00,TRUE
,,31662415,8/24/2026,8/29/2026,HVAC Service,Hvac Recall/Warranty,Completed,Branded Phone Number,A1-800-BILL HOWE,91941,$0.00,TRUE
,,479317061,8/24/2026,8/26/2026,HVAC Service,Hvac Recall/Warranty,Completed,Google Business Profiles,GMB_SanDiego,92154,$0.00,TRUE
,,1113567985,8/24/2026,9/4/2026,HVAC Service,Hvac Recall/Warranty,Completed,Google LSA,Google Local Services,92124,$0.00,TRUE
,,467840238,8/24/2026,8/17/2026,HVAC Service,Hvac Recall/Warranty,Completed,Branded Phone Number,Local 619,92116,$0.00,TRUE
,,31563615,8/24/2026,8/28/2026,HVAC Service,Hvac Recall/Warranty,Completed,Branded Phone Number,Local 619,92107,$0.00,TRUE
,,481289618,8/24/2026,8/25/2026,HVAC Service,Hvac Recall/Warranty,Completed,Email,Legacy Email Marketing Multiple Offers,92114,$0.00,TRUE
,,1123681856,8/25/2026,8/25/2026,HVAC Service,Hvac Recall/Warranty,Completed,Branded Phone Number,A1-800-BILL HOWE,92118,$0.00,TRUE
,,31552540,8/25/2026,8/25/2026,HVAC Service,Hvac Recall/Warranty,Completed,Google LSA,Google Local Services,92110,$414.10,TRUE
,,31714809,8/25/2026,8/28/2026,HVAC Service,Hvac Recall/Warranty,Completed,Google Business Profiles,GMB_SanDiego,92123,$0.00,TRUE
,,94365718,8/25/2026,8/20/2026,HVAC Service,Hvac Recall/Warranty,Completed,PPC,Google | Search | Brand,92127,$0.00,TRUE
,,96788441,8/25/2026,8/27/2026,HVAC Service,Hvac Recall/Warranty,Completed,PPC,Google | Search | Brand,92104,$0.00,TRUE
,,1073276810,8/25/2026,8/31/2026,HVAC Service,Hvac Recall/Warranty,Completed,Branded Phone Number,A1-800-BILL HOWE,92011,$0.00,TRUE
,,1079791184,8/26/2026,8/26/2026,HVAC Service,Hvac Recall/Warranty,Completed,PPC,Google | Search | Brand,92115,$87.00,TRUE
,,31653994,8/26/2026,8/27/2026,HVAC Service,Hvac Recall/Warranty,Completed,PPC,Google | Search | Brand,92014,$87.00,TRUE
,,903017826,8/26/2026,8/26/2026,HVAC Service,Hvac Recall/Warranty,Completed,Branded Phone Number,A1-800-BILL HOWE,92127,$0.00,TRUE
,,102184716,8/27/2026,9/2/2026,HVAC Service,Hvac Recall/Warranty,Completed,Branded Phone Number,Local 619,92120,$0.00,TRUE
,,266023073,8/27/2026,,HVAC Service,Hvac Recall/Warranty,In Progress,Branded Phone Number,A1-800-BILL HOWE,92131,$0.00,TRUE
,,46456501,8/27/2026,9/4/2026,HVAC Service,Hvac Recall/Warranty,Completed,Outbound SMS,ST Outbound Text Lines,92008,$284.00,TRUE
,,31712241,8/27/2026,8/27/2026,HVAC Service,Hvac Recall/Warranty,Completed,Branded Phone Number,A1-800-BILL HOWE,92019,$0.00,TRUE
,,901730551,8/27/2026,9/3/2026,HVAC Service,Hvac Recall/Warranty,Completed,Email,Legacy Email Marketing Multiple Offers,92127,$0.00,TRUE
,,909834685,8/27/2026,8/28/2026,HVAC Service,Hvac Recall/Warranty,Completed,Branded Phone Number,Local 619,92128,$0.00,TRUE
,,267543671,8/28/2026,,HVAC Service,Hvac Recall/Warranty,Scheduled,Website,Website Phone Calls,92037,$0.00,TRUE
,,31535805,8/28/2026,9/4/2026,HVAC Service,Hvac Recall/Warranty,Completed,Branded Phone Number,A1-800-BILL HOWE,92107,$2118.14,TRUE
,,297599676,8/29/2026,8/29/2026,HVAC Service,Hvac Recall/Warranty,Completed,PPC,Google | Search | Brand,92027,$485.68,TRUE
,,1122350566,8/31/2026,,HVAC Service,Hvac Recall/Warranty,Scheduled,Google LSA,Google Local Services,92071,$0.00,TRUE
,,481289618,8/31/2026,8/25/2026,HVAC Service,Hvac Recall/Warranty,Completed,Email,Legacy Email Marketing Multiple Offers,92114,$0.00,TRUE
,,267582965,8/31/2026,9/3/2026,HVAC Service,Hvac Recall/Warranty,Completed,Google Business Profiles,GMB_SanDiego,92130,$0.00,TRUE
,,1037690442,8/31/2026,8/26/2026,HVAC Service,Hvac Recall/Warranty,Completed,PPC,Google | Search | Brand,92037,$0.00,TRUE
,,376697112,9/1/2026,,HVAC Service,Hvac Recall/Warranty,Scheduled,Direct Web Traffic,Direct Web Traffic,92104,$0.00,TRUE
,,909282037,9/1/2026,9/2/2026,HVAC Service,Hvac Recall/Warranty,Completed,Google Business Profiles,GMB_SanDiego,92019,$0.00,TRUE
,,331106505,9/2/2026,,HVAC Service,Hvac Recall/Warranty,Scheduled,PPC,Google | Search | Brand,92103,$0.00,TRUE
,,62304199,9/3/2026,,HVAC Service,Hvac Recall/Warranty,In Progress,Google Business Profiles,GMB_SanDiego,92118,$0.00,TRUE
,,283053089,9/3/2026,9/3/2026,HVAC Service,Hvac Recall/Warranty,Completed,PPC,Google | PMAX | Drains - Vegas,92128,$0.00,TRUE
,,1037690442,9/3/2026,8/26/2026,HVAC Service,Hvac Recall/Warranty,Completed,PPC,Google | Search | Brand,92037,$0.00,TRUE
,,31714809,9/3/2026,8/28/2026,HVAC Service,Hvac Recall/Warranty,Completed,Google Business Profiles,GMB_SanDiego,92123,$0.00,TRUE
,,31563858,9/3/2026,9/3/2026,HVAC Service,Hvac Recall/Warranty,Completed,PPC,Google | PMAX | HVAC,92109,$0.00,TRUE
,,1040106797,9/4/2026,9/5/2026,HVAC Service,Hvac Recall/Warranty,Completed,Google LSA,Google Local Services,92078,$0.00,TRUE
,,,,,38,38,38,38,38,,$3475.92,
,Job Type: Preventative Maintenance,,,,,,,,,,,
,,260662988,8/25/2026,,HVAC Service,Preventative Maintenance,Scheduled,Google Business Profiles,GMB_SanDiego,92127,$1677.00,TRUE
,,,,,1,1,1,1,1,,$1677.00,
,Job Type: Recurring Services: Complimentary Maintenance,,,,,,,,,,,
,,31625070,8/24/2026,8/27/2026,HVAC Service,Recurring Services: Complimentary Maintenance,Completed,Outbound SMS,ST Outbound Text Lines,92123,$0.00,FALSE
,,,,,1,1,1,1,1,,$0.00,
,,,,,386,386,386,386,386,,$62318.13,
Invoice Business Unit: Lining Install - CA,,,,,,,,,,,,
,Job Type: Jetting- Residential,,,,,,,,,,,
,,31557960,9/3/2026,9/4/2026,Lining Install - CA,Jetting- Residential,Canceled,Branded Phone Number,Local 619,92037,$0.00,TRUE
,,,,,1,1,1,1,1,,$0.00,
,Job Type: Jetting-Commercial,,,,,,,,,,,
,,31609030,8/25/2026,8/27/2026,Lining Install - CA,Jetting-Commercial,Completed,Google Business Profiles,GMB_SanDiego,92122,$2750.00,TRUE
,,,,,1,1,1,1,1,,$2750.00,
,Job Type: Job Walk,,,,,,,,,,,
,,271572392,8/24/2026,,Lining Install - CA,Job Walk,Scheduled,Google Business Profiles,GMB_SanDiego,92109,$0.00,FALSE
,,1129558526,8/24/2026,8/25/2026,Lining Install - CA,Job Walk,Completed,Tech referral,Tech Referral,92127,$0.00,FALSE
,,31583385,8/25/2026,,Lining Install - CA,Job Walk,Scheduled,Branded Phone Number,A1-800-BILL HOWE,92075,$0.00,FALSE
,,1129344427,8/25/2026,9/1/2026,Lining Install - CA,Job Walk,Completed,Google Business Profiles,GMB_SanDiego,92040,$0.00,FALSE
,,1125369941,8/25/2026,,Lining Install - CA,Job Walk,Scheduled,Email,2025 Jetter Customers Annual Drip,92116,$0.00,FALSE
,,1128462109,8/25/2026,,Lining Install - CA,Job Walk,Scheduled,Google Business Profiles,GMB_SanDiego,92021,$0.00,FALSE
,,31655909,8/26/2026,,Lining Install - CA,Job Walk,Scheduled,Branded Phone Number,A1-800-BILL HOWE,92117,$0.00,FALSE
,,483199705,8/27/2026,9/4/2026,Lining Install - CA,Job Walk,Canceled,PPC,Google | Search | Brand,92071,$0.00,FALSE
,,1130826741,8/27/2026,8/27/2026,Lining Install - CA,Job Walk,Completed,Tech referral,Tech Referral,89106,$0.00,FALSE
,,912270884,8/27/2026,8/27/2026,Lining Install - CA,Job Walk,Completed,Tech referral,Tech Referral,92109,$0.00,FALSE
,,1130008132,8/28/2026,,Lining Install - CA,Job Walk,Scheduled,Google Business Profiles,GMB_SanDiego,91901,$0.00,FALSE
,,1126788892,8/28/2026,,Lining Install - CA,Job Walk,Scheduled,Branded Phone Number,Local 619,91945,$0.00,FALSE
,,92581600,8/31/2026,8/31/2026,Lining Install - CA,Job Walk,Completed,Branded Phone Number,A1-800-BILL HOWE,92040,$0.00,FALSE
,,31709554,8/31/2026,,Lining Install - CA,Job Walk,Scheduled,Branded Phone Number,Local 619,92104,$0.00,FALSE
,,1128408174,8/31/2026,,Lining Install - CA,Job Walk,Scheduled,Organic Search,Google Organic,92078,$0.00,FALSE
,,347412892,9/1/2026,,Lining Install - CA,Job Walk,Scheduled,Tech referral,Tech Referral,92037,$0.00,FALSE
,,1125036880,9/1/2026,9/2/2026,Lining Install - CA,Job Walk,Completed,Tech referral,Tech Referral,92563,$0.00,FALSE
,,258130533,9/1/2026,,Lining Install - CA,Job Walk,Scheduled,PPC,Bing | Search | Brand,92117,$0.00,FALSE
,,1089995329,9/1/2026,9/2/2026,Lining Install - CA,Job Walk,Completed,Google Business Profiles,GMB_SanDiego,92037,$0.00,FALSE
,,66445168,9/2/2026,,Lining Install - CA,Job Walk,Scheduled,Branded Phone Number,Local 619,92109,$0.00,FALSE
,,1131899824,9/3/2026,,Lining Install - CA,Job Walk,Scheduled,PPC,Google | PMAX | Plumbing,92128,$0.00,FALSE
,,1133364357,9/3/2026,,Lining Install - CA,Job Walk,Scheduled,Google LSA,Google Local Services,92020,$0.00,FALSE
,,1131195379,9/3/2026,,Lining Install - CA,Job Walk,Scheduled,Tech referral,Tech Referral,92091,$0.00,FALSE
,,31557960,9/3/2026,9/4/2026,Lining Install - CA,Job Walk,Completed,Branded Phone Number,Local 619,92037,$0.00,FALSE
,,31557960,9/4/2026,,Lining Install - CA,Job Walk,Scheduled,Branded Phone Number,Local 619,92037,$0.00,FALSE
,,1127181202,9/4/2026,,Lining Install - CA,Job Walk,Scheduled,Direct Web Traffic,Direct Web Traffic,92107,$0.00,FALSE
,,334660261,9/4/2026,,Lining Install - CA,Job Walk,Scheduled,Branded Phone Number,Local 619,92104,$0.00,FALSE
,,1129524946,9/4/2026,,Lining Install - CA,Job Walk,Scheduled,Google Business Profiles,GMB_SanDiego,92110,$0.00,FALSE
,,1131281056,9/4/2026,,Lining Install - CA,Job Walk,Scheduled,Branded Phone Number,Local 619,92117,$0.00,FALSE
,,60852589,9/4/2026,,Lining Install - CA,Job Walk,Scheduled,Branded Phone Number,A1-800-BILL HOWE,92118,$0.00,FALSE
,,,,,30,30,30,30,30,,$0.00,
,Job Type: Lining,,,,,,,,,,,
,,1128204145,8/24/2026,,Lining Install - CA,Lining,Scheduled,Branded Phone Number,Local 619,91913,$3240.00,TRUE
,,31550115,8/24/2026,8/24/2026,Lining Install - CA,Lining,Canceled,Branded Phone Number,A1-800-BILL HOWE,92110,$0.00,TRUE
,,251371407,8/24/2026,8/14/2026,Lining Install - CA,Lining,Completed,Organic Search,Google Organic,92110,-$250.00,TRUE
,,31550115,8/24/2026,8/24/2026,Lining Install - CA,Lining,Canceled,Branded Phone Number,A1-800-BILL HOWE,92110,$0.00,FALSE
,,271572392,8/24/2026,,Lining Install - CA,Lining,Scheduled,Google Business Profiles,GMB_SanDiego,92109,$10000.00,TRUE
,,31550115,8/24/2026,9/2/2026,Lining Install - CA,Lining,Canceled,Branded Phone Number,A1-800-BILL HOWE,92110,$0.00,TRUE
,,483199705,8/24/2026,9/4/2026,Lining Install - CA,Lining,Canceled,PPC,Google | Search | Brand,92071,$0.00,TRUE
,,1078907454,8/24/2026,7/31/2026,Lining Install - CA,Lining,Completed,Branded Phone Number,A1-800-BILL HOWE,91977,-$3200.00,TRUE
,,1125590587,8/24/2026,9/4/2026,Lining Install - CA,Lining,Completed,Branded Phone Number,A1-800-BILL HOWE,92008,$6100.00,TRUE
,,31583385,8/25/2026,,Lining Install - CA,Lining,Scheduled,Branded Phone Number,A1-800-BILL HOWE,92075,$6657.00,TRUE
,,1128462109,8/25/2026,,Lining Install - CA,Lining,Scheduled,Google Business Profiles,GMB_SanDiego,92021,$8100.00,TRUE
,,31537512,8/25/2026,,Lining Install - CA,Lining,Scheduled,PPC,Google | Search | Brand,92107,$15750.00,TRUE
,,1125369941,8/25/2026,,Lining Install - CA,Lining,Scheduled,Email,2025 Jetter Customers Annual Drip,92116,$7500.00,TRUE
,,31655909,8/26/2026,,Lining Install - CA,Lining,Scheduled,Branded Phone Number,A1-800-BILL HOWE,92117,$16500.00,TRUE
,,65700099,8/26/2026,8/27/2026,Lining Install - CA,Lining,Completed,Branded Phone Number,Local 619,92106,$185.00,TRUE
,,1129344427,8/26/2026,9/1/2026,Lining Install - CA,Lining,Completed,Google Business Profiles,GMB_SanDiego,92040,$9600.00,TRUE
,,31665384,8/26/2026,9/3/2026,Lining Install - CA,Lining,Completed,Google LSA,Google Local Services,92106,$3000.00,TRUE
,,902471557,8/27/2026,7/20/2026,Lining Install - CA,Lining,Completed,PPC,Google | Search | Brand,92117,$13819.95,TRUE
,,52853564,8/27/2026,,Lining Install - CA,Lining,Scheduled,Google Business Profiles,GMB_SanDiego,92117,$5400.00,TRUE
,,1126788892,8/28/2026,,Lining Install - CA,Lining,Scheduled,Branded Phone Number,Local 619,91945,$6500.00,TRUE
,,1130008132,8/28/2026,,Lining Install - CA,Lining,Scheduled,Google Business Profiles,GMB_SanDiego,91901,$3800.00,TRUE
,,31536670,8/28/2026,8/21/2026,Lining Install - CA,Lining,Completed,Branded Phone Number,A1-800-BILL HOWE,92122,-$200.00,TRUE
,,31550115,8/31/2026,,Lining Install - CA,Lining,Scheduled,Branded Phone Number,A1-800-BILL HOWE,92110,$10500.00,TRUE
,,31550115,8/31/2026,,Lining Install - CA,Lining,Scheduled,Branded Phone Number,A1-800-BILL HOWE,92110,$9900.00,TRUE
,,31550115,8/31/2026,,Lining Install - CA,Lining,Scheduled,Branded Phone Number,A1-800-BILL HOWE,92110,$10800.00,TRUE
,,31550115,8/31/2026,,Lining Install - CA,Lining,Scheduled,Branded Phone Number,A1-800-BILL HOWE,92110,$14400.00,TRUE
,,31550115,8/31/2026,,Lining Install - CA,Lining,Scheduled,Branded Phone Number,A1-800-BILL HOWE,92110,$14700.00,TRUE
,,31550115,8/31/2026,,Lining Install - CA,Lining,Scheduled,Branded Phone Number,A1-800-BILL HOWE,92110,$10800.00,TRUE
,,31550115,8/31/2026,,Lining Install - CA,Lining,Scheduled,Branded Phone Number,A1-800-BILL HOWE,92110,$4200.00,TRUE
,,31550115,8/31/2026,,Lining Install - CA,Lining,Scheduled,Branded Phone Number,A1-800-BILL HOWE,92110,$6300.00,TRUE
,,31550115,8/31/2026,,Lining Install - CA,Lining,Scheduled,Branded Phone Number,A1-800-BILL HOWE,92110,$3900.00,TRUE
,,65700099,8/31/2026,8/27/2026,Lining Install - CA,Lining,Completed,Branded Phone Number,Local 619,92106,-$185.00,FALSE
,,1128408174,8/31/2026,,Lining Install - CA,Lining,Scheduled,Organic Search,Google Organic,92078,$9889.00,TRUE
,,47184746,8/31/2026,10/13/2025,Lining Install - CA,Lining,Completed,Branded Phone Number,A1-800-BILL HOWE,91932,-$2000.00,TRUE
,,31709554,8/31/2026,,Lining Install - CA,Lining,Scheduled,Branded Phone Number,Local 619,92104,$6175.00,TRUE
,,1115699631,8/31/2026,8/17/2026,Lining Install - CA,Lining,Completed,Google Business Profiles,GMB_SanDiego,92115,$0.00,TRUE
,,345245921,8/31/2026,,Lining Install - CA,Lining,Scheduled,CSR Outbound,$1 OUTBOUND (use this for out-bounding),92054,$3000.00,TRUE
,,52853564,8/31/2026,8/28/2026,Lining Install - CA,Lining,Completed,Google Business Profiles,GMB_SanDiego,92117,$0.00,TRUE
,,466735816,8/31/2026,8/27/2026,Lining Install - CA,Lining,Completed,Google Business Profiles,GMB_SanDiego,92109,$0.00,TRUE
,,902469128,8/31/2026,8/20/2026,Lining Install - CA,Lining,Completed,Google LSA,Google Local Services,91945,$14000.00,TRUE
,,374400693,8/31/2026,8/18/2026,Lining Install - CA,Lining,Completed,PPC,Google | Search | Brand,92024,$0.00,TRUE
,,31550115,8/31/2026,9/3/2026,Lining Install - CA,Lining,Completed,Branded Phone Number,A1-800-BILL HOWE,92110,$2700.00,TRUE
,,99921868,9/1/2026,8/28/2026,Lining Install - CA,Lining,Completed,Google Business Profiles,GMB_SanDiego,92054,$0.00,TRUE
,,1068034374,9/1/2026,,Lining Install - CA,Lining,Scheduled,Branded Phone Number,Local 619,92117,$4250.00,TRUE
,,92581600,9/1/2026,,Lining Install - CA,Lining,Scheduled,Branded Phone Number,A1-800-BILL HOWE,92040,$10500.00,TRUE
,,1124876379,9/1/2026,8/28/2026,Lining Install - CA,Lining,Completed,Organic Search,Yahoo Organic,91942,$0.00,TRUE
,,273887537,9/1/2026,8/28/2026,Lining Install - CA,Lining,Completed,Branded Phone Number,A1-800-BILL HOWE,92037,$0.00,TRUE
,,366078576,9/1/2026,8/31/2026,Lining Install - CA,Lining,Completed,Tech referral,Tech Referral,90041,$0.00,FALSE
,,31657279,9/1/2026,8/28/2026,Lining Install - CA,Lining,Completed,Branded Phone Number,Local 619,91977,$0.00,TRUE
,,1118935686,9/1/2026,8/26/2026,Lining Install - CA,Lining,Completed,Organic Search,DuckDuckGo Organic,92071,$0.00,FALSE
,,1127207797,9/1/2026,,Lining Install - CA,Lining,Scheduled,Branded Phone Number,A1-800-BILL HOWE,92106,$3500.00,TRUE
,,31648387,9/1/2026,8/23/2026,Lining Install - CA,Lining,Completed,Branded Phone Number,A1-800-BILL HOWE,92019,$0.00,TRUE
,,258130533,9/1/2026,,Lining Install - CA,Lining,Scheduled,PPC,Bing | Search | Brand,92117,$29900.00,TRUE
,,1130923604,9/2/2026,,Lining Install - CA,Lining,Scheduled,External Referral,Referral,92595,$2800.00,TRUE
,,912270884,9/2/2026,5/31/2023,Lining Install - CA,Lining,Completed,Account,Account Customer,92109,$0.00,FALSE
,,31657279,9/2/2026,8/28/2026,Lining Install - CA,Lining,Completed,Branded Phone Number,Local 619,91977,$0.00,TRUE
,,66445168,9/2/2026,,Lining Install - CA,Lining,Scheduled,Branded Phone Number,Local 619,92109,$4800.00,TRUE
,,366078576,9/2/2026,8/31/2026,Lining Install - CA,Lining,Completed,Tech referral,Tech Referral,90041,$0.00,FALSE
,,902469128,9/2/2026,8/14/2026,Lining Install - CA,Lining,Completed,Branded Phone Number,Local 619,91950,$22685.78,TRUE
,,902469128,9/2/2026,8/7/2026,Lining Install - CA,Lining,Completed,Branded Phone Number,A1-800-BILL HOWE,92109,$5670.00,TRUE
,,1131281056,9/3/2026,,Lining Install - CA,Lining,Scheduled,Branded Phone Number,Local 619,92117,$4500.00,TRUE
,,1127181202,9/3/2026,,Lining Install - CA,Lining,Scheduled,Direct Web Traffic,Direct Web Traffic,92107,$9000.00,TRUE
,,1131899824,9/3/2026,,Lining Install - CA,Lining,Scheduled,PPC,Google | PMAX | Plumbing,92128,$22000.00,TRUE
,,1133364357,9/3/2026,,Lining Install - CA,Lining,Scheduled,Google LSA,Google Local Services,92020,$17000.00,TRUE
,,1131195379,9/3/2026,,Lining Install - CA,Lining,Scheduled,Sameday AI,Sameday AI,92091,$4000.00,TRUE
,,31557960,9/3/2026,,Lining Install - CA,Lining,Scheduled,Branded Phone Number,Local 619,92037,$18000.00,TRUE
,,31731464,9/4/2026,,Lining Install - CA,Lining,Scheduled,Google Business Profiles,GMB_SanDiego,92109,$4500.00,TRUE
,,334660261,9/4/2026,,Lining Install - CA,Lining,Scheduled,Branded Phone Number,Local 619,92104,$12580.00,TRUE
,,1129524946,9/4/2026,,Lining Install - CA,Lining,Scheduled,Google Business Profiles,GMB_SanDiego,92110,$18000.00,TRUE
,,60852589,9/4/2026,,Lining Install - CA,Lining,Scheduled,Branded Phone Number,A1-800-BILL HOWE,92118,$15450.00,TRUE
,,,,,70,70,70,70,70,,$440716.73,
,Job Type: Lining Estimate,,,,,,,,,,,
,,356249268,8/24/2026,8/28/2026,Lining Install - CA,Lining Estimate,Completed,Google Business Profiles,GMB_SanDiego,92117,$0.00,TRUE
,,345245921,8/24/2026,8/25/2026,Lining Install - CA,Lining Estimate,Completed,CSR Outbound,$1 OUTBOUND (use this for out-bounding),92054,$0.00,FALSE
,,1129524946,8/24/2026,8/26/2026,Lining Install - CA,Lining Estimate,Completed,Google Business Profiles,GMB_SanDiego,92110,$0.00,FALSE
,,1130008132,8/25/2026,8/26/2026,Lining Install - CA,Lining Estimate,Completed,Google Business Profiles,GMB_SanDiego,91901,$0.00,FALSE
,,378998593,8/25/2026,8/26/2026,Lining Install - CA,Lining Estimate,Completed,PPC,Google | Search | Brand,92104,$0.00,FALSE
,,1089995329,8/26/2026,8/28/2026,Lining Install - CA,Lining Estimate,Completed,Google Business Profiles,GMB_SanDiego,92037,$0.00,TRUE
,,356769057,8/27/2026,8/27/2026,Lining Install - CA,Lining Estimate,Canceled,Branded Phone Number,A1-800-BILL HOWE,91902,$0.00,TRUE
,,1130923604,8/27/2026,8/28/2026,Lining Install - CA,Lining Estimate,Completed,External Referral,Referral,92595,$0.00,FALSE
,,1131195379,8/29/2026,9/2/2026,Lining Install - CA,Lining Estimate,Completed,Sameday AI,Sameday AI,92091,$0.00,FALSE
,,887731041,8/30/2026,9/3/2026,Lining Install - CA,Lining Estimate,Completed,Direct Web Traffic,Direct Web Traffic,92122,$0.00,TRUE
,,1131281056,8/31/2026,9/2/2026,Lining Install - CA,Lining Estimate,Completed,Account,Work Order,92117,$0.00,FALSE
,,31562819,8/31/2026,9/2/2026,Lining Install - CA,Lining Estimate,Completed,Google Business Profiles,GMB_SanDiego,92120,$0.00,TRUE
,,66445168,8/31/2026,9/2/2026,Lining Install - CA,Lining Estimate,Completed,Branded Phone Number,Local 619,92109,$0.00,FALSE
,,366078576,9/1/2026,9/1/2026,Lining Install - CA,Lining Estimate,Completed,Website,Email Contact Form,90041,$0.00,TRUE
,,1131529558,9/1/2026,,Lining Install - CA,Lining Estimate,Hold,Organic Search,Google Organic,91911,$0.00,TRUE
,,62200181,9/1/2026,,Lining Install - CA,Lining Estimate,Scheduled,Google Business Profiles,GMB_SanDiego,92107,$0.00,TRUE
,,1131595065,9/1/2026,9/2/2026,Lining Install - CA,Lining Estimate,Completed,Branded Phone Number,Local 619,92054,$0.00,TRUE
,,1115911123,9/2/2026,9/3/2026,Lining Install - CA,Lining Estimate,Completed,Tech referral,Tech Referral,92128,$0.00,TRUE
,,1124540923,9/2/2026,9/2/2026,Lining Install - CA,Lining Estimate,Completed,Branded Phone Number,A1-800-BILL HOWE,92120,$0.00,TRUE
,,31557960,9/2/2026,9/3/2026,Lining Install - CA,Lining Estimate,Completed,Branded Phone Number,Local 619,92037,$0.00,FALSE
,,31731400,9/3/2026,9/4/2026,Lining Install - CA,Lining Estimate,Completed,Yelp,Yelp,91932,$0.00,TRUE
,,334207312,9/3/2026,9/4/2026,Lining Install - CA,Lining Estimate,Completed,Google LSA,Google Local Services,92111,$0.00,TRUE
,,1133685224,9/3/2026,,Lining Install - CA,Lining Estimate,Hold,Google Business Profiles,GMB_SanDiego,92105,$0.00,TRUE
,,249569514,9/4/2026,,Lining Install - CA,Lining Estimate,Scheduled,Branded Phone Number,Local 619,92107,$0.00,TRUE
,,,,,24,24,24,24,24,,$0.00,
,Job Type: Sewer Camera,,,,,,,,,,,
,,1128927198,8/24/2026,8/25/2026,Lining Install - CA,Sewer Camera,Completed,Google LSA,Google Local Services,92020,$0.00,TRUE
,,888818281,8/26/2026,8/27/2026,Lining Install - CA,Sewer Camera,Completed,Direct Web Traffic,Direct Web Traffic,92024,$0.00,TRUE
,,1124540923,8/26/2026,8/28/2026,Lining Install - CA,Sewer Camera,Completed,Branded Phone Number,A1-800-BILL HOWE,92120,$0.00,TRUE
,,1130630033,8/27/2026,8/31/2026,Lining Install - CA,Sewer Camera,Completed,Branded Phone Number,Local 619,92119,$0.00,TRUE
,,31586563,8/27/2026,9/2/2026,Lining Install - CA,Sewer Camera,Completed,Branded Phone Number,Local 619,92109,$0.00,TRUE
,,93606953,8/28/2026,9/1/2026,Lining Install - CA,Sewer Camera,Completed,Website,Email Contact Form,92037,$0.00,TRUE
,,1115911123,8/31/2026,8/26/2026,Lining Install - CA,Sewer Camera,Completed,Tech referral,Tech Referral,92128,$0.00,TRUE
,,374678849,8/31/2026,9/3/2026,Lining Install - CA,Sewer Camera,Completed,Branded Phone Number,Local 619,92111,$0.00,TRUE
,,248943330,8/31/2026,9/3/2026,Lining Install - CA,Sewer Camera,Completed,PPC,Google | Search | Brand,92020,$0.00,TRUE
,,331687894,8/31/2026,9/1/2026,Lining Install - CA,Sewer Camera,Completed,Tech referral,Tech Referral,92106,$0.00,TRUE
,,1131890230,9/1/2026,9/3/2026,Lining Install - CA,Sewer Camera,Completed,External Referral,Referral,92691,$2800.00,TRUE
,,1133360120,9/2/2026,9/4/2026,Lining Install - CA,Sewer Camera,Completed,Tech referral,Tech Referral,92127,$0.00,TRUE
,,31598852,9/3/2026,,Lining Install - CA,Sewer Camera,Hold,Branded Phone Number,Local 619,92116,$0.00,TRUE
,,1133658930,9/3/2026,,Lining Install - CA,Sewer Camera,Scheduled,Direct Web Traffic,Direct Web Traffic,92110,$0.00,TRUE
,,,,,14,14,14,14,14,,$2800.00,
,Job Type: Sewer Camera Post Lining,,,,,,,,,,,
,,273887537,9/4/2026,9/4/2026,Lining Install - CA,Sewer Camera Post Lining,Completed,Branded Phone Number,A1-800-BILL HOWE,92037,$0.00,TRUE
,,,,,1,1,1,1,1,,$0.00,
,Job Type: Warranty Lining,,,,,,,,,,,
,,31563122,8/27/2026,8/28/2026,Lining Install - CA,Warranty Lining,Completed,Direct Web Traffic,Direct Web Traffic,92122,$0.00,FALSE
,,31586563,8/31/2026,8/31/2026,Lining Install - CA,Warranty Lining,Completed,Branded Phone Number,Local 619,92109,$0.00,FALSE
,,,,,2,2,2,2,2,,$0.00,
,,,,,143,143,143,143,143,,$446266.73,
Invoice Business Unit: Lining Install - NV,,,,,,,,,,,,
,Job Type: Warranty Lining,,,,,,,,,,,
,,1080622412,9/1/2026,8/20/2026,Lining Install - NV,Warranty Lining,Completed,Direct Web Traffic,Direct Web Traffic,89104,$0.00,FALSE
,,,,,1,1,1,1,1,,$0.00,
,,,,,1,1,1,1,1,,$0.00,
Invoice Business Unit: Plumbing Install,,,,,,,,,,,,
,Job Type:,,,,,,,,,,,
,,50175786,8/26/2026,,Plumbing Install,,,,,92116,$179.88,TRUE
,,681425593,8/27/2026,,Plumbing Install,,,,,91911,$0.00,TRUE
,,358497176,8/27/2026,,Plumbing Install,,,,,91941,$0.00,TRUE
,,31642386,8/28/2026,,Plumbing Install,,,,,92131,$179.88,TRUE
,,681425593,8/28/2026,,Plumbing Install,,,,,91911,$0.00,TRUE
,,31651524,8/29/2026,,Plumbing Install,,,,,92122,$179.88,TRUE
,,31717837,8/31/2026,,Plumbing Install,,,,,92037,$0.00,TRUE
,,31625158,9/3/2026,,Plumbing Install,,,,,92122,$179.88,TRUE
,,31717837,9/1/2026,,Plumbing Install,,,,,92037,-$179.88,TRUE
,,977470164,9/2/2026,,Plumbing Install,,,,,92019,$179.88,TRUE
,,356751146,9/2/2026,,Plumbing Install,,,,,92130,$179.88,TRUE
,,48600381,9/2/2026,,Plumbing Install,,,,,92118,$0.00,TRUE
,,,,,12,12,12,12,12,,$899.40,
,Job Type: Backflow Install,,,,,,,,,,,
,,31701115,8/26/2026,8/21/2026,Plumbing Install,Backflow Install,Completed,Branded Phone Number,Local 619,92121,$0.00,TRUE
,,,,,1,1,1,1,1,,$0.00,
,Job Type: Drain Install,,,,,,,,,,,
,,31707364,8/31/2026,9/1/2026,Plumbing Install,Drain Install,Completed,Google Business Profiles,GMB_SanDiego,92111,$4225.00,TRUE
,,31558030,8/31/2026,9/3/2026,Plumbing Install,Drain Install,Completed,Direct Web Traffic,Direct Web Traffic,92117,$4000.00,TRUE
,,31712278,9/1/2026,8/31/2026,Plumbing Install,Drain Install,Completed,Google Business Profiles,GMB_SanDiego,92111,$0.00,TRUE
,,31712278,9/2/2026,8/31/2026,Plumbing Install,Drain Install,Completed,Google Business Profiles,GMB_SanDiego,92111,$0.00,TRUE
,,31627404,9/2/2026,8/14/2026,Plumbing Install,Drain Install,Completed,Website,Website Phone Calls,92037,-$2000.00,TRUE
,,31712278,9/2/2026,8/31/2026,Plumbing Install,Drain Install,Completed,Google Business Profiles,GMB_SanDiego,92111,$0.00,TRUE
,,31535970,9/4/2026,,Plumbing Install,Drain Install,Scheduled,Branded Phone Number,Local 619,92106,$22604.00,TRUE
,,1071568608,9/5/2026,,Plumbing Install,Drain Install,In Progress,Direct Mail,2025 New Customer Welcome Direct Mail,92128,$6500.00,TRUE
,,,,,8,8,8,8,8,,$35329.00,
,Job Type: Drain Repair,,,,,,,,,,,
,,58163880,8/25/2026,8/28/2026,Plumbing Install,Drain Repair,Completed,Outbound SMS,ST Outbound Text Lines,92106,$8488.00,TRUE
,,58163880,8/31/2026,8/28/2026,Plumbing Install,Drain Repair,Completed,Outbound SMS,ST Outbound Text Lines,92106,$0.00,FALSE
,,,,,2,2,2,2,2,,$8488.00,
,Job Type: Drain Repipe/Reroute,,,,,,,,,,,
,,351943645,8/24/2026,,Plumbing Install,Drain Repipe/Reroute,In Progress,PPC,Google | PMAX | Drains,91910,$30480.00,TRUE
,,66181548,8/24/2026,,Plumbing Install,Drain Repipe/Reroute,Scheduled,,Memberships due for Service,92106,$12042.00,TRUE
,,31537883,8/25/2026,8/29/2026,Plumbing Install,Drain Repipe/Reroute,Completed,Branded Phone Number,A1-800-BILL HOWE,92027,$19000.00,TRUE
,,1129344427,8/25/2026,8/28/2026,Plumbing Install,Drain Repipe/Reroute,Completed,Google Business Profiles,GMB_SanDiego,92040,$4900.00,TRUE
,,1068034374,9/1/2026,,Plumbing Install,Drain Repipe/Reroute,Scheduled,Direct Web Traffic,Direct Web Traffic,92117,$20600.00,TRUE
,,31648413,9/1/2026,8/24/2026,Plumbing Install,Drain Repipe/Reroute,Completed,Google LSA,Google Local Services,92123,$0.00,TRUE
,,258130533,9/1/2026,,Plumbing Install,Drain Repipe/Reroute,In Progress,PPC,Bing | Search | Brand,92117,$8100.00,TRUE
,,1073106984,9/2/2026,,Plumbing Install,Drain Repipe/Reroute,Scheduled,Google Business Profiles,GMB_SanDiego,92130,$16450.00,TRUE
,,1133356751,9/2/2026,9/3/2026,Plumbing Install,Drain Repipe/Reroute,Completed,Branded Phone Number,A1-800-BILL HOWE,92122,$0.00,TRUE
,,1131195379,9/3/2026,,Plumbing Install,Drain Repipe/Reroute,Scheduled,Sameday AI,Sameday AI,92091,$7500.00,TRUE
,,465214740,9/4/2026,,Plumbing Install,Drain Repipe/Reroute,Scheduled,Branded Phone Number,Local 619,92040,$1350.00,TRUE
,,1136177264,9/5/2026,,Plumbing Install,Drain Repipe/Reroute,Scheduled,Google LSA,Google Local Services Vegas Lining,92104,$0.00,TRUE
,,,,,12,12,12,12,12,,$120422.00,
,Job Type: Moen Flo Install,,,,,,,,,,,
,,95155127,8/27/2026,8/28/2026,Plumbing Install,Moen Flo Install,Completed,PPC,Google | Search | Brand,92120,$0.00,FALSE
,,31687118,8/27/2026,7/8/2026,Plumbing Install,Moen Flo Install,Completed,PPC,Google | Search | Brand,92091,$0.00,TRUE
,,902469128,8/31/2026,8/28/2026,Plumbing Install,Moen Flo Install,Completed,Branded Phone Number,A1-800-BILL HOWE,92056,$3264.97,TRUE
,,902469128,8/31/2026,8/28/2026,Plumbing Install,Moen Flo Install,Completed,Google LSA,Google Local Services,91913,$2080.21,TRUE
,,,,,4,4,4,4,4,,$5345.18,
,Job Type: Plumbing Install,,,,,,,,,,,
,,979490189,9/4/2026,8/18/2026,Plumbing Install,Plumbing Install,Completed,Branded Phone Number,A1-800-BILL HOWE,92117,$0.00,FALSE
,,1127338078,9/4/2026,9/6/2026,Plumbing Install,Plumbing Install,Completed,PPC,Google | Search | Brand,92108,$1866.00,TRUE
,,,,,2,2,2,2,2,,$1866.00,
,Job Type: Repipe/Reroute,,,,,,,,,,,
,,59990984,8/25/2026,8/26/2026,Plumbing Install,Repipe/Reroute,Completed,PPC,Google | Search | Brand,92111,$4950.00,TRUE
,,1129148349,8/25/2026,8/26/2026,Plumbing Install,Repipe/Reroute,Completed,Google Business Profiles,GMB_SanDiego,92008,$9104.00,TRUE
,,47217260,8/26/2026,9/1/2026,Plumbing Install,Repipe/Reroute,Completed,Branded Phone Number,Local 619,92139,$4695.00,TRUE
,,1126788892,8/26/2026,8/31/2026,Plumbing Install,Repipe/Reroute,Completed,Branded Phone Number,Local 619,91945,$12950.00,TRUE
,,1131530878,8/31/2026,9/1/2026,Plumbing Install,Repipe/Reroute,Completed,Google Business Profiles,GMB_SanDiego,92037,$6135.00,TRUE
,,1102086190,8/31/2026,8/26/2026,Plumbing Install,Repipe/Reroute,Completed,Direct Web Traffic,Direct Web Traffic,92109,$0.00,TRUE
,,1129148349,8/31/2026,8/26/2026,Plumbing Install,Repipe/Reroute,Completed,Google Business Profiles,GMB_SanDiego,92008,$0.00,TRUE
,,31562010,9/1/2026,9/3/2026,Plumbing Install,Repipe/Reroute,Completed,Direct Web Traffic,Direct Web Traffic,92037,$2138.76,TRUE
,,902469128,9/1/2026,8/26/2026,Plumbing Install,Repipe/Reroute,Completed,PPC,Google | Search | Brand,92111,$4677.75,TRUE
,,31732772,9/2/2026,,Plumbing Install,Repipe/Reroute,Hold,Uncategorized,Uncategorized,91911,$4285.00,TRUE
,,1131584894,9/2/2026,9/4/2026,Plumbing Install,Repipe/Reroute,Completed,PPC,Bing | Search | Brand,92014,$4295.00,TRUE
,,,,,11,11,11,11,11,,$53230.51,
,Job Type: Tankless Install,,,,,,,,,,,
,,882772602,8/24/2026,8/26/2026,Plumbing Install,Tankless Install,Completed,PPC,Google | Search | Brand,92025,$5950.00,TRUE
,,31580313,8/25/2026,8/24/2026,Plumbing Install,Tankless Install,Completed,Business Directories,Rinnai Listing,92104,$0.00,TRUE
,,98585519,8/26/2026,8/27/2026,Plumbing Install,Tankless Install,Completed,Outbound SMS,ST Outbound Text Lines,91932,$7509.00,TRUE
,,31580313,8/27/2026,8/24/2026,Plumbing Install,Tankless Install,Completed,Business Directories,Rinnai Listing,92104,$0.00,TRUE
,,483999280,9/1/2026,9/1/2026,Plumbing Install,Tankless Install,Completed,Google Business Profiles,GMB_SanDiego,92037,$6745.00,TRUE
,,67022577,9/1/2026,9/2/2026,Plumbing Install,Tankless Install,Completed,PPC,Google | Search | Brand,92131,$11900.00,TRUE
,,487202285,9/2/2026,8/24/2026,Plumbing Install,Tankless Install,Completed,PPC,Google | PMAX | HVAC,92014,$0.00,TRUE
,,285136065,9/2/2026,,Plumbing Install,Tankless Install,Scheduled,Branded Phone Number,Local 619,92118,$7832.00,TRUE
,,31580313,9/2/2026,8/24/2026,Plumbing Install,Tankless Install,Completed,Business Directories,Rinnai Listing,92104,$0.00,TRUE
,,266372404,9/3/2026,,Plumbing Install,Tankless Install,Scheduled,PPC,Google | Search | Plumbing,91932,$9695.00,TRUE
,,31572546,9/4/2026,9/3/2026,Plumbing Install,Tankless Install,Completed,Google LSA,Google Local Services,92118,$0.00,TRUE
,,67022577,9/4/2026,9/2/2026,Plumbing Install,Tankless Install,Completed,PPC,Google | Search | Brand,92131,$0.00,TRUE
,,1124933145,9/5/2026,9/6/2026,Plumbing Install,Tankless Install,Completed,PPC,Bing | Search | HVAC,92118,$6000.00,TRUE
,,1136204691,9/5/2026,9/6/2026,Plumbing Install,Tankless Install,Completed,Branded Phone Number,A1-800-BILL HOWE,92127,$7052.00,TRUE
,,,,,14,14,14,14,14,,$62683.00,
,Job Type: Toilet Install,,,,,,,,,,,
,,31682317,8/24/2026,,Plumbing Install,Toilet Install,In Progress,Branded Phone Number,Local 619,92120,$1545.00,TRUE
,,882772602,8/24/2026,8/26/2026,Plumbing Install,Toilet Install,Completed,PPC,Google | Search | Brand,92025,$350.00,TRUE
,,983535126,8/26/2026,8/27/2026,Plumbing Install,Toilet Install,Completed,Organic Search,Yahoo Organic,92029,$697.00,TRUE
,,31616364,8/26/2026,,Plumbing Install,Toilet Install,Scheduled,Google Business Profiles,GMB_Poway,92129,$0.00,TRUE
,,983523148,8/27/2026,7/16/2026,Plumbing Install,Toilet Install,Completed,Organic Search,Google Organic,92110,$0.00,TRUE
,,1124585089,8/27/2026,8/24/2026,Plumbing Install,Toilet Install,Completed,Google Business Profiles,GMB_SanDiego,92127,$0.00,TRUE
,,1130691111,8/27/2026,,Plumbing Install,Toilet Install,Hold,Branded Phone Number,Local 619,92127,$0.00,TRUE
,,1103189451,8/31/2026,8/26/2026,Plumbing Install,Toilet Install,Completed,Google Business Profiles,GMB_SanDiego,92126,$0.00,TRUE
,,675394208,9/1/2026,,Plumbing Install,Toilet Install,In Progress,Tech referral,Tech Referral,92029,$2874.00,TRUE
,,358574212,9/1/2026,9/6/2026,Plumbing Install,Toilet Install,Completed,Email,Legacy Email Marketing Multiple Offers,92105,$960.00,TRUE
,,901470494,9/3/2026,9/3/2026,Plumbing Install,Toilet Install,Completed,Tech referral,Tech Referral,92110,$0.00,TRUE
,,59724517,9/3/2026,9/4/2026,Plumbing Install,Toilet Install,Completed,PPC,Google | Search | Brand,92067,$0.00,TRUE
,,1125236200,9/4/2026,,Plumbing Install,Toilet Install,Scheduled,Yelp,Yelp,92130,$776.00,TRUE
,,31690783,9/4/2026,,Plumbing Install,Toilet Install,Hold,Email,Legacy Email Marketing Multiple Offers,92024,$4094.00,TRUE
,,344102117,9/4/2026,9/4/2026,Plumbing Install,Toilet Install,Completed,Google Business Profiles,GMB_SanDiego,92102,$0.00,FALSE
,,344102117,9/4/2026,9/5/2026,Plumbing Install,Toilet Install,Completed,Google Business Profiles,GMB_SanDiego,92102,$5360.00,TRUE
,,344102117,9/4/2026,9/5/2026,Plumbing Install,Toilet Install,Completed,Google Business Profiles,GMB_SanDiego,92102,$1230.00,TRUE
,,,,,17,17,17,17,17,,$17886.00,
,Job Type: Water Filtration Install,,,,,,,,,,,
,,31601252,8/26/2026,9/2/2026,Plumbing Install,Water Filtration Install,Completed,Email,Legacy Email Marketing Multiple Offers,92126,$4495.00,TRUE
,,1103053484,8/26/2026,9/2/2026,Plumbing Install,Water Filtration Install,Completed,Direct Web Traffic,Direct Web Traffic,92126,$5439.00,TRUE
,,1108520408,8/27/2026,9/2/2026,Plumbing Install,Water Filtration Install,Completed,Branded Phone Number,Local 619,92056,$7200.00,TRUE
,,31720446,8/28/2026,9/1/2026,Plumbing Install,Water Filtration Install,Completed,Branded Phone Number,A1-800-BILL HOWE,92109,$742.00,TRUE
,,1130700486,8/28/2026,,Plumbing Install,Water Filtration Install,Scheduled,PPC,Google | Search | Plumbing,92026,$840.00,TRUE
,,31660260,9/3/2026,9/1/2026,Plumbing Install,Water Filtration Install,Completed,Branded Phone Number,Local 619,92154,$0.00,TRUE
,,1108520408,9/4/2026,9/2/2026,Plumbing Install,Water Filtration Install,Completed,Branded Phone Number,Local 619,92056,$0.00,TRUE
,,31601252,9/4/2026,9/2/2026,Plumbing Install,Water Filtration Install,Completed,Email,Legacy Email Marketing Multiple Offers,92126,$0.00,TRUE
,,,,,8,8,8,8,8,,$18716.00,
,Job Type: Water Heater Install - Commercial,,,,,,,,,,,
,,1134770713,9/4/2026,9/4/2026,Plumbing Install,Water Heater Install - Commercial,Completed,Branded Phone Number,Local 619,92105,$5780.00,TRUE
,,,,,1,1,1,1,1,,$5780.00,
,Job Type: Water Heater Install - Residential,,,,,,,,,,,
,,355084838,8/24/2026,8/25/2026,Plumbing Install,Water Heater Install - Residential,Completed,Branded Phone Number,A1-800-BILL HOWE,91913,$5617.00,TRUE
,,467239558,8/24/2026,8/24/2026,Plumbing Install,Water Heater Install - Residential,Completed,Organic Search,Google Organic,92128,$5465.00,TRUE
,,1128827463,8/24/2026,8/26/2026,Plumbing Install,Water Heater Install - Residential,Completed,Direct Web Traffic,Direct Web Traffic,91941,$3765.00,TRUE
,,483199705,8/24/2026,8/25/2026,Plumbing Install,Water Heater Install - Residential,Completed,PPC,Google | Search | Brand,92071,$6700.00,TRUE
,,1129224269,8/24/2026,8/24/2026,Plumbing Install,Water Heater Install - Residential,Completed,PPC,Bing | Search | Brand,91910,$7840.00,TRUE
,,97708185,8/24/2026,8/28/2026,Plumbing Install,Water Heater Install - Residential,Completed,Branded Phone Number,A1-800-BILL HOWE,92127,$4025.00,TRUE
,,1129561830,8/24/2026,8/25/2026,Plumbing Install,Water Heater Install - Residential,Completed,Google Business Profiles,GMB_SanDiego,92106,$3651.00,TRUE
,,322971552,8/25/2026,8/25/2026,Plumbing Install,Water Heater Install - Residential,Completed,Direct Web Traffic,Direct Web Traffic,92131,$4600.00,TRUE
,,85176969,8/25/2026,8/25/2026,Plumbing Install,Water Heater Install - Residential,Completed,Google Business Profiles,GMB_Poway,92064,$6780.00,TRUE
,,358497176,8/26/2026,8/26/2026,Plumbing Install,Water Heater Install - Residential,Completed,Google LSA,Google Local Services,91941,$3975.00,TRUE
,,1097370018,8/26/2026,8/6/2026,Plumbing Install,Water Heater Install - Residential,Completed,Branded Phone Number,Local 619,92021,$0.00,TRUE
,,670072557,8/26/2026,8/26/2026,Plumbing Install,Water Heater Install - Residential,Completed,Branded Phone Number,Local 619,92056,$3295.00,TRUE
,,1130308602,8/26/2026,8/26/2026,Plumbing Install,Water Heater Install - Residential,Completed,Google Business Profiles,GMB_SanDiego,92106,$4095.00,TRUE
,,31681513,8/26/2026,8/27/2026,Plumbing Install,Water Heater Install - Residential,Completed,Google Business Profiles,GMB_SanDiego,92109,$3550.00,TRUE
,,1129344412,8/26/2026,8/27/2026,Plumbing Install,Water Heater Install - Residential,Completed,Direct Web Traffic,Direct Web Traffic,92104,$4237.00,TRUE
,,1035962540,8/27/2026,11/11/2025,Plumbing Install,Water Heater Install - Residential,Completed,Google Business Profiles,GMB_SanDiego,92127,$0.00,TRUE
,,895025991,8/27/2026,8/27/2026,Plumbing Install,Water Heater Install - Residential,Completed,Google Business Profiles,GMB_SanDiego,92056,$4200.00,TRUE
,,31645736,8/27/2026,8/27/2026,Plumbing Install,Water Heater Install - Residential,Completed,PPC,Google | Search | Plumbing,92131,$6000.00,TRUE
,,316196462,8/28/2026,8/29/2026,Plumbing Install,Water Heater Install - Residential,Completed,Direct Web Traffic,Direct Web Traffic,91913,$4550.00,TRUE
,,1129509614,8/31/2026,9/1/2026,Plumbing Install,Water Heater Install - Residential,Completed,Outbound SMS,ST Outbound Text Lines,92037,$8336.00,TRUE
,,358497176,8/31/2026,8/26/2026,Plumbing Install,Water Heater Install - Residential,Completed,Google LSA,Google Local Services,91941,$0.00,TRUE
,,281312537,8/31/2026,9/3/2026,Plumbing Install,Water Heater Install - Residential,Completed,PPC,Google | Search | Plumbing,92109,$4460.00,TRUE
,,31723715,8/31/2026,,Plumbing Install,Water Heater Install - Residential,Scheduled,Branded Phone Number,Local 619,92103,$4576.00,TRUE
,,409330935,8/31/2026,5/27/2026,Plumbing Install,Water Heater Install - Residential,Completed,Branded Phone Number,A1-800-BILL HOWE,92009,-$550.00,TRUE
,,902469128,8/31/2026,8/6/2026,Plumbing Install,Water Heater Install - Residential,Completed,Branded Phone Number,Local 619,92021,$3755.81,TRUE
,,670072557,8/31/2026,8/26/2026,Plumbing Install,Water Heater Install - Residential,Completed,Branded Phone Number,Local 619,92056,$0.00,TRUE
,,902469128,8/31/2026,8/26/2026,Plumbing Install,Water Heater Install - Residential,Completed,Direct Web Traffic,Direct Web Traffic,91941,$3557.92,TRUE
,,31651922,8/31/2026,,Plumbing Install,Water Heater Install - Residential,Scheduled,Branded Phone Number,A1-800-BILL HOWE,92024,$0.00,TRUE
,,253177392,9/1/2026,9/1/2026,Plumbing Install,Water Heater Install - Residential,Completed,Branded Phone Number,A1-800-BILL HOWE,92071,$3765.00,TRUE
,,31681513,9/1/2026,8/27/2026,Plumbing Install,Water Heater Install - Residential,Completed,Google Business Profiles,GMB_SanDiego,92109,$0.00,TRUE
,,1128061790,9/1/2026,8/26/2026,Plumbing Install,Water Heater Install - Residential,Completed,Branded Phone Number,Local 619,92131,$0.00,TRUE
,,1128061790,9/2/2026,8/26/2026,Plumbing Install,Water Heater Install - Residential,Completed,Branded Phone Number,Local 619,92131,$0.00,TRUE
,,31547653,9/2/2026,8/17/2026,Plumbing Install,Water Heater Install - Residential,Completed,Branded Phone Number,Local 619,92106,$0.00,TRUE
,,671329533,9/2/2026,9/2/2026,Plumbing Install,Water Heater Install - Residential,Completed,PPC,Google | Search | Plumbing,92024,$3800.00,TRUE
,,1131959376,9/2/2026,9/2/2026,Plumbing Install,Water Heater Install - Residential,Completed,Google Business Profiles,GMB_SanDiego,92122,$5444.88,TRUE
,,349491914,9/3/2026,9/3/2026,Plumbing Install,Water Heater Install - Residential,Completed,Direct Web Traffic,Direct Web Traffic,92078,$6400.00,TRUE
,,89719231,9/3/2026,9/3/2026,Plumbing Install,Water Heater Install - Residential,Completed,Branded Phone Number,A1-800-BILL HOWE,92130,$3376.00,TRUE
,,31547653,9/3/2026,8/17/2026,Plumbing Install,Water Heater Install - Residential,Completed,Branded Phone Number,Local 619,92106,$0.00,TRUE
,,95196324,9/3/2026,9/3/2026,Plumbing Install,Water Heater Install - Residential,Completed,Direct Web Traffic,Direct Web Traffic,92130,$3492.00,TRUE
,,358497176,9/3/2026,8/26/2026,Plumbing Install,Water Heater Install - Residential,Completed,Google LSA,Google Local Services,91941,$0.00,TRUE
,,94141488,9/5/2026,9/5/2026,Plumbing Install,Water Heater Install - Residential,Completed,Google Business Profiles,GMB_SanDiego,92117,$4451.00,TRUE
,,1136167781,9/5/2026,9/5/2026,Plumbing Install,Water Heater Install - Residential,Completed,Branded Phone Number,Local 619,92014,$4200.00,TRUE
,,,,,42,42,42,42,42,,$141409.61,
,,,,,134,134,134,134,134,,$472054.70,
Invoice Business Unit: Plumbing Maintenance,,,,,,,,,,,,
,Job Type:,,,,,,,,,,,
,,31733419,8/24/2026,,Plumbing Maintenance,,,,,92122,$14.99,TRUE
,,31714187,8/24/2026,,Plumbing Maintenance,,,,,92037,$29.98,TRUE
,,331628593,8/24/2026,,Plumbing Maintenance,,,,,92130,$14.99,TRUE
,,31537784,8/24/2026,,Plumbing Maintenance,,,,,92014,$14.99,TRUE
,,31725151,8/24/2026,,Plumbing Maintenance,,,,,92127,$14.99,TRUE
,,266853992,8/24/2026,,Plumbing Maintenance,,,,,92106,$14.99,TRUE
,,86194905,8/24/2026,,Plumbing Maintenance,,,,,92126,$29.98,TRUE
,,256254836,8/26/2026,,Plumbing Maintenance,,,,,92117,$29.98,TRUE
,,42109875,8/26/2026,,Plumbing Maintenance,,,,,92126,$29.98,TRUE
,,976215142,8/24/2026,,Plumbing Maintenance,,,,,92128,$0.00,TRUE
,,31650244,8/24/2026,,Plumbing Maintenance,,,,,92102,$0.00,TRUE
,,1129557095,8/24/2026,,Plumbing Maintenance,,,,,92057,$179.88,TRUE
,,285961770,8/24/2026,,Plumbing Maintenance,,,,,92118,$179.88,TRUE
,,56850909,8/25/2026,,Plumbing Maintenance,,,,,92064,$179.88,TRUE
,,1129168827,8/25/2026,,Plumbing Maintenance,,,,,91913,$359.76,TRUE
,,292458303,8/25/2026,,Plumbing Maintenance,,,,,91914,$179.88,TRUE
,,292458303,8/25/2026,,Plumbing Maintenance,,,,,92114,$179.88,TRUE
,,292458303,8/25/2026,,Plumbing Maintenance,,,,,92114,$179.88,TRUE
,,292458303,8/25/2026,,Plumbing Maintenance,,,,,91941,$179.88,TRUE
,,292458303,8/25/2026,,Plumbing Maintenance,,,,,91941,$179.88,TRUE
,,292458303,8/25/2026,,Plumbing Maintenance,,,,,91941,$179.88,TRUE
,,59735494,8/25/2026,,Plumbing Maintenance,,,,,92131,$179.88,TRUE
,,31710996,8/26/2026,,Plumbing Maintenance,,,,,92129,$179.88,TRUE
,,31597150,8/26/2026,,Plumbing Maintenance,,,,,92123,$179.88,TRUE
,,311304996,8/26/2026,,Plumbing Maintenance,,,,,92123,$179.88,TRUE
,,367917470,8/26/2026,,Plumbing Maintenance,,,,,91932,$179.88,TRUE
,,52310781,8/26/2026,,Plumbing Maintenance,,,,,91942,$14.99,TRUE
,,31675064,8/26/2026,,Plumbing Maintenance,,,,,92130,$179.88,TRUE
,,331526192,8/26/2026,,Plumbing Maintenance,,,,,92110,$14.99,TRUE
,,31591404,8/26/2026,,Plumbing Maintenance,,,,,92104,$179.88,TRUE
,,302938306,8/26/2026,,Plumbing Maintenance,,,,,92037,$359.76,TRUE
,,31706121,8/27/2026,,Plumbing Maintenance,,,,,92037,$179.88,TRUE
,,484136612,8/27/2026,,Plumbing Maintenance,,,,,92154,$14.99,TRUE
,,95539732,8/27/2026,,Plumbing Maintenance,,,,,92128,$29.98,TRUE
,,93616090,8/27/2026,,Plumbing Maintenance,,,,,91914,$29.98,TRUE
,,88938962,8/27/2026,,Plumbing Maintenance,,,,,92024,$29.98,TRUE
,,1105490162,8/27/2026,,Plumbing Maintenance,,,,,92064,$29.98,TRUE
,,85927455,8/27/2026,,Plumbing Maintenance,,,,,91915,$179.88,TRUE
,,976215142,8/27/2026,,Plumbing Maintenance,,,,,92128,-$179.88,TRUE
,,367917470,8/27/2026,,Plumbing Maintenance,,,,,91932,$0.00,TRUE
,,367917470,8/27/2026,,Plumbing Maintenance,,,,,91932,-$179.88,TRUE
,,31714729,8/28/2026,,Plumbing Maintenance,,,,,92026,$29.98,TRUE
,,67842602,8/28/2026,,Plumbing Maintenance,,,,,92130,$29.98,TRUE
,,461913095,8/28/2026,,Plumbing Maintenance,,,,,92128,$14.99,TRUE
,,31594181,8/28/2026,,Plumbing Maintenance,,,,,92127,$179.88,TRUE
,,1131051604,8/28/2026,,Plumbing Maintenance,,,,,92103,$179.88,TRUE
,,61110465,8/29/2026,,Plumbing Maintenance,,,,,92126,$359.76,TRUE
,,31586688,8/29/2026,,Plumbing Maintenance,,,,,92107,$179.88,TRUE
,,31641099,8/29/2026,,Plumbing Maintenance,,,,,92037,$14.99,TRUE
,,60498301,8/29/2026,,Plumbing Maintenance,,,,,91977,$29.98,TRUE
,,34531013,8/29/2026,,Plumbing Maintenance,,,,,92081,$29.98,TRUE
,,90364982,8/30/2026,,Plumbing Maintenance,,,,,92020,$179.88,TRUE
,,1118817319,8/31/2026,,Plumbing Maintenance,,,,,92130,$14.99,TRUE
,,301797456,8/31/2026,,Plumbing Maintenance,,,,,92127,$179.88,TRUE
,,1103530987,8/31/2026,,Plumbing Maintenance,,,,,92071,$0.00,TRUE
,,1103530987,8/31/2026,,Plumbing Maintenance,,,,,92071,$179.88,TRUE
,,31607053,8/31/2026,,Plumbing Maintenance,,,,,92117,$0.00,TRUE
,,336775217,8/31/2026,,Plumbing Maintenance,,,,,92120,$0.00,TRUE
,,292458303,8/31/2026,,Plumbing Maintenance,,,,,91941,$0.00,TRUE
,,292458303,8/31/2026,,Plumbing Maintenance,,,,,91941,$0.00,TRUE
,,292458303,8/31/2026,,Plumbing Maintenance,,,,,91914,$0.00,TRUE
,,89552171,8/31/2026,,Plumbing Maintenance,,,,,92024,$0.00,TRUE
,,31607053,8/31/2026,,Plumbing Maintenance,,,,,92117,$0.00,TRUE
,,292458303,8/31/2026,,Plumbing Maintenance,,,,,91941,$0.00,TRUE
,,31542345,8/31/2026,,Plumbing Maintenance,,,,,92037,$0.00,TRUE
,,31664116,9/3/2026,,Plumbing Maintenance,,,,,92037,$179.88,TRUE
,,57751032,9/1/2026,,Plumbing Maintenance,,,,,92037,$14.99,TRUE
,,31655229,9/1/2026,,Plumbing Maintenance,,,,,92110,$14.99,TRUE
,,336775217,9/1/2026,,Plumbing Maintenance,,,,,92120,-$14.99,TRUE
,,89552171,9/1/2026,,Plumbing Maintenance,,,,,92024,-$179.88,TRUE
,,31542345,9/1/2026,,Plumbing Maintenance,,,,,92037,-$179.88,TRUE
,,31719009,9/1/2026,,Plumbing Maintenance,,,,,92115,$0.00,TRUE
,,292458303,9/1/2026,,Plumbing Maintenance,,,,,91914,-$179.88,TRUE
,,93708687,9/1/2026,,Plumbing Maintenance,,,,,92110,$0.00,TRUE
,,300984117,9/1/2026,,Plumbing Maintenance,,,,,92115,$0.00,TRUE
,,31542345,9/1/2026,,Plumbing Maintenance,,,,,92037,$179.88,TRUE
,,318049073,9/2/2026,,Plumbing Maintenance,,,,,92024,$29.98,TRUE
,,31657173,9/2/2026,,Plumbing Maintenance,,,,,92130,$179.88,TRUE
,,300984117,9/2/2026,,Plumbing Maintenance,,,,,92115,-$179.88,TRUE
,,93616090,9/2/2026,,Plumbing Maintenance,,,,,91914,-$29.98,TRUE
,,93616090,9/2/2026,,Plumbing Maintenance,,,,,91914,-$29.98,TRUE
,,93616090,9/2/2026,,Plumbing Maintenance,,,,,91914,-$29.98,TRUE
,,47218466,9/2/2026,,Plumbing Maintenance,,,,,92127,$0.00,TRUE
,,95522519,9/2/2026,,Plumbing Maintenance,,,,,92037,-$179.88,TRUE
,,53019161,9/2/2026,,Plumbing Maintenance,,,,,92123,$14.99,TRUE
,,95522519,9/2/2026,,Plumbing Maintenance,,,,,92037,$0.00,TRUE
,,474239568,9/2/2026,,Plumbing Maintenance,,,,,92117,$0.00,TRUE
,,380633267,9/2/2026,,Plumbing Maintenance,,,,,92154,$0.00,TRUE
,,31701379,9/2/2026,,Plumbing Maintenance,,,,,92116,$0.00,TRUE
,,474239568,9/2/2026,,Plumbing Maintenance,,,,,92117,-$179.88,TRUE
,,63587312,9/3/2026,,Plumbing Maintenance,,,,,91932,$14.99,TRUE
,,86457275,9/3/2026,,Plumbing Maintenance,,,,,92067,$14.99,TRUE
,,177301,9/3/2026,,Plumbing Maintenance,,,,,92120,$0.00,TRUE
,,677642799,9/3/2026,,Plumbing Maintenance,,,,,92117,$0.00,TRUE
,,677642799,9/3/2026,,Plumbing Maintenance,,,,,92117,$0.00,TRUE
,,677642799,9/3/2026,,Plumbing Maintenance,,,,,91950,$179.88,TRUE
,,31610874,9/4/2026,,Plumbing Maintenance,,,,,92116,$179.88,TRUE
,,66843750,9/4/2026,,Plumbing Maintenance,,,,,92024,$29.98,TRUE
,,377049874,9/4/2026,,Plumbing Maintenance,,,,,92040,$29.98,TRUE
,,31685340,9/4/2026,,Plumbing Maintenance,,,,,92109,$179.88,TRUE
,,66868633,9/4/2026,,Plumbing Maintenance,,,,,92011,$0.00,TRUE
,,278621535,9/4/2026,,Plumbing Maintenance,,,,,92104,$179.88,TRUE
,,86630325,9/5/2026,,Plumbing Maintenance,,,,,92008,$179.88,TRUE
,,31641371,9/5/2026,,Plumbing Maintenance,,,,,92103,$179.88,TRUE
,,275080652,9/5/2026,,Plumbing Maintenance,,,,,92128,$359.76,TRUE
,,267129615,9/5/2026,,Plumbing Maintenance,,,,,92130,$179.88,TRUE
,,31671998,9/5/2026,,Plumbing Maintenance,,,,,92110,$14.99,TRUE
,,328623867,9/5/2026,,Plumbing Maintenance,,,,,92007,$179.88,TRUE
,,85771814,9/5/2026,,Plumbing Maintenance,,,,,91902,$359.76,TRUE
,,68568999,9/6/2026,,Plumbing Maintenance,,,,,92128,$14.99,TRUE
,,83868227,9/6/2026,,Plumbing Maintenance,,,,,92104,$14.99,TRUE
,,297536044,9/6/2026,,Plumbing Maintenance,,,,,92025,$29.98,TRUE
,,66187761,9/6/2026,,Plumbing Maintenance,,,,,92129,$29.98,TRUE
,,31609952,9/6/2026,,Plumbing Maintenance,,,,,92106,$29.98,TRUE
,,,,,114,114,114,114,114,,$7375.08,
,Job Type: Backflow Repair,,,,,,,,,,,
,,31731370,9/3/2026,9/3/2026,Plumbing Maintenance,Backflow Repair,Canceled,Branded Phone Number,Local 619,92064,$0.00,TRUE
,,,,,1,1,1,1,1,,$0.00,
,Job Type: Backflow Test,,,,,,,,,,,
,,975728510,8/24/2026,8/26/2026,Plumbing Maintenance,Backflow Test,Completed,PPC,Google | Search | Brand,92064,$104.00,TRUE
,,357913823,8/24/2026,8/25/2026,Plumbing Maintenance,Backflow Test,Completed,PPC,Google | PMAX | Drains,92021,$127.00,TRUE
,,31598284,8/25/2026,,Plumbing Maintenance,Backflow Test,Scheduled,PPC,Google | Search | Brand,92121,$0.00,TRUE
,,330733989,8/25/2026,,Plumbing Maintenance,Backflow Test,Scheduled,Branded Phone Number,Local 619,92127,$0.00,TRUE
,,1129998603,8/25/2026,,Plumbing Maintenance,Backflow Test,Scheduled,Branded Phone Number,Local 619,92021,$0.00,TRUE
,,93500057,8/25/2026,8/28/2026,Plumbing Maintenance,Backflow Test,Completed,Google Business Profiles,GMB_SanDiego,92025,$732.00,TRUE
,,93500057,8/25/2026,8/28/2026,Plumbing Maintenance,Backflow Test,Completed,Google Business Profiles,GMB_SanDiego,92025,$1688.00,TRUE
,,93500057,8/25/2026,8/28/2026,Plumbing Maintenance,Backflow Test,Completed,Google Business Profiles,GMB_SanDiego,92025,$632.00,TRUE
,,31560686,8/26/2026,9/3/2026,Plumbing Maintenance,Backflow Test,Completed,Branded Phone Number,Local 619,92104,$104.00,TRUE
,,50826310,8/26/2026,,Plumbing Maintenance,Backflow Test,Scheduled,Branded Phone Number,Local 619,92037,$0.00,TRUE
,,212796,8/26/2026,9/3/2026,Plumbing Maintenance,Backflow Test,Completed,Branded Phone Number,Local 619,92116,$104.00,TRUE
,,322731465,8/27/2026,,Plumbing Maintenance,Backflow Test,Scheduled,Email,Legacy Email Marketing Multiple Offers,92020,$0.00,TRUE
,,50256957,8/27/2026,,Plumbing Maintenance,Backflow Test,Scheduled,Google Business Profiles,GMB_SanDiego,92024,$0.00,TRUE
,,909578453,8/27/2026,,Plumbing Maintenance,Backflow Test,Scheduled,Branded Phone Number,Local 619,91932,$0.00,TRUE
,,51250108,8/31/2026,,Plumbing Maintenance,Backflow Test,Scheduled,Google Business Profiles,GMB_SanDiego,92173,$0.00,TRUE
,,1035530146,8/31/2026,,Plumbing Maintenance,Backflow Test,Scheduled,PPC,Bing | Search | HVAC,92116,$0.00,TRUE
,,271174656,9/1/2026,8/24/2026,Plumbing Maintenance,Backflow Test,Completed,Yelp,Yelp,91941,$0.00,TRUE
,,349213236,9/1/2026,,Plumbing Maintenance,Backflow Test,Scheduled,Website,Email Contact Form,92108,$0.00,TRUE
,,31536602,9/2/2026,,Plumbing Maintenance,Backflow Test,Scheduled,Branded Phone Number,Local 619,92154,$0.00,TRUE
,,31716519,9/3/2026,,Plumbing Maintenance,Backflow Test,Scheduled,PPC,Google | Search | Brand,92037,$0.00,TRUE
,,374905310,9/4/2026,,Plumbing Maintenance,Backflow Test,Scheduled,Organic Search,Google Organic,92104,$0.00,TRUE
,,345905165,9/4/2026,,Plumbing Maintenance,Backflow Test,Scheduled,Branded Phone Number,Local 619,92064,$0.00,TRUE
,,677634555,9/4/2026,,Plumbing Maintenance,Backflow Test,Scheduled,Branded Phone Number,Local 619,92113,$0.00,TRUE
,,,,,23,23,23,23,23,,$3491.00,
,Job Type: Plumbing Inspection,,,,,,,,,,,
,,66868633,8/25/2026,9/3/2026,Plumbing Maintenance,Plumbing Inspection,Completed,Organic Search,Google Organic,92011,$179.88,TRUE
,,681547255,8/31/2026,9/1/2026,Plumbing Maintenance,Plumbing Inspection,Canceled,Branded Phone Number,Local 619,92120,$0.00,TRUE
,,377934630,9/6/2026,9/6/2026,Plumbing Maintenance,Plumbing Inspection,Completed,PPC,Google | Search | Brand,92119,$0.00,TRUE
,,,,,3,3,3,3,3,,$179.88,
,Job Type: Recurring Services: B.F.P. Water Heater/Tankless Flush,,,,,,,,,,,
,,1080368450,8/24/2026,9/2/2026,Plumbing Maintenance,Recurring Services: B.F.P. Water Heater/Tankless Flush,Completed,,Memberships due for Service,92014,$0.00,TRUE
,,31604689,8/24/2026,9/2/2026,Plumbing Maintenance,Recurring Services: B.F.P. Water Heater/Tankless Flush,Completed,,Memberships due for Service,92123,$0.00,TRUE
,,282102161,8/24/2026,9/3/2026,Plumbing Maintenance,Recurring Services: B.F.P. Water Heater/Tankless Flush,Completed,,Memberships due for Service,92110,$0.00,TRUE
,,31546391,8/24/2026,9/4/2026,Plumbing Maintenance,Recurring Services: B.F.P. Water Heater/Tankless Flush,Completed,CSR Outbound,$1 OUTBOUND (use this for out-bounding),92111,$222.00,TRUE
,,31712202,8/25/2026,,Plumbing Maintenance,Recurring Services: B.F.P. Water Heater/Tankless Flush,Scheduled,CSR Outbound,$1 OUTBOUND (use this for out-bounding),92128,$0.00,TRUE
,,59735494,8/25/2026,,Plumbing Maintenance,Recurring Services: B.F.P. Water Heater/Tankless Flush,Scheduled,,Memberships due for Service,92131,$0.00,TRUE
,,57269778,8/25/2026,9/2/2026,Plumbing Maintenance,Recurring Services: B.F.P. Water Heater/Tankless Flush,Completed,Branded Phone Number,Local 619,92014,$0.00,TRUE
,,379627905,8/26/2026,9/3/2026,Plumbing Maintenance,Recurring Services: B.F.P. Water Heater/Tankless Flush,Completed,CSR Outbound,$1 OUTBOUND (use this for out-bounding),92118,$179.88,TRUE
,,31673594,8/26/2026,9/2/2026,Plumbing Maintenance,Recurring Services: B.F.P. Water Heater/Tankless Flush,Completed,CSR Outbound,$1 OUTBOUND (use this for out-bounding),92037,$222.00,TRUE
,,473210624,8/27/2026,,Plumbing Maintenance,Recurring Services: B.F.P. Water Heater/Tankless Flush,Scheduled,Organic Search,Chat - Service Titan,92117,$0.00,TRUE
,,31597150,8/27/2026,,Plumbing Maintenance,Recurring Services: B.F.P. Water Heater/Tankless Flush,Scheduled,Branded Phone Number,Local 619,92123,$0.00,TRUE
,,31723299,8/27/2026,,Plumbing Maintenance,Recurring Services: B.F.P. Water Heater/Tankless Flush,Scheduled,Branded Phone Number,Local 619,92127,$0.00,TRUE
,,292458303,8/28/2026,,Plumbing Maintenance,Recurring Services: B.F.P. Water Heater/Tankless Flush,Scheduled,PPC,Google | Search | Brand,92114,$0.00,TRUE
,,292458303,8/28/2026,,Plumbing Maintenance,Recurring Services: B.F.P. Water Heater/Tankless Flush,Scheduled,PPC,Google | Search | Brand,92114,$0.00,TRUE
,,31563543,8/28/2026,9/1/2026,Plumbing Maintenance,Recurring Services: B.F.P. Water Heater/Tankless Flush,Completed,Website,Website Phone Calls,92101,$444.00,TRUE
,,321385014,8/31/2026,,Plumbing Maintenance,Recurring Services: B.F.P. Water Heater/Tankless Flush,Scheduled,,Memberships due for Service,92128,$0.00,TRUE
,,311304996,8/31/2026,,Plumbing Maintenance,Recurring Services: B.F.P. Water Heater/Tankless Flush,Scheduled,,Memberships due for Service,92123,$0.00,TRUE
,,31719009,9/1/2026,,Plumbing Maintenance,Recurring Services: B.F.P. Water Heater/Tankless Flush,Scheduled,,Memberships due for Service,92115,$0.00,TRUE
,,31624399,9/1/2026,,Plumbing Maintenance,Recurring Services: B.F.P. Water Heater/Tankless Flush,Scheduled,,Memberships due for Service,92111,$0.00,TRUE
,,292458303,9/1/2026,,Plumbing Maintenance,Recurring Services: B.F.P. Water Heater/Tankless Flush,Scheduled,Outbound SMS,ST Outbound Text Lines,91941,$0.00,TRUE
,,31630366,9/1/2026,,Plumbing Maintenance,Recurring Services: B.F.P. Water Heater/Tankless Flush,Scheduled,,2025 Q1 Account Customer Newsletter,92130,$0.00,TRUE
,,31664116,9/1/2026,,Plumbing Maintenance,Recurring Services: B.F.P. Water Heater/Tankless Flush,Scheduled,,Memberships due for Service,92037,$0.00,TRUE
,,292458303,9/1/2026,,Plumbing Maintenance,Recurring Services: B.F.P. Water Heater/Tankless Flush,Scheduled,Outbound SMS,ST Outbound Text Lines,91941,$0.00,TRUE
,,483019253,9/2/2026,,Plumbing Maintenance,Recurring Services: B.F.P. Water Heater/Tankless Flush,Hold,,BFP Water Heater Maintenance SMS 2026,92037,$0.00,TRUE
,,31648310,9/2/2026,,Plumbing Maintenance,Recurring Services: B.F.P. Water Heater/Tankless Flush,Scheduled,Branded Phone Number,Local 619,92103,$0.00,TRUE
,,31610874,9/2/2026,,Plumbing Maintenance,Recurring Services: B.F.P. Water Heater/Tankless Flush,Scheduled,,Memberships due for Service,92116,$0.00,TRUE
,,677642799,9/3/2026,,Plumbing Maintenance,Recurring Services: B.F.P. Water Heater/Tankless Flush,Scheduled,CSR Outbound,$1 OUTBOUND (use this for out-bounding),91950,$0.00,TRUE
,,366327256,9/4/2026,,Plumbing Maintenance,Recurring Services: B.F.P. Water Heater/Tankless Flush,Scheduled,Branded Phone Number,Local 619,92024,$0.00,TRUE
,,85771814,9/5/2026,,Plumbing Maintenance,Recurring Services: B.F.P. Water Heater/Tankless Flush,Scheduled,Branded Phone Number,Local 619,91902,$0.00,TRUE
,,,,,29,29,29,29,29,,$1067.88,
,Job Type: Recurring Services: Backflow Test,,,,,,,,,,,
,,274293556,8/24/2026,,Plumbing Maintenance,Recurring Services: Backflow Test,Hold,CSR Outbound,$1 OUTBOUND (use this for out-bounding),92154,$0.00,TRUE
,,31583646,8/24/2026,,Plumbing Maintenance,Recurring Services: Backflow Test,Scheduled,CSR Outbound,$1 OUTBOUND (use this for out-bounding),92111,$0.00,TRUE
,,485829346,8/25/2026,,Plumbing Maintenance,Recurring Services: Backflow Test,Scheduled,Email,Legacy Email Marketing Multiple Offers,92111,$0.00,TRUE
,,31701115,8/25/2026,9/2/2026,Plumbing Maintenance,Recurring Services: Backflow Test,Completed,Branded Phone Number,Local 619,92121,$104.00,TRUE
,,31731370,8/25/2026,9/2/2026,Plumbing Maintenance,Recurring Services: Backflow Test,Completed,Branded Phone Number,Local 619,92064,$104.00,TRUE
,,31685008,8/25/2026,,Plumbing Maintenance,Recurring Services: Backflow Test,Scheduled,Branded Phone Number,Local 619,92101,$0.00,TRUE
,,31573108,8/25/2026,9/3/2026,Plumbing Maintenance,Recurring Services: Backflow Test,Completed,Direct Web Traffic,Direct Web Traffic,92103,$0.00,TRUE
,,278007751,8/26/2026,9/3/2026,Plumbing Maintenance,Recurring Services: Backflow Test,Completed,CSR Outbound,$1 OUTBOUND (use this for out-bounding),92119,$104.00,TRUE
,,61850271,8/26/2026,,Plumbing Maintenance,Recurring Services: Backflow Test,Scheduled,Branded Phone Number,A1-800-BILL HOWE,92037,$0.00,TRUE
,,31731370,8/27/2026,9/1/2026,Plumbing Maintenance,Recurring Services: Backflow Test,Completed,Branded Phone Number,Local 619,91911,$0.00,TRUE
,,343252560,8/27/2026,8/24/2026,Plumbing Maintenance,Recurring Services: Backflow Test,Completed,Google Business Profiles,GMB_SanDiego,92154,$0.00,FALSE
,,31665586,8/27/2026,8/10/2026,Plumbing Maintenance,Recurring Services: Backflow Test,Completed,Branded Phone Number,Local 619,91945,$0.00,TRUE
,,31561875,8/27/2026,9/1/2026,Plumbing Maintenance,Recurring Services: Backflow Test,Canceled,Google Business Profiles,GMB_SanDiego,92109,$0.00,TRUE
,,342208971,8/27/2026,,Plumbing Maintenance,Recurring Services: Backflow Test,Scheduled,Google Business Profiles,GMB_SanDiego,92130,$0.00,TRUE
,,31723913,8/27/2026,,Plumbing Maintenance,Recurring Services: Backflow Test,Scheduled,CSR Outbound,$1 OUTBOUND (use this for out-bounding),92110,$0.00,TRUE
,,31576195,8/28/2026,,Plumbing Maintenance,Recurring Services: Backflow Test,Scheduled,Email,Legacy Email Marketing Multiple Offers,92109,$0.00,TRUE
,,31635225,8/28/2026,,Plumbing Maintenance,Recurring Services: Backflow Test,Scheduled,Branded Phone Number,A1-800-BILL HOWE,92106,$0.00,TRUE
,,31562876,8/28/2026,,Plumbing Maintenance,Recurring Services: Backflow Test,Scheduled,CSR Outbound,$1 OUTBOUND (use this for out-bounding),92115,$0.00,TRUE
,,52809730,8/31/2026,,Plumbing Maintenance,Recurring Services: Backflow Test,Scheduled,Google Business Profiles,GMB_SanDiego,92127,$0.00,TRUE
,,291568879,8/31/2026,,Plumbing Maintenance,Recurring Services: Backflow Test,Scheduled,PPC,Google | Search | Brand,92127,$0.00,TRUE
,,280185992,8/31/2026,,Plumbing Maintenance,Recurring Services: Backflow Test,Scheduled,PPC,Bing | Search | Brand,92103,$0.00,TRUE
,,334014856,8/31/2026,,Plumbing Maintenance,Recurring Services: Backflow Test,Scheduled,CSR Outbound,$1 OUTBOUND (use this for out-bounding),92116,$0.00,TRUE
,,31635225,8/31/2026,,Plumbing Maintenance,Recurring Services: Backflow Test,Scheduled,Branded Phone Number,A1-800-BILL HOWE,92106,$0.00,TRUE
,,31635225,8/31/2026,,Plumbing Maintenance,Recurring Services: Backflow Test,Scheduled,Branded Phone Number,A1-800-BILL HOWE,92106,$0.00,TRUE
,,334014856,8/31/2026,,Plumbing Maintenance,Recurring Services: Backflow Test,Scheduled,CSR Outbound,$1 OUTBOUND (use this for out-bounding),92109,$0.00,TRUE
,,94290428,8/31/2026,,Plumbing Maintenance,Recurring Services: Backflow Test,Scheduled,Email,Legacy Email Marketing Multiple Offers,92116,$0.00,TRUE
,,31598812,8/31/2026,8/31/2026,Plumbing Maintenance,Recurring Services: Backflow Test,Canceled,CSR Outbound,$1 OUTBOUND (use this for out-bounding),92173,$0.00,TRUE
,,31598812,8/31/2026,,Plumbing Maintenance,Recurring Services: Backflow Test,Scheduled,CSR Outbound,$1 OUTBOUND (use this for out-bounding),92173,$0.00,TRUE
,,31635225,8/31/2026,,Plumbing Maintenance,Recurring Services: Backflow Test,Scheduled,Branded Phone Number,A1-800-BILL HOWE,92106,$0.00,TRUE
,,62436282,9/1/2026,,Plumbing Maintenance,Recurring Services: Backflow Test,Scheduled,Website,Email Contact Form,92109,$0.00,TRUE
,,1131294558,9/1/2026,,Plumbing Maintenance,Recurring Services: Backflow Test,Scheduled,Google Business Profiles,GMB_Poway,92128,$0.00,TRUE
,,31630163,9/1/2026,,Plumbing Maintenance,Recurring Services: Backflow Test,Scheduled,CSR Outbound,$1 OUTBOUND (use this for out-bounding),92109,$0.00,TRUE
,,376676161,9/1/2026,,Plumbing Maintenance,Recurring Services: Backflow Test,Scheduled,CSR Outbound,$1 OUTBOUND (use this for out-bounding),92104,$0.00,TRUE
,,1131892021,9/1/2026,,Plumbing Maintenance,Recurring Services: Backflow Test,Hold,CSR Outbound,$1 OUTBOUND (use this for out-bounding),92037,$0.00,TRUE
,,1131892021,9/1/2026,,Plumbing Maintenance,Recurring Services: Backflow Test,Hold,CSR Outbound,$1 OUTBOUND (use this for out-bounding),92037,$0.00,TRUE
,,31685884,9/2/2026,9/3/2026,Plumbing Maintenance,Recurring Services: Backflow Test,Completed,PPC,Bing | Search | Brand,92105,$104.00,TRUE
,,86075455,9/2/2026,,Plumbing Maintenance,Recurring Services: Backflow Test,Scheduled,Google LSA,Google Local Services,92113,$0.00,TRUE
,,52084847,9/2/2026,,Plumbing Maintenance,Recurring Services: Backflow Test,Scheduled,Organic Search,Google Organic,92110,$0.00,TRUE
,,31537226,9/2/2026,9/3/2026,Plumbing Maintenance,Recurring Services: Backflow Test,Completed,Branded Phone Number,Local 619,92101,$208.00,TRUE
,,31657065,9/2/2026,,Plumbing Maintenance,Recurring Services: Backflow Test,Scheduled,Branded Phone Number,A1-800-BILL HOWE,92127,$0.00,TRUE
,,31573108,9/3/2026,,Plumbing Maintenance,Recurring Services: Backflow Test,Scheduled,Direct Web Traffic,Direct Web Traffic,92103,$0.00,TRUE
,,31676232,9/3/2026,,Plumbing Maintenance,Recurring Services: Backflow Test,Scheduled,Google Business Profiles,GMB_SanDiego,92101,$0.00,TRUE
,,31676232,9/3/2026,9/3/2026,Plumbing Maintenance,Recurring Services: Backflow Test,Canceled,Google Business Profiles,GMB_SanDiego,92101,$0.00,TRUE
,,31676232,9/3/2026,,Plumbing Maintenance,Recurring Services: Backflow Test,Scheduled,Google Business Profiles,GMB_SanDiego,92101,$0.00,TRUE
,,31701115,9/3/2026,,Plumbing Maintenance,Recurring Services: Backflow Test,Scheduled,Branded Phone Number,Local 619,92121,$0.00,TRUE
,,31705582,9/4/2026,,Plumbing Maintenance,Recurring Services: Backflow Test,Scheduled,Google Business Profiles,GMB_SanDiego,92131,$0.00,TRUE
,,31562876,9/4/2026,,Plumbing Maintenance,Recurring Services: Backflow Test,Scheduled,CSR Outbound,$1 OUTBOUND (use this for out-bounding),92115,$0.00,TRUE
,,,,,47,47,47,47,47,,$624.00,
,Job Type: Recurring Services: Jetting,,,,,,,,,,,
,,31635225,8/27/2026,8/24/2026,Plumbing Maintenance,Recurring Services: Jetting,Completed,Branded Phone Number,A1-800-BILL HOWE,92106,$0.00,TRUE
,,,,,1,1,1,1,1,,$0.00,
,Job Type: Recurring Services: Plumbing Inspection,,,,,,,,,,,
,,1079504914,8/24/2026,,Plumbing Maintenance,Recurring Services: Plumbing Inspection,Scheduled,Branded Phone Number,Local 619,92114,$0.00,TRUE
,,375829739,8/24/2026,,Plumbing Maintenance,Recurring Services: Plumbing Inspection,Scheduled,,BFP Plumbing Inspection SMS 2026,92124,$0.00,TRUE
,,31706076,8/25/2026,,Plumbing Maintenance,Recurring Services: Plumbing Inspection,Hold,,Memberships due for Service,92130,$0.00,TRUE
,,484729557,8/26/2026,,Plumbing Maintenance,Recurring Services: Plumbing Inspection,Scheduled,Branded Phone Number,Local 619,92009,$0.00,TRUE
,,907824452,8/26/2026,,Plumbing Maintenance,Recurring Services: Plumbing Inspection,Scheduled,Tech referral,Tech Referral,92130,$0.00,TRUE
,,377257634,8/26/2026,,Plumbing Maintenance,Recurring Services: Plumbing Inspection,Scheduled,,BFP Plumbing Inspection SMS 2026,92037,$0.00,TRUE
,,288369834,8/26/2026,,Plumbing Maintenance,Recurring Services: Plumbing Inspection,Scheduled,CSR Outbound,$1 OUTBOUND (use this for out-bounding),92130,$0.00,TRUE
,,31619471,8/27/2026,,Plumbing Maintenance,Recurring Services: Plumbing Inspection,Scheduled,PPC,Google | Search | Brand,92106,$0.00,TRUE
,,1105490162,8/27/2026,,Plumbing Maintenance,Recurring Services: Plumbing Inspection,Scheduled,Branded Phone Number,A1-800-BILL HOWE,92064,$0.00,TRUE
,,374510178,8/27/2026,,Plumbing Maintenance,Recurring Services: Plumbing Inspection,Scheduled,,Memberships due for Service,92067,$0.00,TRUE
,,85927455,8/27/2026,9/4/2026,Plumbing Maintenance,Recurring Services: Plumbing Inspection,Completed,Branded Phone Number,Local 619,91915,$0.00,TRUE
,,31540824,8/28/2026,,Plumbing Maintenance,Recurring Services: Plumbing Inspection,Scheduled,,Memberships due for Service,92040,$0.00,TRUE
,,31594181,8/28/2026,,Plumbing Maintenance,Recurring Services: Plumbing Inspection,Scheduled,CSR Outbound,$1 OUTBOUND (use this for out-bounding),92127,$0.00,TRUE
,,31713655,8/31/2026,,Plumbing Maintenance,Recurring Services: Plumbing Inspection,Scheduled,,BFP HVAC Maintenance SMS 2026,91935,$0.00,TRUE
,,31666973,8/31/2026,,Plumbing Maintenance,Recurring Services: Plumbing Inspection,Scheduled,Email,Legacy Email Marketing Multiple Offers,92111,$0.00,TRUE
,,31651524,8/31/2026,,Plumbing Maintenance,Recurring Services: Plumbing Inspection,Scheduled,PPC,Google | Search | Brand,92122,$0.00,TRUE
,,378365146,8/31/2026,,Plumbing Maintenance,Recurring Services: Plumbing Inspection,Scheduled,Branded Phone Number,A1-800-BILL HOWE,92128,$0.00,TRUE
,,476566853,9/1/2026,,Plumbing Maintenance,Recurring Services: Plumbing Inspection,Hold,CSR Outbound,$1 OUTBOUND (use this for out-bounding),92109,$0.00,TRUE
,,280605725,9/1/2026,,Plumbing Maintenance,Recurring Services: Plumbing Inspection,Scheduled,,BFP Plumbing Inspection SMS 2026,92026,$0.00,TRUE
,,369650993,9/1/2026,,Plumbing Maintenance,Recurring Services: Plumbing Inspection,Scheduled,,Memberships due for Service,92105,$0.00,TRUE
,,31693823,9/1/2026,,Plumbing Maintenance,Recurring Services: Plumbing Inspection,Scheduled,,Memberships due for Service,92104,$0.00,TRUE
,,31664116,9/1/2026,,Plumbing Maintenance,Recurring Services: Plumbing Inspection,Scheduled,,Memberships due for Service,92037,$0.00,TRUE
,,484136612,9/1/2026,,Plumbing Maintenance,Recurring Services: Plumbing Inspection,Scheduled,CSR Outbound,$1 OUTBOUND (use this for out-bounding),92154,$0.00,TRUE
,,301797456,9/1/2026,,Plumbing Maintenance,Recurring Services: Plumbing Inspection,Scheduled,Website,Website Phone Calls,92127,$0.00,TRUE
,,92316802,9/2/2026,,Plumbing Maintenance,Recurring Services: Plumbing Inspection,Scheduled,,BFP Plumbing Inspection SMS 2026,92130,$0.00,TRUE
,,373354155,9/2/2026,,Plumbing Maintenance,Recurring Services: Plumbing Inspection,Scheduled,,Memberships due for Service,92120,$0.00,TRUE
,,275355416,9/2/2026,,Plumbing Maintenance,Recurring Services: Plumbing Inspection,Scheduled,CSR Outbound,$1 OUTBOUND (use this for out-bounding),92126,$0.00,TRUE
,,31685428,9/2/2026,,Plumbing Maintenance,Recurring Services: Plumbing Inspection,Scheduled,,BFP Plumbing Inspection SMS 2026,92124,$0.00,TRUE
,,50200733,9/2/2026,,Plumbing Maintenance,Recurring Services: Plumbing Inspection,Scheduled,,BFP Plumbing Inspection SMS 2026,92104,$0.00,TRUE
,,61569477,9/2/2026,,Plumbing Maintenance,Recurring Services: Plumbing Inspection,Scheduled,,Memberships due for Service,92009,$0.00,TRUE
,,53019161,9/2/2026,,Plumbing Maintenance,Recurring Services: Plumbing Inspection,Scheduled,,Memberships due for Service,92123,$0.00,TRUE
,,380633267,9/3/2026,,Plumbing Maintenance,Recurring Services: Plumbing Inspection,Scheduled,,Memberships due for Service,92154,$0.00,TRUE
,,52810610,9/3/2026,,Plumbing Maintenance,Recurring Services: Plumbing Inspection,Scheduled,CSR Outbound,$1 OUTBOUND (use this for out-bounding),92037,$0.00,TRUE
,,278621535,9/4/2026,,Plumbing Maintenance,Recurring Services: Plumbing Inspection,Scheduled,CSR Outbound,$1 OUTBOUND (use this for out-bounding),92104,$0.00,TRUE
,,476903751,9/4/2026,,Plumbing Maintenance,Recurring Services: Plumbing Inspection,Scheduled,,Memberships due for Service,92154,$0.00,TRUE
,,,,,35,35,35,35,35,,$0.00,
,Job Type: Recurring Services: Sewer Camera Inspection,,,,,,,,,,,
,,31679162,8/24/2026,9/4/2026,Plumbing Maintenance,Recurring Services: Sewer Camera Inspection,Completed,,Memberships due for Service,92024,$0.00,TRUE
,,94675496,8/26/2026,,Plumbing Maintenance,Recurring Services: Sewer Camera Inspection,Scheduled,Branded Phone Number,Local 619,92129,$0.00,TRUE
,,328623867,8/27/2026,,Plumbing Maintenance,Recurring Services: Sewer Camera Inspection,Scheduled,,Memberships due for Service,92007,$0.00,TRUE
,,377977785,8/28/2026,,Plumbing Maintenance,Recurring Services: Sewer Camera Inspection,Scheduled,,BFP Sewer Camera Inspection SMS 2026,92056,$0.00,TRUE
,,882751962,9/2/2026,,Plumbing Maintenance,Recurring Services: Sewer Camera Inspection,Scheduled,,Memberships due for Service,92021,$0.00,TRUE
,,63766004,9/4/2026,,Plumbing Maintenance,Recurring Services: Sewer Camera Inspection,Scheduled,,Memberships due for Service,92024,$0.00,TRUE
,,,,,6,6,6,6,6,,$0.00,
,Job Type: Recurring Services: Tankless Flush,,,,,,,,,,,
,,285961770,8/24/2026,9/2/2026,Plumbing Maintenance,Recurring Services: Tankless Flush,Completed,CSR Outbound,$1 OUTBOUND (use this for out-bounding),92118,$0.00,TRUE
,,340282058,8/31/2026,,Plumbing Maintenance,Recurring Services: Tankless Flush,Scheduled,CSR Outbound,$1 OUTBOUND (use this for out-bounding),92124,$0.00,TRUE
,,321320404,8/31/2026,,Plumbing Maintenance,Recurring Services: Tankless Flush,Scheduled,CSR Outbound,$1 OUTBOUND (use this for out-bounding),92118,$210.00,TRUE
,,474400629,9/1/2026,,Plumbing Maintenance,Recurring Services: Tankless Flush,Scheduled,CSR Outbound,$1 OUTBOUND (use this for out-bounding),92118,$0.00,TRUE
,,55727125,9/1/2026,,Plumbing Maintenance,Recurring Services: Tankless Flush,Scheduled,CSR Outbound,$1 OUTBOUND (use this for out-bounding),92118,$0.00,TRUE
,,475066849,9/2/2026,,Plumbing Maintenance,Recurring Services: Tankless Flush,Scheduled,CSR Outbound,$1 OUTBOUND (use this for out-bounding),92126,$0.00,TRUE
,,273922893,9/2/2026,9/4/2026,Plumbing Maintenance,Recurring Services: Tankless Flush,Completed,CSR Outbound,$1 OUTBOUND (use this for out-bounding),92117,$222.00,TRUE
,,304911278,9/4/2026,,Plumbing Maintenance,Recurring Services: Tankless Flush,Scheduled,CSR Outbound,$1 OUTBOUND (use this for out-bounding),92037,$0.00,TRUE
,,,,,8,8,8,8,8,,$432.00,
,Job Type: Recurring Services: Water Heater Flush,,,,,,,,,,,
,,479845002,8/24/2026,9/1/2026,Plumbing Maintenance,Recurring Services: Water Heater Flush,Completed,Branded Phone Number,Local 619,92057,$222.00,TRUE
,,1129557095,8/24/2026,9/4/2026,Plumbing Maintenance,Recurring Services: Water Heater Flush,Completed,Branded Phone Number,A1-800-BILL HOWE,92057,$0.00,TRUE
,,56850909,8/25/2026,,Plumbing Maintenance,Recurring Services: Water Heater Flush,Scheduled,CSR Outbound,$1 OUTBOUND (use this for out-bounding),92064,$0.00,TRUE
,,366913193,8/25/2026,9/1/2026,Plumbing Maintenance,Recurring Services: Water Heater Flush,Completed,CSR Outbound,$1 OUTBOUND (use this for out-bounding),92116,$179.88,TRUE
,,31591404,8/26/2026,,Plumbing Maintenance,Recurring Services: Water Heater Flush,Scheduled,Yelp,Yelp,92104,$0.00,TRUE
,,366279415,8/26/2026,,Plumbing Maintenance,Recurring Services: Water Heater Flush,Scheduled,,BFP Water Heater Maintenance SMS 2026,92078,$0.00,TRUE
,,53508837,8/27/2026,,Plumbing Maintenance,Recurring Services: Water Heater Flush,Scheduled,Branded Phone Number,Local 619,92128,$0.00,TRUE
,,977470164,8/27/2026,,Plumbing Maintenance,Recurring Services: Water Heater Flush,Scheduled,,BFP Water Heater Maintenance SMS 2026,92019,$0.00,TRUE
,,31622008,8/27/2026,,Plumbing Maintenance,Recurring Services: Water Heater Flush,Scheduled,CSR Outbound,$1 OUTBOUND (use this for out-bounding),92109,$0.00,TRUE
,,292458303,9/1/2026,,Plumbing Maintenance,Recurring Services: Water Heater Flush,Scheduled,Outbound SMS,ST Outbound Text Lines,91941,$0.00,TRUE
,,474761149,9/2/2026,,Plumbing Maintenance,Recurring Services: Water Heater Flush,Scheduled,CSR Outbound,$1 OUTBOUND (use this for out-bounding),92025,$0.00,TRUE
,,348403393,9/4/2026,,Plumbing Maintenance,Recurring Services: Water Heater Flush,Scheduled,CSR Outbound,$1 OUTBOUND (use this for out-bounding),91942,$0.00,TRUE
,,277135801,9/5/2026,,Plumbing Maintenance,Recurring Services: Water Heater Flush,Scheduled,PPC,Google | Search | Brand,92116,$0.00,TRUE
,,,,,13,13,13,13,13,,$401.88,
,Job Type: Tankless Flush,,,,,,,,,,,
,,313443217,8/25/2026,,Plumbing Maintenance,Tankless Flush,Scheduled,Google Business Profiles,GMB_SanDiego,91941,$0.00,TRUE
,,1129168827,8/25/2026,8/31/2026,Plumbing Maintenance,Tankless Flush,Completed,PPC,Google | Search | Brand,91913,$0.00,TRUE
,,67694710,8/25/2026,8/24/2026,Plumbing Maintenance,Tankless Flush,Completed,Email,Plumbing to HVAC Cross Promotion Offer Drip 2025,92040,$150.00,TRUE
,,67694710,8/25/2026,8/24/2026,Plumbing Maintenance,Tankless Flush,Completed,Email,Plumbing to HVAC Cross Promotion Offer Drip 2025,92040,$150.00,TRUE
,,67694710,8/25/2026,8/25/2026,Plumbing Maintenance,Tankless Flush,Canceled,Email,Plumbing to HVAC Cross Promotion Offer Drip 2025,92040,$0.00,TRUE
,,67694710,8/25/2026,8/24/2026,Plumbing Maintenance,Tankless Flush,Completed,Email,Plumbing to HVAC Cross Promotion Offer Drip 2025,92040,$150.00,TRUE
,,67694710,8/25/2026,8/24/2026,Plumbing Maintenance,Tankless Flush,Completed,Email,Plumbing to HVAC Cross Promotion Offer Drip 2025,92040,$150.00,TRUE
,,67694710,8/25/2026,8/25/2026,Plumbing Maintenance,Tankless Flush,Completed,Email,Plumbing to HVAC Cross Promotion Offer Drip 2025,92102,$150.00,TRUE
,,67694710,8/25/2026,8/24/2026,Plumbing Maintenance,Tankless Flush,Completed,Email,Plumbing to HVAC Cross Promotion Offer Drip 2025,92040,$150.00,TRUE
,,67694710,8/25/2026,8/24/2026,Plumbing Maintenance,Tankless Flush,Completed,Email,Plumbing to HVAC Cross Promotion Offer Drip 2025,92040,$150.00,TRUE
,,67694710,8/25/2026,8/24/2026,Plumbing Maintenance,Tankless Flush,Completed,Email,Plumbing to HVAC Cross Promotion Offer Drip 2025,92040,$150.00,TRUE
,,67694710,8/25/2026,8/24/2026,Plumbing Maintenance,Tankless Flush,Completed,Email,Plumbing to HVAC Cross Promotion Offer Drip 2025,92040,$0.00,TRUE
,,67694710,8/25/2026,8/25/2026,Plumbing Maintenance,Tankless Flush,Completed,Email,Plumbing to HVAC Cross Promotion Offer Drip 2025,92102,$150.00,TRUE
,,67694710,8/25/2026,8/25/2026,Plumbing Maintenance,Tankless Flush,Completed,Email,Plumbing to HVAC Cross Promotion Offer Drip 2025,92102,$150.00,TRUE
,,67694710,8/25/2026,8/25/2026,Plumbing Maintenance,Tankless Flush,Completed,Email,Plumbing to HVAC Cross Promotion Offer Drip 2025,92102,$150.00,TRUE
,,67694710,8/25/2026,8/25/2026,Plumbing Maintenance,Tankless Flush,Completed,Email,Plumbing to HVAC Cross Promotion Offer Drip 2025,92102,$150.00,TRUE
,,67694710,8/25/2026,8/25/2026,Plumbing Maintenance,Tankless Flush,Completed,Email,Plumbing to HVAC Cross Promotion Offer Drip 2025,92102,$150.00,TRUE
,,67694710,8/25/2026,8/25/2026,Plumbing Maintenance,Tankless Flush,Completed,Email,Plumbing to HVAC Cross Promotion Offer Drip 2025,92102,$150.00,TRUE
,,67694710,8/25/2026,8/25/2026,Plumbing Maintenance,Tankless Flush,Completed,Email,Plumbing to HVAC Cross Promotion Offer Drip 2025,92102,$150.00,TRUE
,,67694710,8/25/2026,8/25/2026,Plumbing Maintenance,Tankless Flush,Completed,Email,Plumbing to HVAC Cross Promotion Offer Drip 2025,92102,$0.00,TRUE
,,52221402,8/26/2026,9/4/2026,Plumbing Maintenance,Tankless Flush,Completed,PPC,Google | Search | Brand,91942,$222.00,TRUE
,,67694710,8/28/2026,8/24/2026,Plumbing Maintenance,Tankless Flush,Completed,Email,Plumbing to HVAC Cross Promotion Offer Drip 2025,92040,$0.00,TRUE
,,301797456,8/31/2026,,Plumbing Maintenance,Tankless Flush,Scheduled,PPC,Google | PMAX | Plumbing,92127,$210.00,TRUE
,,299964575,9/1/2026,,Plumbing Maintenance,Tankless Flush,Scheduled,Email,Legacy Email Marketing Multiple Offers,92139,$0.00,TRUE
,,268754021,9/2/2026,,Plumbing Maintenance,Tankless Flush,Scheduled,Organic Search,Google Organic,92130,$0.00,TRUE
,,,,,25,25,25,25,25,,$2682.00,
,Job Type: Water Heater Flush,,,,,,,,,,,
,,1129680496,8/25/2026,,Plumbing Maintenance,Water Heater Flush,Scheduled,Google LSA,Google Local Services,92124,$0.00,TRUE
,,93514508,8/31/2026,,Plumbing Maintenance,Water Heater Flush,Scheduled,Google Business Profiles,GMB_SanDiego,92123,$0.00,TRUE
,,1035900438,9/1/2026,,Plumbing Maintenance,Water Heater Flush,Scheduled,PPC,Google | Search | Brand,92064,$0.00,TRUE
,,31727383,9/2/2026,9/2/2026,Plumbing Maintenance,Water Heater Flush,Completed,Organic Search,Chat - Service Titan,92122,$0.00,FALSE
,,1065863952,9/2/2026,,Plumbing Maintenance,Water Heater Flush,Scheduled,Branded Phone Number,A1-800-BILL HOWE,92056,$444.00,TRUE
,,31574200,9/3/2026,,Plumbing Maintenance,Water Heater Flush,Scheduled,Organic Search,Chat - Service Titan,92131,$0.00,TRUE
,,31718528,9/4/2026,,Plumbing Maintenance,Water Heater Flush,Scheduled,Branded Phone Number,A1-800-BILL HOWE,92129,$0.00,TRUE
,,,,,7,7,7,7,7,,$444.00,
,,,,,312,312,312,312,312,,$16697.72,
Invoice Business Unit: Plumbing Sales,,,,,,,,,,,,
,Job Type:,,,,,,,,,,,
,,1129495310,8/24/2026,,Plumbing Sales,,,,,91942,$0.00,TRUE
,,31572604,8/24/2026,,Plumbing Sales,,,,,,$0.00,TRUE
,,682750097,8/25/2026,,Plumbing Sales,,,,,91911,$0.00,TRUE
,,315067210,8/25/2026,,Plumbing Sales,,,,,,$0.00,TRUE
,,682778037,8/25/2026,,Plumbing Sales,,,,,,$0.00,TRUE
,,682769687,8/25/2026,,Plumbing Sales,,,,,,$0.00,TRUE
,,682749439,8/25/2026,,Plumbing Sales,,,,,92154,$0.00,TRUE
,,682751586,8/25/2026,,Plumbing Sales,,,,,92081,$0.00,TRUE
,,682768328,8/25/2026,,Plumbing Sales,,,,,,$0.00,TRUE
,,337293755,8/25/2026,,Plumbing Sales,,,,,,$0.00,TRUE
,,85176969,8/26/2026,,Plumbing Sales,,,,,92064,$0.00,TRUE
,,325656230,8/26/2026,,Plumbing Sales,,,,,,$0.00,TRUE
,,682814391,8/26/2026,,Plumbing Sales,,,,,92029,$0.00,TRUE
,,682788311,8/26/2026,,Plumbing Sales,,,,,,$0.00,TRUE
,,31689724,8/27/2026,,Plumbing Sales,,,,,91910,$0.00,TRUE
,,895025991,8/28/2026,,Plumbing Sales,,,,,92056,$0.00,TRUE
,,98585519,8/28/2026,,Plumbing Sales,,,,,91932,$0.00,TRUE
,,1036320322,8/28/2026,,Plumbing Sales,,,,,92121,$0.00,TRUE
,,31659314,8/28/2026,,Plumbing Sales,,,,,92101,$0.00,TRUE
,,375885332,8/31/2026,,Plumbing Sales,,,,,,$0.00,TRUE
,,979380109,8/31/2026,,Plumbing Sales,,,,,92131,$0.00,TRUE
,,31661758,8/31/2026,,Plumbing Sales,,,,,92109,$0.00,TRUE
,,92160778,9/1/2026,,Plumbing Sales,,,,,,$0.00,TRUE
,,1131892021,9/1/2026,,Plumbing Sales,,,,,,$0.00,TRUE
,,373766507,9/2/2026,,Plumbing Sales,,,,,92078,$0.00,TRUE
,,1131281056,9/2/2026,,Plumbing Sales,,,,,92117,$0.00,TRUE
,,31563263,9/2/2026,,Plumbing Sales,,,,,92121,$0.00,TRUE
,,31671024,9/2/2026,,Plumbing Sales,,,,,,$0.00,TRUE
,,355917204,9/4/2026,,Plumbing Sales,,,,,92124,$179.88,TRUE
,,,,,29,29,29,29,29,,$179.88,
,Job Type: Backflow Install Estimate,,,,,,,,,,,
,,31620257,9/2/2026,,Plumbing Sales,Backflow Install Estimate,Scheduled,PPC,Google | Search | Brand,92120,$0.00,TRUE
,,,,,1,1,1,1,1,,$0.00,
,Job Type: Drain Estimate,,,,,,,,,,,
,,31565453,8/24/2026,8/24/2026,Plumbing Sales,Drain Estimate,Completed,Google Business Profiles,GMB_SanDiego,92025,$0.00,FALSE
,,31653428,8/24/2026,8/24/2026,Plumbing Sales,Drain Estimate,Completed,PPC,Google Legacy Campaigns,92116,$0.00,FALSE
,,1129392800,8/24/2026,8/25/2026,Plumbing Sales,Drain Estimate,Completed,Email,Legacy Email Marketing Multiple Offers,92054,$0.00,FALSE
,,31662421,8/24/2026,8/24/2026,Plumbing Sales,Drain Estimate,Completed,Branded Phone Number,A1-800-BILL HOWE,91977,$0.00,FALSE
,,462739286,8/24/2026,,Plumbing Sales,Drain Estimate,Hold,CSR Outbound,$1 OUTBOUND (use this for out-bounding),91911,$0.00,FALSE
,,63406919,8/24/2026,9/2/2026,Plumbing Sales,Drain Estimate,Completed,Google LSA,Google Local Services,92064,$0.00,FALSE
,,308859711,8/24/2026,8/24/2026,Plumbing Sales,Drain Estimate,Completed,Branded Phone Number,Local 619,92122,$0.00,FALSE
,,358654511,8/24/2026,8/24/2026,Plumbing Sales,Drain Estimate,Completed,Google Business Profiles,GMB_SanDiego,92084,$0.00,FALSE
,,1129773760,8/25/2026,8/25/2026,Plumbing Sales,Drain Estimate,Completed,Google Business Profiles,GMB_SanDiego,91977,$0.00,FALSE
,,58163880,8/25/2026,8/25/2026,Plumbing Sales,Drain Estimate,Completed,Outbound SMS,ST Outbound Text Lines,92106,$0.00,FALSE
,,904678699,8/25/2026,8/27/2026,Plumbing Sales,Drain Estimate,Completed,Branded Phone Number,Local 619,92107,$0.00,FALSE
,,31563543,8/25/2026,8/28/2026,Plumbing Sales,Drain Estimate,Completed,Website,Website Phone Calls,92101,$0.00,FALSE
,,912531734,8/26/2026,8/26/2026,Plumbing Sales,Drain Estimate,Completed,PPC,Google | PMAX | Drains,92008,$0.00,FALSE
,,268970385,8/26/2026,8/26/2026,Plumbing Sales,Drain Estimate,Canceled,Branded Phone Number,A1-800-BILL HOWE,92115,$0.00,FALSE
,,327734842,8/26/2026,8/27/2026,Plumbing Sales,Drain Estimate,Completed,Google Business Profiles,GMB_SanDiego,92124,$0.00,FALSE
,,1129781932,8/26/2026,8/26/2026,Plumbing Sales,Drain Estimate,Completed,Direct Web Traffic,Direct Web Traffic,92105,$0.00,FALSE
,,342015402,8/26/2026,8/26/2026,Plumbing Sales,Drain Estimate,Canceled,PPC,Google | Search | Plumbing,92102,$0.00,FALSE
,,31548607,8/27/2026,8/27/2026,Plumbing Sales,Drain Estimate,Completed,PPC,Google | Search | Brand,92123,$0.00,FALSE
,,684635697,8/27/2026,8/31/2026,Plumbing Sales,Drain Estimate,Completed,Branded Phone Number,Local 619,92103,$0.00,FALSE
,,1130630408,8/27/2026,8/28/2026,Plumbing Sales,Drain Estimate,Completed,Google Business Profiles,GMB_SanDiego,92105,$0.00,FALSE
,,1127207797,8/27/2026,8/28/2026,Plumbing Sales,Drain Estimate,Completed,Branded Phone Number,A1-800-BILL HOWE,92106,$0.00,FALSE
,,1130940187,8/28/2026,9/2/2026,Plumbing Sales,Drain Estimate,Completed,Direct Web Traffic,Direct Web Traffic,92091,$0.00,FALSE
,,31636749,8/28/2026,8/31/2026,Plumbing Sales,Drain Estimate,Completed,Branded Phone Number,A1-800-BILL HOWE,92109,$0.00,FALSE
,,1103530987,8/28/2026,9/1/2026,Plumbing Sales,Drain Estimate,Completed,PPC,Google | Search | Brand,92071,$0.00,FALSE
,,220244,8/28/2026,9/3/2026,Plumbing Sales,Drain Estimate,Completed,PPC,Google | Search | Brand,92120,$0.00,FALSE
,,31562238,8/28/2026,8/28/2026,Plumbing Sales,Drain Estimate,Completed,Branded Phone Number,Local 619,91941,$0.00,FALSE
,,31616273,8/28/2026,8/28/2026,Plumbing Sales,Drain Estimate,Completed,Outbound SMS,ST Outbound Text Lines,92110,$0.00,FALSE
,,1131195782,8/29/2026,8/29/2026,Plumbing Sales,Drain Estimate,Completed,Branded Phone Number,Local 619,92105,$0.00,FALSE
,,1130194486,8/31/2026,8/31/2026,Plumbing Sales,Drain Estimate,Completed,Google Business Profiles,GMB_SanDiego,92119,$0.00,FALSE
,,1131253844,8/31/2026,8/31/2026,Plumbing Sales,Drain Estimate,Completed,Organic Search,Google Organic,91950,$0.00,FALSE
,,369940560,8/31/2026,8/31/2026,Plumbing Sales,Drain Estimate,Completed,PPC,Google | Search | Brand,92109,$0.00,FALSE
,,31707364,8/31/2026,9/1/2026,Plumbing Sales,Drain Estimate,Completed,Google Business Profiles,GMB_SanDiego,92111,$0.00,FALSE
,,58529669,8/31/2026,9/1/2026,Plumbing Sales,Drain Estimate,Completed,Google Business Profiles,GMB_SanDiego,92103,$0.00,FALSE
,,31686450,8/31/2026,9/1/2026,Plumbing Sales,Drain Estimate,Completed,Branded Phone Number,Local 619,92037,$0.00,FALSE
,,31686450,8/31/2026,8/31/2026,Plumbing Sales,Drain Estimate,Canceled,Branded Phone Number,Local 619,92037,$0.00,FALSE
,,31558030,8/31/2026,9/2/2026,Plumbing Sales,Drain Estimate,Completed,Direct Web Traffic,Direct Web Traffic,92117,$0.00,FALSE
,,31565453,9/1/2026,9/2/2026,Plumbing Sales,Drain Estimate,Completed,Google Business Profiles,GMB_SanDiego,92025,$0.00,FALSE
,,31645555,9/1/2026,9/1/2026,Plumbing Sales,Drain Estimate,Completed,Google LSA,Google Local Services,92007,$0.00,FALSE
,,31683697,9/1/2026,9/4/2026,Plumbing Sales,Drain Estimate,Completed,Branded Phone Number,Local 619,92109,$0.00,FALSE
,,31686852,9/1/2026,9/1/2026,Plumbing Sales,Drain Estimate,Completed,Google Business Profiles,GMB_SanDiego,92110,$0.00,FALSE
,,1129509614,9/1/2026,9/3/2026,Plumbing Sales,Drain Estimate,Completed,Outbound SMS,ST Outbound Text Lines,92037,$0.00,FALSE
,,93586015,9/2/2026,9/2/2026,Plumbing Sales,Drain Estimate,Completed,Branded Phone Number,A1-800-BILL HOWE,92115,$0.00,FALSE
,,31565267,9/2/2026,9/3/2026,Plumbing Sales,Drain Estimate,Completed,Branded Phone Number,Local 619,92110,$0.00,FALSE
,,1104989365,9/2/2026,8/28/2026,Plumbing Sales,Drain Estimate,Completed,Direct Mail,Dynamicard June 2026 (Drains + WH),92123,$0.00,FALSE
,,1133364357,9/2/2026,9/3/2026,Plumbing Sales,Drain Estimate,Completed,Google LSA,Google Local Services,92020,$0.00,FALSE
,,31699011,9/2/2026,9/3/2026,Plumbing Sales,Drain Estimate,Completed,Google LSA,Google Local Services,92119,$0.00,FALSE
,,902469128,9/2/2026,8/12/2026,Plumbing Sales,Drain Estimate,Completed,Branded Phone Number,A1-800-BILL HOWE,92109,$1890.00,TRUE
,,59990984,9/2/2026,,Plumbing Sales,Drain Estimate,Scheduled,PPC,Google | Search | Brand,92111,$0.00,FALSE
,,673111763,9/2/2026,9/3/2026,Plumbing Sales,Drain Estimate,Completed,PPC,Google | Search | Competitor,92116,$0.00,FALSE
,,1078657341,9/3/2026,9/3/2026,Plumbing Sales,Drain Estimate,Completed,Direct Web Traffic,Direct Web Traffic,92075,$0.00,FALSE
,,31547230,9/3/2026,9/3/2026,Plumbing Sales,Drain Estimate,Completed,Branded Phone Number,A1-800-BILL HOWE,92110,$0.00,FALSE
,,481149053,9/3/2026,9/3/2026,Plumbing Sales,Drain Estimate,Completed,Direct Web Traffic,Direct Web Traffic,92104,$0.00,FALSE
,,31729504,9/3/2026,9/4/2026,Plumbing Sales,Drain Estimate,Completed,Branded Phone Number,Local 619,92084,$186.94,TRUE
,,669687407,9/3/2026,9/4/2026,Plumbing Sales,Drain Estimate,Completed,Google Business Profiles,GMB_SanDiego,92101,$0.00,FALSE
,,1133519783,9/3/2026,9/4/2026,Plumbing Sales,Drain Estimate,Completed,Direct Web Traffic,Direct Web Traffic,92024,$0.00,FALSE
,,1134745089,9/4/2026,,Plumbing Sales,Drain Estimate,Scheduled,Manufacturer Referral,NuFlow Leads,92037,$0.00,FALSE
,,31679162,9/4/2026,,Plumbing Sales,Drain Estimate,Scheduled,Branded Phone Number,Local 619,92024,$0.00,FALSE
,,273926030,9/4/2026,,Plumbing Sales,Drain Estimate,Scheduled,PPC,Google | Search | HVAC,92126,$0.00,FALSE
,,31619272,9/4/2026,,Plumbing Sales,Drain Estimate,Scheduled,Website,Email Contact Form,91914,$0.00,FALSE
,,,,,59,59,59,59,59,,$2076.94,
,Job Type: Gas Estimate,,,,,,,,,,,
,,1130065766,8/25/2026,8/27/2026,Plumbing Sales,Gas Estimate,Completed,Direct Web Traffic,Direct Web Traffic,92102,$0.00,TRUE
,,31589516,9/2/2026,9/2/2026,Plumbing Sales,Gas Estimate,Completed,Direct Web Traffic,Direct Web Traffic,92126,$287.00,TRUE
,,683206209,9/4/2026,9/4/2026,Plumbing Sales,Gas Estimate,Completed,PPC,Google | Search | Brand,92130,$1195.00,TRUE
,,,,,3,3,3,3,3,,$1482.00,
,Job Type: Jetting Estimate,,,,,,,,,,,
,,31634202,8/24/2026,8/25/2026,Plumbing Sales,Jetting Estimate,Completed,PPC,Google | Search | Brand,92109,$0.00,TRUE
,,65700099,8/24/2026,8/25/2026,Plumbing Sales,Jetting Estimate,Completed,Google Business Profiles,GMB_SanDiego,92106,$0.00,FALSE
,,331687894,8/26/2026,8/28/2026,Plumbing Sales,Jetting Estimate,Completed,Tech referral,Tech Referral,92106,$0.00,TRUE
,,31646296,8/28/2026,8/31/2026,Plumbing Sales,Jetting Estimate,Completed,PPC,Google | Search | Brand,92037,$0.00,TRUE
,,904690355,9/1/2026,9/2/2026,Plumbing Sales,Jetting Estimate,Completed,PPC,Bing | Search | Plumbing,92122,$0.00,FALSE
,,1065919796,9/2/2026,,Plumbing Sales,Jetting Estimate,In Progress,Branded Phone Number,Local 619,92103,$0.00,TRUE
,,31563263,9/2/2026,9/2/2026,Plumbing Sales,Jetting Estimate,Canceled,Branded Phone Number,A1-800-BILL HOWE,92121,$0.00,TRUE
,,31563263,9/2/2026,9/3/2026,Plumbing Sales,Jetting Estimate,Completed,Branded Phone Number,A1-800-BILL HOWE,92121,$0.00,TRUE
,,31595254,9/3/2026,9/3/2026,Plumbing Sales,Jetting Estimate,Canceled,Google LSA,Google Local Services,92105,$0.00,TRUE
,,1130008132,9/3/2026,,Plumbing Sales,Jetting Estimate,Scheduled,Google Business Profiles,GMB_SanDiego,91901,$0.00,TRUE
,,31729818,9/3/2026,9/4/2026,Plumbing Sales,Jetting Estimate,Completed,Branded Phone Number,A1-800-BILL HOWE,92130,$0.00,FALSE
,,,,,11,11,11,11,11,,$0.00,
,Job Type: Job Walk,,,,,,,,,,,
,,31652960,8/24/2026,8/24/2026,Plumbing Sales,Job Walk,Completed,Yelp,Yelp,91941,$0.00,FALSE
,,31706524,8/24/2026,8/25/2026,Plumbing Sales,Job Walk,Completed,Organic Search,Bing Organic,92117,$0.00,FALSE
,,31631527,8/25/2026,8/20/2026,Plumbing Sales,Job Walk,Completed,Branded Phone Number,A1-800-BILL HOWE,92075,$0.00,FALSE
,,41776483,8/25/2026,8/25/2026,Plumbing Sales,Job Walk,Completed,Account,Work Order,91941,$0.00,FALSE
,,58163880,8/25/2026,8/28/2026,Plumbing Sales,Job Walk,Completed,Outbound SMS,ST Outbound Text Lines,92106,$0.00,FALSE
,,59990984,8/25/2026,8/26/2026,Plumbing Sales,Job Walk,Completed,PPC,Google | Search | Brand,92111,$0.00,FALSE
,,31655909,8/26/2026,,Plumbing Sales,Job Walk,Scheduled,Branded Phone Number,A1-800-BILL HOWE,92117,$0.00,FALSE
,,31670836,8/26/2026,8/27/2026,Plumbing Sales,Job Walk,Completed,Google LSA,Google Local Services,92037,$0.00,FALSE
,,1126788892,8/26/2026,8/27/2026,Plumbing Sales,Job Walk,Completed,Branded Phone Number,Local 619,91945,$0.00,FALSE
,,1129781932,8/26/2026,8/28/2026,Plumbing Sales,Job Walk,Completed,Direct Web Traffic,Direct Web Traffic,92105,$0.00,FALSE
,,483199705,8/26/2026,8/27/2026,Plumbing Sales,Job Walk,Completed,PPC,Google | Search | Brand,92071,$0.00,FALSE
,,49674764,8/26/2026,,Plumbing Sales,Job Walk,Scheduled,PPC,Google | Search | Brand,91942,$0.00,FALSE
,,376666322,8/27/2026,8/27/2026,Plumbing Sales,Job Walk,Completed,Organic Search,Google Organic,92127,$0.00,FALSE
,,1127408941,8/27/2026,9/3/2026,Plumbing Sales,Job Walk,Completed,Branded Phone Number,A1-800-BILL HOWE,92111,$0.00,FALSE
,,1103053484,8/28/2026,8/31/2026,Plumbing Sales,Job Walk,Completed,Direct Web Traffic,Direct Web Traffic,92126,$0.00,FALSE
,,65700099,8/28/2026,8/28/2026,Plumbing Sales,Job Walk,Completed,Branded Phone Number,Local 619,92106,$0.00,FALSE
,,1130949874,8/28/2026,8/31/2026,Plumbing Sales,Job Walk,Completed,Organic Search,Google Organic,92021,$0.00,FALSE
,,58163880,8/29/2026,8/31/2026,Plumbing Sales,Job Walk,Completed,Outbound SMS,ST Outbound Text Lines,92106,$0.00,FALSE
,,979490189,8/31/2026,8/31/2026,Plumbing Sales,Job Walk,Canceled,Branded Phone Number,A1-800-BILL HOWE,92117,$0.00,FALSE
,,905182564,8/31/2026,8/31/2026,Plumbing Sales,Job Walk,Completed,Organic Search,Google Organic,92122,$0.00,FALSE
,,65700099,8/31/2026,8/31/2026,Plumbing Sales,Job Walk,Completed,Branded Phone Number,Local 619,92106,$0.00,FALSE
,,47217260,8/31/2026,9/1/2026,Plumbing Sales,Job Walk,Completed,Branded Phone Number,Local 619,92139,$0.00,FALSE
,,31537883,9/1/2026,9/1/2026,Plumbing Sales,Job Walk,Completed,Branded Phone Number,A1-800-BILL HOWE,92027,$0.00,FALSE
,,31709554,9/1/2026,9/1/2026,Plumbing Sales,Job Walk,Completed,Branded Phone Number,Local 619,92104,$0.00,FALSE
,,92581600,9/1/2026,9/1/2026,Plumbing Sales,Job Walk,Completed,Branded Phone Number,A1-800-BILL HOWE,92040,$0.00,FALSE
,,258130533,9/1/2026,9/3/2026,Plumbing Sales,Job Walk,Completed,PPC,Bing | Search | Brand,92117,$0.00,FALSE
,,258130533,9/1/2026,9/3/2026,Plumbing Sales,Job Walk,Canceled,PPC,Bing | Search | Brand,92117,$0.00,FALSE
,,1073106984,9/2/2026,,Plumbing Sales,Job Walk,Scheduled,Google Business Profiles,GMB_SanDiego,92130,$0.00,FALSE
,,31591404,9/2/2026,9/3/2026,Plumbing Sales,Job Walk,Completed,Yelp,Yelp,92104,$0.00,FALSE
,,1103530987,9/3/2026,9/3/2026,Plumbing Sales,Job Walk,Completed,PPC,Google | Search | Brand,92071,$0.00,FALSE
,,31732772,9/3/2026,,Plumbing Sales,Job Walk,In Progress,Uncategorized,Uncategorized,91911,$0.00,FALSE
,,278157015,9/3/2026,9/4/2026,Plumbing Sales,Job Walk,Completed,PPC,Google | Search | Brand,92064,$0.00,FALSE
,,31535970,9/4/2026,,Plumbing Sales,Job Walk,Scheduled,Branded Phone Number,Local 619,92106,$0.00,FALSE
,,1131584894,9/4/2026,9/4/2026,Plumbing Sales,Job Walk,Completed,PPC,Bing | Search | Brand,92014,$0.00,FALSE
,,344102117,9/5/2026,9/5/2026,Plumbing Sales,Job Walk,Completed,Google Business Profiles,GMB_SanDiego,92102,$0.00,FALSE
,,,,,35,35,35,35,35,,$0.00,
,Job Type: Moen Flo Estimate,,,,,,,,,,,
,,1129948781,8/25/2026,8/25/2026,Plumbing Sales,Moen Flo Estimate,Completed,Google Business Profiles,GMB_SanDiego,92124,$0.00,TRUE
,,1130088786,8/25/2026,8/26/2026,Plumbing Sales,Moen Flo Estimate,Completed,Branded Phone Number,Local 619,92021,$0.00,TRUE
,,1133351986,9/2/2026,,Plumbing Sales,Moen Flo Estimate,Scheduled,PPC,Google | PMAX | Plumbing,92127,$0.00,TRUE
,,,,,3,3,3,3,3,,$0.00,
,Job Type: Plumbing Estimate,,,,,,,,,,,
,,1129366743,8/24/2026,8/25/2026,Plumbing Sales,Plumbing Estimate,Completed,Google Business Profiles,GMB_SanDiego,92129,$0.00,FALSE
,,65426716,8/24/2026,8/19/2026,Plumbing Sales,Plumbing Estimate,Completed,PPC,Google | Search | Brand,92130,$0.00,TRUE
,,31587607,8/24/2026,8/24/2026,Plumbing Sales,Plumbing Estimate,Canceled,Branded Phone Number,A1-800-BILL HOWE,92021,$0.00,TRUE
,,480448556,8/24/2026,8/24/2026,Plumbing Sales,Plumbing Estimate,Canceled,Google Business Profiles,GMB_SanDiego,92103,$0.00,TRUE
,,31584905,8/24/2026,8/25/2026,Plumbing Sales,Plumbing Estimate,Completed,Branded Phone Number,Local 619,92084,$0.00,TRUE
,,1097914776,8/24/2026,8/24/2026,Plumbing Sales,Plumbing Estimate,Completed,Branded Phone Number,Local 619,92109,$0.00,TRUE
,,31649532,8/24/2026,8/24/2026,Plumbing Sales,Plumbing Estimate,Completed,Branded Phone Number,A1-800-BILL HOWE,92110,$0.00,TRUE
,,1113766841,8/24/2026,8/24/2026,Plumbing Sales,Plumbing Estimate,Completed,Google Business Profiles,GMB_SanDiego,92154,$0.00,TRUE
,,330510132,8/24/2026,8/25/2026,Plumbing Sales,Plumbing Estimate,Completed,Branded Phone Number,Local 619,92075,$0.00,FALSE
,,92581600,8/24/2026,8/25/2026,Plumbing Sales,Plumbing Estimate,Completed,Branded Phone Number,A1-800-BILL HOWE,92040,$0.00,TRUE
,,1129680496,8/25/2026,9/1/2026,Plumbing Sales,Plumbing Estimate,Completed,Google LSA,Google Local Services,92124,$0.00,FALSE
,,1129776395,8/25/2026,8/26/2026,Plumbing Sales,Plumbing Estimate,Completed,Email,Legacy Email Marketing Multiple Offers,92037,$0.00,FALSE
,,1129293007,8/25/2026,8/26/2026,Plumbing Sales,Plumbing Estimate,Completed,Branded Phone Number,Local 619,92154,$0.00,TRUE
,,461248858,8/25/2026,8/25/2026,Plumbing Sales,Plumbing Estimate,Canceled,Google Business Profiles,GMB_SanDiego,92021,$0.00,TRUE
,,31635398,8/25/2026,,Plumbing Sales,Plumbing Estimate,Scheduled,CSR Outbound,$1 OUTBOUND (use this for out-bounding),92009,$0.00,TRUE
,,53541450,8/25/2026,,Plumbing Sales,Plumbing Estimate,Hold,Branded Phone Number,Local 619,92107,$0.00,TRUE
,,1130066180,8/25/2026,8/27/2026,Plumbing Sales,Plumbing Estimate,Completed,PPC,Google | PMAX | Plumbing,92129,$0.00,TRUE
,,67955915,8/25/2026,8/27/2026,Plumbing Sales,Plumbing Estimate,Completed,Organic Search,Google Organic,92037,$0.00,TRUE
,,31690783,8/25/2026,8/27/2026,Plumbing Sales,Plumbing Estimate,Completed,Email,Legacy Email Marketing Multiple Offers,92024,$0.00,FALSE
,,31608149,8/25/2026,8/26/2026,Plumbing Sales,Plumbing Estimate,Completed,Direct Web Traffic,Direct Web Traffic,92117,$1300.00,TRUE
,,62529818,8/26/2026,,Plumbing Sales,Plumbing Estimate,Scheduled,Branded Phone Number,Local 619,92118,$0.00,TRUE
,,31678823,8/26/2026,8/27/2026,Plumbing Sales,Plumbing Estimate,Completed,Email,Legacy Email Marketing Multiple Offers,92111,$0.00,TRUE
,,352699732,8/26/2026,8/28/2026,Plumbing Sales,Plumbing Estimate,Completed,Direct Web Traffic,Direct Web Traffic,92109,$1642.00,TRUE
,,1130056798,8/26/2026,8/26/2026,Plumbing Sales,Plumbing Estimate,Completed,Google Business Profiles,GMB_SanDiego,92054,$0.00,FALSE
,,1130413968,8/26/2026,8/27/2026,Plumbing Sales,Plumbing Estimate,Canceled,PPC,Google | Search | Brand,92130,$0.00,TRUE
,,31591404,8/26/2026,9/2/2026,Plumbing Sales,Plumbing Estimate,Completed,Yelp,Yelp,92104,$0.00,FALSE
,,1130417889,8/26/2026,9/2/2026,Plumbing Sales,Plumbing Estimate,Completed,PPC,Google | Search | Brand,92117,$0.00,TRUE
,,31659438,8/26/2026,,Plumbing Sales,Plumbing Estimate,Hold,,Memberships due for Service,92116,$0.00,TRUE
,,1130595056,8/26/2026,8/27/2026,Plumbing Sales,Plumbing Estimate,Completed,PPC,Google | PMAX | Drains,92011,$0.00,FALSE
,,1130413968,8/27/2026,8/27/2026,Plumbing Sales,Plumbing Estimate,Completed,PPC,Google | Search | Brand,92130,$0.00,TRUE
,,31649532,8/27/2026,8/27/2026,Plumbing Sales,Plumbing Estimate,Completed,Branded Phone Number,A1-800-BILL HOWE,92110,$0.00,TRUE
,,477271882,8/27/2026,8/31/2026,Plumbing Sales,Plumbing Estimate,Completed,Email,Legacy Email Marketing Multiple Offers,91915,$0.00,TRUE
,,895516884,8/27/2026,8/28/2026,Plumbing Sales,Plumbing Estimate,Completed,Branded Phone Number,Local 619,92029,$0.00,TRUE
,,1130695460,8/27/2026,8/27/2026,Plumbing Sales,Plumbing Estimate,Completed,Branded Phone Number,Local 619,92128,$0.00,TRUE
,,62299082,8/27/2026,,Plumbing Sales,Plumbing Estimate,Scheduled,,Memberships due for Service,92119,$0.00,TRUE
,,31563543,8/27/2026,9/1/2026,Plumbing Sales,Plumbing Estimate,Completed,Website,Website Phone Calls,92101,$0.00,TRUE
,,892995930,8/27/2026,8/28/2026,Plumbing Sales,Plumbing Estimate,Completed,Website,Email Contact Form,92069,$0.00,TRUE
,,31639089,8/27/2026,8/27/2026,Plumbing Sales,Plumbing Estimate,Completed,Branded Phone Number,A1-800-BILL HOWE,92108,$0.00,TRUE
,,1130896609,8/27/2026,9/3/2026,Plumbing Sales,Plumbing Estimate,Completed,Google Business Profiles,GMB_SanDiego,92103,$1105.00,TRUE
,,334660261,8/28/2026,9/3/2026,Plumbing Sales,Plumbing Estimate,Completed,Branded Phone Number,Local 619,92104,$0.00,FALSE
,,31724623,8/28/2026,,Plumbing Sales,Plumbing Estimate,Hold,Branded Phone Number,Local 619,92129,$0.00,TRUE
,,368986103,8/28/2026,9/1/2026,Plumbing Sales,Plumbing Estimate,Completed,,Memberships due for Service,92024,$3802.00,TRUE
,,42979705,8/28/2026,9/1/2026,Plumbing Sales,Plumbing Estimate,Completed,Website,Email Contact Form,92126,$0.00,TRUE
,,31564376,8/28/2026,8/31/2026,Plumbing Sales,Plumbing Estimate,Completed,Branded Phone Number,Local 619,92111,$0.00,TRUE
,,1131098917,8/28/2026,8/31/2026,Plumbing Sales,Plumbing Estimate,Completed,Yelp,Yelp,92111,$0.00,TRUE
,,31731220,8/28/2026,8/28/2026,Plumbing Sales,Plumbing Estimate,Completed,Branded Phone Number,Local 619,92154,$0.00,FALSE
,,1129509614,8/28/2026,8/31/2026,Plumbing Sales,Plumbing Estimate,Completed,Sameday AI,Sameday AI,92037,$0.00,FALSE
,,31706960,8/30/2026,8/31/2026,Plumbing Sales,Plumbing Estimate,Completed,Google Business Profiles,GMB_SanDiego,92037,$0.00,FALSE
,,31626443,8/31/2026,8/31/2026,Plumbing Sales,Plumbing Estimate,Canceled,Yelp,Yelp,91932,$0.00,TRUE
,,31727040,8/31/2026,8/31/2026,Plumbing Sales,Plumbing Estimate,Completed,Branded Phone Number,A1-800-BILL HOWE,92014,$0.00,FALSE
,,54550337,8/31/2026,9/2/2026,Plumbing Sales,Plumbing Estimate,Completed,Tech referral,Tech Referral,92115,$0.00,TRUE
,,1131343748,8/31/2026,,Plumbing Sales,Plumbing Estimate,Scheduled,Google Business Profiles,GMB_Poway,92064,$0.00,TRUE
,,1131363051,8/31/2026,9/2/2026,Plumbing Sales,Plumbing Estimate,Completed,Google Business Profiles,GMB_SanDiego,92067,$0.00,TRUE
,,1131404619,9/1/2026,,Plumbing Sales,Plumbing Estimate,Scheduled,Tech referral,Tech Referral,92123,$0.00,TRUE
,,93606953,9/1/2026,9/1/2026,Plumbing Sales,Plumbing Estimate,Completed,Website,Email Contact Form,92037,$0.00,TRUE
,,1131404619,9/1/2026,,Plumbing Sales,Plumbing Estimate,Scheduled,Tech referral,Tech Referral,92123,$0.00,TRUE
,,31581855,9/1/2026,9/1/2026,Plumbing Sales,Plumbing Estimate,Completed,Google Business Profiles,GMB_SanDiego,92037,$686.20,TRUE
,,1128673808,9/1/2026,9/2/2026,Plumbing Sales,Plumbing Estimate,Completed,Organic Search,Google Organic,92091,$0.00,TRUE
,,31728908,9/1/2026,9/3/2026,Plumbing Sales,Plumbing Estimate,Completed,Branded Phone Number,Local 619,92126,$0.00,TRUE
,,1131404619,9/1/2026,,Plumbing Sales,Plumbing Estimate,Scheduled,Tech referral,Tech Referral,92123,$0.00,TRUE
,,67792591,9/1/2026,9/1/2026,Plumbing Sales,Plumbing Estimate,Canceled,PPC,Google | Search | HVAC,92127,$0.00,TRUE
,,67792591,9/1/2026,9/1/2026,Plumbing Sales,Plumbing Estimate,Canceled,PPC,Google | Search | HVAC,92127,$0.00,TRUE
,,377798630,9/1/2026,,Plumbing Sales,Plumbing Estimate,Scheduled,Website,Email Contact Form,92122,$470.00,TRUE
,,31684304,9/1/2026,9/2/2026,Plumbing Sales,Plumbing Estimate,Completed,Email,Legacy Email Marketing Multiple Offers,92116,$0.00,TRUE
,,483999280,9/1/2026,9/3/2026,Plumbing Sales,Plumbing Estimate,Completed,Google Business Profiles,GMB_SanDiego,92037,$0.00,FALSE
,,1131864750,9/1/2026,9/2/2026,Plumbing Sales,Plumbing Estimate,Completed,Organic Search,Google Organic,91942,$0.00,TRUE
,,1077428234,9/1/2026,,Plumbing Sales,Plumbing Estimate,Scheduled,Yelp,Yelp,92075,$0.00,TRUE
,,50978288,9/1/2026,9/2/2026,Plumbing Sales,Plumbing Estimate,Completed,Branded Phone Number,Local 619,92113,$0.00,TRUE
,,31670303,9/1/2026,9/3/2026,Plumbing Sales,Plumbing Estimate,Completed,Email,Legacy Email Marketing Multiple Offers,92071,$0.00,TRUE
,,31586090,9/1/2026,9/3/2026,Plumbing Sales,Plumbing Estimate,Completed,PPC,Google | Search | Brand,92021,$0.00,TRUE
,,67792591,9/1/2026,,Plumbing Sales,Plumbing Estimate,Scheduled,CSR Outbound,$1 OUTBOUND (use this for out-bounding),92127,$0.00,TRUE
,,57092489,9/2/2026,9/2/2026,Plumbing Sales,Plumbing Estimate,Hold,PPC,Google | Search | Brand,92037,$0.00,TRUE
,,31695304,9/2/2026,9/2/2026,Plumbing Sales,Plumbing Estimate,Completed,Branded Phone Number,A1-800-BILL HOWE,91910,$0.00,TRUE
,,1132042902,9/2/2026,9/3/2026,Plumbing Sales,Plumbing Estimate,Completed,Direct Web Traffic,Direct Web Traffic,92126,$1385.00,TRUE
,,31685833,9/2/2026,9/3/2026,Plumbing Sales,Plumbing Estimate,Completed,Branded Phone Number,A1-800-BILL HOWE,92106,$0.00,TRUE
,,373807195,9/2/2026,,Plumbing Sales,Plumbing Estimate,Scheduled,Outbound SMS,ST Outbound Text Lines,92131,$0.00,TRUE
,,31603961,9/2/2026,,Plumbing Sales,Plumbing Estimate,Scheduled,CSR Outbound,$1 OUTBOUND (use this for out-bounding),92128,$0.00,TRUE
,,31563821,9/2/2026,8/12/2026,Plumbing Sales,Plumbing Estimate,Completed,Branded Phone Number,A1-800-BILL HOWE,92020,$0.00,TRUE
,,380193964,9/2/2026,9/3/2026,Plumbing Sales,Plumbing Estimate,Completed,PPC,Google | PMAX | Drains,92105,$0.00,TRUE
,,52843216,9/2/2026,9/2/2026,Plumbing Sales,Plumbing Estimate,Completed,Branded Phone Number,Local 619,92008,$0.00,TRUE
,,1133450590,9/2/2026,9/3/2026,Plumbing Sales,Plumbing Estimate,Canceled,PPC,Google | Search | Brand,92129,$0.00,TRUE
,,486184014,9/2/2026,,Plumbing Sales,Plumbing Estimate,Hold,,Memberships due for Service,92128,$0.00,TRUE
,,31634820,9/2/2026,9/3/2026,Plumbing Sales,Plumbing Estimate,Completed,PPC,Google | Search | Brand,92107,$0.00,TRUE
,,98485841,9/2/2026,9/3/2026,Plumbing Sales,Plumbing Estimate,Completed,Branded Phone Number,Local 619,92106,$0.00,TRUE
,,31563543,9/3/2026,9/3/2026,Plumbing Sales,Plumbing Estimate,Completed,Website,Website Phone Calls,92101,$0.00,TRUE
,,291242309,9/3/2026,,Plumbing Sales,Plumbing Estimate,Scheduled,Email,Legacy Email Marketing Multiple Offers,92075,$0.00,TRUE
,,31564740,9/3/2026,9/4/2026,Plumbing Sales,Plumbing Estimate,Completed,PPC,Google | Search | Brand,92122,$0.00,TRUE
,,1133541881,9/3/2026,9/3/2026,Plumbing Sales,Plumbing Estimate,Completed,Email,Legacy Email Marketing Multiple Offers,92109,$0.00,TRUE
,,31607410,9/3/2026,,Plumbing Sales,Plumbing Estimate,Scheduled,PPC,Google | Search | Brand,92130,$0.00,TRUE
,,31685833,9/3/2026,9/4/2026,Plumbing Sales,Plumbing Estimate,Completed,Branded Phone Number,A1-800-BILL HOWE,92106,$0.00,FALSE
,,101852640,9/3/2026,9/3/2026,Plumbing Sales,Plumbing Estimate,Completed,Yelp,Yelp,92110,$0.00,TRUE
,,49385151,9/3/2026,,Plumbing Sales,Plumbing Estimate,Scheduled,,Memberships due for Service,92024,$0.00,TRUE
,,31634820,9/3/2026,9/3/2026,Plumbing Sales,Plumbing Estimate,Completed,PPC,Google | Search | Brand,92107,$0.00,TRUE
,,43727520,9/4/2026,,Plumbing Sales,Plumbing Estimate,Scheduled,Branded Phone Number,A1-800-BILL HOWE,92103,$0.00,TRUE
,,894792924,9/4/2026,,Plumbing Sales,Plumbing Estimate,Hold,CSR Outbound,$1 OUTBOUND (use this for out-bounding),92037,$0.00,TRUE
,,1136031439,9/4/2026,,Plumbing Sales,Plumbing Estimate,Scheduled,Email,Legacy Email Marketing Multiple Offers,92075,$0.00,TRUE
,,273887537,9/4/2026,,Plumbing Sales,Plumbing Estimate,Scheduled,Branded Phone Number,A1-800-BILL HOWE,92037,$0.00,TRUE
,,97322782,9/4/2026,9/5/2026,Plumbing Sales,Plumbing Estimate,Completed,Google Business Profiles,GMB_SanDiego,92115,$0.00,FALSE
,,327594001,9/6/2026,,Plumbing Sales,Plumbing Estimate,Scheduled,PPC,Google | Search | Brand,92123,$0.00,TRUE
,,31544198,9/6/2026,,Plumbing Sales,Plumbing Estimate,Scheduled,PPC,Google | Search | Brand,92109,$0.00,TRUE
,,,,,100,100,100,100,100,,$10390.20,
,Job Type: Repipe/Reroute Estimate,,,,,,,,,,,
,,1129428576,8/24/2026,8/24/2026,Plumbing Sales,Repipe/Reroute Estimate,Completed,Google Business Profiles,GMB_SanDiego,92071,$0.00,TRUE
,,31681231,8/30/2026,9/3/2026,Plumbing Sales,Repipe/Reroute Estimate,Completed,Sameday AI,Sameday AI,92117,$0.00,TRUE
,,1131247620,8/30/2026,8/31/2026,Plumbing Sales,Repipe/Reroute Estimate,Completed,PPC,Google | PMAX | Drains,92111,$0.00,TRUE
,,1133649713,9/3/2026,9/4/2026,Plumbing Sales,Repipe/Reroute Estimate,Canceled,PPC,Google | Search | Brand,92056,$0.00,TRUE
,,,,,4,4,4,4,4,,$0.00,
,Job Type: Sump Pump Estimate,,,,,,,,,,,
,,248969725,8/25/2026,8/26/2026,Plumbing Sales,Sump Pump Estimate,Completed,PPC,Google | Search | Brand,92037,$0.00,TRUE
,,,,,1,1,1,1,1,,$0.00,
,Job Type: Tankless Estimate,,,,,,,,,,,
,,31623090,8/24/2026,8/27/2026,Plumbing Sales,Tankless Estimate,Completed,Direct Web Traffic,Direct Web Traffic,92111,$0.00,FALSE
,,98585519,8/25/2026,8/26/2026,Plumbing Sales,Tankless Estimate,Completed,Outbound SMS,ST Outbound Text Lines,91932,$179.88,TRUE
,,31609952,8/26/2026,8/28/2026,Plumbing Sales,Tankless Estimate,Completed,PPC,Google | Search | Brand,92106,$0.00,TRUE
,,1130638373,8/27/2026,8/27/2026,Plumbing Sales,Tankless Estimate,Completed,Google LSA,Google Local Services,92071,$0.00,TRUE
,,1129168827,8/31/2026,8/31/2026,Plumbing Sales,Tankless Estimate,Completed,PPC,Google | Search | Brand,91913,$0.00,TRUE
,,31573925,9/2/2026,9/3/2026,Plumbing Sales,Tankless Estimate,Canceled,PPC,Google | PMAX | Plumbing,92037,$0.00,TRUE
,,31690453,9/3/2026,9/3/2026,Plumbing Sales,Tankless Estimate,Canceled,Branded Phone Number,Local 619,91902,$0.00,TRUE
,,1136204691,9/5/2026,9/5/2026,Plumbing Sales,Tankless Estimate,Completed,Branded Phone Number,A1-800-BILL HOWE,92127,$0.00,FALSE
,,,,,8,8,8,8,8,,$179.88,
,Job Type: Toilet Leak,,,,,,,,,,,
,,293115281,9/4/2026,,Plumbing Sales,Toilet Leak,Scheduled,PPC,Google | PMAX | Drains,91915,$0.00,TRUE
,,,,,1,1,1,1,1,,$0.00,
,Job Type: Water Filtration Estimate,,,,,,,,,,,
,,31601252,8/25/2026,8/26/2026,Plumbing Sales,Water Filtration Estimate,Completed,Email,Legacy Email Marketing Multiple Offers,92126,$0.00,TRUE
,,1130700486,8/27/2026,8/28/2026,Plumbing Sales,Water Filtration Estimate,Completed,PPC,Google | Search | Plumbing,92026,$179.88,TRUE
,,31720685,8/27/2026,8/31/2026,Plumbing Sales,Water Filtration Estimate,Completed,Direct Web Traffic,Direct Web Traffic,92129,$0.00,TRUE
,,902469128,8/28/2026,8/24/2026,Plumbing Sales,Water Filtration Estimate,Completed,Branded Phone Number,Local 619,92025,$9317.70,TRUE
,,1131123378,8/28/2026,9/3/2026,Plumbing Sales,Water Filtration Estimate,Completed,Organic Search,DuckDuckGo Organic,92118,$0.00,TRUE
,,1090099109,9/1/2026,9/2/2026,Plumbing Sales,Water Filtration Estimate,Completed,Branded Phone Number,Local 619,92014,$0.00,TRUE
,,370600199,9/3/2026,,Plumbing Sales,Water Filtration Estimate,Scheduled,CSR Outbound,$1 OUTBOUND (use this for out-bounding),92154,$0.00,TRUE
,,31645205,9/4/2026,,Plumbing Sales,Water Filtration Estimate,Hold,Branded Phone Number,Local 619,92127,$0.00,TRUE
,,,,,8,8,8,8,8,,$9497.58,
,Job Type: Water Heater Estimate - Commercial,,,,,,,,,,,
,,31651227,8/26/2026,8/26/2026,Plumbing Sales,Water Heater Estimate - Commercial,Completed,Google Business Profiles,GMB_SanDiego,92109,$220.00,TRUE
,,31634907,8/26/2026,8/27/2026,Plumbing Sales,Water Heater Estimate - Commercial,Completed,Google Business Profiles,GMB_SanDiego,92123,$0.00,TRUE
,,31639089,8/26/2026,8/26/2026,Plumbing Sales,Water Heater Estimate - Commercial,Completed,Branded Phone Number,A1-800-BILL HOWE,92108,$1695.00,TRUE
,,31720904,8/28/2026,8/28/2026,Plumbing Sales,Water Heater Estimate - Commercial,Completed,Organic Search,Google Organic,92127,$0.00,TRUE
,,31667048,8/28/2026,,Plumbing Sales,Water Heater Estimate - Commercial,Hold,Website,Email Contact Form,91911,$0.00,TRUE
,,1131295450,8/31/2026,8/31/2026,Plumbing Sales,Water Heater Estimate - Commercial,Completed,Google Business Profiles,GMB_SanDiego,92101,$0.00,TRUE
,,31639089,8/31/2026,8/26/2026,Plumbing Sales,Water Heater Estimate - Commercial,Completed,Branded Phone Number,A1-800-BILL HOWE,92108,$0.00,TRUE
,,309982619,8/31/2026,9/1/2026,Plumbing Sales,Water Heater Estimate - Commercial,Completed,Account,Work Order,92103,$0.00,TRUE
,,31537975,9/1/2026,8/23/2026,Plumbing Sales,Water Heater Estimate - Commercial,Completed,PPC,Google | Search | Brand,92109,$0.00,TRUE
,,31543670,9/2/2026,9/2/2026,Plumbing Sales,Water Heater Estimate - Commercial,Completed,Account,Work Order,91913,$0.00,FALSE
,,1134770713,9/4/2026,9/4/2026,Plumbing Sales,Water Heater Estimate - Commercial,Completed,Branded Phone Number,Local 619,92105,$0.00,FALSE
,,,,,11,11,11,11,11,,$1915.00,
,Job Type: Water Heater Estimate - Residential,,,,,,,,,,,
,,1129344412,8/24/2026,8/27/2026,Plumbing Sales,Water Heater Estimate - Residential,Completed,Direct Web Traffic,Direct Web Traffic,92104,$0.00,FALSE
,,31712140,8/24/2026,8/21/2026,Plumbing Sales,Water Heater Estimate - Residential,Completed,Direct Web Traffic,Direct Web Traffic,92131,$0.00,TRUE
,,467239558,8/24/2026,8/24/2026,Plumbing Sales,Water Heater Estimate - Residential,Completed,Organic Search,Google Organic,92128,$0.00,FALSE
,,31658453,8/24/2026,8/24/2026,Plumbing Sales,Water Heater Estimate - Residential,Completed,Branded Phone Number,Local 619,92126,$0.00,TRUE
,,376666322,8/24/2026,8/24/2026,Plumbing Sales,Water Heater Estimate - Residential,Canceled,CSR Outbound,$1 OUTBOUND (use this for out-bounding),92128,$0.00,TRUE
,,97708185,8/24/2026,8/24/2026,Plumbing Sales,Water Heater Estimate - Residential,Canceled,Branded Phone Number,A1-800-BILL HOWE,92127,$0.00,TRUE
,,322971552,8/24/2026,8/25/2026,Plumbing Sales,Water Heater Estimate - Residential,Completed,Direct Web Traffic,Direct Web Traffic,92131,$0.00,FALSE
,,1129561830,8/24/2026,8/24/2026,Plumbing Sales,Water Heater Estimate - Residential,Completed,Google Business Profiles,GMB_SanDiego,92106,$0.00,FALSE
,,1129588964,8/24/2026,8/25/2026,Plumbing Sales,Water Heater Estimate - Residential,Completed,Google Business Profiles,GMB_SanDiego,92111,$0.00,TRUE
,,85176969,8/25/2026,8/25/2026,Plumbing Sales,Water Heater Estimate - Residential,Completed,Google Business Profiles,GMB_Poway,92064,$179.88,TRUE
,,1129690942,8/25/2026,8/25/2026,Plumbing Sales,Water Heater Estimate - Residential,Completed,Google LSA,Google Local Services,92071,$0.00,TRUE
,,31688368,8/25/2026,8/25/2026,Plumbing Sales,Water Heater Estimate - Residential,Completed,Website,Website Phone Calls,92009,$0.00,TRUE
,,316196462,8/26/2026,8/28/2026,Plumbing Sales,Water Heater Estimate - Residential,Completed,Direct Web Traffic,Direct Web Traffic,91913,$0.00,FALSE
,,670072557,8/26/2026,8/26/2026,Plumbing Sales,Water Heater Estimate - Residential,Completed,Branded Phone Number,Local 619,92056,$0.00,FALSE
,,358497176,8/26/2026,8/26/2026,Plumbing Sales,Water Heater Estimate - Residential,Completed,Google Business Profiles,GMB_SanDiego,91941,$0.00,FALSE
,,31645736,8/26/2026,8/27/2026,Plumbing Sales,Water Heater Estimate - Residential,Completed,PPC,Google | Search | Plumbing,92131,$0.00,FALSE
,,31681513,8/26/2026,8/26/2026,Plumbing Sales,Water Heater Estimate - Residential,Completed,Google Business Profiles,GMB_SanDiego,92109,$0.00,FALSE
,,1130308602,8/26/2026,8/26/2026,Plumbing Sales,Water Heater Estimate - Residential,Completed,PPC,Google | Search | Brand,92106,$0.00,FALSE
,,287106709,8/26/2026,8/27/2026,Plumbing Sales,Water Heater Estimate - Residential,Completed,Outbound SMS,ST Outbound Text Lines,92103,$0.00,FALSE
,,895025991,8/27/2026,8/27/2026,Plumbing Sales,Water Heater Estimate - Residential,Completed,Google Business Profiles,GMB_SanDiego,92056,$179.88,TRUE
,,1131058301,8/28/2026,8/28/2026,Plumbing Sales,Water Heater Estimate - Residential,Completed,Google Business Profiles,GMB_Poway,92129,$0.00,TRUE
,,1131135871,8/28/2026,8/28/2026,Plumbing Sales,Water Heater Estimate - Residential,Completed,PPC,Google | Search | Plumbing,92154,$0.00,TRUE
,,1069710411,8/29/2026,8/31/2026,Plumbing Sales,Water Heater Estimate - Residential,Completed,Organic Search,Google Organic,92037,$0.00,TRUE
,,670222291,8/29/2026,8/30/2026,Plumbing Sales,Water Heater Estimate - Residential,Canceled,PPC,Google | Search | Brand,92024,$0.00,TRUE
,,318087453,8/31/2026,9/1/2026,Plumbing Sales,Water Heater Estimate - Residential,Completed,Yelp,Yelp,92124,$0.00,TRUE
,,31560126,8/31/2026,8/31/2026,Plumbing Sales,Water Heater Estimate - Residential,Canceled,Direct Web Traffic,Direct Web Traffic,92117,$0.00,TRUE
,,46050893,8/31/2026,9/1/2026,Plumbing Sales,Water Heater Estimate - Residential,Completed,,Memberships due for Service,92110,$0.00,FALSE
,,275315866,9/1/2026,9/1/2026,Plumbing Sales,Water Heater Estimate - Residential,Completed,Google Business Profiles,GMB_Poway,92131,$0.00,TRUE
,,253177392,9/1/2026,9/1/2026,Plumbing Sales,Water Heater Estimate - Residential,Completed,Branded Phone Number,A1-800-BILL HOWE,92071,$0.00,FALSE
,,354848458,9/1/2026,9/1/2026,Plumbing Sales,Water Heater Estimate - Residential,Completed,Direct Web Traffic,Direct Web Traffic,91941,$0.00,TRUE
,,1077428234,9/1/2026,9/1/2026,Plumbing Sales,Water Heater Estimate - Residential,Completed,Yelp,Yelp,92075,$0.00,FALSE
,,1133341022,9/2/2026,9/2/2026,Plumbing Sales,Water Heater Estimate - Residential,Completed,Google Business Profiles,GMB_SanDiego,92105,$1241.00,TRUE
,,1133452971,9/2/2026,9/3/2026,Plumbing Sales,Water Heater Estimate - Residential,Completed,Yelp,Yelp,92128,$0.00,TRUE
,,89719231,9/2/2026,9/3/2026,Plumbing Sales,Water Heater Estimate - Residential,Completed,Branded Phone Number,A1-800-BILL HOWE,92130,$0.00,FALSE
,,1133484910,9/2/2026,9/3/2026,Plumbing Sales,Water Heater Estimate - Residential,Canceled,PPC,Google | Search | Plumbing,91915,$0.00,TRUE
,,50396028,9/3/2026,9/4/2026,Plumbing Sales,Water Heater Estimate - Residential,Completed,Branded Phone Number,A1-800-BILL HOWE,92075,$0.00,FALSE
,,465214740,9/3/2026,9/4/2026,Plumbing Sales,Water Heater Estimate - Residential,Completed,Branded Phone Number,Local 619,92040,$0.00,FALSE
,,1133341022,9/4/2026,9/2/2026,Plumbing Sales,Water Heater Estimate - Residential,Completed,Google Business Profiles,GMB_SanDiego,92105,$0.00,TRUE
,,50396028,9/4/2026,9/4/2026,Plumbing Sales,Water Heater Estimate - Residential,Completed,Branded Phone Number,A1-800-BILL HOWE,92075,$6735.00,TRUE
,,,,,39,39,39,39,39,,$8335.76,
,,,,,313,313,313,313,313,,$34057.24,
Invoice Business Unit: Plumbing Service,,,,,,,,,,,,
,Job Type:,,,,,,,,,,,
,,66485215,8/25/2026,,Plumbing Service,,,,,92129,$179.88,TRUE
,,250253460,8/28/2026,,Plumbing Service,,,,,92127,$14.99,TRUE
,,31710546,9/1/2026,,Plumbing Service,,,,,92011,$0.00,TRUE
,,,,,3,3,3,3,3,,$194.87,
,Job Type: Angle Stop,,,,,,,,,,,
,,31629813,8/24/2026,8/25/2026,Plumbing Service,Angle Stop,Canceled,Yelp,Yelp,92111,$0.00,TRUE
,,31696692,8/24/2026,8/25/2026,Plumbing Service,Angle Stop,Completed,Branded Phone Number,A1-800-BILL HOWE,92123,$666.64,TRUE
,,89583325,8/24/2026,8/19/2026,Plumbing Service,Angle Stop,Completed,Branded Phone Number,A1-800-BILL HOWE,92109,$0.00,TRUE
,,48988463,8/25/2026,8/25/2026,Plumbing Service,Angle Stop,Completed,Website,Website Phone Calls,92108,$0.00,TRUE
,,31640870,8/25/2026,8/27/2026,Plumbing Service,Angle Stop,Completed,Branded Phone Number,Local 619,92024,$602.00,TRUE
,,1130056798,8/25/2026,8/26/2026,Plumbing Service,Angle Stop,Completed,Google Business Profiles,GMB_SanDiego,92054,$0.00,TRUE
,,1130413968,8/26/2026,8/27/2026,Plumbing Service,Angle Stop,Canceled,Sameday AI,Sameday AI,92130,$0.00,TRUE
,,31536700,8/27/2026,8/27/2026,Plumbing Service,Angle Stop,Completed,Direct Web Traffic,Direct Web Traffic,92123,$241.96,TRUE
,,1130691111,8/27/2026,8/27/2026,Plumbing Service,Angle Stop,Completed,Branded Phone Number,Local 619,92127,$301.00,TRUE
,,31696692,8/27/2026,8/25/2026,Plumbing Service,Angle Stop,Completed,Branded Phone Number,A1-800-BILL HOWE,92123,$0.00,TRUE
,,274632593,8/28/2026,9/1/2026,Plumbing Service,Angle Stop,Completed,PPC,Google | Search | Brand,92118,$725.40,TRUE
,,31686022,8/28/2026,,Plumbing Service,Angle Stop,Hold,Branded Phone Number,A1-800-BILL HOWE,92130,$0.00,TRUE
,,1131225692,8/29/2026,8/29/2026,Plumbing Service,Angle Stop,Completed,PPC,Google | PMAX | Drains,92131,$759.00,TRUE
,,31604084,8/31/2026,8/31/2026,Plumbing Service,Angle Stop,Completed,Branded Phone Number,A1-800-BILL HOWE,92109,$511.00,TRUE
,,31684304,8/31/2026,,Plumbing Service,Angle Stop,Hold,Branded Phone Number,Local 619,92101,$0.00,TRUE
,,1131329891,8/31/2026,8/31/2026,Plumbing Service,Angle Stop,Completed,Email,Legacy Email Marketing Multiple Offers,92103,$0.00,FALSE
,,1129509614,8/31/2026,9/2/2026,Plumbing Service,Angle Stop,Completed,Outbound SMS,ST Outbound Text Lines,92037,$2626.00,TRUE
,,31731220,8/31/2026,9/4/2026,Plumbing Service,Angle Stop,Completed,Branded Phone Number,Local 619,92154,$956.00,TRUE
,,1131329891,8/31/2026,9/1/2026,Plumbing Service,Angle Stop,Completed,Email,Legacy Email Marketing Multiple Offers,92103,$263.00,TRUE
,,63867479,8/31/2026,9/1/2026,Plumbing Service,Angle Stop,Completed,PPC,Google | Search | Brand,92103,$1040.00,TRUE
,,1132070495,9/2/2026,9/3/2026,Plumbing Service,Angle Stop,Canceled,PPC,Google | Search | Brand,92122,$0.00,TRUE
,,1132070495,9/2/2026,9/2/2026,Plumbing Service,Angle Stop,Canceled,PPC,Google | Search | Brand,92122,$0.00,TRUE
,,479618807,9/2/2026,9/3/2026,Plumbing Service,Angle Stop,Completed,,rebecca test,92123,$0.00,TRUE
,,289617235,9/2/2026,,Plumbing Service,Angle Stop,Scheduled,Direct Web Traffic,Direct Web Traffic,92101,$301.00,TRUE
,,1133538602,9/3/2026,9/4/2026,Plumbing Service,Angle Stop,Completed,PPC,Google | Search | Brand,92101,$0.00,TRUE
,,1077428234,9/3/2026,,Plumbing Service,Angle Stop,Hold,Yelp,Yelp,92075,$396.00,TRUE
,,1131864750,9/3/2026,9/3/2026,Plumbing Service,Angle Stop,Completed,Organic Search,Google Organic,91942,$0.00,TRUE
,,63867479,9/3/2026,9/1/2026,Plumbing Service,Angle Stop,Completed,PPC,Google | Search | Brand,92103,$0.00,TRUE
,,31604746,9/3/2026,,Plumbing Service,Angle Stop,Scheduled,Branded Phone Number,Local 619,92121,$0.00,FALSE
,,31696999,9/3/2026,,Plumbing Service,Angle Stop,Scheduled,Branded Phone Number,A1-800-BILL HOWE,92110,$0.00,TRUE
,,49831644,9/4/2026,9/4/2026,Plumbing Service,Angle Stop,Completed,Branded Phone Number,Local 619,92108,$549.00,TRUE
,,1129497035,9/4/2026,,Plumbing Service,Angle Stop,Scheduled,3rd Party Web Traffic,Yelp Referral Traffic,92118,$0.00,TRUE
,,89554433,9/4/2026,,Plumbing Service,Angle Stop,Scheduled,Website,Email Contact Form,92128,$0.00,TRUE
,,380614326,9/4/2026,,Plumbing Service,Angle Stop,Scheduled,Sameday AI,Sameday AI,92120,$0.00,TRUE
,,60896639,9/6/2026,,Plumbing Service,Angle Stop,Scheduled,Google Business Profiles,GMB_SanDiego,92108,$0.00,TRUE
,,1136195484,9/6/2026,,Plumbing Service,Angle Stop,Scheduled,PPC,Google | Search | Brand,92078,$0.00,TRUE
,,,,,36,36,36,36,36,,$9938.00,
,Job Type: Area/Storm Drain,,,,,,,,,,,
,,1130006980,8/25/2026,8/26/2026,Plumbing Service,Area/Storm Drain,Completed,Yelp,Yelp,92131,$102.00,TRUE
,,66868633,8/27/2026,9/3/2026,Plumbing Service,Area/Storm Drain,Completed,Google Business Profiles,GMB_Poway,92011,$0.00,TRUE
,,321722776,9/2/2026,,Plumbing Service,Area/Storm Drain,Scheduled,Google LSA,Google Local Services,92037,$0.00,TRUE
,,1133519783,9/3/2026,9/4/2026,Plumbing Service,Area/Storm Drain,Completed,Direct Web Traffic,Direct Web Traffic,92024,$477.00,TRUE
,,671196398,9/3/2026,,Plumbing Service,Area/Storm Drain,Scheduled,Organic Search,Google Organic,91941,$0.00,TRUE
,,31732401,9/3/2026,,Plumbing Service,Area/Storm Drain,Scheduled,Google LSA,Google Local Services,92124,$0.00,TRUE
,,,,,6,6,6,6,6,,$579.00,
,Job Type: Backflow Repair,,,,,,,,,,,
,,31560686,8/24/2026,8/24/2026,Plumbing Service,Backflow Repair,Completed,Branded Phone Number,Local 619,92104,$0.00,FALSE
,,1125559904,8/24/2026,8/18/2026,Plumbing Service,Backflow Repair,Completed,Yelp,Yelp,92131,$0.00,TRUE
,,483305576,8/26/2026,8/31/2026,Plumbing Service,Backflow Repair,Completed,Branded Phone Number,Local 619,92107,$511.00,TRUE
,,31560686,8/26/2026,8/27/2026,Plumbing Service,Backflow Repair,Completed,Branded Phone Number,Local 619,92104,$1200.00,TRUE
,,49195299,8/26/2026,9/4/2026,Plumbing Service,Backflow Repair,Completed,Branded Phone Number,Local 619,92103,$6325.00,TRUE
,,481535563,8/27/2026,9/3/2026,Plumbing Service,Backflow Repair,Completed,Google LSA,Google Local Services,92021,$630.00,TRUE
,,31581855,8/28/2026,9/1/2026,Plumbing Service,Backflow Repair,Completed,Google Business Profiles,GMB_SanDiego,92037,$439.76,TRUE
,,1131294558,8/31/2026,8/31/2026,Plumbing Service,Backflow Repair,Completed,Google Business Profiles,GMB_Poway,92128,$654.00,TRUE
,,31704092,8/31/2026,8/21/2026,Plumbing Service,Backflow Repair,Completed,PPC,Google | Search | Brand,92024,$0.00,TRUE
,,31567572,8/31/2026,8/11/2026,Plumbing Service,Backflow Repair,Completed,Website,Email Contact Form,92113,$2077.00,TRUE
,,1118039159,9/1/2026,,Plumbing Service,Backflow Repair,Scheduled,Direct Web Traffic,Direct Web Traffic,92040,$0.00,TRUE
,,319540277,9/2/2026,8/17/2026,Plumbing Service,Backflow Repair,Completed,Yelp,Yelp,92118,$0.00,TRUE
,,1125559904,9/3/2026,,Plumbing Service,Backflow Repair,Hold,Yelp,Yelp,92131,$0.00,FALSE
,,31731370,9/3/2026,,Plumbing Service,Backflow Repair,Scheduled,Branded Phone Number,Local 619,92064,$478.00,TRUE
,,483955361,9/3/2026,,Plumbing Service,Backflow Repair,Scheduled,Google LSA,Google Local Services,92104,$0.00,FALSE
,,274293556,9/4/2026,,Plumbing Service,Backflow Repair,Scheduled,Google LSA,Google Local Services,92154,$596.00,TRUE
,,31701115,9/4/2026,,Plumbing Service,Backflow Repair,Scheduled,Branded Phone Number,Local 619,92121,$684.00,TRUE
,,,,,17,17,17,17,17,,$13594.76,
,Job Type: Combo,,,,,,,,,,,
,,40625880,8/24/2026,8/26/2026,Plumbing Service,Combo,Completed,PPC,Google | Search | Brand,92037,$409.00,TRUE
,,1129293007,8/24/2026,8/24/2026,Plumbing Service,Combo,Completed,Branded Phone Number,Local 619,92154,$315.29,TRUE
,,1129216281,8/24/2026,8/25/2026,Plumbing Service,Combo,Completed,PPC,Google | Search | Brand,91977,$0.00,TRUE
,,65702378,8/24/2026,8/25/2026,Plumbing Service,Combo,Completed,Google Business Profiles,GMB_SanDiego,92037,$277.00,TRUE
,,66776548,8/24/2026,8/25/2026,Plumbing Service,Combo,Completed,Google Business Profiles,GMB_Poway,92064,$0.00,TRUE
,,903945971,8/24/2026,8/25/2026,Plumbing Service,Combo,Completed,Branded Phone Number,Local 619,91950,$362.72,TRUE
,,31560686,8/24/2026,8/19/2026,Plumbing Service,Combo,Completed,Branded Phone Number,Local 619,92128,$0.00,TRUE
,,268476759,8/24/2026,8/25/2026,Plumbing Service,Combo,Completed,Google Business Profiles,GMB_SanDiego,92102,$0.00,TRUE
,,31721052,8/25/2026,8/26/2026,Plumbing Service,Combo,Completed,PPC,Google | Search | Brand,92129,$572.00,TRUE
,,56641716,8/26/2026,8/26/2026,Plumbing Service,Combo,Completed,Branded Phone Number,Local 619,92020,$273.24,TRUE
,,892975465,8/27/2026,8/28/2026,Plumbing Service,Combo,Completed,Branded Phone Number,A1-800-BILL HOWE,92119,$0.00,FALSE
,,31721052,8/28/2026,8/31/2026,Plumbing Service,Combo,Completed,PPC,Google | Search | Brand,92129,$1261.00,TRUE
,,479618818,8/31/2026,8/31/2026,Plumbing Service,Combo,Completed,Direct Web Traffic,Direct Web Traffic,92108,$0.00,TRUE
,,65708901,8/31/2026,9/3/2026,Plumbing Service,Combo,Completed,Branded Phone Number,A1-800-BILL HOWE,92103,$2087.00,TRUE
,,1072446814,8/31/2026,3/5/2026,Plumbing Service,Combo,Completed,PPC,Google | Search | Brand,92007,-$2202.00,TRUE
,,1131527418,9/1/2026,9/1/2026,Plumbing Service,Combo,Completed,Direct Web Traffic,Direct Web Traffic,92123,$0.00,TRUE
,,92581600,9/1/2026,9/4/2026,Plumbing Service,Combo,Completed,Branded Phone Number,A1-800-BILL HOWE,92040,$13800.00,TRUE
,,54205727,9/1/2026,,Plumbing Service,Combo,Scheduled,Branded Phone Number,Local 619,92025,$0.00,TRUE
,,1133355743,9/2/2026,,Plumbing Service,Combo,In Progress,Direct Web Traffic,Direct Web Traffic,92024,$285.00,TRUE
,,31716729,9/3/2026,9/3/2026,Plumbing Service,Combo,Completed,Tech referral,Tech Referral,92108,$0.00,TRUE
,,299631252,9/3/2026,9/3/2026,Plumbing Service,Combo,Canceled,Organic Search,Google Organic,92119,$0.00,TRUE
,,,,,21,21,21,21,21,,$17440.25,
,Job Type: Dishwasher,,,,,,,,,,,
,,95046971,8/24/2026,8/25/2026,Plumbing Service,Dishwasher,Completed,Branded Phone Number,A1-800-BILL HOWE,92131,$0.00,TRUE
,,890031259,8/25/2026,8/26/2026,Plumbing Service,Dishwasher,Completed,Google Business Profiles,GMB_SanDiego,92101,$0.00,TRUE
,,1125369941,8/25/2026,8/28/2026,Plumbing Service,Dishwasher,Completed,Email,2025 Jetter Customers Annual Drip,92116,$0.00,TRUE
,,31633708,8/26/2026,8/27/2026,Plumbing Service,Dishwasher,Canceled,Branded Phone Number,Local 619,91914,$0.00,TRUE
,,285131924,9/3/2026,9/3/2026,Plumbing Service,Dishwasher,Completed,Branded Phone Number,A1-800-BILL HOWE,92064,$102.00,TRUE
,,,,,5,5,5,5,5,,$102.00,
,Job Type: Disposal,,,,,,,,,,,
,,62937610,8/24/2026,8/24/2026,Plumbing Service,Disposal,Completed,Branded Phone Number,Local 619,92104,$530.00,TRUE
,,474668477,8/24/2026,8/24/2026,Plumbing Service,Disposal,Completed,Google Business Profiles,GMB_SanDiego,92122,$0.00,TRUE
,,297246938,8/24/2026,8/26/2026,Plumbing Service,Disposal,Completed,PPC,Google | Search | Brand,92104,$0.00,TRUE
,,31564045,8/24/2026,8/28/2026,Plumbing Service,Disposal,Completed,Branded Phone Number,Local 619,92109,$487.60,TRUE
,,31626725,8/24/2026,8/25/2026,Plumbing Service,Disposal,Completed,Branded Phone Number,Local 619,92037,$0.00,TRUE
,,31706483,8/25/2026,8/26/2026,Plumbing Service,Disposal,Completed,Email,Legacy Email Marketing Multiple Offers,92116,$477.00,TRUE
,,63380724,8/25/2026,8/20/2026,Plumbing Service,Disposal,Completed,Sameday AI,Sameday AI,92107,$0.00,TRUE
,,270945176,8/25/2026,8/26/2026,Plumbing Service,Disposal,Completed,Google Business Profiles,GMB_SanDiego,92117,$530.00,TRUE
,,31607056,8/26/2026,8/27/2026,Plumbing Service,Disposal,Completed,Direct Web Traffic,Direct Web Traffic,92116,$530.00,TRUE
,,31623834,8/27/2026,9/2/2026,Plumbing Service,Disposal,Completed,PPC,Google | Search | Brand,92103,$530.00,TRUE
,,342208971,8/28/2026,8/28/2026,Plumbing Service,Disposal,Completed,Google Business Profiles,GMB_SanDiego,92130,$1167.00,TRUE
,,31653478,8/28/2026,8/28/2026,Plumbing Service,Disposal,Completed,Organic Search,Yahoo Organic,92109,$0.00,TRUE
,,31630335,8/30/2026,9/3/2026,Plumbing Service,Disposal,Completed,PPC,Google | Search | Plumbing,92115,$0.00,TRUE
,,254429679,8/30/2026,8/31/2026,Plumbing Service,Disposal,Completed,Branded Phone Number,Local 619,92123,$947.15,TRUE
,,487240495,8/30/2026,,Plumbing Service,Disposal,Scheduled,PPC,Bing | Search | Brand,92009,$0.00,TRUE
,,266176952,8/31/2026,9/1/2026,Plumbing Service,Disposal,Completed,Google Business Profiles,GMB_SanDiego,92101,$212.00,TRUE
,,473845765,9/1/2026,9/1/2026,Plumbing Service,Disposal,Completed,Google Business Profiles,GMB_SanDiego,92131,$212.00,TRUE
,,31710099,9/1/2026,9/1/2026,Plumbing Service,Disposal,Completed,Sameday AI,Sameday AI,91941,$530.00,TRUE
,,254429679,9/1/2026,8/31/2026,Plumbing Service,Disposal,Completed,Branded Phone Number,Local 619,92123,$0.00,TRUE
,,31563991,9/1/2026,9/1/2026,Plumbing Service,Disposal,Completed,Branded Phone Number,Local 619,92117,$848.00,TRUE
,,84075991,9/1/2026,9/2/2026,Plumbing Service,Disposal,Completed,PPC,Google | Search | Brand,92130,$281.70,TRUE
,,31673135,9/1/2026,,Plumbing Service,Disposal,Scheduled,Google Business Profiles,GMB_SanDiego,92102,$0.00,TRUE
,,895784802,9/2/2026,9/2/2026,Plumbing Service,Disposal,Completed,Organic Search,Google Organic,91941,$212.00,TRUE
,,678080424,9/2/2026,9/2/2026,Plumbing Service,Disposal,Completed,Google LSA,Google Local Services,92109,$0.00,TRUE
,,1037532415,9/2/2026,9/2/2026,Plumbing Service,Disposal,Completed,Branded Phone Number,Local 619,92037,$848.00,TRUE
,,46405377,9/2/2026,9/2/2026,Plumbing Service,Disposal,Completed,Branded Phone Number,A1-800-BILL HOWE,92116,$530.00,TRUE
,,1133359453,9/2/2026,9/2/2026,Plumbing Service,Disposal,Canceled,Organic Search,Google Organic,92057,$0.00,TRUE
,,467728975,9/3/2026,,Plumbing Service,Disposal,Hold,Branded Phone Number,Local 619,92064,$0.00,FALSE
,,266176952,9/3/2026,9/1/2026,Plumbing Service,Disposal,Completed,Google Business Profiles,GMB_SanDiego,92101,$0.00,TRUE
,,64809421,9/4/2026,9/4/2026,Plumbing Service,Disposal,Completed,Google Business Profiles,GMB_SanDiego,92116,$530.00,TRUE
,,31704711,9/4/2026,,Plumbing Service,Disposal,Scheduled,Branded Phone Number,A1-800-BILL HOWE,91977,$0.00,TRUE
,,273757352,9/5/2026,9/5/2026,Plumbing Service,Disposal,Completed,Google LSA,Google Local Services,92127,$530.00,TRUE
,,1065292566,9/5/2026,9/5/2026,Plumbing Service,Disposal,Completed,Google Business Profiles,GMB_SanDiego,92128,$250.00,TRUE
,,,,,33,33,33,33,33,,$10182.45,
,Job Type: Drain Install,,,,,,,,,,,
,,31595115,8/31/2026,8/4/2026,Plumbing Service,Drain Install,Completed,Organic Search,Google Organic,92104,$0.00,TRUE
,,,,,1,1,1,1,1,,$0.00,
,Job Type: Drain Repair,,,,,,,,,,,
,,301558551,8/24/2026,8/18/2026,Plumbing Service,Drain Repair,Completed,Google Business Profiles,GMB_SanDiego,92123,$0.00,TRUE
,,31643120,8/24/2026,8/20/2026,Plumbing Service,Drain Repair,Completed,Branded Phone Number,Local 619,92115,$0.00,TRUE
,,99921868,8/24/2026,8/20/2026,Plumbing Service,Drain Repair,Completed,Google Business Profiles,GMB_SanDiego,92054,$0.00,FALSE
,,1118935686,8/24/2026,8/26/2026,Plumbing Service,Drain Repair,Completed,Organic Search,DuckDuckGo Organic,92071,$5400.00,TRUE
,,251371407,8/24/2026,8/14/2026,Plumbing Service,Drain Repair,Completed,Organic Search,Google Organic,92110,-$100.00,TRUE
,,31709554,8/24/2026,8/28/2026,Plumbing Service,Drain Repair,Completed,Branded Phone Number,Local 619,92104,$15485.00,TRUE
,,483199705,8/24/2026,8/26/2026,Plumbing Service,Drain Repair,Completed,PPC,Google | Search | Brand,92071,$7500.00,TRUE
,,46283470,8/24/2026,8/26/2026,Plumbing Service,Drain Repair,Completed,PPC,Google | Search | Brand,92120,$276.00,TRUE
,,31645689,8/24/2026,8/25/2026,Plumbing Service,Drain Repair,Completed,Branded Phone Number,Local 619,92104,$0.00,FALSE
,,308859711,8/24/2026,8/25/2026,Plumbing Service,Drain Repair,Completed,Branded Phone Number,Local 619,92122,$255.00,TRUE
,,31643120,8/25/2026,8/20/2026,Plumbing Service,Drain Repair,Completed,Branded Phone Number,Local 619,92115,$0.00,TRUE
,,31537512,8/25/2026,8/27/2026,Plumbing Service,Drain Repair,Completed,PPC,Google | Search | Brand,92107,$9900.00,TRUE
,,98485841,8/25/2026,8/26/2026,Plumbing Service,Drain Repair,Completed,Branded Phone Number,Local 619,92106,$0.00,TRUE
,,31537512,8/25/2026,8/25/2026,Plumbing Service,Drain Repair,Completed,PPC,Google | Search | Brand,92107,$3500.00,TRUE
,,485137919,8/25/2026,8/26/2026,Plumbing Service,Drain Repair,Completed,Organic Search,Google Organic,92102,$0.00,FALSE
,,31652960,8/25/2026,8/14/2026,Plumbing Service,Drain Repair,Completed,Yelp,Yelp,91941,$0.00,TRUE
,,94248419,8/25/2026,8/14/2026,Plumbing Service,Drain Repair,Completed,PPC,Google | Search | Brand,92037,$0.00,FALSE
,,1125166066,8/26/2026,8/27/2026,Plumbing Service,Drain Repair,Completed,Google Business Profiles,GMB_SanDiego,91913,$689.00,TRUE
,,1129216281,8/26/2026,9/3/2026,Plumbing Service,Drain Repair,Completed,Organic Search,Google Organic,91977,$4599.00,TRUE
,,485137919,8/26/2026,8/27/2026,Plumbing Service,Drain Repair,Completed,Organic Search,Google Organic,92102,$950.00,TRUE
,,975961970,8/26/2026,8/27/2026,Plumbing Service,Drain Repair,Completed,Branded Phone Number,A1-800-BILL HOWE,92064,$855.00,TRUE
,,49674764,8/26/2026,,Plumbing Service,Drain Repair,Scheduled,PPC,Google | Search | Brand,91942,$16100.00,TRUE
,,673452134,8/26/2026,8/11/2026,Plumbing Service,Drain Repair,Completed,PPC,Google | Search | Brand,92111,$0.00,TRUE
,,1121454609,8/26/2026,8/14/2026,Plumbing Service,Drain Repair,Completed,Google LSA,Google Local Services,91945,$0.00,FALSE
,,1125589479,8/26/2026,8/16/2026,Plumbing Service,Drain Repair,Completed,Google LSA,Google Local Services,92021,-$144.00,TRUE
,,31599682,8/26/2026,8/27/2026,Plumbing Service,Drain Repair,Completed,Direct Web Traffic,Direct Web Traffic,92130,$620.10,TRUE
,,902469128,8/26/2026,8/5/2026,Plumbing Service,Drain Repair,Completed,PPC,Google | Search | Brand,92104,$7087.50,TRUE
,,1129781932,8/26/2026,8/31/2026,Plumbing Service,Drain Repair,Completed,Direct Web Traffic,Direct Web Traffic,92105,$9706.01,TRUE
,,31644622,8/27/2026,8/28/2026,Plumbing Service,Drain Repair,Completed,Branded Phone Number,A1-800-BILL HOWE,92108,$0.00,FALSE
,,902471557,8/27/2026,7/2/2026,Plumbing Service,Drain Repair,Completed,PPC,Google | Search | Brand,92117,$8975.05,TRUE
,,31706524,8/27/2026,8/24/2026,Plumbing Service,Drain Repair,Completed,Organic Search,Bing Organic,92117,$0.00,TRUE
,,31705981,8/27/2026,8/31/2026,Plumbing Service,Drain Repair,Completed,Google Business Profiles,GMB_Poway,92064,$1600.00,TRUE
,,31723552,8/27/2026,8/24/2026,Plumbing Service,Drain Repair,Completed,PPC,Google | Search | Brand,92011,$0.00,TRUE
,,1102985013,8/27/2026,8/28/2026,Plumbing Service,Drain Repair,Completed,Google LSA,Google Local Services,92108,$175.00,TRUE
,,679513993,8/27/2026,9/2/2026,Plumbing Service,Drain Repair,Completed,External Referral,Referral,92129,$4500.00,TRUE
,,679513993,8/27/2026,9/4/2026,Plumbing Service,Drain Repair,Completed,External Referral,Referral,92129,$4500.00,TRUE
,,679513993,8/27/2026,9/3/2026,Plumbing Service,Drain Repair,Completed,External Referral,Referral,92129,$4500.00,TRUE
,,1104433892,8/28/2026,7/31/2026,Plumbing Service,Drain Repair,Completed,Google Business Profiles,GMB_SanDiego,92075,-$975.00,TRUE
,,58322171,8/28/2026,8/31/2026,Plumbing Service,Drain Repair,Completed,Branded Phone Number,Local 619,92109,$0.00,FALSE
,,31732021,8/28/2026,8/28/2026,Plumbing Service,Drain Repair,Completed,Google Business Profiles,GMB_SanDiego,92122,$1600.00,TRUE
,,902469128,8/28/2026,8/25/2026,Plumbing Service,Drain Repair,Completed,Branded Phone Number,A1-800-BILL HOWE,92139,$2268.00,TRUE
,,1075118203,8/28/2026,,Plumbing Service,Drain Repair,Scheduled,,Small Leaks Big Problems August 2026,92064,$1436.00,TRUE
,,31644622,8/28/2026,8/31/2026,Plumbing Service,Drain Repair,Completed,Branded Phone Number,A1-800-BILL HOWE,92108,$3617.00,TRUE
,,902469128,8/28/2026,8/25/2026,Plumbing Service,Drain Repair,Completed,Google Business Profiles,GMB_SanDiego,92067,$3307.50,TRUE
,,253808020,8/28/2026,8/28/2026,Plumbing Service,Drain Repair,Completed,Email,2025 Jetter Customers Annual Drip,92103,$0.00,TRUE
,,1131175160,8/28/2026,8/28/2026,Plumbing Service,Drain Repair,Canceled,Google Business Profiles,GMB_SanDiego,92130,$0.00,TRUE
,,31731643,8/31/2026,9/1/2026,Plumbing Service,Drain Repair,Completed,PPC,Google | PMAX | Plumbing,92130,$0.00,TRUE
,,31550115,8/31/2026,,Plumbing Service,Drain Repair,In Progress,Branded Phone Number,A1-800-BILL HOWE,92110,$4800.00,TRUE
,,31550115,8/31/2026,,Plumbing Service,Drain Repair,Scheduled,Branded Phone Number,A1-800-BILL HOWE,92110,$3600.00,TRUE
,,1118935686,8/31/2026,8/26/2026,Plumbing Service,Drain Repair,Completed,Organic Search,DuckDuckGo Organic,92071,$0.00,TRUE
,,979490189,8/31/2026,8/10/2026,Plumbing Service,Drain Repair,Completed,Branded Phone Number,A1-800-BILL HOWE,92117,-$1900.00,TRUE
,,485137919,8/31/2026,8/27/2026,Plumbing Service,Drain Repair,Completed,Organic Search,Google Organic,92102,$0.00,FALSE
,,31537512,8/31/2026,8/25/2026,Plumbing Service,Drain Repair,Completed,PPC,Google | Search | Brand,92107,$0.00,TRUE
,,31709554,8/31/2026,8/28/2026,Plumbing Service,Drain Repair,Completed,Branded Phone Number,Local 619,92104,$0.00,TRUE
,,902469128,8/31/2026,8/14/2026,Plumbing Service,Drain Repair,Completed,Google LSA,Google Local Services,91945,$23589.00,TRUE
,,1131281056,9/1/2026,9/1/2026,Plumbing Service,Drain Repair,Completed,Branded Phone Number,Local 619,92117,$175.00,TRUE
,,1131175160,9/1/2026,9/3/2026,Plumbing Service,Drain Repair,Completed,Branded Phone Number,Local 619,92130,$319.00,TRUE
,,31537883,9/1/2026,9/2/2026,Plumbing Service,Drain Repair,Completed,Branded Phone Number,A1-800-BILL HOWE,92027,$0.00,FALSE
,,1127207797,9/1/2026,8/20/2026,Plumbing Service,Drain Repair,Completed,Branded Phone Number,A1-800-BILL HOWE,92106,$0.00,TRUE
,,31682089,9/1/2026,8/25/2026,Plumbing Service,Drain Repair,Completed,PPC,Google | Search | Brand,92122,$0.00,TRUE
,,1125166066,9/1/2026,9/1/2026,Plumbing Service,Drain Repair,Completed,Google Business Profiles,GMB_SanDiego,91913,$0.00,TRUE
,,281536974,9/1/2026,8/27/2026,Plumbing Service,Drain Repair,Completed,Tech referral,Tech Referral,92067,$0.00,TRUE
,,258130533,9/1/2026,,Plumbing Service,Drain Repair,Scheduled,PPC,Bing | Search | Brand,92117,$8000.00,TRUE
,,1103530987,9/1/2026,9/4/2026,Plumbing Service,Drain Repair,Completed,PPC,Google | Search | Brand,92071,$7400.00,TRUE
,,31709554,9/2/2026,8/28/2026,Plumbing Service,Drain Repair,Completed,Branded Phone Number,Local 619,92104,$0.00,TRUE
,,31589459,9/2/2026,8/28/2026,Plumbing Service,Drain Repair,Completed,Branded Phone Number,A1-800-BILL HOWE,92109,$0.00,TRUE
,,1130630408,9/2/2026,,Plumbing Service,Drain Repair,In Progress,Google Business Profiles,GMB_SanDiego,92105,$3700.00,TRUE
,,31689177,9/2/2026,9/3/2026,Plumbing Service,Drain Repair,Completed,Direct Web Traffic,Direct Web Traffic,92107,$0.00,FALSE
,,1129781932,9/2/2026,8/31/2026,Plumbing Service,Drain Repair,Completed,Direct Web Traffic,Direct Web Traffic,92105,$0.00,TRUE
,,98485841,9/2/2026,9/2/2026,Plumbing Service,Drain Repair,Completed,Branded Phone Number,Local 619,92106,$0.00,TRUE
,,31665920,9/2/2026,8/14/2026,Plumbing Service,Drain Repair,Completed,Google Business Profiles,GMB_SanDiego,92040,$0.00,TRUE
,,305307456,9/2/2026,9/2/2026,Plumbing Service,Drain Repair,Completed,Branded Phone Number,A1-800-BILL HOWE,92071,$175.00,TRUE
,,31591404,9/2/2026,9/4/2026,Plumbing Service,Drain Repair,Completed,Yelp,Yelp,92104,$13200.00,TRUE
,,31670915,9/2/2026,9/3/2026,Plumbing Service,Drain Repair,Completed,Tech referral,Tech Referral,92115,$0.00,FALSE
,,902469128,9/2/2026,7/31/2026,Plumbing Service,Drain Repair,Completed,Branded Phone Number,A1-800-BILL HOWE,92109,$11340.00,TRUE
,,1129781932,9/2/2026,8/31/2026,Plumbing Service,Drain Repair,Completed,Direct Web Traffic,Direct Web Traffic,92105,$0.00,TRUE
,,902469128,9/2/2026,7/27/2026,Plumbing Service,Drain Repair,Completed,Branded Phone Number,Local 619,91950,$5191.72,TRUE
,,31689177,9/2/2026,9/3/2026,Plumbing Service,Drain Repair,Completed,Organic Search,Bing Organic,92107,$2750.00,TRUE
,,1119017448,9/2/2026,9/3/2026,Plumbing Service,Drain Repair,Completed,Paid Social,Nextdoor,92116,$689.00,TRUE
,,283292701,9/3/2026,9/4/2026,Plumbing Service,Drain Repair,Completed,Organic Search,Google Organic,92021,$0.00,TRUE
,,248645899,9/3/2026,9/4/2026,Plumbing Service,Drain Repair,Completed,PPC,Google | Search | Brand,92091,$102.00,TRUE
,,1133364357,9/3/2026,9/4/2026,Plumbing Service,Drain Repair,Completed,Google LSA,Google Local Services,92020,$4189.00,TRUE
,,675063222,9/3/2026,,Plumbing Service,Drain Repair,Scheduled,PPC,Google | PMAX | Drains,92014,$5200.00,TRUE
,,1036320322,9/3/2026,,Plumbing Service,Drain Repair,Scheduled,PPC,Google | PMAX | Plumbing,92121,$1180.00,TRUE
,,1036320322,9/3/2026,,Plumbing Service,Drain Repair,Scheduled,PPC,Google | PMAX | Plumbing,92121,$2832.00,TRUE
,,1073106984,9/3/2026,9/1/2026,Plumbing Service,Drain Repair,Completed,Google Business Profiles,GMB_SanDiego,92130,$0.00,FALSE
,,31608172,9/3/2026,9/4/2026,Plumbing Service,Drain Repair,Completed,Google Business Profiles,GMB_SanDiego,92109,$288.00,TRUE
,,1131239089,9/4/2026,9/4/2026,Plumbing Service,Drain Repair,Completed,PPC,Google | PMAX | Drains,91914,$4500.00,TRUE
,,58322171,9/4/2026,,Plumbing Service,Drain Repair,Hold,Branded Phone Number,Local 619,92109,$3200.00,TRUE
,,31557960,9/4/2026,,Plumbing Service,Drain Repair,In Progress,Branded Phone Number,Local 619,92037,$8500.00,TRUE
,,1131175160,9/4/2026,9/4/2026,Plumbing Service,Drain Repair,Canceled,Branded Phone Number,Local 619,92130,$0.00,FALSE
,,890993950,9/4/2026,9/2/2026,Plumbing Service,Drain Repair,Completed,Google Business Profiles,GMB_SanDiego,91941,$0.00,TRUE
,,31537883,9/4/2026,9/2/2026,Plumbing Service,Drain Repair,Completed,Branded Phone Number,A1-800-BILL HOWE,92027,$0.00,FALSE
,,334660261,9/4/2026,,Plumbing Service,Drain Repair,Scheduled,Branded Phone Number,Local 619,92104,$2334.00,TRUE
,,1124698051,9/4/2026,,Plumbing Service,Drain Repair,Scheduled,Branded Phone Number,Local 619,92130,$0.00,TRUE
,,1132047839,9/4/2026,,Plumbing Service,Drain Repair,Scheduled,Organic Search,Google Organic,92009,$3300.00,TRUE
,,679513993,9/4/2026,,Plumbing Service,Drain Repair,Scheduled,External Referral,Referral,92129,$4500.00,TRUE
,,679513993,9/4/2026,,Plumbing Service,Drain Repair,Scheduled,External Referral,Referral,92129,$4500.00,TRUE
,,679513993,9/4/2026,,Plumbing Service,Drain Repair,Scheduled,External Referral,Referral,92129,$4500.00,TRUE
,,679513993,9/4/2026,,Plumbing Service,Drain Repair,Scheduled,External Referral,Referral,92129,$4500.00,TRUE
,,679513993,9/4/2026,,Plumbing Service,Drain Repair,Scheduled,External Referral,Referral,92129,$4500.00,TRUE
,,31579571,9/4/2026,,Plumbing Service,Drain Repair,Scheduled,Branded Phone Number,Local 619,92104,$0.00,TRUE
,,679513993,9/4/2026,,Plumbing Service,Drain Repair,Scheduled,External Referral,Referral,92129,$4500.00,TRUE
,,248970094,9/4/2026,,Plumbing Service,Drain Repair,Scheduled,Organic Search,Google Organic,92129,$457.00,TRUE
,,1105112411,9/6/2026,,Plumbing Service,Drain Repair,Scheduled,PPC,Google | Search | Brand,92037,$0.00,TRUE
,,,,,105,105,105,105,105,,$264292.88,
,Job Type: Drywall,,,,,,,,,,,
,,1118935686,8/25/2026,9/1/2026,Plumbing Service,Drywall,Completed,Organic Search,DuckDuckGo Organic,92071,$0.00,FALSE
,,31652960,8/25/2026,,Plumbing Service,Drywall,Scheduled,Yelp,Yelp,91941,$0.00,TRUE
,,1129224269,8/26/2026,8/26/2026,Plumbing Service,Drywall,Completed,PPC,Bing | Search | Brand,91910,$0.00,TRUE
,,1102086190,8/27/2026,8/27/2026,Plumbing Service,Drywall,Completed,Direct Web Traffic,Direct Web Traffic,92109,$1200.00,TRUE
,,31537512,8/27/2026,9/2/2026,Plumbing Service,Drywall,Completed,PPC,Google | Search | Brand,92107,$1000.00,TRUE
,,1102086190,8/28/2026,8/28/2026,Plumbing Service,Drywall,Completed,Direct Web Traffic,Direct Web Traffic,92109,$0.00,TRUE
,,59089600,8/31/2026,9/3/2026,Plumbing Service,Drywall,Completed,Google Business Profiles,GMB_SanDiego,92064,$450.00,TRUE
,,31537883,8/31/2026,8/31/2026,Plumbing Service,Drywall,Completed,Branded Phone Number,A1-800-BILL HOWE,92027,$0.00,FALSE
,,31537883,8/31/2026,9/3/2026,Plumbing Service,Drywall,Completed,Branded Phone Number,A1-800-BILL HOWE,92027,$550.00,TRUE
,,58163880,9/2/2026,9/4/2026,Plumbing Service,Drywall,Completed,Outbound SMS,ST Outbound Text Lines,92106,$0.00,TRUE
,,340052528,9/2/2026,,Plumbing Service,Drywall,Scheduled,Branded Phone Number,Local 619,92117,$0.00,TRUE
,,679513993,9/3/2026,,Plumbing Service,Drywall,Scheduled,External Referral,Referral,92129,$4800.00,TRUE
,,679513993,9/3/2026,9/3/2026,Plumbing Service,Drywall,Completed,External Referral,Referral,92129,$4800.00,TRUE
,,679513993,9/3/2026,9/3/2026,Plumbing Service,Drywall,Completed,External Referral,Referral,92129,$4800.00,TRUE
,,92581600,9/3/2026,,Plumbing Service,Drywall,Scheduled,Branded Phone Number,A1-800-BILL HOWE,92040,$0.00,FALSE
,,31640520,9/3/2026,,Plumbing Service,Drywall,Hold,Google Business Profiles,GMB_SanDiego,92019,$0.00,TRUE
,,1129509614,9/4/2026,,Plumbing Service,Drywall,Scheduled,Outbound SMS,ST Outbound Text Lines,92037,$0.00,TRUE
,,,,,17,17,17,17,17,,$17600.00,
,Job Type: Floor Drain Stop,,,,,,,,,,,
,,51534062,8/24/2026,8/25/2026,Plumbing Service,Floor Drain Stop,Completed,Organic Search,Google Organic,92122,$78.20,TRUE
,,977288234,8/26/2026,8/26/2026,Plumbing Service,Floor Drain Stop,Canceled,Google Business Profiles,GMB_SanDiego,92131,$0.00,TRUE
,,1130795783,8/27/2026,8/31/2026,Plumbing Service,Floor Drain Stop,Completed,Google Business Profiles,GMB_SanDiego,92093,$0.00,TRUE
,,378998593,8/27/2026,8/28/2026,Plumbing Service,Floor Drain Stop,Completed,PPC,Google | Search | Brand,92104,$130.00,TRUE
,,269068195,8/30/2026,8/31/2026,Plumbing Service,Floor Drain Stop,Completed,Branded Phone Number,Local 619,92116,$144.00,TRUE
,,297334957,8/31/2026,9/2/2026,Plumbing Service,Floor Drain Stop,Completed,Google Business Profiles,GMB_SanDiego,92101,$132.48,TRUE
,,296137235,9/3/2026,9/4/2026,Plumbing Service,Floor Drain Stop,Completed,Branded Phone Number,A1-800-BILL HOWE,92069,$93.84,TRUE
,,31670301,9/5/2026,9/5/2026,Plumbing Service,Floor Drain Stop,Completed,Branded Phone Number,Local 619,91911,$500.00,TRUE
,,31688130,9/5/2026,9/5/2026,Plumbing Service,Floor Drain Stop,Completed,Branded Phone Number,A1-800-BILL HOWE,92108,$514.96,TRUE
,,1136237521,9/6/2026,9/6/2026,Plumbing Service,Floor Drain Stop,Completed,CSR Outbound,$1 OUTBOUND (use this for out-bounding),92110,$954.00,TRUE
,,,,,10,10,10,10,10,,$2547.48,
,Job Type: Gas Leak,,,,,,,,,,,
,,99427973,8/24/2026,8/25/2026,Plumbing Service,Gas Leak,Completed,PPC,Bing | Search | Brand,92024,$396.15,TRUE
,,31631580,8/26/2026,8/31/2026,Plumbing Service,Gas Leak,Completed,Branded Phone Number,A1-800-BILL HOWE,92129,$0.00,TRUE
,,1130949874,8/28/2026,8/28/2026,Plumbing Service,Gas Leak,Completed,Organic Search,Google Organic,92021,$0.00,FALSE
,,1130949874,8/28/2026,,Plumbing Service,Gas Leak,Hold,Organic Search,Google Organic,92021,$3509.00,TRUE
,,278157015,8/28/2026,9/2/2026,Plumbing Service,Gas Leak,Completed,PPC,Google | Search | Brand,92064,$0.00,TRUE
,,,,,5,5,5,5,5,,$3905.15,
,Job Type: Gas Lock Out,,,,,,,,,,,
,,59946988,8/28/2026,8/31/2026,Plumbing Service,Gas Lock Out,Completed,PPC,Google | Search | Brand,92014,$0.00,FALSE
,,1128561793,9/1/2026,8/25/2026,Plumbing Service,Gas Lock Out,Completed,Google Business Profiles,GMB_SanDiego,91914,$0.00,FALSE
,,268768947,9/3/2026,9/4/2026,Plumbing Service,Gas Lock Out,Completed,PPC,Google | Search | Brand,92111,$0.00,FALSE
,,268768947,9/4/2026,,Plumbing Service,Gas Lock Out,Hold,PPC,Google | Search | Brand,92111,$795.00,TRUE
,,,,,4,4,4,4,4,,$795.00,
,Job Type: Hose Bib,,,,,,,,,,,
,,31720413,8/25/2026,8/26/2026,Plumbing Service,Hose Bib,Completed,Google Business Profiles,GMB_SanDiego,92009,$238.50,TRUE
,,31550762,8/27/2026,8/28/2026,Plumbing Service,Hose Bib,Completed,PPC,Bing | Search | Brand,92117,$265.00,TRUE
,,471042815,8/28/2026,8/31/2026,Plumbing Service,Hose Bib,Completed,Website,Website Phone Calls,92128,$295.00,TRUE
,,1131217294,8/29/2026,8/29/2026,Plumbing Service,Hose Bib,Completed,Branded Phone Number,Local 619,92115,$721.60,TRUE
,,381281441,8/29/2026,,Plumbing Service,Hose Bib,Hold,Yelp,Yelp,92014,$0.00,TRUE
,,31606144,8/31/2026,8/31/2026,Plumbing Service,Hose Bib,Canceled,Google Business Profiles,GMB_SanDiego,92110,$0.00,TRUE
,,31588507,8/31/2026,9/2/2026,Plumbing Service,Hose Bib,Completed,Google Business Profiles,GMB_SanDiego,92024,$265.00,TRUE
,,31536702,8/31/2026,9/1/2026,Plumbing Service,Hose Bib,Completed,PPC,Google | Search | HVAC,92024,$175.00,TRUE
,,1131957177,9/1/2026,9/2/2026,Plumbing Service,Hose Bib,Completed,Branded Phone Number,A1-800-BILL HOWE,92071,$361.00,TRUE
,,1133361582,9/2/2026,9/2/2026,Plumbing Service,Hose Bib,Completed,PPC,Google | Search | Brand,92064,$265.00,TRUE
,,282102161,9/3/2026,,Plumbing Service,Hose Bib,Hold,,Memberships due for Service,92110,$0.00,TRUE
,,31713712,9/3/2026,9/4/2026,Plumbing Service,Hose Bib,Completed,PPC,Google | Search | Brand,92104,$524.00,TRUE
,,31606656,9/3/2026,9/4/2026,Plumbing Service,Hose Bib,Canceled,PPC,Google | Search | Plumbing,92128,$0.00,TRUE
,,31660975,9/5/2026,,Plumbing Service,Hose Bib,Scheduled,Branded Phone Number,A1-800-BILL HOWE,92116,$0.00,TRUE
,,,,,14,14,14,14,14,,$3110.10,
,Job Type: Ice Maker Line,,,,,,,,,,,
,,31646171,8/24/2026,8/5/2026,Plumbing Service,Ice Maker Line,Completed,PPC,Google | Search | Brand,92037,-$241.96,TRUE
,,1067251475,8/25/2026,8/25/2026,Plumbing Service,Ice Maker Line,Completed,Branded Phone Number,Local 619,92037,$265.00,TRUE
,,266444991,8/25/2026,8/26/2026,Plumbing Service,Ice Maker Line,Completed,Organic Search,Google Organic,92029,$563.00,TRUE
,,1130223686,8/26/2026,8/26/2026,Plumbing Service,Ice Maker Line,Completed,Google Business Profiles,GMB_SanDiego,91914,$0.00,TRUE
,,45727934,8/26/2026,8/26/2026,Plumbing Service,Ice Maker Line,Completed,Branded Phone Number,A1-800-BILL HOWE,92111,$583.30,TRUE
,,31564376,8/27/2026,8/28/2026,Plumbing Service,Ice Maker Line,Completed,Branded Phone Number,Local 619,92111,$0.00,TRUE
,,1119487327,8/27/2026,8/28/2026,Plumbing Service,Ice Maker Line,Completed,PPC,Google | Search | Brand,92024,$0.00,TRUE
,,54012774,8/29/2026,8/29/2026,Plumbing Service,Ice Maker Line,Completed,Branded Phone Number,Local 619,92126,$733.55,TRUE
,,1131244868,8/31/2026,8/31/2026,Plumbing Service,Ice Maker Line,Canceled,PPC,Google | PMAX | Plumbing,92108,$0.00,TRUE
,,31631039,8/31/2026,9/3/2026,Plumbing Service,Ice Maker Line,Completed,PPC,Google | Search | Brand,92101,$265.00,TRUE
,,346299047,8/31/2026,9/4/2026,Plumbing Service,Ice Maker Line,Completed,Google Business Profiles,GMB_SanDiego,92037,$233.00,TRUE
,,310720695,9/2/2026,9/2/2026,Plumbing Service,Ice Maker Line,Completed,Website,Website Phone Calls,91915,$250.00,TRUE
,,1066062339,9/2/2026,9/2/2026,Plumbing Service,Ice Maker Line,Completed,PPC,Google | Search | Brand,92126,$250.00,TRUE
,,333937502,9/2/2026,9/3/2026,Plumbing Service,Ice Maker Line,Completed,Google Business Profiles,GMB_SanDiego,92009,$500.14,TRUE
,,683342668,9/2/2026,8/17/2026,Plumbing Service,Ice Maker Line,Completed,Organic Search,Bing Organic,91941,$0.00,TRUE
,,683342668,9/3/2026,8/17/2026,Plumbing Service,Ice Maker Line,Completed,Organic Search,Bing Organic,91941,$0.00,TRUE
,,,,,16,16,16,16,16,,$3401.03,
,Job Type: Jetting- Kitchen,,,,,,,,,,,
,,31704219,8/27/2026,8/7/2026,Plumbing Service,Jetting- Kitchen,Completed,External Referral,Referral,92064,-$487.60,TRUE
,,901811809,8/27/2026,8/31/2026,Plumbing Service,Jetting- Kitchen,Completed,Branded Phone Number,Local 619,92129,$1573.00,TRUE
,,31729818,9/4/2026,,Plumbing Service,Jetting- Kitchen,Scheduled,Branded Phone Number,A1-800-BILL HOWE,92130,$600.00,TRUE
,,,,,3,3,3,3,3,,$1685.40,
,Job Type: Jetting- Residential,,,,,,,,,,,
,,1129275415,8/24/2026,8/24/2026,Plumbing Service,Jetting- Residential,Completed,Organic Search,Google Organic,92064,$1765.00,TRUE
,,1129275415,8/26/2026,8/24/2026,Plumbing Service,Jetting- Residential,Completed,Organic Search,Google Organic,92064,$0.00,TRUE
,,52853564,8/27/2026,8/13/2026,Plumbing Service,Jetting- Residential,Completed,Google Business Profiles,GMB_SanDiego,92117,$0.00,TRUE
,,31565291,8/27/2026,9/2/2026,Plumbing Service,Jetting- Residential,Completed,CSR Outbound,$1 OUTBOUND (use this for out-bounding),92113,$1200.00,TRUE
,,52853564,8/27/2026,8/12/2026,Plumbing Service,Jetting- Residential,Completed,Google Business Profiles,GMB_SanDiego,92117,$0.00,TRUE
,,65700099,8/27/2026,8/31/2026,Plumbing Service,Jetting- Residential,Completed,Branded Phone Number,Local 619,92106,$6074.00,TRUE
,,60852589,8/27/2026,8/31/2026,Plumbing Service,Jetting- Residential,Completed,Branded Phone Number,A1-800-BILL HOWE,92118,$1803.00,TRUE
,,374678849,8/31/2026,8/25/2026,Plumbing Service,Jetting- Residential,Completed,,Memberships due for Service,92111,$0.00,TRUE
,,61751957,9/1/2026,,Plumbing Service,Jetting- Residential,Scheduled,PPC,Google | Search | Brand,92019,$2651.00,TRUE
,,65700099,9/2/2026,8/31/2026,Plumbing Service,Jetting- Residential,Completed,Branded Phone Number,Local 619,92106,$0.00,TRUE
,,65700099,9/2/2026,8/31/2026,Plumbing Service,Jetting- Residential,Completed,Branded Phone Number,Local 619,92106,$0.00,TRUE
,,31643244,9/2/2026,9/4/2026,Plumbing Service,Jetting- Residential,Completed,Google Business Profiles,GMB_SanDiego,92118,$5573.00,TRUE
,,65700099,9/3/2026,8/31/2026,Plumbing Service,Jetting- Residential,Completed,Branded Phone Number,Local 619,92106,$0.00,TRUE
,,896523480,9/4/2026,9/4/2026,Plumbing Service,Jetting- Residential,Completed,PPC,Google | PMAX | Drains,92118,$0.00,FALSE
,,65700099,9/4/2026,8/31/2026,Plumbing Service,Jetting- Residential,Completed,Branded Phone Number,Local 619,92106,$0.00,TRUE
,,,,,15,15,15,15,15,,$19066.00,
,Job Type: Jetting-Commercial,,,,,,,,,,,
,,681497556,8/24/2026,8/26/2026,Plumbing Service,Jetting-Commercial,Completed,Branded Phone Number,Local 619,92113,$2000.00,TRUE
,,31733408,8/25/2026,8/26/2026,Plumbing Service,Jetting-Commercial,Completed,Google Business Profiles,GMB_SanDiego,92106,$0.00,FALSE
,,349268114,8/31/2026,9/4/2026,Plumbing Service,Jetting-Commercial,Completed,Branded Phone Number,Local 619,92064,$1450.00,TRUE
,,684635697,8/31/2026,8/31/2026,Plumbing Service,Jetting-Commercial,Canceled,Branded Phone Number,Local 619,92103,$0.00,TRUE
,,31565267,9/1/2026,9/2/2026,Plumbing Service,Jetting-Commercial,Completed,Branded Phone Number,Local 619,92110,$1450.00,TRUE
,,317644919,9/4/2026,,Plumbing Service,Jetting-Commercial,Scheduled,Website,Email Contact Form,92103,$0.00,TRUE
,,,,,6,6,6,6,6,,$4900.00,
,"Job Type: KFM247, LTD",,,,,,,,,,,
,,31729504,9/1/2026,9/1/2026,Plumbing Service,"KFM247, LTD",Completed,Branded Phone Number,Local 619,92122,$175.00,FALSE
,,31729504,9/3/2026,9/3/2026,Plumbing Service,"KFM247, LTD",Completed,Branded Phone Number,Local 619,92084,$421.00,TRUE
,,31729504,9/4/2026,,Plumbing Service,"KFM247, LTD",Scheduled,Branded Phone Number,Local 619,92122,$561.00,TRUE
,,31729504,9/4/2026,,Plumbing Service,"KFM247, LTD",Scheduled,Branded Phone Number,Local 619,92122,$228.53,TRUE
,,,,,4,4,4,4,4,,$1385.53,
,Job Type: Kitchen Faucet,,,,,,,,,,,
,,31673421,8/24/2026,8/25/2026,Plumbing Service,Kitchen Faucet,Canceled,Organic Search,Bing Organic,92122,$0.00,TRUE
,,1108645420,8/24/2026,8/24/2026,Plumbing Service,Kitchen Faucet,Completed,Branded Phone Number,Local 619,92109,$175.00,TRUE
,,31599704,8/24/2026,8/25/2026,Plumbing Service,Kitchen Faucet,Completed,Branded Phone Number,A1-800-BILL HOWE,92037,$0.00,FALSE
,,375017318,8/25/2026,8/27/2026,Plumbing Service,Kitchen Faucet,Completed,Google Business Profiles,GMB_SanDiego,92101,$1195.00,TRUE
,,101750164,8/25/2026,8/28/2026,Plumbing Service,Kitchen Faucet,Completed,Google Business Profiles,GMB_SanDiego,92108,$1167.00,TRUE
,,31572277,8/25/2026,,Plumbing Service,Kitchen Faucet,In Progress,Branded Phone Number,A1-800-BILL HOWE,92117,$461.70,TRUE
,,31694839,8/25/2026,8/27/2026,Plumbing Service,Kitchen Faucet,Completed,Branded Phone Number,Local 619,92124,$825.00,TRUE
,,31564253,8/26/2026,,Plumbing Service,Kitchen Faucet,Scheduled,Branded Phone Number,Local 619,92075,$0.00,FALSE
,,1130407280,8/26/2026,8/27/2026,Plumbing Service,Kitchen Faucet,Completed,Branded Phone Number,A1-800-BILL HOWE,92069,$0.00,TRUE
,,289617235,8/26/2026,9/2/2026,Plumbing Service,Kitchen Faucet,Completed,Direct Web Traffic,Direct Web Traffic,92101,$0.00,FALSE
,,31706314,8/26/2026,8/31/2026,Plumbing Service,Kitchen Faucet,Completed,Outbound SMS,ST Outbound Text Lines,92025,$0.00,TRUE
,,31725637,8/27/2026,8/27/2026,Plumbing Service,Kitchen Faucet,Completed,Direct Web Traffic,Direct Web Traffic,92120,$318.00,TRUE
,,674433419,8/27/2026,8/31/2026,Plumbing Service,Kitchen Faucet,Completed,Branded Phone Number,Local 619,92102,$2815.00,TRUE
,,1074118273,8/29/2026,8/29/2026,Plumbing Service,Kitchen Faucet,Completed,PPC,Google | Search | Brand,92019,$250.00,TRUE
,,1074118273,8/29/2026,8/31/2026,Plumbing Service,Kitchen Faucet,Completed,PPC,Google | Search | Brand,92019,$827.00,TRUE
,,31588515,8/31/2026,8/31/2026,Plumbing Service,Kitchen Faucet,Canceled,Branded Phone Number,Local 619,92037,$0.00,TRUE
,,375017318,9/1/2026,8/27/2026,Plumbing Service,Kitchen Faucet,Completed,Google Business Profiles,GMB_SanDiego,92101,$0.00,TRUE
,,31694839,9/1/2026,8/27/2026,Plumbing Service,Kitchen Faucet,Completed,Branded Phone Number,Local 619,92124,$0.00,TRUE
,,349268114,9/1/2026,9/2/2026,Plumbing Service,Kitchen Faucet,Completed,Branded Phone Number,Local 619,92064,$250.00,TRUE
,,375017318,9/2/2026,8/27/2026,Plumbing Service,Kitchen Faucet,Completed,Google Business Profiles,GMB_SanDiego,92101,$0.00,TRUE
,,325984970,9/2/2026,9/3/2026,Plumbing Service,Kitchen Faucet,Completed,Google Business Profiles,GMB_SanDiego,92129,$220.00,TRUE
,,101750164,9/2/2026,8/28/2026,Plumbing Service,Kitchen Faucet,Completed,Google Business Profiles,GMB_SanDiego,92108,$0.00,TRUE
,,89953217,9/2/2026,9/3/2026,Plumbing Service,Kitchen Faucet,Completed,Branded Phone Number,Local 619,92122,$276.92,TRUE
,,84510271,9/2/2026,,Plumbing Service,Kitchen Faucet,Scheduled,Branded Phone Number,Local 619,92117,$827.00,TRUE
,,1133528286,9/3/2026,9/3/2026,Plumbing Service,Kitchen Faucet,Completed,Organic Search,Google Organic,92111,$175.00,TRUE
,,349268114,9/3/2026,,Plumbing Service,Kitchen Faucet,Hold,Branded Phone Number,Local 619,92064,$2200.00,TRUE
,,31570323,9/4/2026,9/4/2026,Plumbing Service,Kitchen Faucet,Completed,Branded Phone Number,Local 619,92024,$0.00,TRUE
,,890907141,9/5/2026,,Plumbing Service,Kitchen Faucet,Scheduled,Branded Phone Number,A1-800-BILL HOWE,92110,$0.00,TRUE
,,,,,28,28,28,28,28,,$11982.62,
,Job Type: Kitchen Stop,,,,,,,,,,,
,,31597265,8/24/2026,8/25/2026,Plumbing Service,Kitchen Stop,Completed,Branded Phone Number,Local 619,92109,$0.00,TRUE
,,65700099,8/24/2026,8/24/2026,Plumbing Service,Kitchen Stop,Completed,Branded Phone Number,Local 619,92106,$144.00,TRUE
,,272983697,8/24/2026,8/24/2026,Plumbing Service,Kitchen Stop,Completed,Google Business Profiles,GMB_SanDiego,92119,$102.00,TRUE
,,270945176,8/24/2026,8/24/2026,Plumbing Service,Kitchen Stop,Completed,Google Business Profiles,GMB_SanDiego,92103,$144.00,TRUE
,,53144725,8/24/2026,8/25/2026,Plumbing Service,Kitchen Stop,Completed,Branded Phone Number,A1-800-BILL HOWE,92021,$144.00,TRUE
,,31537512,8/24/2026,8/25/2026,Plumbing Service,Kitchen Stop,Completed,PPC,Google | Search | Brand,92107,$0.00,TRUE
,,31566178,8/24/2026,8/27/2026,Plumbing Service,Kitchen Stop,Completed,CSR Outbound,$1 OUTBOUND (use this for out-bounding),91977,$132.48,TRUE
,,250407547,8/24/2026,8/26/2026,Plumbing Service,Kitchen Stop,Completed,Direct Mail,Dynamicard Direct Mail July 2025,92021,$99.00,TRUE
,,41776483,8/24/2026,8/25/2026,Plumbing Service,Kitchen Stop,Completed,Direct Web Traffic,Direct Web Traffic,91941,$102.00,TRUE
,,466855172,8/25/2026,8/25/2026,Plumbing Service,Kitchen Stop,Completed,PPC,Google | Search | Brand,92107,$187.00,TRUE
,,301208083,8/25/2026,8/26/2026,Plumbing Service,Kitchen Stop,Completed,Google Business Profiles,GMB_SanDiego,92037,$0.00,TRUE
,,31653345,8/25/2026,8/26/2026,Plumbing Service,Kitchen Stop,Completed,Google Business Profiles,GMB_SanDiego,92117,$454.00,TRUE
,,31565453,8/25/2026,8/26/2026,Plumbing Service,Kitchen Stop,Completed,Google Business Profiles,GMB_SanDiego,92025,$175.00,TRUE
,,31612934,8/25/2026,8/27/2026,Plumbing Service,Kitchen Stop,Completed,Email,Legacy Email Marketing Multiple Offers,92110,$144.00,TRUE
,,31562238,8/25/2026,8/28/2026,Plumbing Service,Kitchen Stop,Completed,Branded Phone Number,Local 619,91941,$0.00,TRUE
,,1130171832,8/25/2026,8/26/2026,Plumbing Service,Kitchen Stop,Completed,Organic Search,Google Organic,92024,$144.00,TRUE
,,94675496,8/26/2026,8/27/2026,Plumbing Service,Kitchen Stop,Completed,Branded Phone Number,Local 619,92129,$102.00,TRUE
,,1130229982,8/26/2026,8/26/2026,Plumbing Service,Kitchen Stop,Completed,3rd Party Web Traffic,Yelp Referral Traffic,92069,$144.00,TRUE
,,63867479,8/26/2026,8/26/2026,Plumbing Service,Kitchen Stop,Completed,PPC,Google | Search | Brand,92103,$144.00,TRUE
,,342015402,8/26/2026,8/26/2026,Plumbing Service,Kitchen Stop,Completed,PPC,Google | Search | Plumbing,92102,$144.00,TRUE
,,272586530,8/26/2026,8/27/2026,Plumbing Service,Kitchen Stop,Completed,Direct Web Traffic,Direct Web Traffic,92029,$102.00,TRUE
,,284791358,8/26/2026,8/27/2026,Plumbing Service,Kitchen Stop,Completed,Direct Web Traffic,Direct Web Traffic,92129,$144.00,TRUE
,,31696692,8/26/2026,,Plumbing Service,Kitchen Stop,Hold,Branded Phone Number,A1-800-BILL HOWE,92115,$0.00,TRUE
,,49380479,8/26/2026,8/27/2026,Plumbing Service,Kitchen Stop,Canceled,Branded Phone Number,A1-800-BILL HOWE,92105,$0.00,TRUE
,,1130143993,8/26/2026,8/27/2026,Plumbing Service,Kitchen Stop,Completed,Email,Legacy Email Marketing Multiple Offers,92126,$102.00,TRUE
,,63867479,8/26/2026,8/31/2026,Plumbing Service,Kitchen Stop,Completed,PPC,Google | Search | Brand,92103,$318.00,TRUE
,,1130171832,8/27/2026,8/28/2026,Plumbing Service,Kitchen Stop,Completed,Organic Search,Google Organic,92024,$0.00,FALSE
,,285306386,8/27/2026,8/27/2026,Plumbing Service,Kitchen Stop,Completed,PPC,Google | PMAX | Drains,92110,$144.00,TRUE
,,31712487,8/27/2026,8/28/2026,Plumbing Service,Kitchen Stop,Completed,PPC,Google | Search | Brand,92122,$394.00,TRUE
,,287233406,8/27/2026,8/27/2026,Plumbing Service,Kitchen Stop,Completed,Website,Email Contact Form,92024,$0.00,TRUE
,,31719381,8/27/2026,8/28/2026,Plumbing Service,Kitchen Stop,Canceled,Branded Phone Number,Local 619,92101,$0.00,TRUE
,,258130533,8/27/2026,8/27/2026,Plumbing Service,Kitchen Stop,Completed,PPC,Bing | Search | Brand,92117,$102.00,TRUE
,,31681467,8/27/2026,1/23/2026,Plumbing Service,Kitchen Stop,Completed,Branded Phone Number,A1-800-BILL HOWE,92108,$576.38,TRUE
,,31572795,8/27/2026,8/28/2026,Plumbing Service,Kitchen Stop,Completed,Branded Phone Number,Local 619,92116,$350.00,TRUE
,,31579701,8/27/2026,8/28/2026,Plumbing Service,Kitchen Stop,Completed,PPC,Google | Search | Plumbing,92110,$132.48,TRUE
,,255455848,8/28/2026,8/28/2026,Plumbing Service,Kitchen Stop,Completed,Branded Phone Number,Local 619,92131,$352.00,TRUE
,,59432663,8/28/2026,8/28/2026,Plumbing Service,Kitchen Stop,Completed,Yelp,Yelp,92128,$0.00,TRUE
,,1130953679,8/28/2026,8/28/2026,Plumbing Service,Kitchen Stop,Canceled,Google Business Profiles,GMB_SanDiego,92024,$0.00,TRUE
,,31653478,8/28/2026,8/28/2026,Plumbing Service,Kitchen Stop,Completed,Organic Search,Yahoo Organic,92109,$441.00,TRUE
,,896355167,8/29/2026,8/31/2026,Plumbing Service,Kitchen Stop,Completed,PPC,Bing | Search | Brand,92130,$144.00,TRUE
,,899671570,8/30/2026,8/31/2026,Plumbing Service,Kitchen Stop,Completed,Organic Search,Google Organic,92123,$102.00,TRUE
,,269614871,8/29/2026,8/29/2026,Plumbing Service,Kitchen Stop,Completed,PPC,Google | Search | Brand,92110,$250.00,TRUE
,,349546528,8/31/2026,8/31/2026,Plumbing Service,Kitchen Stop,Completed,PPC,Google | Search | Brand,92116,$0.00,TRUE
,,63181521,8/30/2026,8/31/2026,Plumbing Service,Kitchen Stop,Completed,Branded Phone Number,Local 619,92037,$144.00,TRUE
,,1131252189,8/30/2026,,Plumbing Service,Kitchen Stop,Hold,Branded Phone Number,Local 619,92007,$0.00,TRUE
,,64435944,8/31/2026,8/31/2026,Plumbing Service,Kitchen Stop,Completed,PPC,Google | Search | Plumbing,92110,$0.00,TRUE
,,31572795,8/31/2026,9/4/2026,Plumbing Service,Kitchen Stop,Completed,Branded Phone Number,Local 619,91932,$270.24,TRUE
,,287233406,8/31/2026,8/31/2026,Plumbing Service,Kitchen Stop,Completed,Website,Email Contact Form,92024,$132.48,TRUE
,,31545883,8/31/2026,8/31/2026,Plumbing Service,Kitchen Stop,Completed,Website,Website Phone Calls,92154,$350.00,TRUE
,,41620075,8/31/2026,9/1/2026,Plumbing Service,Kitchen Stop,Completed,Branded Phone Number,Local 619,92104,$293.48,TRUE
,,56641716,8/31/2026,8/25/2026,Plumbing Service,Kitchen Stop,Completed,Branded Phone Number,Local 619,92020,$0.00,FALSE
,,31636015,8/31/2026,8/31/2026,Plumbing Service,Kitchen Stop,Completed,Branded Phone Number,Local 619,92103,$144.00,TRUE
,,67792591,8/31/2026,9/1/2026,Plumbing Service,Kitchen Stop,Completed,Email,Legacy Email Marketing Multiple Offers,92127,$175.00,TRUE
,,31669593,8/31/2026,9/1/2026,Plumbing Service,Kitchen Stop,Completed,Organic Search,Bing Organic,92131,$367.00,TRUE
,,49859976,8/31/2026,9/1/2026,Plumbing Service,Kitchen Stop,Completed,Organic Search,Google Organic,92110,$102.00,TRUE
,,31712607,8/31/2026,9/1/2026,Plumbing Service,Kitchen Stop,Completed,Branded Phone Number,Local 619,92024,$144.00,TRUE
,,31598852,8/31/2026,8/31/2026,Plumbing Service,Kitchen Stop,Completed,Branded Phone Number,Local 619,92116,$500.00,TRUE
,,1131222539,9/1/2026,9/3/2026,Plumbing Service,Kitchen Stop,Completed,PPC,Google | Search | Brand,92128,$0.00,TRUE
,,31696692,9/1/2026,9/2/2026,Plumbing Service,Kitchen Stop,Completed,Branded Phone Number,A1-800-BILL HOWE,92115,$262.50,TRUE
,,1131527662,9/1/2026,9/2/2026,Plumbing Service,Kitchen Stop,Canceled,PPC,Google | Search | Brand,92130,$0.00,TRUE
,,909963168,9/1/2026,9/2/2026,Plumbing Service,Kitchen Stop,Completed,Google Business Profiles,GMB_SanDiego,92024,$568.00,TRUE
,,481149053,9/1/2026,9/3/2026,Plumbing Service,Kitchen Stop,Completed,Direct Web Traffic,Direct Web Traffic,92104,$102.00,TRUE
,,31606021,9/1/2026,9/2/2026,Plumbing Service,Kitchen Stop,Completed,Google Business Profiles,GMB_SanDiego,92107,$132.48,TRUE
,,1131584921,9/1/2026,9/2/2026,Plumbing Service,Kitchen Stop,Completed,Organic Search,Google Organic,92103,$144.00,TRUE
,,31573061,9/1/2026,9/2/2026,Plumbing Service,Kitchen Stop,Completed,Branded Phone Number,Local 619,92116,$212.00,TRUE
,,31728908,9/1/2026,9/1/2026,Plumbing Service,Kitchen Stop,Completed,Branded Phone Number,Local 619,92126,$674.00,TRUE
,,31606021,9/1/2026,9/2/2026,Plumbing Service,Kitchen Stop,Canceled,Google Business Profiles,GMB_SanDiego,92107,$0.00,TRUE
,,31572795,9/1/2026,9/2/2026,Plumbing Service,Kitchen Stop,Completed,Branded Phone Number,Local 619,92109,$144.00,TRUE
,,31562238,9/1/2026,,Plumbing Service,Kitchen Stop,Hold,Branded Phone Number,Local 619,91941,$0.00,FALSE
,,31729818,9/1/2026,9/2/2026,Plumbing Service,Kitchen Stop,Completed,Branded Phone Number,A1-800-BILL HOWE,92130,$0.00,TRUE
,,31638713,9/1/2026,9/1/2026,Plumbing Service,Kitchen Stop,Canceled,Branded Phone Number,A1-800-BILL HOWE,92106,$0.00,TRUE
,,31562238,9/2/2026,8/28/2026,Plumbing Service,Kitchen Stop,Completed,Branded Phone Number,Local 619,91941,$0.00,TRUE
,,31554130,9/2/2026,8/17/2026,Plumbing Service,Kitchen Stop,Completed,Organic Search,Google Organic,92110,$0.00,TRUE
,,669687407,9/2/2026,9/2/2026,Plumbing Service,Kitchen Stop,Completed,Google Business Profiles,GMB_SanDiego,92101,$319.00,TRUE
,,1133364507,9/2/2026,9/2/2026,Plumbing Service,Kitchen Stop,Completed,Yelp,Yelp,92127,$229.00,TRUE
,,683968885,9/2/2026,9/3/2026,Plumbing Service,Kitchen Stop,Completed,Branded Phone Number,Local 619,92109,$102.00,TRUE
,,1133437024,9/2/2026,9/2/2026,Plumbing Service,Kitchen Stop,Canceled,PPC,Google | Search | Competitor,92101,$0.00,TRUE
,,248970094,9/2/2026,9/3/2026,Plumbing Service,Kitchen Stop,Completed,Organic Search,Google Organic,92129,$415.00,TRUE
,,1133491578,9/2/2026,9/2/2026,Plumbing Service,Kitchen Stop,Completed,Google Business Profiles,GMB_SanDiego,92109,$352.00,TRUE
,,31572703,9/3/2026,9/3/2026,Plumbing Service,Kitchen Stop,Completed,PPC,Google | Search | Brand,92109,$187.68,TRUE
,,31700142,9/3/2026,9/3/2026,Plumbing Service,Kitchen Stop,Completed,PPC,Bing | Search | Brand,92071,$0.00,TRUE
,,669687407,9/3/2026,9/3/2026,Plumbing Service,Kitchen Stop,Completed,Google Business Profiles,GMB_SanDiego,92101,$0.00,FALSE
,,64435944,9/3/2026,9/3/2026,Plumbing Service,Kitchen Stop,Completed,PPC,Google | Search | Plumbing,92110,$0.00,TRUE
,,31681467,9/3/2026,1/23/2026,Plumbing Service,Kitchen Stop,Completed,Branded Phone Number,A1-800-BILL HOWE,92108,$0.42,TRUE
,,31565453,9/3/2026,,Plumbing Service,Kitchen Stop,Hold,Google Business Profiles,GMB_SanDiego,92117,$0.00,TRUE
,,1133694695,9/3/2026,9/4/2026,Plumbing Service,Kitchen Stop,Completed,PPC,Google | Search | Brand,92111,$0.00,FALSE
,,910205306,9/4/2026,9/4/2026,Plumbing Service,Kitchen Stop,Completed,PPC,Google | Search | Brand,92104,$425.00,TRUE
,,64435944,9/4/2026,9/4/2026,Plumbing Service,Kitchen Stop,Completed,PPC,Google | Search | Plumbing,92110,$144.00,TRUE
,,1133694695,9/4/2026,9/4/2026,Plumbing Service,Kitchen Stop,Completed,PPC,Google | Search | Brand,92111,$224.00,TRUE
,,1136107698,9/4/2026,9/4/2026,Plumbing Service,Kitchen Stop,Completed,PPC,Google | Search | Brand,92122,$394.00,TRUE
,,1136143402,9/4/2026,,Plumbing Service,Kitchen Stop,Scheduled,PPC,Google | Search | Brand,92120,$0.00,TRUE
,,1136176856,9/5/2026,9/5/2026,Plumbing Service,Kitchen Stop,Completed,Google Business Profiles,GMB_SanDiego,92128,$394.00,TRUE
,,65077094,9/5/2026,,Plumbing Service,Kitchen Stop,Scheduled,Email,Legacy Email Marketing Multiple Offers,92105,$0.00,TRUE
,,31566491,9/6/2026,9/6/2026,Plumbing Service,Kitchen Stop,Completed,PPC,Google | Search | Brand,92110,$451.48,TRUE
,,683453704,9/6/2026,9/6/2026,Plumbing Service,Kitchen Stop,Completed,Email,2025 Jetter Customers Annual Drip,92026,$394.00,TRUE
,,1136240734,9/6/2026,,Plumbing Service,Kitchen Stop,Scheduled,Direct Web Traffic,Direct Web Traffic,91950,$0.00,TRUE
,,52718253,9/6/2026,,Plumbing Service,Kitchen Stop,Scheduled,Branded Phone Number,Local 619,92014,$0.00,TRUE
,,,,,97,97,97,97,97,,$15052.10,
,Job Type: Laundry Bibbs,,,,,,,,,,,
,,31563490,8/24/2026,8/24/2026,Plumbing Service,Laundry Bibbs,Completed,Branded Phone Number,Local 619,92109,$352.00,TRUE
,,302200116,8/24/2026,8/25/2026,Plumbing Service,Laundry Bibbs,Completed,Branded Phone Number,Local 619,92008,$0.00,FALSE
,,1124935255,8/24/2026,8/20/2026,Plumbing Service,Laundry Bibbs,Completed,PPC,Google | Search | Brand,92104,-$424.00,TRUE
,,302200116,8/25/2026,8/26/2026,Plumbing Service,Laundry Bibbs,Completed,Branded Phone Number,Local 619,92008,$785.00,TRUE
,,253202667,8/26/2026,8/26/2026,Plumbing Service,Laundry Bibbs,Completed,Organic Search,Google Organic,92113,$471.60,TRUE
,,330510132,8/26/2026,8/31/2026,Plumbing Service,Laundry Bibbs,Completed,Branded Phone Number,Local 619,92075,$276.00,TRUE
,,893256775,8/27/2026,8/27/2026,Plumbing Service,Laundry Bibbs,Completed,PPC,Google | Search | Brand,92129,$217.00,TRUE
,,31537305,8/31/2026,9/1/2026,Plumbing Service,Laundry Bibbs,Completed,Branded Phone Number,A1-800-BILL HOWE,92037,$175.00,TRUE
,,302200116,8/31/2026,8/26/2026,Plumbing Service,Laundry Bibbs,Completed,Branded Phone Number,Local 619,92008,$0.00,TRUE
,,1131595358,9/1/2026,,Plumbing Service,Laundry Bibbs,Hold,PPC,Google | PMAX | Drains,92127,$0.00,TRUE
,,31718701,9/2/2026,9/2/2026,Plumbing Service,Laundry Bibbs,Completed,PPC,Google | Search | Plumbing,91942,$301.00,TRUE
,,272280290,9/4/2026,,Plumbing Service,Laundry Bibbs,Scheduled,Google Business Profiles,GMB_SanDiego,92101,$0.00,TRUE
,,372182350,9/6/2026,,Plumbing Service,Laundry Bibbs,Scheduled,Sameday AI,Sameday AI,92128,$0.00,TRUE
,,,,,13,13,13,13,13,,$2153.60,
,Job Type: Laundry Stop,,,,,,,,,,,
,,684635697,8/24/2026,8/25/2026,Plumbing Service,Laundry Stop,Completed,Branded Phone Number,Local 619,92103,$794.88,TRUE
,,31577768,8/24/2026,8/25/2026,Plumbing Service,Laundry Stop,Completed,Google Business Profiles,GMB_SanDiego,91945,$102.00,TRUE
,,684635697,8/27/2026,8/31/2026,Plumbing Service,Laundry Stop,Completed,Branded Phone Number,Local 619,92103,$1800.00,TRUE
,,272280290,8/27/2026,8/28/2026,Plumbing Service,Laundry Stop,Completed,Google Business Profiles,GMB_SanDiego,92101,$0.00,TRUE
,,31647665,8/27/2026,9/1/2026,Plumbing Service,Laundry Stop,Completed,Organic Search,Google Organic,92101,$1317.00,TRUE
,,31659211,8/28/2026,8/28/2026,Plumbing Service,Laundry Stop,Completed,PPC,Google | PMAX | HVAC,92104,$129.60,TRUE
,,31609795,8/31/2026,9/1/2026,Plumbing Service,Laundry Stop,Completed,PPC,Google | Search | Brand,91942,$144.00,TRUE
,,1131899824,9/1/2026,9/3/2026,Plumbing Service,Laundry Stop,Completed,PPC,Google | PMAX | Plumbing,92128,$0.00,TRUE
,,60852589,9/2/2026,9/2/2026,Plumbing Service,Laundry Stop,Completed,Branded Phone Number,A1-800-BILL HOWE,92118,$0.00,FALSE
,,275689281,9/2/2026,9/3/2026,Plumbing Service,Laundry Stop,Completed,Branded Phone Number,Local 619,92115,$0.00,FALSE
,,684635697,9/3/2026,8/31/2026,Plumbing Service,Laundry Stop,Completed,Branded Phone Number,Local 619,92103,$0.00,TRUE
,,309934656,9/6/2026,9/6/2026,Plumbing Service,Laundry Stop,Completed,Branded Phone Number,A1-800-BILL HOWE,92025,$416.25,TRUE
,,,,,12,12,12,12,12,,$4703.73,
,Job Type: Lavatory Faucet,,,,,,,,,,,
,,31702420,8/24/2026,8/25/2026,Plumbing Service,Lavatory Faucet,Completed,Direct Web Traffic,Direct Web Traffic,92130,$0.00,FALSE
,,1129364482,8/24/2026,8/31/2026,Plumbing Service,Lavatory Faucet,Completed,Google Business Profiles,GMB_SanDiego,92109,$643.00,TRUE
,,978368534,8/24/2026,8/27/2026,Plumbing Service,Lavatory Faucet,Completed,Direct Web Traffic,Direct Web Traffic,92101,$0.00,TRUE
,,1129610718,8/24/2026,,Plumbing Service,Lavatory Faucet,Hold,PPC,Bing | Search | Plumbing,92126,$198.00,TRUE
,,31682294,8/25/2026,8/26/2026,Plumbing Service,Lavatory Faucet,Canceled,Branded Phone Number,Local 619,92037,$0.00,TRUE
,,1129509614,8/26/2026,8/27/2026,Plumbing Service,Lavatory Faucet,Canceled,Direct Web Traffic,Direct Web Traffic,92037,$0.00,TRUE
,,316251563,8/27/2026,8/28/2026,Plumbing Service,Lavatory Faucet,Completed,Direct Web Traffic,Direct Web Traffic,92008,$434.00,TRUE
,,381331999,8/27/2026,8/28/2026,Plumbing Service,Lavatory Faucet,Completed,PPC,Google | PMAX | Plumbing,92114,$210.68,TRUE
,,1130919902,8/27/2026,8/28/2026,Plumbing Service,Lavatory Faucet,Completed,Organic Search,Bing Organic,92103,$0.00,TRUE
,,31628346,8/27/2026,8/28/2026,Plumbing Service,Lavatory Faucet,Canceled,Direct Web Traffic,Direct Web Traffic,91910,$0.00,TRUE
,,31628346,8/28/2026,8/28/2026,Plumbing Service,Lavatory Faucet,Completed,Organic Search,Google Organic,91910,$462.00,TRUE
,,377977785,8/28/2026,8/31/2026,Plumbing Service,Lavatory Faucet,Completed,,BFP Sewer Camera Inspection SMS 2026,92056,$273.60,TRUE
,,272123861,8/28/2026,8/31/2026,Plumbing Service,Lavatory Faucet,Completed,Google Business Profiles,GMB_Poway,92128,$0.00,TRUE
,,31636452,8/28/2026,,Plumbing Service,Lavatory Faucet,Scheduled,PPC,Google | Search | Brand,92014,$0.00,TRUE
,,31637479,8/28/2026,8/31/2026,Plumbing Service,Lavatory Faucet,Completed,Google Business Profiles,GMB_SanDiego,92106,$412.30,TRUE
,,31640005,8/31/2026,9/1/2026,Plumbing Service,Lavatory Faucet,Completed,Organic Search,Bing Organic,92114,$889.20,TRUE
,,277951149,8/31/2026,9/2/2026,Plumbing Service,Lavatory Faucet,Completed,Website,Website Phone Calls,92075,$318.00,TRUE
,,90361855,8/31/2026,9/1/2026,Plumbing Service,Lavatory Faucet,Completed,PPC,Google | Search | Brand,92127,$0.00,TRUE
,,31628346,8/31/2026,9/2/2026,Plumbing Service,Lavatory Faucet,Completed,Organic Search,Google Organic,91910,$1446.00,TRUE
,,31629473,8/31/2026,9/4/2026,Plumbing Service,Lavatory Faucet,Completed,Google Business Profiles,GMB_SanDiego,92131,$1610.00,TRUE
,,911262373,9/1/2026,8/28/2026,Plumbing Service,Lavatory Faucet,Completed,Organic Search,Google Organic,92130,$0.00,TRUE
,,911262373,9/2/2026,8/28/2026,Plumbing Service,Lavatory Faucet,Completed,Organic Search,Google Organic,92130,$0.00,TRUE
,,31637479,9/2/2026,9/4/2026,Plumbing Service,Lavatory Faucet,Completed,Google Business Profiles,GMB_SanDiego,92106,$1697.00,TRUE
,,462766842,9/2/2026,9/3/2026,Plumbing Service,Lavatory Faucet,Completed,Email,Legacy Email Marketing Multiple Offers,92128,$462.60,TRUE
,,316251563,9/2/2026,8/28/2026,Plumbing Service,Lavatory Faucet,Completed,Direct Web Traffic,Direct Web Traffic,92008,$0.00,TRUE
,,293861576,9/2/2026,9/3/2026,Plumbing Service,Lavatory Faucet,Completed,Google Business Profiles,GMB_SanDiego,92111,$511.20,TRUE
,,31604746,9/3/2026,9/3/2026,Plumbing Service,Lavatory Faucet,Completed,Branded Phone Number,Local 619,92121,$0.00,TRUE
,,1079006507,9/3/2026,,Plumbing Service,Lavatory Faucet,Hold,Tech referral,Tech Referral,92008,$1470.00,TRUE
,,1133519687,9/3/2026,9/4/2026,Plumbing Service,Lavatory Faucet,Hold,Google Business Profiles,GMB_SanDiego,92128,$1092.00,TRUE
,,1131175160,9/3/2026,,Plumbing Service,Lavatory Faucet,Scheduled,Branded Phone Number,Local 619,92130,$0.00,TRUE
,,375770538,9/3/2026,9/4/2026,Plumbing Service,Lavatory Faucet,Completed,Google Business Profiles,GMB_SanDiego,92118,$0.00,TRUE
,,294499493,9/4/2026,,Plumbing Service,Lavatory Faucet,Scheduled,PPC,Google | Search | Brand,92104,$0.00,FALSE
,,366353899,9/4/2026,9/4/2026,Plumbing Service,Lavatory Faucet,Completed,Branded Phone Number,A1-800-BILL HOWE,92130,$0.00,TRUE
,,31709644,9/4/2026,,Plumbing Service,Lavatory Faucet,Scheduled,,BFP Sewer Camera Inspection SMS 2026,91910,$0.00,TRUE
,,1136206386,9/5/2026,,Plumbing Service,Lavatory Faucet,Scheduled,Branded Phone Number,Local 619,92130,$0.00,TRUE
,,61850271,9/6/2026,,Plumbing Service,Lavatory Faucet,Scheduled,Yelp,Yelp,92037,$0.00,TRUE
,,,,,36,36,36,36,36,,$12129.58,
,Job Type: Lavatory Stop,,,,,,,,,,,
,,1129296219,8/24/2026,8/24/2026,Plumbing Service,Lavatory Stop,Completed,PPC,Google | PMAX | Drains,92064,$307.00,TRUE
,,1129290235,8/24/2026,8/24/2026,Plumbing Service,Lavatory Stop,Completed,Google Business Profiles,GMB_SanDiego,92123,$334.80,TRUE
,,31561875,8/25/2026,8/26/2026,Plumbing Service,Lavatory Stop,Completed,Google Business Profiles,GMB_SanDiego,92109,$362.48,TRUE
,,31674148,8/25/2026,8/26/2026,Plumbing Service,Lavatory Stop,Completed,Branded Phone Number,Local 619,92131,$0.00,FALSE
,,31702456,8/25/2026,8/26/2026,Plumbing Service,Lavatory Stop,Completed,Email,Legacy Email Marketing Multiple Offers,92101,$0.00,TRUE
,,31686852,8/26/2026,8/26/2026,Plumbing Service,Lavatory Stop,Completed,Google Business Profiles,GMB_SanDiego,92101,$93.84,TRUE
,,369516026,8/26/2026,8/26/2026,Plumbing Service,Lavatory Stop,Canceled,Branded Phone Number,A1-800-BILL HOWE,92121,$0.00,TRUE
,,1130408533,8/26/2026,8/27/2026,Plumbing Service,Lavatory Stop,Completed,Branded Phone Number,Local 619,92101,$102.00,TRUE
,,31565291,8/26/2026,8/27/2026,Plumbing Service,Lavatory Stop,Completed,CSR Outbound,$1 OUTBOUND (use this for out-bounding),92113,$187.68,TRUE
,,31537252,8/26/2026,8/27/2026,Plumbing Service,Lavatory Stop,Completed,PPC,Google | Search | Brand,92123,$262.50,TRUE
,,313858992,8/26/2026,8/28/2026,Plumbing Service,Lavatory Stop,Completed,Google Business Profiles,GMB_SanDiego,92130,$319.00,TRUE
,,288369834,8/26/2026,8/27/2026,Plumbing Service,Lavatory Stop,Completed,CSR Outbound,$1 OUTBOUND (use this for out-bounding),92130,$144.00,TRUE
,,1130613855,8/26/2026,8/28/2026,Plumbing Service,Lavatory Stop,Completed,PPC,Google | PMAX | Drains,92037,$144.00,TRUE
,,31572795,8/27/2026,8/28/2026,Plumbing Service,Lavatory Stop,Completed,Branded Phone Number,Local 619,92109,$175.00,TRUE
,,1129436911,8/28/2026,8/31/2026,Plumbing Service,Lavatory Stop,Completed,PPC,Google | PMAX | HVAC,92009,$273.60,TRUE
,,1131185541,8/28/2026,8/28/2026,Plumbing Service,Lavatory Stop,Completed,Organic Search,Google Organic,92103,$394.00,TRUE
,,375885332,8/29/2026,8/29/2026,Plumbing Service,Lavatory Stop,Completed,PPC,Google | Search | Brand,92109,$394.00,TRUE
,,31571391,8/29/2026,8/29/2026,Plumbing Service,Lavatory Stop,Completed,PPC,Google | Search | Brand,92120,$343.84,TRUE
,,31636675,8/30/2026,8/30/2026,Plumbing Service,Lavatory Stop,Completed,PPC,Google | Search | Brand,92107,$797.00,TRUE
,,31686450,8/30/2026,8/30/2026,Plumbing Service,Lavatory Stop,Completed,Branded Phone Number,Local 619,92037,$425.00,TRUE
,,1131253844,8/30/2026,8/31/2026,Plumbing Service,Lavatory Stop,Completed,Organic Search,Google Organic,91950,$649.95,TRUE
,,50936925,8/31/2026,8/31/2026,Plumbing Service,Lavatory Stop,Completed,Branded Phone Number,A1-800-BILL HOWE,92130,$136.80,TRUE
,,1131299658,8/31/2026,8/31/2026,Plumbing Service,Lavatory Stop,Completed,Direct Web Traffic,Direct Web Traffic,92130,$144.00,TRUE
,,31536894,8/31/2026,9/2/2026,Plumbing Service,Lavatory Stop,Completed,Branded Phone Number,Local 619,92103,$403.00,TRUE
,,101849578,9/1/2026,9/1/2026,Plumbing Service,Lavatory Stop,Completed,PPC,Google | Search | Brand,92121,$451.00,TRUE
,,979767448,9/1/2026,9/1/2026,Plumbing Service,Lavatory Stop,Completed,PPC,Google | Search | Brand,92104,$204.00,TRUE
,,1131866087,9/1/2026,,Plumbing Service,Lavatory Stop,Hold,Yelp,Yelp,92130,$0.00,TRUE
,,31572795,9/2/2026,9/2/2026,Plumbing Service,Lavatory Stop,Completed,Branded Phone Number,Local 619,92024,$144.00,TRUE
,,31572795,9/2/2026,9/3/2026,Plumbing Service,Lavatory Stop,Completed,Branded Phone Number,Local 619,91942,$0.00,TRUE
,,673111763,9/2/2026,9/3/2026,Plumbing Service,Lavatory Stop,Completed,PPC,Google | Search | Competitor,92116,$319.00,TRUE
,,31572795,9/2/2026,9/3/2026,Plumbing Service,Lavatory Stop,Completed,Branded Phone Number,Local 619,92064,$102.00,TRUE
,,31556541,9/2/2026,,Plumbing Service,Lavatory Stop,Scheduled,Google Business Profiles,GMB_SanDiego,92104,$0.00,TRUE
,,64202717,9/2/2026,9/4/2026,Plumbing Service,Lavatory Stop,Completed,Google LSA,Google Local Services,92103,$0.00,TRUE
,,31639019,9/3/2026,9/3/2026,Plumbing Service,Lavatory Stop,Completed,Branded Phone Number,A1-800-BILL HOWE,92037,$437.50,TRUE
,,1133631870,9/3/2026,9/4/2026,Plumbing Service,Lavatory Stop,Completed,Google Business Profiles,GMB_SanDiego,92123,$0.00,TRUE
,,1104954059,9/3/2026,,Plumbing Service,Lavatory Stop,Scheduled,PPC,Google | Search | Brand,92115,$0.00,TRUE
,,31651726,9/4/2026,,Plumbing Service,Lavatory Stop,Hold,Branded Phone Number,A1-800-BILL HOWE,92107,$0.00,TRUE
,,269068195,9/4/2026,9/4/2026,Plumbing Service,Lavatory Stop,Completed,Branded Phone Number,Local 619,92116,$144.00,TRUE
,,31572795,9/4/2026,,Plumbing Service,Lavatory Stop,Hold,Branded Phone Number,Local 619,91942,$0.00,TRUE
,,31565389,9/4/2026,,Plumbing Service,Lavatory Stop,Scheduled,Branded Phone Number,Local 619,92037,$0.00,TRUE
,,93423045,9/4/2026,,Plumbing Service,Lavatory Stop,Scheduled,Branded Phone Number,A1-800-BILL HOWE,92108,$0.00,TRUE
,,1125296068,9/6/2026,9/6/2026,Plumbing Service,Lavatory Stop,Completed,Organic Search,Google Organic,92123,$102.00,TRUE
,,1136238376,9/6/2026,,Plumbing Service,Lavatory Stop,Scheduled,Yelp,Yelp,92037,$0.00,TRUE
,,31729195,9/6/2026,9/6/2026,Plumbing Service,Lavatory Stop,Completed,PPC,Bing | Search | Brand,92104,$382.48,TRUE
,,355395325,9/6/2026,9/6/2026,Plumbing Service,Lavatory Stop,Completed,Google Business Profiles,GMB_SanDiego,92117,$872.00,TRUE
,,,,,45,45,45,45,45,,$9551.47,
,Job Type: Leak Below Kitchen,,,,,,,,,,,
,,1129303390,8/24/2026,8/24/2026,Plumbing Service,Leak Below Kitchen,Completed,Sameday AI,Sameday AI,92037,$0.00,FALSE
,,31715990,8/24/2026,8/25/2026,Plumbing Service,Leak Below Kitchen,Completed,Direct Mail,Dynamicard January 2026,92106,$292.50,TRUE
,,379228633,8/24/2026,8/27/2026,Plumbing Service,Leak Below Kitchen,Completed,Google LSA,Google Local Services,92128,$0.00,FALSE
,,1067251475,8/24/2026,8/24/2026,Plumbing Service,Leak Below Kitchen,Completed,Branded Phone Number,Local 619,92037,$500.00,TRUE
,,1109564987,8/24/2026,8/27/2026,Plumbing Service,Leak Below Kitchen,Completed,Branded Phone Number,Local 619,91977,$0.00,FALSE
,,31625415,8/25/2026,8/26/2026,Plumbing Service,Leak Below Kitchen,Completed,PPC,Google | Search | Brand,92131,$0.00,TRUE
,,1130143993,8/25/2026,8/26/2026,Plumbing Service,Leak Below Kitchen,Completed,Email,Legacy Email Marketing Multiple Offers,92126,$0.00,TRUE
,,31560686,8/25/2026,8/26/2026,Plumbing Service,Leak Below Kitchen,Completed,Branded Phone Number,Local 619,92103,$537.28,TRUE
,,211387,8/26/2026,8/26/2026,Plumbing Service,Leak Below Kitchen,Completed,Branded Phone Number,A1-800-BILL HOWE,92102,$175.00,TRUE
,,1129303390,8/26/2026,8/26/2026,Plumbing Service,Leak Below Kitchen,Completed,Direct Web Traffic,Direct Web Traffic,92037,$669.60,TRUE
,,1130234720,8/26/2026,8/28/2026,Plumbing Service,Leak Below Kitchen,Completed,Google Business Profiles,GMB_SanDiego,92101,$0.00,FALSE
,,480926550,8/26/2026,8/27/2026,Plumbing Service,Leak Below Kitchen,Completed,PPC,Google | Search | Brand,92139,$0.00,TRUE
,,31679547,8/26/2026,8/27/2026,Plumbing Service,Leak Below Kitchen,Completed,Branded Phone Number,A1-800-BILL HOWE,92110,$226.67,TRUE
,,31692037,8/26/2026,8/27/2026,Plumbing Service,Leak Below Kitchen,Completed,Google Business Profiles,GMB_SanDiego,92024,$530.00,TRUE
,,1130759007,8/27/2026,8/27/2026,Plumbing Service,Leak Below Kitchen,Canceled,Direct Web Traffic,Direct Web Traffic,92128,$0.00,TRUE
,,61130491,8/27/2026,8/24/2026,Plumbing Service,Leak Below Kitchen,Completed,Google Business Profiles,GMB_SanDiego,92024,$0.00,TRUE
,,249487711,8/27/2026,9/2/2026,Plumbing Service,Leak Below Kitchen,Completed,Programmatic,StackAdapt / Display,92117,$541.00,TRUE
,,1130839785,8/27/2026,8/31/2026,Plumbing Service,Leak Below Kitchen,Completed,PPC,Google | Search | Brand,92071,$212.00,TRUE
,,1103914740,8/28/2026,8/31/2026,Plumbing Service,Leak Below Kitchen,Completed,PPC,Google | Search | Brand,92040,$530.00,TRUE
,,55465438,8/28/2026,8/31/2026,Plumbing Service,Leak Below Kitchen,Completed,Organic Search,Google Organic,92101,$47.00,FALSE
,,59240735,8/29/2026,8/29/2026,Plumbing Service,Leak Below Kitchen,Completed,Direct Web Traffic,Direct Web Traffic,92128,$0.00,FALSE
,,1131216833,8/29/2026,8/31/2026,Plumbing Service,Leak Below Kitchen,Completed,Google Business Profiles,GMB_SanDiego,92009,$530.00,TRUE
,,471434970,8/31/2026,9/1/2026,Plumbing Service,Leak Below Kitchen,Completed,Branded Phone Number,Local 619,92122,$0.00,TRUE
,,31717134,9/1/2026,9/2/2026,Plumbing Service,Leak Below Kitchen,Completed,Yelp,Yelp,92124,$0.00,TRUE
,,1130234720,9/1/2026,,Plumbing Service,Leak Below Kitchen,Scheduled,Google Business Profiles,GMB_SanDiego,92101,$689.00,TRUE
,,31724564,9/1/2026,9/4/2026,Plumbing Service,Leak Below Kitchen,Completed,Branded Phone Number,Local 619,92029,$212.00,TRUE
,,1131584749,9/1/2026,9/1/2026,Plumbing Service,Leak Below Kitchen,Completed,PPC,Google | Search | Brand,92024,$0.00,TRUE
,,31728908,9/2/2026,9/2/2026,Plumbing Service,Leak Below Kitchen,Completed,Branded Phone Number,Local 619,92126,$636.30,TRUE
,,31688063,9/2/2026,9/3/2026,Plumbing Service,Leak Below Kitchen,Completed,Yelp,Yelp,91913,$0.00,FALSE
,,249487711,9/2/2026,9/3/2026,Plumbing Service,Leak Below Kitchen,Completed,Programmatic,StackAdapt / Display,92117,$0.00,FALSE
,,31661389,9/3/2026,9/3/2026,Plumbing Service,Leak Below Kitchen,Completed,Google LSA,Google Local Services,92129,$780.00,TRUE
,,1049227558,9/4/2026,9/4/2026,Plumbing Service,Leak Below Kitchen,Completed,Branded Phone Number,A1-800-BILL HOWE,92101,$0.00,TRUE
,,1090530647,9/5/2026,9/5/2026,Plumbing Service,Leak Below Kitchen,Completed,PPC,Google | PMAX | Drains,92009,$233.00,TRUE
,,,,,33,33,33,33,33,,$7341.35,
,Job Type: Leak Below Lavatory,,,,,,,,,,,
,,1129509614,8/24/2026,8/31/2026,Plumbing Service,Leak Below Lavatory,Completed,Sameday AI,Sameday AI,92037,$0.00,TRUE
,,1049227558,8/25/2026,8/20/2026,Plumbing Service,Leak Below Lavatory,Completed,Branded Phone Number,A1-800-BILL HOWE,92101,$0.00,FALSE
,,679743103,8/25/2026,8/25/2026,Plumbing Service,Leak Below Lavatory,Completed,Website,Website Phone Calls,92127,$212.00,TRUE
,,31595115,8/25/2026,8/25/2026,Plumbing Service,Leak Below Lavatory,Completed,Organic Search,Google Organic,92104,$524.00,TRUE
,,681497556,8/26/2026,8/28/2026,Plumbing Service,Leak Below Lavatory,Completed,Branded Phone Number,Local 619,92113,$990.00,TRUE
,,310475296,8/27/2026,8/24/2026,Plumbing Service,Leak Below Lavatory,Completed,Branded Phone Number,A1-800-BILL HOWE,92128,$0.00,TRUE
,,31539407,8/27/2026,9/2/2026,Plumbing Service,Leak Below Lavatory,Completed,Branded Phone Number,Local 619,92121,$1936.73,TRUE
,,1130919902,8/29/2026,9/1/2026,Plumbing Service,Leak Below Lavatory,Canceled,Organic Search,Bing Organic,92103,$0.00,TRUE
,,31650805,8/31/2026,9/1/2026,Plumbing Service,Leak Below Lavatory,Completed,Google Business Profiles,GMB_SanDiego,91977,$301.00,TRUE
,,31727551,8/31/2026,9/3/2026,Plumbing Service,Leak Below Lavatory,Completed,Sameday AI,Sameday AI,92131,$477.00,TRUE
,,61239785,9/2/2026,9/2/2026,Plumbing Service,Leak Below Lavatory,Completed,PPC,Google | Search | Brand,92115,$0.00,TRUE
,,681497556,9/2/2026,8/28/2026,Plumbing Service,Leak Below Lavatory,Completed,Branded Phone Number,Local 619,92113,$0.00,TRUE
,,1133452940,9/2/2026,,Plumbing Service,Leak Below Lavatory,Hold,Direct Web Traffic,Direct Web Traffic,92091,$0.00,TRUE
,,31549929,9/4/2026,9/4/2026,Plumbing Service,Leak Below Lavatory,Completed,Branded Phone Number,Local 619,92173,$230.00,TRUE
,,53540423,9/4/2026,9/4/2026,Plumbing Service,Leak Below Lavatory,Completed,Branded Phone Number,Local 619,92037,$0.00,TRUE
,,96409866,9/4/2026,9/5/2026,Plumbing Service,Leak Below Lavatory,Completed,Google Business Profiles,GMB_SanDiego,92130,$939.00,TRUE
,,186993,9/5/2026,,Plumbing Service,Leak Below Lavatory,Scheduled,Branded Phone Number,Local 619,91911,$0.00,TRUE
,,31640682,9/5/2026,,Plumbing Service,Leak Below Lavatory,Scheduled,Google Business Profiles,GMB_SanDiego,92122,$0.00,TRUE
,,31592481,9/5/2026,9/5/2026,Plumbing Service,Leak Below Lavatory,Completed,Organic Search,DuckDuckGo Organic,92019,$551.00,TRUE
,,,,,19,19,19,19,19,,$6160.73,
,Job Type: Mainline Stop,,,,,,,,,,,
,,1129344427,8/24/2026,8/24/2026,Plumbing Service,Mainline Stop,Completed,Google Business Profiles,GMB_SanDiego,92040,$1273.00,TRUE
,,1129280516,8/24/2026,8/24/2026,Plumbing Service,Mainline Stop,Completed,Branded Phone Number,Local 619,92110,$0.00,TRUE
,,31635019,8/24/2026,8/24/2026,Plumbing Service,Mainline Stop,Completed,Branded Phone Number,A1-800-BILL HOWE,92019,$0.00,TRUE
,,883041323,8/24/2026,8/24/2026,Plumbing Service,Mainline Stop,Completed,Branded Phone Number,A1-800-BILL HOWE,91910,$102.00,TRUE
,,31655909,8/24/2026,8/25/2026,Plumbing Service,Mainline Stop,Completed,Branded Phone Number,A1-800-BILL HOWE,92117,$0.00,TRUE
,,31554631,8/24/2026,,Plumbing Service,Mainline Stop,Scheduled,Branded Phone Number,A1-800-BILL HOWE,92117,$0.00,TRUE
,,57977408,8/24/2026,8/25/2026,Plumbing Service,Mainline Stop,Completed,Direct Web Traffic,Direct Web Traffic,92123,$0.00,TRUE
,,31537883,8/24/2026,8/25/2026,Plumbing Service,Mainline Stop,Completed,Branded Phone Number,A1-800-BILL HOWE,92027,$0.00,TRUE
,,31608222,8/25/2026,8/25/2026,Plumbing Service,Mainline Stop,Completed,Google Business Profiles,GMB_SanDiego,92123,$132.48,TRUE
,,912531734,8/25/2026,8/26/2026,Plumbing Service,Mainline Stop,Completed,PPC,Google | PMAX | Drains,92008,$187.00,TRUE
,,1129998379,8/25/2026,8/25/2026,Plumbing Service,Mainline Stop,Completed,Yelp,Yelp,92069,$175.00,TRUE
,,31611375,8/25/2026,8/25/2026,Plumbing Service,Mainline Stop,Completed,Branded Phone Number,A1-800-BILL HOWE,92078,$367.08,TRUE
,,1129781891,8/25/2026,8/26/2026,Plumbing Service,Mainline Stop,Canceled,Organic Search,Yahoo Organic,92024,$0.00,TRUE
,,1120110326,8/25/2026,8/20/2026,Plumbing Service,Mainline Stop,Completed,PPC,Google | Search | Plumbing,91932,$0.00,TRUE
,,1130194486,8/25/2026,8/25/2026,Plumbing Service,Mainline Stop,Completed,Google Business Profiles,GMB_SanDiego,92119,$425.00,TRUE
,,1130207340,8/25/2026,,Plumbing Service,Mainline Stop,Hold,Google Business Profiles,GMB_SanDiego,92117,$0.00,TRUE
,,96934200,8/26/2026,8/26/2026,Plumbing Service,Mainline Stop,Completed,PPC,Google | Search | Brand,92116,$175.00,TRUE
,,31670836,8/26/2026,8/26/2026,Plumbing Service,Mainline Stop,Completed,Google LSA,Google Local Services,92037,$1300.00,TRUE
,,380752457,8/26/2026,8/27/2026,Plumbing Service,Mainline Stop,Completed,Email,Legacy Email Marketing Multiple Offers,92102,$334.80,TRUE
,,31637718,8/26/2026,8/26/2026,Plumbing Service,Mainline Stop,Completed,Google LSA,Google Local Services,92127,$260.00,TRUE
,,977288234,8/26/2026,8/26/2026,Plumbing Service,Mainline Stop,Completed,Google Business Profiles,GMB_SanDiego,92131,$230.00,TRUE
,,1126788892,8/26/2026,8/26/2026,Plumbing Service,Mainline Stop,Completed,Branded Phone Number,Local 619,91945,$0.00,TRUE
,,31589234,8/26/2026,8/26/2026,Plumbing Service,Mainline Stop,Completed,Branded Phone Number,Local 619,92110,$0.00,TRUE
,,31588059,8/26/2026,8/27/2026,Plumbing Service,Mainline Stop,Completed,Outbound SMS,ST Outbound Text Lines,92117,$992.00,TRUE
,,1130616296,8/26/2026,8/26/2026,Plumbing Service,Mainline Stop,Canceled,Direct Web Traffic,Direct Web Traffic,91942,$0.00,TRUE
,,31588059,8/27/2026,8/27/2026,Plumbing Service,Mainline Stop,Canceled,Outbound SMS,ST Outbound Text Lines,92117,$0.00,TRUE
,,54012774,8/27/2026,8/31/2026,Plumbing Service,Mainline Stop,Completed,Branded Phone Number,Local 619,92126,$2383.00,TRUE
,,368412674,8/27/2026,9/1/2026,Plumbing Service,Mainline Stop,Completed,Google Business Profiles,GMB_Poway,92128,$175.00,TRUE
,,31576635,8/27/2026,8/27/2026,Plumbing Service,Mainline Stop,Completed,Branded Phone Number,Local 619,92117,$161.00,TRUE
,,1130749799,8/27/2026,8/27/2026,Plumbing Service,Mainline Stop,Completed,PPC,Google | Search | Brand,92078,$144.00,TRUE
,,1130786175,8/27/2026,8/27/2026,Plumbing Service,Mainline Stop,Canceled,Branded Phone Number,Local 619,92084,$0.00,TRUE
,,31548607,8/27/2026,8/27/2026,Plumbing Service,Mainline Stop,Completed,PPC,Google | Search | Brand,92123,$0.00,TRUE
,,349268114,8/27/2026,8/28/2026,Plumbing Service,Mainline Stop,Completed,Branded Phone Number,Local 619,92064,$246.00,TRUE
,,31616273,8/28/2026,8/28/2026,Plumbing Service,Mainline Stop,Completed,Outbound SMS,ST Outbound Text Lines,92110,$172.04,TRUE
,,1103530987,8/28/2026,8/28/2026,Plumbing Service,Mainline Stop,Completed,PPC,Google | Search | Brand,92071,$0.00,TRUE
,,31731464,8/28/2026,8/31/2026,Plumbing Service,Mainline Stop,Completed,Google Business Profiles,GMB_SanDiego,92109,$175.00,TRUE
,,288324497,8/28/2026,8/31/2026,Plumbing Service,Mainline Stop,Completed,Branded Phone Number,Local 619,92130,$102.00,TRUE
,,882772602,8/28/2026,8/28/2026,Plumbing Service,Mainline Stop,Completed,PPC,Google | Search | Brand,92025,$230.00,TRUE
,,31620952,8/28/2026,8/28/2026,Plumbing Service,Mainline Stop,Completed,Branded Phone Number,Local 619,92105,$0.00,FALSE
,,31565267,8/28/2026,8/28/2026,Plumbing Service,Mainline Stop,Completed,Branded Phone Number,Local 619,92110,$411.00,TRUE
,,31707364,8/29/2026,8/31/2026,Plumbing Service,Mainline Stop,Completed,Google Business Profiles,GMB_SanDiego,92111,$0.00,TRUE
,,1131195782,8/29/2026,8/29/2026,Plumbing Service,Mainline Stop,Completed,Branded Phone Number,Local 619,92105,$250.00,TRUE
,,1130194486,8/29/2026,8/29/2026,Plumbing Service,Mainline Stop,Completed,Google Business Profiles,GMB_SanDiego,92119,$0.00,FALSE
,,1129036179,8/29/2026,8/29/2026,Plumbing Service,Mainline Stop,Completed,Branded Phone Number,A1-800-BILL HOWE,92078,$456.08,TRUE
,,317213231,8/29/2026,8/31/2026,Plumbing Service,Mainline Stop,Completed,Direct Web Traffic,Direct Web Traffic,92029,$0.00,TRUE
,,43204061,8/29/2026,8/29/2026,Plumbing Service,Mainline Stop,Completed,Branded Phone Number,Local 619,92101,$250.00,TRUE
,,1131222539,8/30/2026,8/31/2026,Plumbing Service,Mainline Stop,Completed,PPC,Google | Search | Brand,92128,$102.00,TRUE
,,1131225502,8/29/2026,8/29/2026,Plumbing Service,Mainline Stop,Canceled,PPC,Google | Search | Plumbing,92107,$0.00,TRUE
,,31699020,8/29/2026,8/29/2026,Plumbing Service,Mainline Stop,Completed,Branded Phone Number,Local 619,92009,$394.00,TRUE
,,1131239089,8/29/2026,8/30/2026,Plumbing Service,Mainline Stop,Completed,PPC,Google | PMAX | Drains,91914,$425.00,TRUE
,,43204061,8/29/2026,8/29/2026,Plumbing Service,Mainline Stop,Completed,Branded Phone Number,Local 619,92101,$548.32,TRUE
,,86397991,8/30/2026,8/30/2026,Plumbing Service,Mainline Stop,Completed,Branded Phone Number,A1-800-BILL HOWE,91945,$411.00,TRUE
,,31558030,8/30/2026,8/31/2026,Plumbing Service,Mainline Stop,Completed,Direct Web Traffic,Direct Web Traffic,92117,$0.00,TRUE
,,31598852,8/30/2026,8/30/2026,Plumbing Service,Mainline Stop,Completed,Branded Phone Number,Local 619,92021,$411.00,TRUE
,,31570456,8/31/2026,8/31/2026,Plumbing Service,Mainline Stop,Completed,Google Business Profiles,GMB_SanDiego,92128,$0.00,TRUE
,,31686450,8/31/2026,9/1/2026,Plumbing Service,Mainline Stop,Completed,Branded Phone Number,Local 619,92037,$175.00,TRUE
,,1131277190,8/31/2026,9/1/2026,Plumbing Service,Mainline Stop,Completed,Organic Search,Bing Organic,92084,$175.00,TRUE
,,31538589,8/31/2026,8/31/2026,Plumbing Service,Mainline Stop,Completed,Tech referral,Tech Referral,92084,$0.00,FALSE
,,31579604,9/1/2026,9/1/2026,Plumbing Service,Mainline Stop,Completed,Organic Search,Google Organic,91977,$299.00,TRUE
,,31579604,9/1/2026,9/1/2026,Plumbing Service,Mainline Stop,Completed,Organic Search,Google Organic,91977,$0.00,TRUE
,,31662724,9/1/2026,9/2/2026,Plumbing Service,Mainline Stop,Completed,PPC,Google | Search | Brand,91910,$0.00,TRUE
,,339995182,9/2/2026,8/7/2026,Plumbing Service,Mainline Stop,Completed,Branded Phone Number,A1-800-BILL HOWE,92127,$0.00,TRUE
,,31562392,9/2/2026,9/2/2026,Plumbing Service,Mainline Stop,Completed,PPC,Google | Search | Brand,92103,$255.00,TRUE
,,1132047839,9/2/2026,9/4/2026,Plumbing Service,Mainline Stop,Completed,Organic Search,Google Organic,92009,$175.00,TRUE
,,31643244,9/2/2026,9/2/2026,Plumbing Service,Mainline Stop,Completed,Google Business Profiles,GMB_SanDiego,92118,$175.00,TRUE
,,54012774,9/2/2026,8/31/2026,Plumbing Service,Mainline Stop,Completed,Branded Phone Number,Local 619,92126,$0.00,TRUE
,,1132092781,9/2/2026,9/2/2026,Plumbing Service,Mainline Stop,Completed,PPC,Google | PMAX | Drains,91913,$0.00,TRUE
,,323374872,9/2/2026,9/2/2026,Plumbing Service,Mainline Stop,Completed,Branded Phone Number,Local 619,92115,$0.00,TRUE
,,1078657341,9/2/2026,9/3/2026,Plumbing Service,Mainline Stop,Completed,Direct Web Traffic,Direct Web Traffic,92075,$0.00,FALSE
,,296137235,9/2/2026,9/2/2026,Plumbing Service,Mainline Stop,Completed,Branded Phone Number,A1-800-BILL HOWE,92069,$496.00,TRUE
,,54012774,9/2/2026,8/31/2026,Plumbing Service,Mainline Stop,Completed,Branded Phone Number,Local 619,92126,$0.00,TRUE
,,31699011,9/2/2026,9/3/2026,Plumbing Service,Mainline Stop,Completed,Google LSA,Google Local Services,92119,$0.00,TRUE
,,1071568608,9/2/2026,9/3/2026,Plumbing Service,Mainline Stop,Completed,Direct Mail,2025 New Customer Welcome Direct Mail,92128,$1631.00,TRUE
,,94190344,9/2/2026,9/3/2026,Plumbing Service,Mainline Stop,Completed,PPC,Google | Search | Brand,91945,$505.00,TRUE
,,64443139,9/3/2026,,Plumbing Service,Mainline Stop,Hold,Google LSA,Google Local Services,92117,$0.00,TRUE
,,1131239089,9/3/2026,9/3/2026,Plumbing Service,Mainline Stop,Completed,PPC,Google | PMAX | Drains,91914,$0.00,FALSE
,,473079616,9/3/2026,6/26/2026,Plumbing Service,Mainline Stop,Completed,Google Business Profiles,GMB_SanDiego,92123,-$175.00,TRUE
,,1133626975,9/3/2026,9/4/2026,Plumbing Service,Mainline Stop,Completed,PPC,Google | Search | Brand,92117,$0.00,TRUE
,,1133364357,9/3/2026,9/3/2026,Plumbing Service,Mainline Stop,Completed,Google LSA,Google Local Services,92020,$0.00,TRUE
,,31729504,9/3/2026,8/17/2026,Plumbing Service,Mainline Stop,Completed,Branded Phone Number,Local 619,91942,-$250.00,TRUE
,,45889784,9/3/2026,9/4/2026,Plumbing Service,Mainline Stop,Canceled,Google Business Profiles,GMB_SanDiego,92119,$0.00,TRUE
,,1133500400,9/3/2026,9/4/2026,Plumbing Service,Mainline Stop,Canceled,Google Business Profiles,GMB_SanDiego,92117,$0.00,TRUE
,,1130194486,9/3/2026,9/3/2026,Plumbing Service,Mainline Stop,Completed,Google Business Profiles,GMB_SanDiego,92119,$250.00,TRUE
,,31675570,9/4/2026,9/4/2026,Plumbing Service,Mainline Stop,Completed,Google LSA,Google Local Services,92106,$175.00,TRUE
,,31643244,9/4/2026,9/2/2026,Plumbing Service,Mainline Stop,Completed,Google Business Profiles,GMB_SanDiego,92118,-$175.00,TRUE
,,670411804,9/4/2026,9/4/2026,Plumbing Service,Mainline Stop,Completed,Branded Phone Number,Local 619,92124,$0.00,FALSE
,,1134742789,9/4/2026,9/4/2026,Plumbing Service,Mainline Stop,Completed,Google LSA,Google Local Services,92102,$102.00,TRUE
,,323374872,9/4/2026,9/2/2026,Plumbing Service,Mainline Stop,Completed,Branded Phone Number,Local 619,92115,$0.00,TRUE
,,273887537,9/4/2026,9/4/2026,Plumbing Service,Mainline Stop,Completed,Branded Phone Number,A1-800-BILL HOWE,92037,$144.00,TRUE
,,353726037,9/5/2026,,Plumbing Service,Mainline Stop,Scheduled,Direct Web Traffic,Direct Web Traffic,92107,$0.00,TRUE
,,353726037,9/5/2026,,Plumbing Service,Mainline Stop,Scheduled,Direct Web Traffic,Direct Web Traffic,92107,$0.00,TRUE
,,31720819,9/5/2026,9/5/2026,Plumbing Service,Mainline Stop,Completed,Branded Phone Number,Local 619,92123,$425.00,TRUE
,,323906708,9/5/2026,9/5/2026,Plumbing Service,Mainline Stop,Completed,Google LSA,Google Local Services,92117,$425.00,TRUE
,,31537975,9/5/2026,9/5/2026,Plumbing Service,Mainline Stop,Completed,PPC,Google | Search | Brand,92103,$3575.00,TRUE
,,1104712876,9/5/2026,,Plumbing Service,Mainline Stop,Hold,Google LSA,Google Local Services,91942,$0.00,TRUE
,,465041346,9/5/2026,,Plumbing Service,Mainline Stop,Scheduled,Website,Email Contact Form,91945,$0.00,TRUE
,,1104712876,9/5/2026,,Plumbing Service,Mainline Stop,Hold,PPC,Google | Search | Brand,91942,$0.00,TRUE
,,310312345,9/5/2026,9/5/2026,Plumbing Service,Mainline Stop,Completed,Google Business Profiles,GMB_SanDiego,92122,$394.00,TRUE
,,31734122,9/5/2026,9/5/2026,Plumbing Service,Mainline Stop,Completed,Organic Search,Google Organic,91942,$1185.00,TRUE
,,65604063,9/5/2026,9/6/2026,Plumbing Service,Mainline Stop,Completed,PPC,Google | Search | Brand,92064,$1523.00,TRUE
,,1136242837,9/6/2026,9/6/2026,Plumbing Service,Mainline Stop,Completed,PPC,Google | Search | Brand,92107,$952.00,TRUE
,,,,,101,101,101,101,101,,$25835.80,
,Job Type: Pex Piping,,,,,,,,,,,
,,1133482808,9/4/2026,9/5/2026,Plumbing Service,Pex Piping,Completed,Google Business Profiles,GMB_SanDiego,92037,$12962.00,TRUE
,,,,,1,1,1,1,1,,$12962.00,
,Job Type: Pipe Leak,,,,,,,,,,,
,,1129224269,8/24/2026,8/24/2026,Plumbing Service,Pipe Leak,Completed,PPC,Bing | Search | Brand,91910,$500.00,TRUE
,,1129303534,8/24/2026,,Plumbing Service,Pipe Leak,Hold,Branded Phone Number,Local 619,92057,$685.00,TRUE
,,65660633,8/24/2026,8/24/2026,Plumbing Service,Pipe Leak,Completed,Direct Web Traffic,Direct Web Traffic,92014,$524.00,TRUE
,,61240712,8/24/2026,8/25/2026,Plumbing Service,Pipe Leak,Completed,PPC,Google | Search | Brand,92109,$0.00,TRUE
,,31689759,8/24/2026,8/19/2026,Plumbing Service,Pipe Leak,Completed,PPC,Google | Search | Brand,92127,$0.00,TRUE
,,1129497035,8/24/2026,8/25/2026,Plumbing Service,Pipe Leak,Completed,3rd Party Web Traffic,Yelp Referral Traffic,92118,$602.00,TRUE
,,1129508830,8/24/2026,8/25/2026,Plumbing Service,Pipe Leak,Completed,Google Business Profiles,GMB_Poway,92064,$0.00,TRUE
,,1129682675,8/25/2026,8/25/2026,Plumbing Service,Pipe Leak,Canceled,Google LSA,Google Local Services,92130,$0.00,TRUE
,,101852640,8/25/2026,8/26/2026,Plumbing Service,Pipe Leak,Completed,Yelp,Yelp,92110,$0.00,TRUE
,,1129776945,8/25/2026,,Plumbing Service,Pipe Leak,Hold,PPC,Google | PMAX | Drains,92109,$0.00,TRUE
,,1130185310,8/25/2026,8/26/2026,Plumbing Service,Pipe Leak,Completed,Organic Search,Google Organic,92067,$0.00,FALSE
,,278897697,8/25/2026,8/26/2026,Plumbing Service,Pipe Leak,Completed,Google Business Profiles,GMB_SanDiego,92111,$0.00,TRUE
,,31564391,8/25/2026,8/25/2026,Plumbing Service,Pipe Leak,Completed,Branded Phone Number,Local 619,91950,$250.00,TRUE
,,31696692,8/26/2026,8/21/2026,Plumbing Service,Pipe Leak,Completed,Branded Phone Number,A1-800-BILL HOWE,92117,$0.00,TRUE
,,1130342033,8/26/2026,8/26/2026,Plumbing Service,Pipe Leak,Completed,PPC,Google | Search | Plumbing,92131,$318.00,TRUE
,,342015402,8/26/2026,9/3/2026,Plumbing Service,Pipe Leak,Completed,PPC,Google | Search | Plumbing,92102,$0.00,TRUE
,,31689724,8/26/2026,8/27/2026,Plumbing Service,Pipe Leak,Completed,Google Business Profiles,GMB_SanDiego,91902,$1800.00,TRUE
,,31561270,8/26/2026,8/27/2026,Plumbing Service,Pipe Leak,Completed,Branded Phone Number,Local 619,91950,$3712.00,TRUE
,,1128986166,8/26/2026,8/21/2026,Plumbing Service,Pipe Leak,Completed,Yelp,Yelp,92025,$0.00,TRUE
,,31722221,8/26/2026,8/26/2026,Plumbing Service,Pipe Leak,Completed,Branded Phone Number,Local 619,92123,$250.00,TRUE
,,905168278,8/26/2026,8/31/2026,Plumbing Service,Pipe Leak,Completed,Branded Phone Number,Local 619,92064,$179.00,TRUE
,,1130185310,8/26/2026,,Plumbing Service,Pipe Leak,Hold,Organic Search,Google Organic,92067,$3680.00,TRUE
,,31561270,8/26/2026,8/26/2026,Plumbing Service,Pipe Leak,Canceled,Branded Phone Number,Local 619,91950,$0.00,TRUE
,,1130699633,8/27/2026,8/27/2026,Plumbing Service,Pipe Leak,Canceled,Google Business Profiles,GMB_SanDiego,92124,$0.00,TRUE
,,58322171,8/27/2026,8/24/2026,Plumbing Service,Pipe Leak,Completed,Branded Phone Number,Local 619,92075,$0.00,TRUE
,,1130698187,8/27/2026,8/27/2026,Plumbing Service,Pipe Leak,Completed,Branded Phone Number,A1-800-BILL HOWE,92007,$0.00,FALSE
,,278591675,8/27/2026,9/2/2026,Plumbing Service,Pipe Leak,Completed,Branded Phone Number,Local 619,92037,$0.00,TRUE
,,1130698187,8/27/2026,8/28/2026,Plumbing Service,Pipe Leak,Completed,Branded Phone Number,A1-800-BILL HOWE,92007,$3865.00,TRUE
,,1125046366,8/27/2026,8/28/2026,Plumbing Service,Pipe Leak,Completed,Direct Web Traffic,Direct Web Traffic,92110,$806.00,TRUE
,,31653265,8/27/2026,8/28/2026,Plumbing Service,Pipe Leak,Completed,PPC,Google | Search | Brand,92106,$263.00,TRUE
,,1072255993,8/28/2026,9/4/2026,Plumbing Service,Pipe Leak,Completed,Branded Phone Number,Local 619,91941,$1895.00,TRUE
,,1131182615,8/28/2026,8/30/2026,Plumbing Service,Pipe Leak,Canceled,Google Business Profiles,GMB_SanDiego,92131,$0.00,TRUE
,,979731083,8/28/2026,8/28/2026,Plumbing Service,Pipe Leak,Completed,Branded Phone Number,Local 619,92127,$701.00,TRUE
,,248519360,8/28/2026,8/29/2026,Plumbing Service,Pipe Leak,Canceled,Yelp,Yelp,92127,$0.00,TRUE
,,92042511,8/29/2026,8/29/2026,Plumbing Service,Pipe Leak,Completed,Branded Phone Number,A1-800-BILL HOWE,92067,$0.00,TRUE
,,1131193172,8/29/2026,8/29/2026,Plumbing Service,Pipe Leak,Completed,Google Business Profiles,GMB_SanDiego,91978,$462.00,TRUE
,,31705981,8/29/2026,8/29/2026,Plumbing Service,Pipe Leak,Completed,Google Business Profiles,GMB_Poway,92064,$0.00,TRUE
,,31564655,8/29/2026,8/29/2026,Plumbing Service,Pipe Leak,Completed,Branded Phone Number,Local 619,92040,$732.08,TRUE
,,31732772,8/31/2026,8/31/2026,Plumbing Service,Pipe Leak,Completed,Uncategorized,Uncategorized,91911,$0.00,TRUE
,,1066717652,8/29/2026,8/30/2026,Plumbing Service,Pipe Leak,Completed,Google Business Profiles,GMB_SanDiego,92130,$1687.00,TRUE
,,673011024,8/29/2026,8/29/2026,Plumbing Service,Pipe Leak,Completed,Direct Web Traffic,Direct Web Traffic,92123,$250.00,TRUE
,,891179226,8/29/2026,8/29/2026,Plumbing Service,Pipe Leak,Completed,Google Business Profiles,GMB_SanDiego,92104,$250.00,TRUE
,,478228127,8/30/2026,8/30/2026,Plumbing Service,Pipe Leak,Completed,Google Business Profiles,GMB_SanDiego,92115,$440.80,TRUE
,,1131247208,8/30/2026,8/30/2026,Plumbing Service,Pipe Leak,Completed,Branded Phone Number,Local 619,92109,$399.97,TRUE
,,374400693,8/30/2026,8/30/2026,Plumbing Service,Pipe Leak,Completed,PPC,Google | Search | Brand,92024,$0.00,TRUE
,,31706960,8/30/2026,8/30/2026,Plumbing Service,Pipe Leak,Completed,Google Business Profiles,GMB_SanDiego,92037,$250.00,TRUE
,,1131244868,8/30/2026,8/30/2026,Plumbing Service,Pipe Leak,Completed,PPC,Google | PMAX | Plumbing,92108,$394.00,TRUE
,,1125209352,8/30/2026,8/30/2026,Plumbing Service,Pipe Leak,Completed,PPC,Google | Search | Brand,92127,$250.00,TRUE
,,890893166,8/30/2026,8/31/2026,Plumbing Service,Pipe Leak,Completed,PPC,Google | Search | Brand,92115,$0.00,TRUE
,,66993817,8/31/2026,8/31/2026,Plumbing Service,Pipe Leak,Completed,Branded Phone Number,A1-800-BILL HOWE,92127,$0.00,TRUE
,,1131299322,8/31/2026,8/31/2026,Plumbing Service,Pipe Leak,Completed,Google Business Profiles,GMB_SanDiego,92009,$0.00,TRUE
,,684635697,8/31/2026,8/31/2026,Plumbing Service,Pipe Leak,Completed,Branded Phone Number,Local 619,92103,$0.00,TRUE
,,31689759,8/31/2026,8/19/2026,Plumbing Service,Pipe Leak,Completed,PPC,Google | Search | Brand,92127,$0.00,TRUE
,,1125209352,8/31/2026,9/1/2026,Plumbing Service,Pipe Leak,Completed,PPC,Google | Search | Brand,92127,$5833.00,TRUE
,,675394208,8/31/2026,9/1/2026,Plumbing Service,Pipe Leak,Completed,Tech referral,Tech Referral,92029,$0.00,FALSE
,,1129497035,8/31/2026,8/31/2026,Plumbing Service,Pipe Leak,Completed,3rd Party Web Traffic,Yelp Referral Traffic,92118,$774.00,TRUE
,,52450275,8/31/2026,9/2/2026,Plumbing Service,Pipe Leak,Completed,PPC,Google | Search | Brand,92130,$655.00,TRUE
,,31689724,9/1/2026,8/27/2026,Plumbing Service,Pipe Leak,Completed,Google Business Profiles,GMB_SanDiego,91902,$0.00,TRUE
,,265935141,9/1/2026,9/1/2026,Plumbing Service,Pipe Leak,Completed,Branded Phone Number,Local 619,92131,$2600.00,TRUE
,,31564655,9/1/2026,,Plumbing Service,Pipe Leak,Hold,Branded Phone Number,Local 619,92040,$0.00,TRUE
,,904882118,9/1/2026,9/1/2026,Plumbing Service,Pipe Leak,Completed,Website,Website Phone Calls,92115,$767.00,TRUE
,,1132000264,9/1/2026,9/2/2026,Plumbing Service,Pipe Leak,Completed,PPC,Google | Search | Plumbing,92106,$0.00,FALSE
,,49451732,9/2/2026,8/28/2026,Plumbing Service,Pipe Leak,Completed,Organic Search,Google Organic,92123,$0.00,TRUE
,,1131994546,9/2/2026,9/2/2026,Plumbing Service,Pipe Leak,Completed,Google LSA,Google Local Services,92131,$0.00,TRUE
,,1128759436,9/2/2026,8/27/2026,Plumbing Service,Pipe Leak,Completed,Organic Search,Google Organic,92027,$0.00,TRUE
,,31667915,9/2/2026,8/31/2026,Plumbing Service,Pipe Leak,Completed,Branded Phone Number,Local 619,92108,$0.00,TRUE
,,55814253,9/2/2026,9/3/2026,Plumbing Service,Pipe Leak,Canceled,Google Business Profiles,GMB_SanDiego,92121,$0.00,TRUE
,,1133495588,9/2/2026,9/3/2026,Plumbing Service,Pipe Leak,Completed,Branded Phone Number,A1-800-BILL HOWE,92119,$233.00,TRUE
,,350337531,9/3/2026,9/4/2026,Plumbing Service,Pipe Leak,Completed,Yelp,Yelp,92037,$1795.00,TRUE
,,31567572,9/3/2026,9/4/2026,Plumbing Service,Pipe Leak,Completed,Website,Email Contact Form,91945,$880.00,TRUE
,,1133684747,9/3/2026,9/4/2026,Plumbing Service,Pipe Leak,Canceled,Google Business Profiles,GMB_SanDiego,92117,$0.00,TRUE
,,1133719106,9/3/2026,9/4/2026,Plumbing Service,Pipe Leak,Completed,Direct Web Traffic,Direct Web Traffic,92037,$0.00,TRUE
,,1134725777,9/4/2026,9/4/2026,Plumbing Service,Pipe Leak,Canceled,Organic Search,Google Organic,92117,$0.00,TRUE
,,60689140,9/4/2026,9/4/2026,Plumbing Service,Pipe Leak,Completed,Website,Website Phone Calls,92103,$250.00,TRUE
,,484731309,9/4/2026,,Plumbing Service,Pipe Leak,Scheduled,Branded Phone Number,A1-800-BILL HOWE,92127,$0.00,TRUE
,,1103053484,9/4/2026,,Plumbing Service,Pipe Leak,Scheduled,Direct Web Traffic,Direct Web Traffic,92126,$0.00,FALSE
,,1134627834,9/4/2026,9/4/2026,Plumbing Service,Pipe Leak,Completed,PPC,Google | Search | Plumbing,92037,$0.00,TRUE
,,97322782,9/4/2026,9/4/2026,Plumbing Service,Pipe Leak,Completed,Google Business Profiles,GMB_SanDiego,92115,$0.00,TRUE
,,31562016,9/4/2026,9/4/2026,Plumbing Service,Pipe Leak,Completed,PPC,Google | PMAX | Plumbing,92109,$0.00,TRUE
,,1077428234,9/4/2026,,Plumbing Service,Pipe Leak,Hold,Yelp,Yelp,92075,$0.00,TRUE
,,100467869,9/5/2026,9/5/2026,Plumbing Service,Pipe Leak,Completed,PPC,Google | PMAX | Drains,91910,$0.00,TRUE
,,97322782,9/5/2026,9/5/2026,Plumbing Service,Pipe Leak,Completed,Google Business Profiles,GMB_SanDiego,92115,$2590.00,TRUE
,,1090530647,9/6/2026,9/6/2026,Plumbing Service,Pipe Leak,Completed,PPC,Google | PMAX | Drains,92009,$0.00,TRUE
,,1136248371,9/6/2026,9/6/2026,Plumbing Service,Pipe Leak,Completed,Google Business Profiles,GMB_SanDiego,92139,$462.00,TRUE
,,1121309721,9/6/2026,,Plumbing Service,Pipe Leak,Hold,Google LSA,Google Local Services,92116,$0.00,FALSE
,,,,,85,85,85,85,85,,$41984.85,
,Job Type: Plumbing Install,,,,,,,,,,,
,,31552123,9/2/2026,9/3/2026,Plumbing Service,Plumbing Install,Completed,PPC,Google | Search | Plumbing,92117,$1071.16,TRUE
,,,,,1,1,1,1,1,,$1071.16,
,Job Type: Plumbing Service,,,,,,,,,,,
,,31552521,8/24/2026,8/25/2026,Plumbing Service,Plumbing Service,Completed,Branded Phone Number,A1-800-BILL HOWE,92054,$210.00,TRUE
,,1122157119,8/24/2026,8/24/2026,Plumbing Service,Plumbing Service,Canceled,Google Business Profiles,GMB_SanDiego,92117,$0.00,FALSE
,,59474397,8/24/2026,8/27/2026,Plumbing Service,Plumbing Service,Completed,Google Business Profiles,GMB_SanDiego,92037,$297.00,TRUE
,,322935640,8/24/2026,8/18/2026,Plumbing Service,Plumbing Service,Completed,Direct Mail,Dynamicard Direct Mail July 2025,92122,$0.00,TRUE
,,1066333123,8/24/2026,7/21/2026,Plumbing Service,Plumbing Service,Completed,PPC,Google | Search | Brand,92109,$0.00,TRUE
,,318049073,8/24/2026,8/25/2026,Plumbing Service,Plumbing Service,Completed,PPC,Google | PMAX | Drains - Vegas,92024,$0.00,TRUE
,,31696692,8/24/2026,8/25/2026,Plumbing Service,Plumbing Service,Completed,Branded Phone Number,A1-800-BILL HOWE,92117,$0.00,FALSE
,,331891291,8/24/2026,8/20/2026,Plumbing Service,Plumbing Service,Completed,Branded Phone Number,Local 619,92021,$0.00,TRUE
,,31590414,8/24/2026,8/25/2026,Plumbing Service,Plumbing Service,Completed,Email,Legacy Email Marketing Multiple Offers,92123,$1176.00,TRUE
,,260979953,8/24/2026,8/19/2026,Plumbing Service,Plumbing Service,Completed,Branded Phone Number,A1-800-BILL HOWE,92024,$0.00,TRUE
,,31610288,8/24/2026,8/25/2026,Plumbing Service,Plumbing Service,Completed,Google Business Profiles,GMB_SanDiego,92106,$976.00,TRUE
,,40625880,8/24/2026,8/26/2026,Plumbing Service,Plumbing Service,Completed,PPC,Google | Search | Brand,92037,$742.00,TRUE
,,1129075443,8/24/2026,8/25/2026,Plumbing Service,Plumbing Service,Completed,PPC,Google | Search | Brand,91941,$2951.00,TRUE
,,31640323,8/24/2026,8/25/2026,Plumbing Service,Plumbing Service,Completed,Branded Phone Number,A1-800-BILL HOWE,92127,$0.00,TRUE
,,31536767,8/24/2026,,Plumbing Service,Plumbing Service,Hold,Branded Phone Number,Local 619,92127,$0.00,TRUE
,,66181548,8/24/2026,8/28/2026,Plumbing Service,Plumbing Service,Completed,,Memberships due for Service,92106,$8050.00,TRUE
,,1125248774,8/24/2026,8/25/2026,Plumbing Service,Plumbing Service,Completed,Google Business Profiles,GMB_SanDiego,92127,$0.00,FALSE
,,1129600233,8/24/2026,8/27/2026,Plumbing Service,Plumbing Service,Completed,Google Business Profiles,GMB_SanDiego,91932,$301.00,TRUE
,,31732435,8/25/2026,8/21/2026,Plumbing Service,Plumbing Service,Completed,Google LSA,Google Local Services,92116,$0.00,TRUE
,,46043751,8/25/2026,8/31/2026,Plumbing Service,Plumbing Service,Completed,Tech referral,Tech Referral,92064,$0.00,TRUE
,,31650598,8/25/2026,8/25/2026,Plumbing Service,Plumbing Service,Completed,Yelp,Yelp,92037,$0.00,TRUE
,,120652,8/25/2026,8/27/2026,Plumbing Service,Plumbing Service,Completed,Branded Phone Number,A1-800-BILL HOWE,92131,$700.00,TRUE
,,1108645420,8/25/2026,7/21/2026,Plumbing Service,Plumbing Service,Completed,Branded Phone Number,Local 619,92111,-$424.00,TRUE
,,120652,8/25/2026,8/25/2026,Plumbing Service,Plumbing Service,Completed,Branded Phone Number,A1-800-BILL HOWE,92131,$262.50,TRUE
,,1124799201,8/25/2026,8/27/2026,Plumbing Service,Plumbing Service,Completed,Google Business Profiles,GMB_SanDiego,92037,$0.00,TRUE
,,31542271,8/25/2026,8/27/2026,Plumbing Service,Plumbing Service,Completed,Email,Legacy Email Marketing Multiple Offers,92128,$2328.00,TRUE
,,31709549,8/25/2026,8/20/2026,Plumbing Service,Plumbing Service,Completed,Google LSA,Google Local Services,92130,$0.00,TRUE
,,372608878,8/25/2026,8/26/2026,Plumbing Service,Plumbing Service,Canceled,Direct Web Traffic,Direct Web Traffic,92109,$0.00,TRUE
,,671773947,8/25/2026,9/1/2026,Plumbing Service,Plumbing Service,Completed,Email,Legacy Email Marketing Multiple Offers,92130,$677.46,TRUE
,,67694710,8/25/2026,8/28/2026,Plumbing Service,Plumbing Service,Completed,Email,Plumbing to HVAC Cross Promotion Offer Drip 2025,92102,$0.00,FALSE
,,57734948,8/25/2026,8/21/2026,Plumbing Service,Plumbing Service,Completed,Google Business Profiles,GMB_SanDiego,92101,$0.00,TRUE
,,47193860,8/25/2026,8/31/2026,Plumbing Service,Plumbing Service,Completed,Branded Phone Number,Local 619,92126,$0.00,TRUE
,,31639315,8/25/2026,8/26/2026,Plumbing Service,Plumbing Service,Completed,Branded Phone Number,Local 619,92126,$462.00,TRUE
,,895271681,8/26/2026,8/21/2026,Plumbing Service,Plumbing Service,Completed,Branded Phone Number,A1-800-BILL HOWE,92081,$0.00,TRUE
,,31720262,8/26/2026,8/26/2026,Plumbing Service,Plumbing Service,Completed,Email,Legacy Email Marketing Multiple Offers,91977,$0.00,TRUE
,,372608878,8/26/2026,8/31/2026,Plumbing Service,Plumbing Service,Completed,Branded Phone Number,Local 619,92109,$198.00,TRUE
,,65031393,8/26/2026,8/24/2026,Plumbing Service,Plumbing Service,Completed,Branded Phone Number,A1-800-BILL HOWE,92014,$0.00,TRUE
,,31552123,8/26/2026,8/27/2026,Plumbing Service,Plumbing Service,Completed,PPC,Google | Search | Plumbing,92117,$0.00,FALSE
,,358735407,8/26/2026,8/17/2026,Plumbing Service,Plumbing Service,Completed,Branded Phone Number,Local 619,92037,$0.00,TRUE
,,61240712,8/26/2026,8/27/2026,Plumbing Service,Plumbing Service,Completed,PPC,Google | Search | Brand,92109,$0.00,FALSE
,,52107198,8/26/2026,8/27/2026,Plumbing Service,Plumbing Service,Completed,Branded Phone Number,Local 619,91950,$220.00,TRUE
,,1121454609,8/26/2026,8/21/2026,Plumbing Service,Plumbing Service,Completed,Google LSA,Google Local Services,91945,$0.00,FALSE
,,54244105,8/27/2026,8/27/2026,Plumbing Service,Plumbing Service,Completed,Branded Phone Number,Local 619,92007,$1375.00,TRUE
,,31733558,8/27/2026,8/31/2026,Plumbing Service,Plumbing Service,Completed,Google Business Profiles,GMB_SanDiego,92130,$276.00,TRUE
,,251371407,8/27/2026,8/24/2026,Plumbing Service,Plumbing Service,Completed,Organic Search,Google Organic,92110,$0.00,FALSE
,,911680427,8/27/2026,8/21/2026,Plumbing Service,Plumbing Service,Completed,Yelp,Yelp,92091,$0.00,TRUE
,,1115633797,8/27/2026,7/24/2026,Plumbing Service,Plumbing Service,Completed,Website,Website Phone Calls,92101,$0.00,TRUE
,,1130056798,8/27/2026,,Plumbing Service,Plumbing Service,Hold,Google Business Profiles,GMB_SanDiego,92054,$1695.00,TRUE
,,485137919,8/27/2026,8/28/2026,Plumbing Service,Plumbing Service,Completed,Organic Search,Google Organic,92102,$2400.00,TRUE
,,1127408941,8/27/2026,,Plumbing Service,Plumbing Service,Scheduled,Branded Phone Number,A1-800-BILL HOWE,92111,$3500.00,TRUE
,,49427630,8/27/2026,8/19/2026,Plumbing Service,Plumbing Service,Completed,Yelp,Yelp,92130,$0.00,TRUE
,,31672087,8/27/2026,8/28/2026,Plumbing Service,Plumbing Service,Completed,Branded Phone Number,Local 619,92107,$0.00,FALSE
,,31638713,8/27/2026,8/19/2026,Plumbing Service,Plumbing Service,Completed,Branded Phone Number,A1-800-BILL HOWE,92106,$0.00,TRUE
,,1130595056,8/27/2026,8/27/2026,Plumbing Service,Plumbing Service,Completed,PPC,Google | PMAX | Drains,92011,$1116.86,TRUE
,,1089270273,8/27/2026,9/1/2026,Plumbing Service,Plumbing Service,Completed,PPC,Google | Search | Competitor,92027,$0.00,TRUE
,,49195299,8/27/2026,8/28/2026,Plumbing Service,Plumbing Service,Completed,Branded Phone Number,Local 619,92103,$0.00,FALSE
,,85144387,8/27/2026,8/28/2026,Plumbing Service,Plumbing Service,Completed,PPC,Google | Search | Brand,92037,$0.00,TRUE
,,1129366743,8/28/2026,8/31/2026,Plumbing Service,Plumbing Service,Completed,Google Business Profiles,GMB_SanDiego,92129,$3300.00,TRUE
,,31582588,8/28/2026,9/4/2026,Plumbing Service,Plumbing Service,Canceled,Branded Phone Number,Local 619,92037,$0.00,TRUE
,,61240712,8/28/2026,8/31/2026,Plumbing Service,Plumbing Service,Completed,PPC,Google | Search | Brand,92109,$2300.00,TRUE
,,1103530987,8/28/2026,8/28/2026,Plumbing Service,Plumbing Service,Completed,PPC,Google | Search | Brand,92071,$0.00,TRUE
,,1122157119,8/28/2026,,Plumbing Service,Plumbing Service,Scheduled,Google Business Profiles,GMB_SanDiego,92117,$0.00,FALSE
,,1125170998,8/28/2026,8/20/2026,Plumbing Service,Plumbing Service,Completed,Yelp,Yelp,92113,$0.00,FALSE
,,1067318973,8/28/2026,8/28/2026,Plumbing Service,Plumbing Service,Completed,,August Summer Wind Down  2026,92119,$1610.00,TRUE
,,1131063449,8/28/2026,8/31/2026,Plumbing Service,Plumbing Service,Completed,Email,Legacy Email Marketing Multiple Offers,92130,$0.00,TRUE
,,31546857,8/28/2026,8/26/2026,Plumbing Service,Plumbing Service,Completed,Branded Phone Number,Local 619,91941,$0.00,FALSE
,,49195299,8/28/2026,8/31/2026,Plumbing Service,Plumbing Service,Completed,Branded Phone Number,Local 619,92103,$2950.00,TRUE
,,1129148349,8/28/2026,8/31/2026,Plumbing Service,Plumbing Service,Completed,Google Business Profiles,GMB_SanDiego,92008,$175.00,TRUE
,,373766507,8/28/2026,9/1/2026,Plumbing Service,Plumbing Service,Completed,Tech referral,Tech Referral,92078,$715.00,TRUE
,,1131196127,8/29/2026,8/31/2026,Plumbing Service,Plumbing Service,Completed,Sameday AI,Sameday AI,92127,$0.00,TRUE
,,281312537,8/29/2026,8/31/2026,Plumbing Service,Plumbing Service,Completed,PPC,Google | Search | Plumbing,92109,$0.00,FALSE
,,59240735,8/29/2026,9/2/2026,Plumbing Service,Plumbing Service,Completed,Direct Web Traffic,Direct Web Traffic,92128,$0.00,FALSE
,,1131226584,8/29/2026,8/31/2026,Plumbing Service,Plumbing Service,Completed,Direct Web Traffic,Direct Web Traffic,92020,$0.00,TRUE
,,90322179,8/30/2026,8/30/2026,Plumbing Service,Plumbing Service,Completed,PPC,Google | Search | Brand,92103,$749.98,TRUE
,,1131244581,8/30/2026,8/30/2026,Plumbing Service,Plumbing Service,Canceled,Google Business Profiles,GMB_SanDiego,92127,$0.00,TRUE
,,1128837471,8/30/2026,9/1/2026,Plumbing Service,Plumbing Service,Completed,Direct Web Traffic,Direct Web Traffic,92103,$1231.00,TRUE
,,1102732715,8/31/2026,8/31/2026,Plumbing Service,Plumbing Service,Completed,Branded Phone Number,A1-800-BILL HOWE,92121,$0.00,TRUE
,,93606953,8/31/2026,8/27/2026,Plumbing Service,Plumbing Service,Completed,Website,Email Contact Form,92122,$0.00,FALSE
,,49492266,8/31/2026,8/31/2026,Plumbing Service,Plumbing Service,Completed,Google Business Profiles,GMB_SanDiego,92009,$0.00,FALSE
,,379160978,8/31/2026,9/1/2026,Plumbing Service,Plumbing Service,Completed,PPC,Google | Search | Plumbing,92109,$0.00,FALSE
,,255062419,8/31/2026,8/31/2026,Plumbing Service,Plumbing Service,Completed,Google Business Profiles,GMB_SanDiego,91910,$248.00,TRUE
,,1131280989,8/31/2026,8/31/2026,Plumbing Service,Plumbing Service,Completed,Branded Phone Number,A1-800-BILL HOWE,92108,$0.00,TRUE
,,31572524,8/31/2026,9/4/2026,Plumbing Service,Plumbing Service,Completed,Organic Search,DuckDuckGo Organic,92106,$1389.00,TRUE
,,59089600,8/31/2026,9/2/2026,Plumbing Service,Plumbing Service,Completed,Google Business Profiles,GMB_SanDiego,92064,$1200.00,TRUE
,,31731980,8/31/2026,8/31/2026,Plumbing Service,Plumbing Service,Completed,Direct Web Traffic,Direct Web Traffic,92127,$0.00,TRUE
,,31611073,8/31/2026,,Plumbing Service,Plumbing Service,Scheduled,Branded Phone Number,A1-800-BILL HOWE,92109,$0.00,TRUE
,,98949146,8/31/2026,9/2/2026,Plumbing Service,Plumbing Service,Completed,Google Business Profiles,GMB_SanDiego,92014,$1697.00,TRUE
,,286949075,8/31/2026,8/25/2026,Plumbing Service,Plumbing Service,Completed,Organic Search,Google Organic,92067,$0.00,TRUE
,,484737644,8/31/2026,9/1/2026,Plumbing Service,Plumbing Service,Completed,Organic Search,Chat - Service Titan,92129,$0.00,TRUE
,,1124845919,8/31/2026,9/1/2026,Plumbing Service,Plumbing Service,Completed,Direct Web Traffic,Direct Web Traffic,92111,$0.00,TRUE
,,59946988,8/31/2026,9/2/2026,Plumbing Service,Plumbing Service,Completed,PPC,Google | Search | Brand,92014,$2800.00,TRUE
,,358362318,8/31/2026,9/1/2026,Plumbing Service,Plumbing Service,Completed,,BFP Water Heater Maintenance SMS 2026,92128,$586.00,TRUE
,,1072446814,8/31/2026,3/23/2026,Plumbing Service,Plumbing Service,Completed,PPC,Google | Search | Brand,92007,-$250.00,TRUE
,,286949075,8/31/2026,8/14/2026,Plumbing Service,Plumbing Service,Completed,Organic Search,Google Organic,92067,$0.00,TRUE
,,120652,8/31/2026,8/19/2026,Plumbing Service,Plumbing Service,Completed,Tech referral,Tech Referral,92131,-$111.82,TRUE
,,31550952,8/31/2026,9/1/2026,Plumbing Service,Plumbing Service,Completed,Branded Phone Number,Local 619,92105,$0.00,FALSE
,,902469128,8/31/2026,8/13/2026,Plumbing Service,Plumbing Service,Completed,Google LSA,Google Local Services,91913,$1038.29,TRUE
,,66993817,8/31/2026,9/1/2026,Plumbing Service,Plumbing Service,Completed,Branded Phone Number,A1-800-BILL HOWE,92127,$2375.00,TRUE
,,31620229,8/31/2026,8/31/2026,Plumbing Service,Plumbing Service,Canceled,Google Business Profiles,GMB_SanDiego,92126,$0.00,TRUE
,,1131533384,9/1/2026,9/1/2026,Plumbing Service,Plumbing Service,Canceled,PPC,Google | Search | Brand,92119,$0.00,TRUE
,,31634232,9/1/2026,8/27/2026,Plumbing Service,Plumbing Service,Completed,Branded Phone Number,A1-800-BILL HOWE,92154,$0.00,TRUE
,,1131571422,9/1/2026,,Plumbing Service,Plumbing Service,Hold,Direct Web Traffic,Direct Web Traffic,92127,$0.00,TRUE
,,31634232,9/1/2026,8/27/2026,Plumbing Service,Plumbing Service,Completed,Branded Phone Number,A1-800-BILL HOWE,92154,$0.00,TRUE
,,979380109,9/1/2026,8/31/2026,Plumbing Service,Plumbing Service,Completed,PPC,Google | PMAX | Plumbing - Spanish,92131,$0.00,TRUE
,,31634232,9/1/2026,8/27/2026,Plumbing Service,Plumbing Service,Completed,Branded Phone Number,A1-800-BILL HOWE,92154,$0.00,TRUE
,,1101553569,9/1/2026,9/2/2026,Plumbing Service,Plumbing Service,Completed,PPC,Google | Search | Competitor,92007,$5930.00,TRUE
,,373766507,9/1/2026,,Plumbing Service,Plumbing Service,In Progress,Tech referral,Tech Referral,92078,$890.00,TRUE
,,1129680496,9/1/2026,,Plumbing Service,Plumbing Service,Scheduled,Branded Phone Number,Local 619,92124,$3507.73,TRUE
,,93606953,9/1/2026,8/27/2026,Plumbing Service,Plumbing Service,Completed,Website,Email Contact Form,92122,$0.00,FALSE
,,379160978,9/1/2026,,Plumbing Service,Plumbing Service,Hold,PPC,Google | Search | Plumbing,92109,$318.00,TRUE
,,1102732715,9/1/2026,8/30/2026,Plumbing Service,Plumbing Service,Completed,Branded Phone Number,A1-800-BILL HOWE,92121,$0.00,TRUE
,,373766507,9/1/2026,,Plumbing Service,Plumbing Service,Scheduled,Tech referral,Tech Referral,92078,$870.00,TRUE
,,983057720,9/1/2026,9/1/2026,Plumbing Service,Plumbing Service,Completed,PPC,Google | Search | Brand,92091,$0.00,FALSE
,,358735407,9/1/2026,9/4/2026,Plumbing Service,Plumbing Service,Completed,Branded Phone Number,Local 619,92037,$903.44,TRUE
,,1131970892,9/1/2026,9/2/2026,Plumbing Service,Plumbing Service,Completed,Google Business Profiles,GMB_SanDiego,92111,$0.00,TRUE
,,1131530878,9/2/2026,9/2/2026,Plumbing Service,Plumbing Service,Completed,Google Business Profiles,GMB_SanDiego,92037,$0.00,FALSE
,,41745765,9/2/2026,9/2/2026,Plumbing Service,Plumbing Service,Canceled,PPC,Google | Search | Plumbing,92130,$0.00,TRUE
,,983057720,9/2/2026,9/2/2026,Plumbing Service,Plumbing Service,Completed,PPC,Google | Search | Brand,92091,$1953.00,TRUE
,,31655855,9/2/2026,9/3/2026,Plumbing Service,Plumbing Service,Completed,,September Savings 2026,92106,$175.00,TRUE
,,375114813,9/2/2026,9/3/2026,Plumbing Service,Plumbing Service,Completed,PPC,Google | PMAX | Drains,92014,$0.00,FALSE
,,120652,9/2/2026,9/2/2026,Plumbing Service,Plumbing Service,Completed,Tech referral,Tech Referral,92103,$350.00,TRUE
,,31726431,9/2/2026,,Plumbing Service,Plumbing Service,Scheduled,Branded Phone Number,A1-800-BILL HOWE,92131,$318.00,TRUE
,,120652,9/2/2026,9/3/2026,Plumbing Service,Plumbing Service,Completed,Tech referral,Tech Referral,92106,$250.00,TRUE
,,1132095864,9/2/2026,9/2/2026,Plumbing Service,Plumbing Service,Completed,PPC,Google | PMAX | Drains,92064,$0.00,TRUE
,,1118788084,9/2/2026,9/4/2026,Plumbing Service,Plumbing Service,Completed,Organic Search,Google Organic,92106,$265.00,TRUE
,,1133450404,9/2/2026,9/3/2026,Plumbing Service,Plumbing Service,Completed,Google Business Profiles,GMB_SanDiego,92130,$0.00,TRUE
,,379947476,9/2/2026,9/3/2026,Plumbing Service,Plumbing Service,Completed,Google Business Profiles,GMB_SanDiego,92130,$212.00,TRUE
,,1133500383,9/2/2026,9/4/2026,Plumbing Service,Plumbing Service,Completed,Direct Web Traffic,Direct Web Traffic,92011,$0.00,FALSE
,,31598852,9/3/2026,9/3/2026,Plumbing Service,Plumbing Service,Completed,Branded Phone Number,Local 619,92116,$0.00,FALSE
,,1133515712,9/3/2026,,Plumbing Service,Plumbing Service,Scheduled,Organic Search,Google Organic,92127,$0.00,TRUE
,,31622991,9/3/2026,9/3/2026,Plumbing Service,Plumbing Service,Completed,Google LSA,Google Local Services,92037,$447.00,TRUE
,,368986103,9/3/2026,9/4/2026,Plumbing Service,Plumbing Service,Completed,,Memberships due for Service,92024,$0.00,FALSE
,,979380109,9/3/2026,8/31/2026,Plumbing Service,Plumbing Service,Completed,PPC,Google | PMAX | Plumbing - Spanish,92131,$0.00,TRUE
,,1133595897,9/3/2026,9/4/2026,Plumbing Service,Plumbing Service,Completed,Google Business Profiles,GMB_SanDiego,92037,$287.00,TRUE
,,483999280,9/3/2026,,Plumbing Service,Plumbing Service,Scheduled,Google Business Profiles,GMB_SanDiego,92037,$3619.00,TRUE
,,92095723,9/3/2026,,Plumbing Service,Plumbing Service,Scheduled,Email,Legacy Email Marketing Multiple Offers,92008,$0.00,TRUE
,,284359595,9/3/2026,9/3/2026,Plumbing Service,Plumbing Service,Completed,Branded Phone Number,Local 619,92127,$0.00,TRUE
,,1121309721,9/3/2026,9/4/2026,Plumbing Service,Plumbing Service,Completed,Google LSA,Google Local Services,92116,$940.00,TRUE
,,59089600,9/3/2026,9/2/2026,Plumbing Service,Plumbing Service,Completed,Google Business Profiles,GMB_SanDiego,92064,$0.00,TRUE
,,31720146,9/3/2026,9/3/2026,Plumbing Service,Plumbing Service,Canceled,Direct Web Traffic,Direct Web Traffic,92119,$0.00,TRUE
,,31685833,9/3/2026,,Plumbing Service,Plumbing Service,In Progress,Branded Phone Number,A1-800-BILL HOWE,92106,$6000.00,TRUE
,,120652,9/3/2026,9/4/2026,Plumbing Service,Plumbing Service,Completed,Tech referral,Tech Referral,92111,$629.96,TRUE
,,1133714934,9/3/2026,9/4/2026,Plumbing Service,Plumbing Service,Canceled,PPC,Google | Search | Plumbing,92119,$0.00,TRUE
,,369516026,9/3/2026,9/4/2026,Plumbing Service,Plumbing Service,Completed,Direct Web Traffic,Direct Web Traffic,92121,$692.76,TRUE
,,1133716953,9/3/2026,9/4/2026,Plumbing Service,Plumbing Service,Completed,Google Business Profiles,GMB_SanDiego,92111,$265.00,TRUE
,,31733558,9/4/2026,8/31/2026,Plumbing Service,Plumbing Service,Completed,Google Business Profiles,GMB_SanDiego,92130,$0.00,TRUE
,,49831644,9/4/2026,9/4/2026,Plumbing Service,Plumbing Service,Canceled,Branded Phone Number,Local 619,92108,$0.00,TRUE
,,1114948448,9/4/2026,7/22/2026,Plumbing Service,Plumbing Service,Completed,Branded Phone Number,Local 619,92103,-$363.00,TRUE
,,983057720,9/4/2026,9/2/2026,Plumbing Service,Plumbing Service,Completed,PPC,Google | Search | Brand,92091,$0.00,TRUE
,,49831644,9/4/2026,,Plumbing Service,Plumbing Service,Scheduled,Branded Phone Number,Local 619,92108,$0.00,TRUE
,,670411804,9/4/2026,,Plumbing Service,Plumbing Service,Scheduled,Branded Phone Number,Local 619,92124,$0.00,FALSE
,,366327256,9/4/2026,,Plumbing Service,Plumbing Service,Scheduled,Branded Phone Number,Local 619,92024,$0.00,TRUE
,,31686852,9/4/2026,,Plumbing Service,Plumbing Service,Scheduled,Google Business Profiles,GMB_SanDiego,92110,$0.00,TRUE
,,53599014,9/4/2026,,Plumbing Service,Plumbing Service,Scheduled,CSR Outbound,$1 OUTBOUND (use this for out-bounding),92037,$0.00,TRUE
,,1133601338,9/4/2026,,Plumbing Service,Plumbing Service,Scheduled,Google LSA,Google Local Services,92123,$0.00,TRUE
,,31675570,9/4/2026,9/4/2026,Plumbing Service,Plumbing Service,Completed,Google LSA,Google Local Services,92106,$0.00,TRUE
,,41620075,9/5/2026,9/6/2026,Plumbing Service,Plumbing Service,Completed,Branded Phone Number,Local 619,92104,$523.24,TRUE
,,1133500383,9/5/2026,,Plumbing Service,Plumbing Service,Hold,Direct Web Traffic,Direct Web Traffic,92011,$13091.00,TRUE
,,1136175839,9/5/2026,,Plumbing Service,Plumbing Service,Scheduled,Sameday AI,Sameday AI,91941,$0.00,TRUE
,,,,,159,159,159,159,159,,$95566.40,
,Job Type: PRV,,,,,,,,,,,
,,1128110960,8/24/2026,8/25/2026,Plumbing Service,PRV,Completed,Organic Search,Google Organic,92037,$927.20,TRUE
,,56451760,8/24/2026,7/27/2026,Plumbing Service,PRV,Completed,PPC,Google | Search | Brand,92130,-$238.00,TRUE
,,52843216,8/24/2026,8/13/2026,Plumbing Service,PRV,Completed,Branded Phone Number,Local 619,92008,$0.00,TRUE
,,1125209352,8/24/2026,8/26/2026,Plumbing Service,PRV,Completed,PPC,Google | Search | Brand,92127,$3000.00,TRUE
,,377566071,8/25/2026,8/26/2026,Plumbing Service,PRV,Completed,Google LSA,Google Local Services,92009,$1830.00,TRUE
,,67694710,8/25/2026,8/27/2026,Plumbing Service,PRV,Completed,Email,Plumbing to HVAC Cross Promotion Offer Drip 2025,92040,$955.88,TRUE
,,67694710,8/25/2026,8/25/2026,Plumbing Service,PRV,Canceled,Email,Plumbing to HVAC Cross Promotion Offer Drip 2025,92040,$0.00,TRUE
,,336782378,8/25/2026,8/26/2026,Plumbing Service,PRV,Completed,Branded Phone Number,A1-800-BILL HOWE,92114,$0.00,FALSE
,,53541450,8/25/2026,,Plumbing Service,PRV,Hold,Branded Phone Number,Local 619,92107,$0.00,TRUE
,,59240735,8/26/2026,8/27/2026,Plumbing Service,PRV,Completed,Direct Web Traffic,Direct Web Traffic,92128,$0.00,FALSE
,,60041235,8/26/2026,,Plumbing Service,PRV,Hold,Website,Email Contact Form,91942,$0.00,TRUE
,,377566071,8/26/2026,,Plumbing Service,PRV,Hold,Google LSA,Google Local Services,92009,$500.00,TRUE
,,1125520990,8/27/2026,8/24/2026,Plumbing Service,PRV,Completed,Uncategorized,Uncategorized,92037,$0.00,TRUE
,,31675853,8/27/2026,8/28/2026,Plumbing Service,PRV,Completed,Branded Phone Number,Local 619,92109,$1240.00,TRUE
,,1065266672,8/27/2026,8/28/2026,Plumbing Service,PRV,Completed,PPC,Google | Search | Brand,92104,$0.00,TRUE
,,1131004201,8/28/2026,8/30/2026,Plumbing Service,PRV,Canceled,Google Business Profiles,GMB_SanDiego,92131,$0.00,TRUE
,,55336994,8/31/2026,8/31/2026,Plumbing Service,PRV,Completed,Google Business Profiles,GMB_SanDiego,91910,$0.00,TRUE
,,31588035,8/31/2026,8/31/2026,Plumbing Service,PRV,Completed,PPC,Bing | Search | Brand,92117,$810.90,TRUE
,,31715776,8/31/2026,9/1/2026,Plumbing Service,PRV,Completed,Branded Phone Number,Local 619,92083,$0.00,FALSE
,,31628346,8/31/2026,9/2/2026,Plumbing Service,PRV,Completed,CSR Outbound,$1 OUTBOUND (use this for out-bounding),91910,$2003.00,TRUE
,,31715776,9/1/2026,9/1/2026,Plumbing Service,PRV,Completed,Branded Phone Number,Local 619,92083,$2692.84,TRUE
,,31562392,9/1/2026,,Plumbing Service,PRV,Hold,Account,Work Order,92056,$250.00,TRUE
,,462766842,9/1/2026,9/2/2026,Plumbing Service,PRV,Completed,Email,Legacy Email Marketing Multiple Offers,92128,$1809.00,TRUE
,,50477971,9/2/2026,9/2/2026,Plumbing Service,PRV,Completed,Branded Phone Number,A1-800-BILL HOWE,92037,$1749.00,TRUE
,,981674805,9/2/2026,9/2/2026,Plumbing Service,PRV,Completed,Email,Legacy Email Marketing Multiple Offers,92091,$0.00,TRUE
,,282196113,9/2/2026,9/2/2026,Plumbing Service,PRV,Completed,PPC,Google | Search | Brand,92127,$1289.00,TRUE
,,50477971,9/3/2026,9/2/2026,Plumbing Service,PRV,Completed,Branded Phone Number,A1-800-BILL HOWE,92037,$0.00,TRUE
,,31543670,9/3/2026,9/4/2026,Plumbing Service,PRV,Completed,Website,Email Contact Form,91913,$828.92,TRUE
,,1077467301,9/3/2026,9/4/2026,Plumbing Service,PRV,Completed,Organic Search,DuckDuckGo Organic,92127,$1697.00,TRUE
,,1134635501,9/4/2026,9/4/2026,Plumbing Service,PRV,Completed,3rd Party Web Traffic,Yelp Referral Traffic,91913,$1039.00,TRUE
,,909411537,9/4/2026,,Plumbing Service,PRV,Scheduled,Google Business Profiles,GMB_SanDiego,92084,$0.00,TRUE
,,981169430,9/5/2026,,Plumbing Service,PRV,Scheduled,PPC,Google | Search | Brand,92130,$0.00,TRUE
,,,,,32,32,32,32,32,,$22383.74,
,Job Type: R/O System,,,,,,,,,,,
,,31720688,8/24/2026,8/25/2026,Plumbing Service,R/O System,Completed,Google Business Profiles,GMB_SanDiego,92014,$1558.00,TRUE
,,57689478,8/24/2026,8/25/2026,Plumbing Service,R/O System,Completed,Google LSA,Google Local Services,91942,$0.00,TRUE
,,51429035,8/24/2026,8/26/2026,Plumbing Service,R/O System,Completed,Outbound SMS,ST Outbound Text Lines,91977,$4599.00,TRUE
,,51429035,9/2/2026,9/3/2026,Plumbing Service,R/O System,Completed,Outbound SMS,ST Outbound Text Lines,91977,$0.00,FALSE
,,,,,4,4,4,4,4,,$6157.00,
,Job Type: Recirculating Pump,,,,,,,,,,,
,,31661509,8/24/2026,8/24/2026,Plumbing Service,Recirculating Pump,Completed,Google Business Profiles,GMB_SanDiego,92037,$220.00,TRUE
,,31537001,8/25/2026,8/26/2026,Plumbing Service,Recirculating Pump,Completed,Branded Phone Number,A1-800-BILL HOWE,92037,$220.00,TRUE
,,976490876,8/27/2026,,Plumbing Service,Recirculating Pump,In Progress,PPC,Google | Search | Brand,92014,$1692.00,TRUE
,,31537295,9/1/2026,9/3/2026,Plumbing Service,Recirculating Pump,Completed,Yelp,Yelp,91942,$348.65,TRUE
,,,,,4,4,4,4,4,,$2480.65,
,Job Type: Reset Toilet,,,,,,,,,,,
,,31679420,8/24/2026,8/25/2026,Plumbing Service,Reset Toilet,Completed,PPC,Google | Search | Brand,92107,$265.00,TRUE
,,1090464438,8/24/2026,8/19/2026,Plumbing Service,Reset Toilet,Completed,PPC,Google | Search | Brand,92037,$0.00,TRUE
,,1124585089,8/25/2026,8/25/2026,Plumbing Service,Reset Toilet,Completed,Google Business Profiles,GMB_SanDiego,92127,$0.00,FALSE
,,64024827,8/26/2026,,Plumbing Service,Reset Toilet,Scheduled,Branded Phone Number,Local 619,92118,$0.00,TRUE
,,56641716,8/27/2026,8/27/2026,Plumbing Service,Reset Toilet,Completed,Branded Phone Number,Local 619,92020,$251.20,TRUE
,,31660442,8/27/2026,8/27/2026,Plumbing Service,Reset Toilet,Completed,Google Business Profiles,GMB_SanDiego,92067,$0.00,TRUE
,,465221110,8/27/2026,8/28/2026,Plumbing Service,Reset Toilet,Canceled,PPC,Google | Search | Plumbing,92024,$0.00,TRUE
,,31719803,8/28/2026,8/31/2026,Plumbing Service,Reset Toilet,Completed,Google Business Profiles,GMB_SanDiego,92124,$935.00,TRUE
,,1124585089,8/29/2026,9/2/2026,Plumbing Service,Reset Toilet,Completed,Google Business Profiles,GMB_SanDiego,92127,$0.00,FALSE
,,31570140,8/29/2026,8/31/2026,Plumbing Service,Reset Toilet,Completed,PPC,Google | Search | Brand,92064,$0.00,TRUE
,,292040611,8/30/2026,,Plumbing Service,Reset Toilet,In Progress,Organic Search,DuckDuckGo Organic,92117,$0.00,FALSE
,,279859777,8/31/2026,9/1/2026,Plumbing Service,Reset Toilet,Completed,Direct Web Traffic,Direct Web Traffic,91941,$250.00,TRUE
,,120652,8/31/2026,8/31/2026,Plumbing Service,Reset Toilet,Completed,Google LSA,Google Local Services,92108,$200.00,TRUE
,,31626097,8/31/2026,8/31/2026,Plumbing Service,Reset Toilet,Completed,Branded Phone Number,Local 619,91977,$0.00,TRUE
,,1113368880,8/31/2026,9/1/2026,Plumbing Service,Reset Toilet,Completed,PPC,Google | PMAX | Plumbing - Spanish,92122,$0.00,TRUE
,,120652,9/1/2026,9/1/2026,Plumbing Service,Reset Toilet,Completed,Google Business Profiles,GMB_SanDiego,91913,$14.04,TRUE
,,31733558,9/1/2026,9/2/2026,Plumbing Service,Reset Toilet,Completed,Google Business Profiles,GMB_SanDiego,92130,$0.00,FALSE
,,1130503865,9/1/2026,9/2/2026,Plumbing Service,Reset Toilet,Completed,Direct Web Traffic,Direct Web Traffic,92007,$0.00,FALSE
,,56641716,9/2/2026,8/27/2026,Plumbing Service,Reset Toilet,Completed,Branded Phone Number,Local 619,92020,$0.00,TRUE
,,47050150,9/2/2026,9/4/2026,Plumbing Service,Reset Toilet,Completed,Branded Phone Number,A1-800-BILL HOWE,92106,$747.16,TRUE
,,374478018,9/2/2026,9/3/2026,Plumbing Service,Reset Toilet,Completed,Branded Phone Number,Local 619,92025,$492.00,TRUE
,,1071909852,9/3/2026,9/3/2026,Plumbing Service,Reset Toilet,Completed,Branded Phone Number,Local 619,92109,$0.00,TRUE
,,1136248097,9/6/2026,,Plumbing Service,Reset Toilet,Hold,Website,Website Phone Calls,92120,$1321.00,TRUE
,,,,,23,23,23,23,23,,$4475.40,
,Job Type: Sewer Camera,,,,,,,,,,,
,,92614201,8/24/2026,8/20/2026,Plumbing Service,Sewer Camera,Completed,Branded Phone Number,A1-800-BILL HOWE,92128,$0.00,TRUE
,,90324170,8/24/2026,,Plumbing Service,Sewer Camera,Hold,Branded Phone Number,Local 619,92115,$0.00,TRUE
,,1129276311,8/24/2026,8/25/2026,Plumbing Service,Sewer Camera,Completed,Google Business Profiles,GMB_SanDiego,92007,$0.00,TRUE
,,31635019,8/24/2026,8/24/2026,Plumbing Service,Sewer Camera,Completed,Branded Phone Number,A1-800-BILL HOWE,92019,$0.00,TRUE
,,59990984,8/24/2026,8/25/2026,Plumbing Service,Sewer Camera,Completed,PPC,Google | Search | Brand,92111,$0.00,FALSE
,,1129290235,8/24/2026,8/24/2026,Plumbing Service,Sewer Camera,Completed,Google Business Profiles,GMB_SanDiego,92123,$0.00,TRUE
,,54362609,8/24/2026,8/25/2026,Plumbing Service,Sewer Camera,Completed,PPC,Google | Search | Brand,92105,$0.00,FALSE
,,249834720,8/24/2026,,Plumbing Service,Sewer Camera,Scheduled,Branded Phone Number,Local 619,92105,$0.00,TRUE
,,67842602,8/24/2026,9/4/2026,Plumbing Service,Sewer Camera,Completed,,BFP Water Heater Maintenance SMS 2026,92130,$0.00,TRUE
,,49674764,8/24/2026,8/26/2026,Plumbing Service,Sewer Camera,Completed,PPC,Google | Search | Brand,91942,$0.00,FALSE
,,31655909,8/24/2026,8/25/2026,Plumbing Service,Sewer Camera,Completed,Branded Phone Number,A1-800-BILL HOWE,92117,$0.00,FALSE
,,31554631,8/24/2026,8/27/2026,Plumbing Service,Sewer Camera,Canceled,Branded Phone Number,A1-800-BILL HOWE,92117,$0.00,TRUE
,,57977408,8/24/2026,8/25/2026,Plumbing Service,Sewer Camera,Completed,Direct Web Traffic,Direct Web Traffic,92123,$0.00,TRUE
,,31537883,8/24/2026,8/25/2026,Plumbing Service,Sewer Camera,Completed,Branded Phone Number,A1-800-BILL HOWE,92027,$0.00,FALSE
,,31537512,8/25/2026,8/25/2026,Plumbing Service,Sewer Camera,Completed,PPC,Google | Search | Brand,92107,$0.00,FALSE
,,92614201,8/25/2026,8/20/2026,Plumbing Service,Sewer Camera,Completed,Branded Phone Number,A1-800-BILL HOWE,92128,$0.00,TRUE
,,1129216281,8/25/2026,8/25/2026,Plumbing Service,Sewer Camera,Completed,Organic Search,Google Organic,91977,$0.00,FALSE
,,1129344427,8/25/2026,8/25/2026,Plumbing Service,Sewer Camera,Completed,Google Business Profiles,GMB_SanDiego,92040,$0.00,FALSE
,,1129998379,8/25/2026,8/26/2026,Plumbing Service,Sewer Camera,Completed,Yelp,Yelp,92069,$0.00,TRUE
,,460361442,8/25/2026,8/25/2026,Plumbing Service,Sewer Camera,Completed,Direct Web Traffic,Direct Web Traffic,92111,$0.00,FALSE
,,1129781891,8/25/2026,8/26/2026,Plumbing Service,Sewer Camera,Canceled,Organic Search,Yahoo Organic,92024,$0.00,TRUE
,,31733408,8/25/2026,8/26/2026,Plumbing Service,Sewer Camera,Completed,Google Business Profiles,GMB_SanDiego,92106,$0.00,TRUE
,,92581600,8/25/2026,8/27/2026,Plumbing Service,Sewer Camera,Completed,Branded Phone Number,A1-800-BILL HOWE,92040,$0.00,TRUE
,,1130230776,8/26/2026,8/27/2026,Plumbing Service,Sewer Camera,Completed,Email,Legacy Email Marketing Multiple Offers,92107,$315.00,TRUE
,,1129075443,8/26/2026,,Plumbing Service,Sewer Camera,Hold,PPC,Google | Search | Brand,91941,$0.00,TRUE
,,31554631,8/26/2026,,Plumbing Service,Sewer Camera,Scheduled,Branded Phone Number,A1-800-BILL HOWE,92117,$0.00,TRUE
,,58370255,8/26/2026,8/26/2026,Plumbing Service,Sewer Camera,Completed,Direct Web Traffic,Direct Web Traffic,92105,$0.00,TRUE
,,31670836,8/26/2026,8/26/2026,Plumbing Service,Sewer Camera,Completed,Google LSA,Google Local Services,92037,$0.00,FALSE
,,96934200,8/26/2026,8/26/2026,Plumbing Service,Sewer Camera,Completed,PPC,Google | Search | Brand,92116,$0.00,TRUE
,,49380479,8/27/2026,8/27/2026,Plumbing Service,Sewer Camera,Completed,Branded Phone Number,A1-800-BILL HOWE,92105,$0.00,TRUE
,,31565291,8/27/2026,8/27/2026,Plumbing Service,Sewer Camera,Completed,CSR Outbound,$1 OUTBOUND (use this for out-bounding),92113,$0.00,FALSE
,,31586563,8/27/2026,8/27/2026,Plumbing Service,Sewer Camera,Completed,Branded Phone Number,Local 619,92109,$0.00,TRUE
,,31705981,8/27/2026,8/27/2026,Plumbing Service,Sewer Camera,Completed,Google Business Profiles,GMB_Poway,92064,$0.00,TRUE
,,31588059,8/27/2026,8/28/2026,Plumbing Service,Sewer Camera,Completed,Outbound SMS,ST Outbound Text Lines,92117,$0.00,TRUE
,,31621001,8/27/2026,8/27/2026,Plumbing Service,Sewer Camera,Canceled,Branded Phone Number,Local 619,92117,$0.00,TRUE
,,31609030,8/27/2026,8/28/2026,Plumbing Service,Sewer Camera,Completed,Google Business Profiles,GMB_SanDiego,92122,$0.00,TRUE
,,31576635,8/27/2026,8/28/2026,Plumbing Service,Sewer Camera,Completed,Branded Phone Number,Local 619,92117,$0.00,TRUE
,,258130533,8/27/2026,9/1/2026,Plumbing Service,Sewer Camera,Completed,PPC,Bing | Search | Brand,92117,$0.00,FALSE
,,31732021,8/28/2026,8/28/2026,Plumbing Service,Sewer Camera,Completed,Google Business Profiles,GMB_SanDiego,92122,$0.00,FALSE
,,349268114,8/28/2026,8/28/2026,Plumbing Service,Sewer Camera,Completed,Branded Phone Number,Local 619,92064,$0.00,FALSE
,,357318646,8/28/2026,8/28/2026,Plumbing Service,Sewer Camera,Completed,PPC,Google | Search | Brand,92120,$0.00,TRUE
,,1068034374,8/28/2026,8/28/2026,Plumbing Service,Sewer Camera,Completed,Branded Phone Number,Local 619,92117,$0.00,FALSE
,,1131134907,8/28/2026,8/31/2026,Plumbing Service,Sewer Camera,Completed,Account,Work Order,92154,$0.00,TRUE
,,54012774,8/28/2026,8/31/2026,Plumbing Service,Sewer Camera,Completed,Branded Phone Number,Local 619,92126,$0.00,FALSE
,,31731464,8/28/2026,8/31/2026,Plumbing Service,Sewer Camera,Completed,Google Business Profiles,GMB_SanDiego,92109,$0.00,FALSE
,,882772602,8/28/2026,9/1/2026,Plumbing Service,Sewer Camera,Completed,PPC,Google | Search | Brand,92025,$0.00,TRUE
,,1130795783,8/28/2026,8/31/2026,Plumbing Service,Sewer Camera,Completed,Google Business Profiles,GMB_SanDiego,92093,$0.00,TRUE
,,31565267,8/29/2026,8/31/2026,Plumbing Service,Sewer Camera,Completed,Branded Phone Number,Local 619,92110,$0.00,FALSE
,,31571391,8/29/2026,8/31/2026,Plumbing Service,Sewer Camera,Completed,PPC,Google | Search | Brand,92120,$0.00,TRUE
,,1130194486,8/29/2026,8/31/2026,Plumbing Service,Sewer Camera,Completed,Google Business Profiles,GMB_SanDiego,92119,$0.00,TRUE
,,1129036179,8/29/2026,8/31/2026,Plumbing Service,Sewer Camera,Completed,Branded Phone Number,A1-800-BILL HOWE,92078,$0.00,TRUE
,,86397991,8/30/2026,8/31/2026,Plumbing Service,Sewer Camera,Completed,Branded Phone Number,A1-800-BILL HOWE,91945,$0.00,TRUE
,,31598852,8/30/2026,8/31/2026,Plumbing Service,Sewer Camera,Completed,Branded Phone Number,Local 619,92021,$0.00,TRUE
,,31636675,8/30/2026,9/3/2026,Plumbing Service,Sewer Camera,Completed,PPC,Google | Search | Brand,92107,$0.00,TRUE
,,899671570,8/31/2026,8/31/2026,Plumbing Service,Sewer Camera,Completed,Organic Search,Google Organic,92123,$0.00,TRUE
,,684635697,8/31/2026,9/2/2026,Plumbing Service,Sewer Camera,Completed,Branded Phone Number,Local 619,92103,$0.00,TRUE
,,1127281164,8/31/2026,8/27/2026,Plumbing Service,Sewer Camera,Completed,PPC,Google | Search | Brand,92115,$0.00,TRUE
,,84752890,9/1/2026,9/1/2026,Plumbing Service,Sewer Camera,Completed,Direct Mail,Dynamicard Direct Mail September 2025,92020,$0.00,TRUE
,,1131222539,9/1/2026,9/3/2026,Plumbing Service,Sewer Camera,Completed,PPC,Google | Search | Brand,92128,$0.00,TRUE
,,1131596638,9/1/2026,9/2/2026,Plumbing Service,Sewer Camera,Completed,Sameday AI,Sameday AI,92123,$0.00,TRUE
,,979531586,9/1/2026,9/3/2026,Plumbing Service,Sewer Camera,Completed,Branded Phone Number,Local 619,92103,$0.00,FALSE
,,51215322,9/1/2026,,Plumbing Service,Sewer Camera,Scheduled,,BFP Sewer Camera Inspection SMS 2026,91932,$0.00,TRUE
,,1131277190,9/1/2026,9/2/2026,Plumbing Service,Sewer Camera,Completed,Organic Search,Bing Organic,92084,$0.00,FALSE
,,1127281164,9/1/2026,8/27/2026,Plumbing Service,Sewer Camera,Completed,PPC,Google | Search | Brand,92115,$0.00,TRUE
,,59724517,9/1/2026,9/2/2026,Plumbing Service,Sewer Camera,Completed,PPC,Google | Search | Brand,92067,$0.00,TRUE
,,1130230776,9/1/2026,8/27/2026,Plumbing Service,Sewer Camera,Completed,Email,Legacy Email Marketing Multiple Offers,92107,$0.00,TRUE
,,31728908,9/1/2026,9/3/2026,Plumbing Service,Sewer Camera,Completed,Branded Phone Number,Local 619,92126,$0.00,TRUE
,,31662724,9/2/2026,9/2/2026,Plumbing Service,Sewer Camera,Canceled,PPC,Google | Search | Brand,91910,$0.00,TRUE
,,31564101,9/2/2026,,Plumbing Service,Sewer Camera,Scheduled,Branded Phone Number,Local 619,92014,$0.00,TRUE
,,1132051999,9/2/2026,9/2/2026,Plumbing Service,Sewer Camera,Completed,Branded Phone Number,A1-800-BILL HOWE,92128,$0.00,TRUE
,,31643244,9/2/2026,9/2/2026,Plumbing Service,Sewer Camera,Completed,Google Business Profiles,GMB_SanDiego,92118,$0.00,FALSE
,,1131584921,9/2/2026,9/3/2026,Plumbing Service,Sewer Camera,Completed,Organic Search,Google Organic,92103,$0.00,TRUE
,,60852589,9/2/2026,9/2/2026,Plumbing Service,Sewer Camera,Completed,Branded Phone Number,A1-800-BILL HOWE,92118,$0.00,FALSE
,,31729818,9/2/2026,9/3/2026,Plumbing Service,Sewer Camera,Completed,Branded Phone Number,A1-800-BILL HOWE,92130,$0.00,TRUE
,,684635697,9/2/2026,,Plumbing Service,Sewer Camera,Hold,Branded Phone Number,Local 619,92103,$0.00,TRUE
,,31564788,9/3/2026,,Plumbing Service,Sewer Camera,Hold,Email,Legacy Email Marketing Multiple Offers,92124,$0.00,TRUE
,,1131277190,9/3/2026,,Plumbing Service,Sewer Camera,In Progress,Organic Search,Bing Organic,92084,$450.00,TRUE
,,1131899824,9/3/2026,9/3/2026,Plumbing Service,Sewer Camera,Completed,PPC,Google | PMAX | Plumbing,92128,$0.00,FALSE
,,1132047839,9/3/2026,9/4/2026,Plumbing Service,Sewer Camera,Completed,Organic Search,Google Organic,92009,$0.00,FALSE
,,1131239089,9/3/2026,9/3/2026,Plumbing Service,Sewer Camera,Completed,PPC,Google | PMAX | Drains,91914,$0.00,FALSE
,,901470494,9/3/2026,,Plumbing Service,Sewer Camera,Scheduled,Tech referral,Tech Referral,92110,$0.00,TRUE
,,884843660,9/3/2026,,Plumbing Service,Sewer Camera,Scheduled,Google LSA,Google Local Services,92020,$0.00,TRUE
,,1133500400,9/3/2026,9/4/2026,Plumbing Service,Sewer Camera,Completed,Google Business Profiles,GMB_SanDiego,92117,$0.00,TRUE
,,1133626975,9/4/2026,,Plumbing Service,Sewer Camera,In Progress,PPC,Google | Search | Brand,92117,$661.00,TRUE
,,1131175160,9/4/2026,9/4/2026,Plumbing Service,Sewer Camera,Completed,Branded Phone Number,Local 619,92130,$0.00,TRUE
,,31571391,9/4/2026,,Plumbing Service,Sewer Camera,Scheduled,PPC,Google | Search | Brand,92120,$0.00,TRUE
,,290065744,9/4/2026,,Plumbing Service,Sewer Camera,Hold,Branded Phone Number,Local 619,91911,$0.00,TRUE
,,31675570,9/4/2026,9/4/2026,Plumbing Service,Sewer Camera,Completed,Google LSA,Google Local Services,92106,$0.00,TRUE
,,283292701,9/4/2026,9/4/2026,Plumbing Service,Sewer Camera,Completed,Organic Search,Google Organic,92021,$0.00,TRUE
,,358735407,9/4/2026,9/4/2026,Plumbing Service,Sewer Camera,Completed,Branded Phone Number,Local 619,92037,$0.00,FALSE
,,269068195,9/4/2026,,Plumbing Service,Sewer Camera,Scheduled,Branded Phone Number,Local 619,92116,$0.00,TRUE
,,1071568608,9/4/2026,9/4/2026,Plumbing Service,Sewer Camera,Completed,Direct Mail,2025 New Customer Welcome Direct Mail,92128,$0.00,FALSE
,,1071909852,9/4/2026,,Plumbing Service,Sewer Camera,Scheduled,Branded Phone Number,Local 619,92109,$0.00,TRUE
,,31720819,9/5/2026,,Plumbing Service,Sewer Camera,Scheduled,Branded Phone Number,Local 619,92123,$0.00,TRUE
,,31670301,9/5/2026,,Plumbing Service,Sewer Camera,Scheduled,Branded Phone Number,Local 619,91911,$0.00,TRUE
,,65604063,9/5/2026,,Plumbing Service,Sewer Camera,Scheduled,PPC,Google | Search | Brand,92064,$0.00,TRUE
,,1125296068,9/6/2026,,Plumbing Service,Sewer Camera,Scheduled,Organic Search,Google Organic,92123,$0.00,TRUE
,,,,,97,97,97,97,97,,$1426.00,
,Job Type: Sewer Smell,,,,,,,,,,,
,,45388831,8/25/2026,8/27/2026,Plumbing Service,Sewer Smell,Completed,Branded Phone Number,Local 619,92121,$0.00,TRUE
,,31605517,8/27/2026,8/31/2026,Plumbing Service,Sewer Smell,Completed,PPC,Google | Search | Brand,92117,$0.00,TRUE
,,31565505,8/27/2026,8/28/2026,Plumbing Service,Sewer Smell,Completed,PPC,Google | Search | Brand,92110,$175.00,TRUE
,,1131056611,8/28/2026,8/31/2026,Plumbing Service,Sewer Smell,Completed,PPC,Google | Search | Brand,91910,$212.00,TRUE
,,1131174121,8/28/2026,8/31/2026,Plumbing Service,Sewer Smell,Completed,Google Business Profiles,GMB_Poway,92064,$0.00,TRUE
,,1131379369,8/31/2026,,Plumbing Service,Sewer Smell,Hold,Branded Phone Number,A1-800-BILL HOWE,92130,$0.00,TRUE
,,31536827,9/1/2026,9/2/2026,Plumbing Service,Sewer Smell,Completed,Google Business Profiles,GMB_SanDiego,92122,$0.00,TRUE
,,308371380,9/1/2026,9/1/2026,Plumbing Service,Sewer Smell,Completed,Branded Phone Number,Local 619,92029,$0.00,TRUE
,,31699787,9/1/2026,9/2/2026,Plumbing Service,Sewer Smell,Completed,Tech referral,Tech Referral,91910,$0.00,TRUE
,,31563543,9/4/2026,,Plumbing Service,Sewer Smell,Scheduled,Website,Website Phone Calls,92101,$0.00,TRUE
,,1136031018,9/4/2026,,Plumbing Service,Sewer Smell,Scheduled,Direct Web Traffic,Direct Web Traffic,91941,$0.00,TRUE
,,1131056611,9/4/2026,,Plumbing Service,Sewer Smell,Scheduled,PPC,Google | Search | Brand,91910,$0.00,TRUE
,,53055099,9/5/2026,,Plumbing Service,Sewer Smell,Scheduled,Yelp,Yelp,92126,$0.00,TRUE
,,,,,13,13,13,13,13,,$387.00,
,Job Type: Slab Leak,,,,,,,,,,,
,,1129289689,8/24/2026,8/24/2026,Plumbing Service,Slab Leak,Completed,Yelp,Yelp,91977,$0.00,FALSE
,,31686437,8/24/2026,8/24/2026,Plumbing Service,Slab Leak,Completed,Email,Legacy Email Marketing Multiple Offers,92120,$0.00,TRUE
,,1072255993,8/24/2026,8/28/2026,Plumbing Service,Slab Leak,Completed,Branded Phone Number,Local 619,91941,$0.00,FALSE
,,1129148349,8/24/2026,8/25/2026,Plumbing Service,Slab Leak,Completed,Google Business Profiles,GMB_SanDiego,92008,$0.00,FALSE
,,376666322,8/24/2026,8/28/2026,Plumbing Service,Slab Leak,Completed,Organic Search,Google Organic,92127,$24253.00,TRUE
,,31587918,8/24/2026,8/25/2026,Plumbing Service,Slab Leak,Completed,Google Business Profiles,GMB_Poway,92131,$0.00,FALSE
,,56775332,8/24/2026,,Plumbing Service,Slab Leak,Hold,Google Business Profiles,GMB_SanDiego,92110,$0.00,TRUE
,,1129289689,8/25/2026,8/25/2026,Plumbing Service,Slab Leak,Completed,Yelp,Yelp,91977,$3875.00,TRUE
,,1129995734,8/25/2026,,Plumbing Service,Slab Leak,Hold,PPC,Google | Search | Competitor,92114,$0.00,TRUE
,,1128600428,8/25/2026,8/24/2026,Plumbing Service,Slab Leak,Completed,PPC,Google | Search | Plumbing,92109,$0.00,FALSE
,,1128676933,8/25/2026,8/24/2026,Plumbing Service,Slab Leak,Completed,Google Business Profiles,GMB_SanDiego,92037,$0.00,FALSE
,,31564391,8/26/2026,8/27/2026,Plumbing Service,Slab Leak,Completed,Branded Phone Number,Local 619,91950,$0.00,TRUE
,,31587918,8/26/2026,9/2/2026,Plumbing Service,Slab Leak,Completed,Google Business Profiles,GMB_Poway,92131,$3495.00,TRUE
,,1122151214,8/26/2026,8/11/2026,Plumbing Service,Slab Leak,Completed,PPC,Google | Search | Brand,92131,$0.00,TRUE
,,59341823,8/26/2026,8/27/2026,Plumbing Service,Slab Leak,Canceled,Branded Phone Number,A1-800-BILL HOWE,92037,$0.00,TRUE
,,1125248774,8/27/2026,,Plumbing Service,Slab Leak,Hold,Google Business Profiles,GMB_SanDiego,92127,$0.00,TRUE
,,471042815,8/27/2026,8/27/2026,Plumbing Service,Slab Leak,Completed,Website,Website Phone Calls,92128,$0.00,FALSE
,,285659696,8/27/2026,8/31/2026,Plumbing Service,Slab Leak,Canceled,PPC,Google | Search | Brand,92019,$0.00,TRUE
,,1067318973,8/27/2026,8/28/2026,Plumbing Service,Slab Leak,Completed,,August Summer Wind Down  2026,92119,$0.00,FALSE
,,31599073,8/28/2026,8/28/2026,Plumbing Service,Slab Leak,Completed,Branded Phone Number,A1-800-BILL HOWE,92037,$0.00,TRUE
,,1131275919,8/30/2026,9/1/2026,Plumbing Service,Slab Leak,Completed,Organic Search,Google Organic,92131,$280.00,TRUE
,,93355997,8/31/2026,8/31/2026,Plumbing Service,Slab Leak,Completed,PPC,Google | Search | Competitor,92103,$0.00,TRUE
,,1131277175,8/31/2026,8/31/2026,Plumbing Service,Slab Leak,Canceled,Organic Search,Google Organic,92024,$0.00,TRUE
,,31729003,8/31/2026,8/31/2026,Plumbing Service,Slab Leak,Canceled,Branded Phone Number,Local 619,92121,$0.00,TRUE
,,1071588596,8/31/2026,2/22/2026,Plumbing Service,Slab Leak,Completed,PPC,Google | Search | Competitor,92104,-$173.00,TRUE
,,31732772,8/31/2026,8/31/2026,Plumbing Service,Slab Leak,Completed,Uncategorized,Uncategorized,91911,$0.00,FALSE
,,1131299322,8/31/2026,9/1/2026,Plumbing Service,Slab Leak,Completed,Google Business Profiles,GMB_SanDiego,92009,$0.00,TRUE
,,31625263,8/31/2026,8/31/2026,Plumbing Service,Slab Leak,Completed,Direct Mail,Dynamicard Direct Mail September 2025,92129,$250.00,TRUE
,,31625263,8/31/2026,,Plumbing Service,Slab Leak,In Progress,Direct Mail,Dynamicard Direct Mail September 2025,92129,$0.00,TRUE
,,376666322,9/1/2026,8/28/2026,Plumbing Service,Slab Leak,Completed,Organic Search,Google Organic,92127,$0.00,TRUE
,,1131584894,9/1/2026,9/1/2026,Plumbing Service,Slab Leak,Completed,Sameday AI,Sameday AI,92014,$0.00,FALSE
,,31562010,9/1/2026,9/1/2026,Plumbing Service,Slab Leak,Completed,Direct Web Traffic,Direct Web Traffic,92037,$0.00,FALSE
,,291577484,9/1/2026,9/2/2026,Plumbing Service,Slab Leak,Completed,Branded Phone Number,A1-800-BILL HOWE,92011,$0.00,TRUE
,,1131959376,9/1/2026,9/2/2026,Plumbing Service,Slab Leak,Completed,Google Business Profiles,GMB_SanDiego,92122,$0.00,FALSE
,,64638023,9/1/2026,9/2/2026,Plumbing Service,Slab Leak,Completed,PPC,Google | Search | Brand,92024,$0.00,TRUE
,,376666322,9/2/2026,8/28/2026,Plumbing Service,Slab Leak,Completed,Organic Search,Google Organic,92127,$0.00,TRUE
,,31717134,9/2/2026,9/2/2026,Plumbing Service,Slab Leak,Completed,Yelp,Yelp,92124,$0.00,FALSE
,,278157015,9/2/2026,9/2/2026,Plumbing Service,Slab Leak,Completed,PPC,Google | Search | Brand,92064,$0.00,FALSE
,,1133482808,9/2/2026,9/3/2026,Plumbing Service,Slab Leak,Completed,Google Business Profiles,GMB_SanDiego,92037,$0.00,FALSE
,,1133535459,9/3/2026,9/3/2026,Plumbing Service,Slab Leak,Canceled,Direct Web Traffic,Direct Web Traffic,91977,$0.00,TRUE
,,278157015,9/3/2026,,Plumbing Service,Slab Leak,Hold,PPC,Google | Search | Brand,92064,$3590.00,TRUE
,,350337531,9/3/2026,9/3/2026,Plumbing Service,Slab Leak,Completed,Yelp,Yelp,92037,$0.00,FALSE
,,344102117,9/3/2026,9/4/2026,Plumbing Service,Slab Leak,Completed,Google Business Profiles,GMB_SanDiego,92102,$0.00,FALSE
,,1133692263,9/3/2026,9/4/2026,Plumbing Service,Slab Leak,Completed,PPC,Google | PMAX | Drains,92103,$0.00,TRUE
,,1133696873,9/3/2026,9/4/2026,Plumbing Service,Slab Leak,Completed,Google Business Profiles,GMB_Poway,92026,$0.00,FALSE
,,1133720470,9/3/2026,9/3/2026,Plumbing Service,Slab Leak,Completed,Google Business Profiles,GMB_SanDiego,92025,$250.00,TRUE
,,297918481,9/4/2026,9/4/2026,Plumbing Service,Slab Leak,Completed,Google Business Profiles,GMB_SanDiego,92025,$0.00,FALSE
,,1133696873,9/4/2026,,Plumbing Service,Slab Leak,Scheduled,Google Business Profiles,GMB_Poway,92026,$7235.00,TRUE
,,297918481,9/4/2026,9/4/2026,Plumbing Service,Slab Leak,Canceled,Google Business Profiles,GMB_SanDiego,92025,$0.00,TRUE
,,297918481,9/4/2026,9/5/2026,Plumbing Service,Slab Leak,Completed,Google Business Profiles,GMB_SanDiego,92025,$5895.00,TRUE
,,1133719106,9/4/2026,,Plumbing Service,Slab Leak,In Progress,Direct Web Traffic,Direct Web Traffic,92037,$0.00,TRUE
,,,,,51,51,51,51,51,,$48950.00,
,Job Type: Sump Pump,,,,,,,,,,,
,,1129411199,8/24/2026,8/24/2026,Plumbing Service,Sump Pump,Canceled,PPC,Google | PMAX | Plumbing,92101,$0.00,TRUE
,,323374872,8/24/2026,8/25/2026,Plumbing Service,Sump Pump,Completed,Branded Phone Number,Local 619,92115,$0.00,FALSE
,,323374872,8/26/2026,8/27/2026,Plumbing Service,Sump Pump,Completed,Branded Phone Number,Local 619,92115,$1200.00,TRUE
,,317213231,8/27/2026,8/31/2026,Plumbing Service,Sump Pump,Completed,Direct Web Traffic,Direct Web Traffic,92029,$0.00,TRUE
,,86420694,8/30/2026,8/31/2026,Plumbing Service,Sump Pump,Completed,Direct Web Traffic,Direct Web Traffic,92106,$0.00,TRUE
,,980469142,8/31/2026,,Plumbing Service,Sump Pump,Scheduled,Google Business Profiles,GMB_SanDiego,92118,$0.00,TRUE
,,31616395,9/1/2026,9/1/2026,Plumbing Service,Sump Pump,Completed,Branded Phone Number,Local 619,92116,$2969.00,TRUE
,,323374872,9/1/2026,,Plumbing Service,Sump Pump,Hold,Branded Phone Number,Local 619,92115,$14562.00,TRUE
,,323374872,9/1/2026,8/27/2026,Plumbing Service,Sump Pump,Completed,Branded Phone Number,Local 619,92115,$0.00,FALSE
,,683054068,9/2/2026,9/3/2026,Plumbing Service,Sump Pump,Completed,Outbound SMS,ST Outbound Text Lines,92008,$568.00,TRUE
,,53236475,9/4/2026,9/4/2026,Plumbing Service,Sump Pump,Canceled,Branded Phone Number,Local 619,92105,$0.00,TRUE
,,31615171,9/6/2026,,Plumbing Service,Sump Pump,Scheduled,Branded Phone Number,A1-800-BILL HOWE,92102,$0.00,TRUE
,,31715606,9/6/2026,,Plumbing Service,Sump Pump,Scheduled,Google Business Profiles,GMB_SanDiego,92103-3717,$0.00,TRUE
,,,,,13,13,13,13,13,,$19299.00,
,Job Type: Tankless Service,,,,,,,,,,,
,,284029742,8/24/2026,,Plumbing Service,Tankless Service,In Progress,Google Business Profiles,GMB_SanDiego,92064,$401.88,TRUE
,,31561641,8/25/2026,8/20/2026,Plumbing Service,Tankless Service,Completed,Google Business Profiles,GMB_SanDiego,92064,$0.00,FALSE
,,31716864,8/25/2026,8/26/2026,Plumbing Service,Tankless Service,Completed,Branded Phone Number,A1-800-BILL HOWE,92075,$337.25,TRUE
,,31699787,8/25/2026,8/24/2026,Plumbing Service,Tankless Service,Completed,Tech referral,Tech Referral,91950,$0.00,TRUE
,,1130232445,8/26/2026,8/26/2026,Plumbing Service,Tankless Service,Completed,PPC,Google | Search | Brand,92104,$0.00,TRUE
,,375906711,8/26/2026,8/27/2026,Plumbing Service,Tankless Service,Completed,Google Business Profiles,GMB_SanDiego,92131,$222.00,TRUE
,,31623090,8/27/2026,8/28/2026,Plumbing Service,Tankless Service,Completed,Direct Web Traffic,Direct Web Traffic,92111,$3550.00,TRUE
,,31723299,8/27/2026,8/27/2026,Plumbing Service,Tankless Service,Completed,Branded Phone Number,Local 619,92127,$0.00,FALSE
,,272911724,8/27/2026,8/31/2026,Plumbing Service,Tankless Service,Completed,Branded Phone Number,A1-800-BILL HOWE,92037,$0.00,TRUE
,,266372404,8/27/2026,9/3/2026,Plumbing Service,Tankless Service,Completed,Branded Phone Number,Local 619,91932,$0.00,FALSE
,,31690453,8/28/2026,,Plumbing Service,Tankless Service,Hold,Google LSA,Google Local Services,91902,$0.00,TRUE
,,1118817319,8/28/2026,9/1/2026,Plumbing Service,Tankless Service,Completed,Google Business Profiles,GMB_SanDiego,92130,$0.00,TRUE
,,67946064,8/28/2026,8/31/2026,Plumbing Service,Tankless Service,Completed,Branded Phone Number,Local 619,92111,$434.00,TRUE
,,1131231669,8/29/2026,8/31/2026,Plumbing Service,Tankless Service,Completed,Business Directories,Rinnai Listing,91915,$5685.00,TRUE
,,1129168827,8/31/2026,8/31/2026,Plumbing Service,Tankless Service,Canceled,PPC,Google | Search | Brand,91913,$0.00,TRUE
,,31716864,8/31/2026,8/26/2026,Plumbing Service,Tankless Service,Completed,Branded Phone Number,A1-800-BILL HOWE,92075,$0.00,TRUE
,,31701538,8/31/2026,9/3/2026,Plumbing Service,Tankless Service,Completed,Branded Phone Number,Local 619,92009,$220.00,TRUE
,,313736766,8/31/2026,8/31/2026,Plumbing Service,Tankless Service,Completed,Branded Phone Number,A1-800-BILL HOWE,92131,$0.00,FALSE
,,231483,9/1/2026,8/27/2026,Plumbing Service,Tankless Service,Completed,Website,Website Phone Calls,92127,$0.00,TRUE
,,272911724,9/1/2026,,Plumbing Service,Tankless Service,Hold,Branded Phone Number,Local 619,92037,$0.00,TRUE
,,31537808,9/1/2026,9/2/2026,Plumbing Service,Tankless Service,Completed,Branded Phone Number,Local 619,92075,$414.00,TRUE
,,31537808,9/3/2026,,Plumbing Service,Tankless Service,Scheduled,Branded Phone Number,Local 619,92075,$0.00,FALSE
,,1134628555,9/4/2026,,Plumbing Service,Tankless Service,Scheduled,PPC,Google | Search | Brand,92071,$0.00,TRUE
,,1124933145,9/5/2026,9/5/2026,Plumbing Service,Tankless Service,Completed,PPC,Bing | Search | HVAC,92118,$0.00,FALSE
,,286635478,9/5/2026,9/6/2026,Plumbing Service,Tankless Service,Completed,Branded Phone Number,Local 619,92130,$0.00,TRUE
,,266584350,9/5/2026,9/6/2026,Plumbing Service,Tankless Service,Completed,Google Business Profiles,GMB_SanDiego,91942,$0.00,TRUE
,,31607047,9/6/2026,,Plumbing Service,Tankless Service,Scheduled,PPC,Google | Search | Brand,92014,$0.00,TRUE
,,,,,27,27,27,27,27,,$11264.13,
,Job Type: Temporary Water Heater,,,,,,,,,,,
,,677461295,9/1/2026,9/1/2026,Plumbing Service,Temporary Water Heater,Completed,PPC,Google | Search | Brand,92126,$0.00,TRUE
,,677461295,9/4/2026,9/4/2026,Plumbing Service,Temporary Water Heater,Completed,PPC,Google | Search | Brand,92126,$0.00,FALSE
,,,,,2,2,2,2,2,,$0.00,
,Job Type: Toilet Install,,,,,,,,,,,
,,90224466,9/1/2026,9/1/2026,Plumbing Service,Toilet Install,Completed,Outbound SMS,ST Outbound Text Lines,92108,$1273.00,TRUE
,,,,,1,1,1,1,1,,$1273.00,
,Job Type: Toilet Leak,,,,,,,,,,,
,,1129303903,8/24/2026,8/24/2026,Plumbing Service,Toilet Leak,Completed,PPC,Google | Search | Brand,92104,$0.00,TRUE
,,67694710,8/24/2026,8/24/2026,Plumbing Service,Toilet Leak,Completed,Email,Plumbing to HVAC Cross Promotion Offer Drip 2025,92040,$175.00,FALSE
,,481960623,8/24/2026,8/24/2026,Plumbing Service,Toilet Leak,Completed,PPC,Google | PMAX | Plumbing,91902,$259.18,TRUE
,,1129364511,8/24/2026,8/24/2026,Plumbing Service,Toilet Leak,Completed,Yelp,Yelp,92104,$0.00,TRUE
,,101784632,8/24/2026,8/19/2026,Plumbing Service,Toilet Leak,Completed,Yelp,Yelp,92037,$0.00,TRUE
,,409550916,8/24/2026,8/28/2026,Plumbing Service,Toilet Leak,Completed,PPC,Google | PMAX | Plumbing - Spanish,92054,$0.00,FALSE
,,31645962,8/24/2026,8/25/2026,Plumbing Service,Toilet Leak,Completed,Organic Search,Google Organic,92109,$456.00,TRUE
,,31715351,8/24/2026,8/25/2026,Plumbing Service,Toilet Leak,Completed,Direct Web Traffic,Direct Web Traffic,92103,$423.00,TRUE
,,31641339,8/24/2026,,Plumbing Service,Toilet Leak,Hold,Branded Phone Number,A1-800-BILL HOWE,92115,$0.00,TRUE
,,31621001,8/24/2026,8/27/2026,Plumbing Service,Toilet Leak,Completed,Branded Phone Number,Local 619,92117,$0.00,TRUE
,,31646303,8/24/2026,8/24/2026,Plumbing Service,Toilet Leak,Completed,Branded Phone Number,A1-800-BILL HOWE,92109,$637.32,TRUE
,,48988463,8/25/2026,8/28/2026,Plumbing Service,Toilet Leak,Completed,Website,Website Phone Calls,92108,$740.00,TRUE
,,31669831,8/25/2026,8/28/2026,Plumbing Service,Toilet Leak,Completed,PPC,Google | Search | Brand,92007,$0.00,FALSE
,,31568105,8/25/2026,8/20/2026,Plumbing Service,Toilet Leak,Completed,Direct Web Traffic,Direct Web Traffic,92109,$0.00,TRUE
,,481119280,8/25/2026,8/20/2026,Plumbing Service,Toilet Leak,Completed,Website,Website Phone Calls,92127,$0.00,TRUE
,,31554631,8/25/2026,8/26/2026,Plumbing Service,Toilet Leak,Completed,Branded Phone Number,A1-800-BILL HOWE,92117,$0.00,FALSE
,,67694710,8/25/2026,8/28/2026,Plumbing Service,Toilet Leak,Completed,Email,Plumbing to HVAC Cross Promotion Offer Drip 2025,92040,$268.64,TRUE
,,31658040,8/25/2026,8/20/2026,Plumbing Service,Toilet Leak,Completed,CSR Outbound,$1 OUTBOUND (use this for out-bounding),92120,-$246.00,TRUE
,,53472137,8/25/2026,8/26/2026,Plumbing Service,Toilet Leak,Completed,Branded Phone Number,A1-800-BILL HOWE,91950,$0.00,FALSE
,,1129957493,8/25/2026,8/26/2026,Plumbing Service,Toilet Leak,Completed,Branded Phone Number,A1-800-BILL HOWE,92121,$0.00,FALSE
,,31698990,8/25/2026,8/25/2026,Plumbing Service,Toilet Leak,Canceled,Branded Phone Number,Local 619,92071,$0.00,TRUE
,,1129781932,8/25/2026,8/26/2026,Plumbing Service,Toilet Leak,Completed,Direct Web Traffic,Direct Web Traffic,92105,$0.00,TRUE
,,31698990,8/25/2026,8/26/2026,Plumbing Service,Toilet Leak,Completed,Branded Phone Number,Local 619,92071,$297.00,TRUE
,,52034737,8/25/2026,8/26/2026,Plumbing Service,Toilet Leak,Completed,Branded Phone Number,Local 619,92126,$300.00,TRUE
,,31725331,8/26/2026,8/26/2026,Plumbing Service,Toilet Leak,Completed,Google Business Profiles,GMB_SanDiego,92071,$297.00,TRUE
,,284784123,8/26/2026,8/28/2026,Plumbing Service,Toilet Leak,Completed,Branded Phone Number,Local 619,92128,$0.00,FALSE
,,911826904,8/26/2026,8/27/2026,Plumbing Service,Toilet Leak,Completed,Google Business Profiles,GMB_Poway,92064,$292.00,TRUE
,,31598616,8/26/2026,8/21/2026,Plumbing Service,Toilet Leak,Completed,Branded Phone Number,Local 619,92108,$0.00,TRUE
,,31625410,8/26/2026,8/27/2026,Plumbing Service,Toilet Leak,Canceled,Email,Legacy Email Marketing Multiple Offers,92110,$0.00,TRUE
,,1123681775,8/26/2026,,Plumbing Service,Toilet Leak,In Progress,Organic Search,DuckDuckGo Organic,92120,$1149.84,TRUE
,,31551769,8/26/2026,8/28/2026,Plumbing Service,Toilet Leak,Completed,Branded Phone Number,Local 619,92120,$1173.00,TRUE
,,67694710,8/26/2026,8/24/2026,Plumbing Service,Toilet Leak,Completed,Email,Plumbing to HVAC Cross Promotion Offer Drip 2025,92040,-$50.00,FALSE
,,369989414,8/26/2026,8/21/2026,Plumbing Service,Toilet Leak,Completed,Organic Search,DuckDuckGo Organic,92029,$0.00,TRUE
,,1124585089,8/26/2026,8/28/2026,Plumbing Service,Toilet Leak,Completed,Google Business Profiles,GMB_SanDiego,92127,$0.00,FALSE
,,1130630408,8/27/2026,8/28/2026,Plumbing Service,Toilet Leak,Completed,Google Business Profiles,GMB_SanDiego,92105,$0.00,TRUE
,,57294274,8/27/2026,8/27/2026,Plumbing Service,Toilet Leak,Completed,Branded Phone Number,A1-800-BILL HOWE,92024,$297.00,TRUE
,,372739477,8/27/2026,8/27/2026,Plumbing Service,Toilet Leak,Completed,Direct Web Traffic,Direct Web Traffic,92118,$780.00,TRUE
,,31633708,8/27/2026,8/28/2026,Plumbing Service,Toilet Leak,Completed,Branded Phone Number,Local 619,91914,$265.00,TRUE
,,57294274,8/27/2026,8/27/2026,Plumbing Service,Toilet Leak,Completed,Branded Phone Number,A1-800-BILL HOWE,92024,$0.00,FALSE
,,1130885706,8/27/2026,8/31/2026,Plumbing Service,Toilet Leak,Completed,PPC,Google | Search | Brand,92103,$0.00,TRUE
,,31554631,8/27/2026,8/28/2026,Plumbing Service,Toilet Leak,Completed,Branded Phone Number,A1-800-BILL HOWE,92117,$0.00,FALSE
,,370279737,8/27/2026,8/28/2026,Plumbing Service,Toilet Leak,Completed,Organic Search,Google Organic,92127,$236.70,TRUE
,,31728948,8/28/2026,8/28/2026,Plumbing Service,Toilet Leak,Completed,Branded Phone Number,Local 619,92131,$0.00,FALSE
,,1129957493,8/28/2026,8/31/2026,Plumbing Service,Toilet Leak,Completed,Branded Phone Number,A1-800-BILL HOWE,92121,$1273.00,TRUE
,,256242900,8/28/2026,8/28/2026,Plumbing Service,Toilet Leak,Completed,PPC,Google | Search | Plumbing,91941,$456.30,TRUE
,,31633708,8/28/2026,8/31/2026,Plumbing Service,Toilet Leak,Completed,Branded Phone Number,Local 619,91914,$2439.00,TRUE
,,461055420,8/28/2026,8/31/2026,Plumbing Service,Toilet Leak,Completed,Direct Web Traffic,Direct Web Traffic,92128,$0.00,TRUE
,,31572795,8/28/2026,8/28/2026,Plumbing Service,Toilet Leak,Completed,Branded Phone Number,Local 619,92064,$411.00,TRUE
,,905104413,8/29/2026,8/31/2026,Plumbing Service,Toilet Leak,Completed,Organic Search,DuckDuckGo Organic,92106,$1596.00,TRUE
,,31707103,8/29/2026,8/29/2026,Plumbing Service,Toilet Leak,Completed,Google Business Profiles,GMB_SanDiego,91977,$693.50,TRUE
,,58163880,8/29/2026,8/29/2026,Plumbing Service,Toilet Leak,Completed,Outbound SMS,ST Outbound Text Lines,92106,$0.00,FALSE
,,293404627,8/29/2026,8/29/2026,Plumbing Service,Toilet Leak,Completed,PPC,Google | Search | Brand,92101,$0.00,TRUE
,,347624869,8/30/2026,8/31/2026,Plumbing Service,Toilet Leak,Completed,PPC,Google | Search | Brand,92102,$0.00,TRUE
,,1131249630,8/30/2026,8/31/2026,Plumbing Service,Toilet Leak,Completed,Organic Search,Google Organic,91941,$0.00,TRUE
,,99065951,8/29/2026,8/31/2026,Plumbing Service,Toilet Leak,Completed,Google Business Profiles,GMB_SanDiego,92037,$0.00,FALSE
,,374959070,8/30/2026,8/31/2026,Plumbing Service,Toilet Leak,Completed,Sameday AI,Sameday AI,92128,$262.80,TRUE
,,31676697,8/30/2026,8/30/2026,Plumbing Service,Toilet Leak,Completed,Google Business Profiles,GMB_SanDiego,92109,$1521.16,TRUE
,,31659286,8/31/2026,9/1/2026,Plumbing Service,Toilet Leak,Completed,Organic Search,Google Organic,92130,$0.00,TRUE
,,64002749,8/31/2026,8/31/2026,Plumbing Service,Toilet Leak,Completed,Branded Phone Number,A1-800-BILL HOWE,92130,$0.00,TRUE
,,48988463,8/31/2026,8/28/2026,Plumbing Service,Toilet Leak,Completed,Website,Website Phone Calls,92108,$0.00,FALSE
,,461055420,8/31/2026,9/1/2026,Plumbing Service,Toilet Leak,Completed,Direct Web Traffic,Direct Web Traffic,92128,$292.00,TRUE
,,1108359688,8/31/2026,8/31/2026,Plumbing Service,Toilet Leak,Completed,Website,Website Phone Calls,92122,$0.00,FALSE
,,31564973,8/31/2026,8/31/2026,Plumbing Service,Toilet Leak,Completed,Google Business Profiles,GMB_SanDiego,92037,$0.00,FALSE
,,1070070917,8/31/2026,9/1/2026,Plumbing Service,Toilet Leak,Completed,Google LSA,Google Local Services,92118,$0.00,FALSE
,,58163880,8/31/2026,9/1/2026,Plumbing Service,Toilet Leak,Completed,Outbound SMS,ST Outbound Text Lines,92106,$0.00,FALSE
,,48988463,8/31/2026,8/28/2026,Plumbing Service,Toilet Leak,Completed,Website,Website Phone Calls,92108,$0.00,FALSE
,,1131421350,8/31/2026,,Plumbing Service,Toilet Leak,Hold,Yelp,Yelp,92069,$0.00,TRUE
,,31727040,9/1/2026,,Plumbing Service,Toilet Leak,Scheduled,Branded Phone Number,A1-800-BILL HOWE,92014,$767.00,TRUE
,,255252356,9/1/2026,9/2/2026,Plumbing Service,Toilet Leak,Completed,Direct Web Traffic,Direct Web Traffic,92104,$229.50,TRUE
,,31621791,9/1/2026,9/2/2026,Plumbing Service,Toilet Leak,Completed,Website,Website Phone Calls,92124,$0.00,FALSE
,,31682294,9/1/2026,,Plumbing Service,Toilet Leak,Hold,Branded Phone Number,Local 619,92037,$0.00,TRUE
,,48988463,9/1/2026,8/28/2026,Plumbing Service,Toilet Leak,Completed,Website,Website Phone Calls,92108,$0.00,FALSE
,,266654553,9/1/2026,9/3/2026,Plumbing Service,Toilet Leak,Completed,Google Business Profiles,GMB_SanDiego,92127,$0.00,FALSE
,,1108359688,9/1/2026,9/4/2026,Plumbing Service,Toilet Leak,Completed,Website,Website Phone Calls,92122,$255.00,TRUE
,,31608929,9/1/2026,9/1/2026,Plumbing Service,Toilet Leak,Completed,Email,Legacy Email Marketing Multiple Offers,92101,$226.32,TRUE
,,913152812,9/1/2026,9/2/2026,Plumbing Service,Toilet Leak,Completed,PPC,Google | Search | Brand,92103,$0.00,TRUE
,,322935640,9/2/2026,3/29/2026,Plumbing Service,Toilet Leak,Completed,Direct Mail,Dynamicard Direct Mail July 2025,92122,$0.00,FALSE
,,31685833,9/2/2026,9/2/2026,Plumbing Service,Toilet Leak,Completed,Branded Phone Number,A1-800-BILL HOWE,92106,$0.00,TRUE
,,484024886,9/2/2026,9/2/2026,Plumbing Service,Toilet Leak,Completed,Branded Phone Number,A1-800-BILL HOWE,91910,$1173.00,TRUE
,,31707103,9/2/2026,8/29/2026,Plumbing Service,Toilet Leak,Completed,Google Business Profiles,GMB_SanDiego,91977,$0.00,TRUE
,,31635636,9/2/2026,9/2/2026,Plumbing Service,Toilet Leak,Completed,Google Business Profiles,GMB_SanDiego,92122,$241.96,TRUE
,,31710099,9/2/2026,9/3/2026,Plumbing Service,Toilet Leak,Completed,Branded Phone Number,Local 619,91941,$297.00,TRUE
,,906621233,9/2/2026,9/3/2026,Plumbing Service,Toilet Leak,Completed,Organic Search,Google Organic,92008,$255.00,TRUE
,,1133519869,9/2/2026,9/3/2026,Plumbing Service,Toilet Leak,Completed,PPC,Google | Search | Plumbing,92110,$776.00,TRUE
,,484024886,9/3/2026,9/3/2026,Plumbing Service,Toilet Leak,Completed,Branded Phone Number,A1-800-BILL HOWE,91910,$0.00,FALSE
,,351960088,9/3/2026,9/4/2026,Plumbing Service,Toilet Leak,Completed,PPC,Google | Search | Brand,92131,$1276.80,TRUE
,,54436449,9/3/2026,9/4/2026,Plumbing Service,Toilet Leak,Completed,PPC,Google | Search | Brand,92129,$265.00,TRUE
,,31639019,9/3/2026,9/4/2026,Plumbing Service,Toilet Leak,Completed,Branded Phone Number,A1-800-BILL HOWE,92037,$268.64,TRUE
,,1071568608,9/3/2026,9/4/2026,Plumbing Service,Toilet Leak,Completed,Direct Mail,2025 New Customer Welcome Direct Mail,92128,$0.00,TRUE
,,47665651,9/4/2026,9/4/2026,Plumbing Service,Toilet Leak,Completed,PPC,Bing | Search | Brand,92129,$914.00,TRUE
,,379947476,9/4/2026,9/4/2026,Plumbing Service,Toilet Leak,Completed,Google Business Profiles,GMB_SanDiego,92130,$0.00,FALSE
,,913152812,9/4/2026,9/2/2026,Plumbing Service,Toilet Leak,Completed,PPC,Google | Search | Brand,92103,$0.00,TRUE
,,31537226,9/4/2026,9/4/2026,Plumbing Service,Toilet Leak,Completed,Branded Phone Number,Local 619,92101,$0.00,FALSE
,,256762882,9/5/2026,,Plumbing Service,Toilet Leak,Scheduled,PPC,Bing | Search | Brand,92111,$0.00,TRUE
,,51048341,9/5/2026,9/5/2026,Plumbing Service,Toilet Leak,Completed,Google Business Profiles,GMB_SanDiego,92110,$1138.25,TRUE
,,31665960,9/6/2026,,Plumbing Service,Toilet Leak,Scheduled,Google Business Profiles,GMB_SanDiego,92117,$0.00,TRUE
,,,,,96,96,96,96,96,,$24778.91,
,Job Type: Toilet Stop,,,,,,,,,,,
,,321716369,8/24/2026,8/24/2026,Plumbing Service,Toilet Stop,Completed,Google Business Profiles,GMB_SanDiego,92037,$0.00,TRUE
,,31620952,8/24/2026,8/24/2026,Plumbing Service,Toilet Stop,Completed,Branded Phone Number,Local 619,92105,$525.00,TRUE
,,1127651020,8/24/2026,8/18/2026,Plumbing Service,Toilet Stop,Completed,Yelp,Yelp,92127,$0.00,TRUE
,,54362609,8/24/2026,8/24/2026,Plumbing Service,Toilet Stop,Completed,PPC,Google | Search | Brand,92105,$0.00,FALSE
,,31557700,8/24/2026,8/25/2026,Plumbing Service,Toilet Stop,Completed,Branded Phone Number,A1-800-BILL HOWE,92130,$543.15,TRUE
,,52816174,8/24/2026,8/24/2026,Plumbing Service,Toilet Stop,Completed,Business Directories,BBB Business Listing,92101,$144.00,TRUE
,,31657109,8/24/2026,8/24/2026,Plumbing Service,Toilet Stop,Completed,Google LSA,Google Local Services,92102,$636.38,TRUE
,,331687894,8/24/2026,8/25/2026,Plumbing Service,Toilet Stop,Completed,CSR Outbound,$1 OUTBOUND (use this for out-bounding),92106,$0.00,TRUE
,,31588059,8/24/2026,8/18/2026,Plumbing Service,Toilet Stop,Completed,Outbound SMS,ST Outbound Text Lines,92117,$0.00,TRUE
,,358654511,8/24/2026,8/24/2026,Plumbing Service,Toilet Stop,Completed,Google Business Profiles,GMB_SanDiego,92084,$421.00,TRUE
,,910674340,8/24/2026,8/24/2026,Plumbing Service,Toilet Stop,Completed,Organic Search,Google Organic,92122,$704.00,TRUE
,,31537883,8/24/2026,8/24/2026,Plumbing Service,Toilet Stop,Completed,Branded Phone Number,A1-800-BILL HOWE,92027,$1273.00,TRUE
,,31537471,8/24/2026,8/24/2026,Plumbing Service,Toilet Stop,Completed,Branded Phone Number,Local 619,92054,$0.00,TRUE
,,31696692,8/24/2026,8/25/2026,Plumbing Service,Toilet Stop,Completed,Branded Phone Number,A1-800-BILL HOWE,92117,$102.00,TRUE
,,31572795,8/24/2026,8/25/2026,Plumbing Service,Toilet Stop,Completed,Branded Phone Number,Local 619,91932,$0.00,TRUE
,,31729504,8/25/2026,8/25/2026,Plumbing Service,Toilet Stop,Canceled,Branded Phone Number,Local 619,92108,$0.00,TRUE
,,31699787,8/25/2026,8/26/2026,Plumbing Service,Toilet Stop,Completed,Tech referral,Tech Referral,92109,$102.00,TRUE
,,31572703,8/25/2026,8/25/2026,Plumbing Service,Toilet Stop,Completed,PPC,Google | Search | Brand,92109,$421.00,TRUE
,,60209943,8/25/2026,8/26/2026,Plumbing Service,Toilet Stop,Completed,PPC,Google | Search | Brand,92126,$102.00,TRUE
,,31564261,8/25/2026,8/26/2026,Plumbing Service,Toilet Stop,Completed,Direct Web Traffic,Direct Web Traffic,92121,$102.00,TRUE
,,1130196191,8/25/2026,8/26/2026,Plumbing Service,Toilet Stop,Completed,Yelp,Yelp,92130,$129.60,TRUE
,,1130232287,8/26/2026,8/26/2026,Plumbing Service,Toilet Stop,Completed,PPC,Google | Search | Brand,92101,$144.00,TRUE
,,31696692,8/26/2026,8/27/2026,Plumbing Service,Toilet Stop,Completed,Branded Phone Number,A1-800-BILL HOWE,92117,$175.00,TRUE
,,249838534,8/26/2026,8/27/2026,Plumbing Service,Toilet Stop,Completed,PPC,Google | Search | Brand,92120,$102.00,TRUE
,,381331999,8/26/2026,8/26/2026,Plumbing Service,Toilet Stop,Completed,PPC,Google | PMAX | Plumbing,92114,$226.32,TRUE
,,310475296,8/27/2026,8/27/2026,Plumbing Service,Toilet Stop,Completed,Branded Phone Number,A1-800-BILL HOWE,92128,$0.00,TRUE
,,1130761445,8/27/2026,8/28/2026,Plumbing Service,Toilet Stop,Completed,Google Business Profiles,GMB_SanDiego,91941,$324.00,TRUE
,,465221110,8/27/2026,8/28/2026,Plumbing Service,Toilet Stop,Completed,Direct Web Traffic,Direct Web Traffic,92024,$1273.00,TRUE
,,31681467,8/27/2026,1/8/2026,Plumbing Service,Toilet Stop,Completed,Branded Phone Number,A1-800-BILL HOWE,92108,$865.00,TRUE
,,64024827,8/27/2026,8/28/2026,Plumbing Service,Toilet Stop,Completed,Branded Phone Number,Local 619,92118,$102.00,TRUE
,,333962278,8/27/2026,8/28/2026,Plumbing Service,Toilet Stop,Completed,Branded Phone Number,Local 619,92056,$0.00,TRUE
,,93591199,8/28/2026,8/28/2026,Plumbing Service,Toilet Stop,Completed,Google Business Profiles,GMB_SanDiego,92118,$102.00,TRUE
,,462528325,8/28/2026,8/28/2026,Plumbing Service,Toilet Stop,Completed,Google LSA,Google Local Services,92024,$421.00,TRUE
,,201992,8/28/2026,9/1/2026,Plumbing Service,Toilet Stop,Completed,Organic Search,Google Organic,92037,$387.32,TRUE
,,31646296,8/28/2026,8/31/2026,Plumbing Service,Toilet Stop,Completed,PPC,Google | Search | Competitor,92037,$102.00,TRUE
,,31563122,8/28/2026,8/31/2026,Plumbing Service,Toilet Stop,Completed,Direct Web Traffic,Direct Web Traffic,92122,$348.00,TRUE
,,31696692,8/28/2026,8/31/2026,Plumbing Service,Toilet Stop,Completed,Branded Phone Number,A1-800-BILL HOWE,92123,$0.00,TRUE
,,46594415,8/31/2026,9/3/2026,Plumbing Service,Toilet Stop,Completed,Direct Web Traffic,Direct Web Traffic,92131,$204.00,TRUE
,,31725300,8/29/2026,8/29/2026,Plumbing Service,Toilet Stop,Completed,Branded Phone Number,Local 619,92119,$343.84,TRUE
,,909363108,8/29/2026,8/29/2026,Plumbing Service,Toilet Stop,Canceled,Yelp,Yelp,92130,$0.00,TRUE
,,249846196,8/31/2026,8/31/2026,Plumbing Service,Toilet Stop,Completed,Direct Web Traffic,Direct Web Traffic,92109,$93.84,TRUE
,,31552608,8/31/2026,8/31/2026,Plumbing Service,Toilet Stop,Completed,PPC,Bing | Search | Brand,92104,$0.00,TRUE
,,31700204,8/31/2026,9/1/2026,Plumbing Service,Toilet Stop,Completed,Branded Phone Number,Local 619,92110,$132.48,TRUE
,,1131284337,8/31/2026,9/2/2026,Plumbing Service,Toilet Stop,Completed,Organic Search,Bing Organic,92121,$390.00,TRUE
,,84752890,8/31/2026,9/1/2026,Plumbing Service,Toilet Stop,Completed,Direct Mail,Dynamicard Direct Mail September 2025,92020,$0.00,TRUE
,,1131857007,9/1/2026,9/2/2026,Plumbing Service,Toilet Stop,Completed,PPC,Google | Search | Brand,92111,$421.00,TRUE
,,31564788,9/1/2026,9/2/2026,Plumbing Service,Toilet Stop,Completed,Email,Legacy Email Marketing Multiple Offers,92124,$451.96,TRUE
,,31696692,9/1/2026,9/1/2026,Plumbing Service,Toilet Stop,Completed,Branded Phone Number,A1-800-BILL HOWE,92123,$102.00,TRUE
,,297253137,9/1/2026,,Plumbing Service,Toilet Stop,Hold,Email,Legacy Email Marketing Multiple Offers,92109,$0.00,TRUE
,,291730852,9/1/2026,9/3/2026,Plumbing Service,Toilet Stop,Completed,Google Business Profiles,GMB_SanDiego,92124,$0.00,TRUE
,,1132010093,9/2/2026,9/2/2026,Plumbing Service,Toilet Stop,Completed,PPC,Bing | Search | Brand,92130,$348.00,TRUE
,,316193810,9/2/2026,9/2/2026,Plumbing Service,Toilet Stop,Completed,Programmatic,StackAdapt / Display,92118,$144.00,TRUE
,,901420219,9/3/2026,9/3/2026,Plumbing Service,Toilet Stop,Canceled,PPC,Google | Search | Brand,92110,$0.00,TRUE
,,297705254,9/3/2026,9/3/2026,Plumbing Service,Toilet Stop,Completed,Google Business Profiles,GMB_Poway,92064,$102.00,TRUE
,,290065744,9/3/2026,9/3/2026,Plumbing Service,Toilet Stop,Completed,Branded Phone Number,Local 619,91911,$0.00,TRUE
,,478164957,9/4/2026,9/4/2026,Plumbing Service,Toilet Stop,Completed,Google LSA,Google Local Services,92131,$394.00,TRUE
,,31729195,9/4/2026,9/4/2026,Plumbing Service,Toilet Stop,Completed,PPC,Bing | Search | Brand,92104,$318.00,TRUE
,,31537226,9/4/2026,9/4/2026,Plumbing Service,Toilet Stop,Completed,Branded Phone Number,Local 619,92101,$387.32,TRUE
,,31562317,9/4/2026,9/4/2026,Plumbing Service,Toilet Stop,Completed,Branded Phone Number,A1-800-BILL HOWE,92110,$175.00,TRUE
,,1134769374,9/4/2026,,Plumbing Service,Toilet Stop,Scheduled,Branded Phone Number,Local 619,92069,$0.00,TRUE
,,1127400034,9/4/2026,8/21/2026,Plumbing Service,Toilet Stop,Completed,Sameday AI,Sameday AI,92101,$0.00,FALSE
,,1071909852,9/4/2026,9/4/2026,Plumbing Service,Toilet Stop,Completed,Branded Phone Number,Local 619,92109,$348.00,TRUE
,,1136158845,9/4/2026,9/5/2026,Plumbing Service,Toilet Stop,Completed,PPC,Google | Search | Brand,92124,$394.00,TRUE
,,1136160093,9/4/2026,9/4/2026,Plumbing Service,Toilet Stop,Completed,PPC,Google | PMAX | Drains,92103,$352.00,TRUE
,,51844813,9/5/2026,,Plumbing Service,Toilet Stop,Scheduled,PPC,Google | Search | Brand,92120,$0.00,TRUE
,,31612532,9/5/2026,9/5/2026,Plumbing Service,Toilet Stop,Completed,PPC,Google | Search | Brand,92024,$425.00,TRUE
,,31660693,9/5/2026,,Plumbing Service,Toilet Stop,Scheduled,Google Business Profiles,GMB_SanDiego,92105,$0.00,TRUE
,,377934630,9/5/2026,9/5/2026,Plumbing Service,Toilet Stop,Completed,PPC,Google | Search | Brand,92119,$0.00,FALSE
,,1136215936,9/5/2026,9/5/2026,Plumbing Service,Toilet Stop,Completed,PPC,Google | Search | Brand,92007,$0.00,FALSE
,,1136215936,9/5/2026,9/6/2026,Plumbing Service,Toilet Stop,Completed,PPC,Google | Search | Brand,92007,$918.75,TRUE
,,,,,70,70,70,70,70,,$16221.96,
,Job Type: Tub/Shower Faucet,,,,,,,,,,,
,,61024116,8/24/2026,8/26/2026,Plumbing Service,Tub/Shower Faucet,Completed,PPC,Google | Search | Brand,92117,$220.00,TRUE
,,1129287930,8/24/2026,8/24/2026,Plumbing Service,Tub/Shower Faucet,Canceled,Google LSA,Google Local Services,92128,$0.00,TRUE
,,31719896,8/24/2026,8/24/2026,Plumbing Service,Tub/Shower Faucet,Completed,Branded Phone Number,Local 619,92120,$398.00,TRUE
,,487072175,8/24/2026,8/26/2026,Plumbing Service,Tub/Shower Faucet,Completed,PPC,Google | Search | Brand,92064,$212.00,TRUE
,,91863656,8/24/2026,8/26/2026,Plumbing Service,Tub/Shower Faucet,Completed,Branded Phone Number,A1-800-BILL HOWE,92130,$0.00,FALSE
,,31611379,8/24/2026,9/2/2026,Plumbing Service,Tub/Shower Faucet,Completed,Branded Phone Number,A1-800-BILL HOWE,92037,$952.85,TRUE
,,341721406,8/24/2026,8/28/2026,Plumbing Service,Tub/Shower Faucet,Completed,Google Business Profiles,GMB_SanDiego,92127,$607.00,TRUE
,,31537661,8/24/2026,8/25/2026,Plumbing Service,Tub/Shower Faucet,Completed,PPC,Google | Search | Brand,92037,$0.00,TRUE
,,31726949,8/24/2026,8/25/2026,Plumbing Service,Tub/Shower Faucet,Completed,PPC,Google | Search | Competitor,92024,$378.10,TRUE
,,1129571948,8/24/2026,8/25/2026,Plumbing Service,Tub/Shower Faucet,Canceled,Direct Web Traffic,Direct Web Traffic,92130,$0.00,TRUE
,,56799921,8/25/2026,8/28/2026,Plumbing Service,Tub/Shower Faucet,Completed,PPC,Google | Search | Brand,92103,$830.00,TRUE
,,95288820,8/25/2026,8/28/2026,Plumbing Service,Tub/Shower Faucet,Completed,Website,Online Booking,92106,$265.00,TRUE
,,484563759,8/25/2026,,Plumbing Service,Tub/Shower Faucet,Scheduled,Direct Web Traffic,Direct Web Traffic,92108,$1592.00,TRUE
,,1125590692,8/25/2026,8/26/2026,Plumbing Service,Tub/Shower Faucet,Completed,Google Business Profiles,GMB_SanDiego,92071,$398.00,TRUE
,,465570708,8/25/2026,8/31/2026,Plumbing Service,Tub/Shower Faucet,Completed,Branded Phone Number,Local 619,92108,$375.00,TRUE
,,265870707,8/25/2026,8/31/2026,Plumbing Service,Tub/Shower Faucet,Completed,Google Business Profiles,GMB_SanDiego,92101,$3339.24,TRUE
,,31611379,8/25/2026,8/25/2026,Plumbing Service,Tub/Shower Faucet,Canceled,Branded Phone Number,A1-800-BILL HOWE,92037,$0.00,TRUE
,,487242353,8/25/2026,8/26/2026,Plumbing Service,Tub/Shower Faucet,Completed,Google Business Profiles,GMB_SanDiego,92024,$0.00,TRUE
,,888818281,8/25/2026,8/26/2026,Plumbing Service,Tub/Shower Faucet,Completed,Direct Web Traffic,Direct Web Traffic,92024,$0.00,FALSE
,,62728208,8/25/2026,8/26/2026,Plumbing Service,Tub/Shower Faucet,Completed,Google Business Profiles,GMB_SanDiego,92019,$398.00,TRUE
,,31727313,8/26/2026,8/27/2026,Plumbing Service,Tub/Shower Faucet,Completed,Google Business Profiles,GMB_SanDiego,92110,$572.40,TRUE
,,31622027,8/26/2026,8/27/2026,Plumbing Service,Tub/Shower Faucet,Completed,Google Business Profiles,GMB_SanDiego,92109,$332.12,TRUE
,,271973344,8/26/2026,8/28/2026,Plumbing Service,Tub/Shower Faucet,Completed,Branded Phone Number,A1-800-BILL HOWE,92091,$742.00,TRUE
,,888818281,8/26/2026,8/28/2026,Plumbing Service,Tub/Shower Faucet,Completed,Direct Web Traffic,Direct Web Traffic,92024,$477.00,TRUE
,,1129776395,8/26/2026,,Plumbing Service,Tub/Shower Faucet,Hold,Email,Legacy Email Marketing Multiple Offers,92037,$1900.00,TRUE
,,295469458,8/26/2026,,Plumbing Service,Tub/Shower Faucet,Scheduled,PPC,Google | Search | Brand,92103,$0.00,TRUE
,,266372404,8/26/2026,8/28/2026,Plumbing Service,Tub/Shower Faucet,Completed,PPC,Google | Search | Plumbing,91932,$302.10,TRUE
,,31565381,8/26/2026,8/27/2026,Plumbing Service,Tub/Shower Faucet,Canceled,Direct Web Traffic,Direct Web Traffic,92130,$0.00,TRUE
,,1130638373,8/27/2026,8/27/2026,Plumbing Service,Tub/Shower Faucet,Completed,Google LSA,Google Local Services,92071,$0.00,TRUE
,,683112845,8/27/2026,9/1/2026,Plumbing Service,Tub/Shower Faucet,Completed,Website,Email Contact Form,92130,$0.00,TRUE
,,288693427,8/27/2026,9/1/2026,Plumbing Service,Tub/Shower Faucet,Completed,Google Business Profiles,GMB_SanDiego,92101,$1114.00,TRUE
,,31634232,8/27/2026,9/2/2026,Plumbing Service,Tub/Shower Faucet,Completed,Branded Phone Number,A1-800-BILL HOWE,92154,$1166.00,TRUE
,,67946064,8/27/2026,8/28/2026,Plumbing Service,Tub/Shower Faucet,Completed,Branded Phone Number,Local 619,92111,$0.00,TRUE
,,61805907,8/27/2026,,Plumbing Service,Tub/Shower Faucet,Hold,Google Business Profiles,GMB_SanDiego,92130,$0.00,TRUE
,,31634232,8/27/2026,9/2/2026,Plumbing Service,Tub/Shower Faucet,Completed,Branded Phone Number,A1-800-BILL HOWE,92154,$1166.00,TRUE
,,59474397,8/27/2026,9/2/2026,Plumbing Service,Tub/Shower Faucet,Completed,Google Business Profiles,GMB_SanDiego,92037,$3040.00,TRUE
,,288256029,8/27/2026,8/31/2026,Plumbing Service,Tub/Shower Faucet,Completed,Organic Search,Google Organic,92130,$0.00,FALSE
,,911960438,8/27/2026,8/28/2026,Plumbing Service,Tub/Shower Faucet,Completed,PPC,Google | Search | Plumbing,92130,$398.00,TRUE
,,1130911243,8/27/2026,8/27/2026,Plumbing Service,Tub/Shower Faucet,Completed,Branded Phone Number,Local 619,92130,$0.00,TRUE
,,31538865,8/27/2026,8/28/2026,Plumbing Service,Tub/Shower Faucet,Completed,Branded Phone Number,A1-800-BILL HOWE,92037,$322.05,TRUE
,,31715962,8/28/2026,9/2/2026,Plumbing Service,Tub/Shower Faucet,Completed,Google Business Profiles,GMB_SanDiego,92037,$1200.00,TRUE
,,31631536,8/28/2026,9/2/2026,Plumbing Service,Tub/Shower Faucet,Completed,PPC,Bing | Search | Brand,92103,$0.00,TRUE
,,1130991938,8/28/2026,9/2/2026,Plumbing Service,Tub/Shower Faucet,Completed,Branded Phone Number,Local 619,92009,$0.00,TRUE
,,1130999886,8/28/2026,8/30/2026,Plumbing Service,Tub/Shower Faucet,Canceled,Branded Phone Number,Local 619,92123,$0.00,TRUE
,,31538865,8/28/2026,9/3/2026,Plumbing Service,Tub/Shower Faucet,Completed,Branded Phone Number,A1-800-BILL HOWE,92037,$1697.00,TRUE
,,1131225759,8/29/2026,,Plumbing Service,Tub/Shower Faucet,Hold,Direct Web Traffic,Direct Web Traffic,92105,$0.00,TRUE
,,47095464,8/30/2026,8/31/2026,Plumbing Service,Tub/Shower Faucet,Completed,Organic Search,Google Organic,92106,$398.00,TRUE
,,31536456,8/29/2026,8/29/2026,Plumbing Service,Tub/Shower Faucet,Completed,Branded Phone Number,A1-800-BILL HOWE,92115,$445.04,TRUE
,,911960438,8/31/2026,9/2/2026,Plumbing Service,Tub/Shower Faucet,Completed,PPC,Google | Search | Plumbing,92130,$700.00,TRUE
,,301731989,8/31/2026,8/28/2026,Plumbing Service,Tub/Shower Faucet,Completed,Google Business Profiles,GMB_SanDiego,92037,$0.00,TRUE
,,31640426,8/31/2026,8/26/2026,Plumbing Service,Tub/Shower Faucet,Completed,Branded Phone Number,A1-800-BILL HOWE,92024,$0.00,TRUE
,,67889097,8/31/2026,9/2/2026,Plumbing Service,Tub/Shower Faucet,Completed,Direct Web Traffic,Direct Web Traffic,92130,$742.00,TRUE
,,1131328480,8/31/2026,8/31/2026,Plumbing Service,Tub/Shower Faucet,Canceled,Organic Search,Bing Organic,92105,$0.00,TRUE
,,1120136776,8/31/2026,8/21/2026,Plumbing Service,Tub/Shower Faucet,Completed,Website,Website Phone Calls,92014,$0.00,FALSE
,,31627713,8/31/2026,9/1/2026,Plumbing Service,Tub/Shower Faucet,Completed,Branded Phone Number,A1-800-BILL HOWE,92075,$0.00,FALSE
,,31717409,8/31/2026,9/1/2026,Plumbing Service,Tub/Shower Faucet,Completed,Branded Phone Number,Local 619,91932,$712.08,TRUE
,,31624559,9/1/2026,9/1/2026,Plumbing Service,Tub/Shower Faucet,Completed,PPC,Google | Search | Competitor,91941,$0.00,TRUE
,,1131850206,9/1/2026,9/1/2026,Plumbing Service,Tub/Shower Faucet,Completed,Sameday AI,Sameday AI,92014,$233.00,TRUE
,,1080873874,9/1/2026,9/2/2026,Plumbing Service,Tub/Shower Faucet,Completed,Branded Phone Number,Local 619,92130,$0.00,TRUE
,,377562568,9/1/2026,9/3/2026,Plumbing Service,Tub/Shower Faucet,Completed,PPC,Google | Search | Brand,92114,$0.00,TRUE
,,31699981,9/1/2026,9/2/2026,Plumbing Service,Tub/Shower Faucet,Canceled,Sameday AI,Sameday AI,92106,$0.00,TRUE
,,31572487,9/1/2026,9/4/2026,Plumbing Service,Tub/Shower Faucet,Completed,Branded Phone Number,Local 619,92117,$795.00,TRUE
,,483056560,9/1/2026,,Plumbing Service,Tub/Shower Faucet,Scheduled,PPC,Google | Search | Brand,92104,$0.00,TRUE
,,31696121,9/1/2026,9/2/2026,Plumbing Service,Tub/Shower Faucet,Completed,Email,Legacy Email Marketing Multiple Offers,92037,$220.00,TRUE
,,66293311,9/1/2026,9/4/2026,Plumbing Service,Tub/Shower Faucet,Completed,Google Business Profiles,GMB_SanDiego,92037,$238.50,TRUE
,,49492266,9/1/2026,9/4/2026,Plumbing Service,Tub/Shower Faucet,Completed,Google Business Profiles,GMB_SanDiego,92009,$796.00,TRUE
,,31550952,9/2/2026,,Plumbing Service,Tub/Shower Faucet,Scheduled,Branded Phone Number,Local 619,92105,$3079.00,TRUE
,,31717409,9/2/2026,9/1/2026,Plumbing Service,Tub/Shower Faucet,Completed,Branded Phone Number,Local 619,91932,$0.00,TRUE
,,31600973,9/2/2026,9/4/2026,Plumbing Service,Tub/Shower Faucet,Completed,Direct Web Traffic,Direct Web Traffic,92104,$0.00,TRUE
,,373693846,9/2/2026,9/2/2026,Plumbing Service,Tub/Shower Faucet,Completed,Website,Email Contact Form,92109,$262.50,TRUE
,,1120136776,9/2/2026,8/21/2026,Plumbing Service,Tub/Shower Faucet,Completed,Website,Website Phone Calls,92014,$0.00,FALSE
,,278004810,9/2/2026,9/4/2026,Plumbing Service,Tub/Shower Faucet,Completed,Branded Phone Number,Local 619,92029,$398.00,TRUE
,,1133379681,9/2/2026,,Plumbing Service,Tub/Shower Faucet,Hold,Branded Phone Number,A1-800-BILL HOWE,92037,$424.00,TRUE
,,31634232,9/2/2026,9/2/2026,Plumbing Service,Tub/Shower Faucet,Completed,Branded Phone Number,A1-800-BILL HOWE,92154,$1166.00,TRUE
,,31734121,9/2/2026,9/4/2026,Plumbing Service,Tub/Shower Faucet,Completed,Direct Web Traffic,Direct Web Traffic,92122,$398.00,TRUE
,,31717134,9/2/2026,9/4/2026,Plumbing Service,Tub/Shower Faucet,Completed,Yelp,Yelp,92124,$1625.00,TRUE
,,31696121,9/3/2026,9/4/2026,Plumbing Service,Tub/Shower Faucet,Completed,Email,Legacy Email Marketing Multiple Offers,92037,$0.00,FALSE
,,1133537967,9/3/2026,9/3/2026,Plumbing Service,Tub/Shower Faucet,Canceled,Branded Phone Number,A1-800-BILL HOWE,92056,$0.00,TRUE
,,1133601338,9/3/2026,9/4/2026,Plumbing Service,Tub/Shower Faucet,Completed,Google LSA,Google Local Services,92123,$0.00,TRUE
,,301083435,9/3/2026,9/4/2026,Plumbing Service,Tub/Shower Faucet,Completed,Branded Phone Number,Local 619,92130,$210.00,TRUE
,,31721858,9/3/2026,,Plumbing Service,Tub/Shower Faucet,Scheduled,Branded Phone Number,A1-800-BILL HOWE,92037,$0.00,TRUE
,,1066016554,9/3/2026,9/3/2026,Plumbing Service,Tub/Shower Faucet,Completed,Branded Phone Number,Local 619,92107,$453.00,TRUE
,,1127526487,9/3/2026,,Plumbing Service,Tub/Shower Faucet,Scheduled,Google Business Profiles,GMB_SanDiego,92037,$0.00,TRUE
,,288693427,9/4/2026,9/1/2026,Plumbing Service,Tub/Shower Faucet,Completed,Google Business Profiles,GMB_SanDiego,92101,$0.00,TRUE
,,31604220,9/4/2026,9/4/2026,Plumbing Service,Tub/Shower Faucet,Completed,Website,Website Phone Calls,92107,$255.00,TRUE
,,896425738,9/4/2026,8/11/2026,Plumbing Service,Tub/Shower Faucet,Completed,Organic Search,Google Organic,92120,$0.00,TRUE
,,976590710,9/4/2026,,Plumbing Service,Tub/Shower Faucet,Scheduled,Branded Phone Number,A1-800-BILL HOWE,92126,$0.00,TRUE
,,31634232,9/4/2026,9/2/2026,Plumbing Service,Tub/Shower Faucet,Completed,Branded Phone Number,A1-800-BILL HOWE,92154,$0.00,TRUE
,,31634232,9/4/2026,9/2/2026,Plumbing Service,Tub/Shower Faucet,Completed,Branded Phone Number,A1-800-BILL HOWE,92154,$0.00,TRUE
,,56799921,9/4/2026,8/28/2026,Plumbing Service,Tub/Shower Faucet,Completed,PPC,Google | Search | Brand,92103,$0.00,TRUE
,,62728208,9/4/2026,8/26/2026,Plumbing Service,Tub/Shower Faucet,Completed,Google Business Profiles,GMB_SanDiego,92019,$0.00,TRUE
,,31717512,9/5/2026,,Plumbing Service,Tub/Shower Faucet,Scheduled,PPC,Google | Search | Plumbing,92037,$0.00,TRUE
,,31627713,9/5/2026,,Plumbing Service,Tub/Shower Faucet,Hold,Branded Phone Number,A1-800-BILL HOWE,92075,$685.00,TRUE
,,,,,93,93,93,93,93,,$38628.98,
,Job Type: Tub/Shower Stop,,,,,,,,,,,
,,477752387,8/24/2026,8/24/2026,Plumbing Service,Tub/Shower Stop,Completed,Direct Web Traffic,Direct Web Traffic,92130,$102.00,TRUE
,,31565222,8/24/2026,8/24/2026,Plumbing Service,Tub/Shower Stop,Completed,Branded Phone Number,A1-800-BILL HOWE,92103,$132.48,TRUE
,,31696692,8/24/2026,8/25/2026,Plumbing Service,Tub/Shower Stop,Completed,Branded Phone Number,A1-800-BILL HOWE,92123,$93.84,TRUE
,,31699787,8/24/2026,8/26/2026,Plumbing Service,Tub/Shower Stop,Completed,Tech referral,Tech Referral,92109,$102.00,TRUE
,,1129611106,8/25/2026,8/25/2026,Plumbing Service,Tub/Shower Stop,Completed,Direct Web Traffic,Direct Web Traffic,92127,$102.00,TRUE
,,460361442,8/25/2026,8/25/2026,Plumbing Service,Tub/Shower Stop,Completed,Direct Web Traffic,Direct Web Traffic,92111,$175.00,TRUE
,,31619131,8/26/2026,8/26/2026,Plumbing Service,Tub/Shower Stop,Completed,Branded Phone Number,A1-800-BILL HOWE,92040,$93.84,TRUE
,,31564673,8/26/2026,8/27/2026,Plumbing Service,Tub/Shower Stop,Completed,Branded Phone Number,A1-800-BILL HOWE,92109,$167.44,TRUE
,,31696692,8/26/2026,,Plumbing Service,Tub/Shower Stop,Hold,Branded Phone Number,A1-800-BILL HOWE,92115,$0.00,TRUE
,,45818347,8/26/2026,8/27/2026,Plumbing Service,Tub/Shower Stop,Completed,Branded Phone Number,A1-800-BILL HOWE,92107,$132.48,TRUE
,,249846196,8/26/2026,8/27/2026,Plumbing Service,Tub/Shower Stop,Completed,Direct Web Traffic,Direct Web Traffic,92037,$356.96,TRUE
,,31674337,8/27/2026,8/27/2026,Plumbing Service,Tub/Shower Stop,Completed,Google Business Profiles,GMB_SanDiego,92107,$204.00,TRUE
,,357318646,8/27/2026,8/28/2026,Plumbing Service,Tub/Shower Stop,Completed,PPC,Google | Search | Brand,92120,$0.00,TRUE
,,31700204,8/28/2026,8/28/2026,Plumbing Service,Tub/Shower Stop,Completed,Branded Phone Number,Local 619,92110,$187.68,TRUE
,,486477253,8/28/2026,8/31/2026,Plumbing Service,Tub/Shower Stop,Canceled,Branded Phone Number,A1-800-BILL HOWE,92122,$0.00,TRUE
,,1035393670,8/28/2026,8/31/2026,Plumbing Service,Tub/Shower Stop,Completed,PPC,Google | Search | Brand,92103,$307.00,TRUE
,,284427088,8/28/2026,8/31/2026,Plumbing Service,Tub/Shower Stop,Completed,Google Business Profiles,GMB_SanDiego,92117,$102.00,TRUE
,,369940560,8/28/2026,8/31/2026,Plumbing Service,Tub/Shower Stop,Completed,PPC,Google | Search | Brand,92109,$144.00,TRUE
,,31572795,8/28/2026,8/31/2026,Plumbing Service,Tub/Shower Stop,Completed,Branded Phone Number,Local 619,91941,$350.00,TRUE
,,85296640,8/30/2026,8/31/2026,Plumbing Service,Tub/Shower Stop,Canceled,PPC,Google | Search | Brand,92123,$0.00,TRUE
,,1131278731,8/30/2026,8/31/2026,Plumbing Service,Tub/Shower Stop,Completed,PPC,Google | Search | Plumbing,91932,$102.00,TRUE
,,265697934,8/29/2026,8/30/2026,Plumbing Service,Tub/Shower Stop,Completed,Branded Phone Number,Local 619,92118,$394.00,TRUE
,,1124698051,8/31/2026,8/31/2026,Plumbing Service,Tub/Shower Stop,Completed,Branded Phone Number,Local 619,92130,$0.00,TRUE
,,1067809195,8/30/2026,8/31/2026,Plumbing Service,Tub/Shower Stop,Completed,Website,Website Phone Calls,92109,$144.00,TRUE
,,31565453,8/31/2026,8/31/2026,Plumbing Service,Tub/Shower Stop,Completed,Google Business Profiles,GMB_SanDiego,92126,$93.84,TRUE
,,1080075614,8/31/2026,8/31/2026,Plumbing Service,Tub/Shower Stop,Completed,Organic Search,Google Organic,92119,$0.00,TRUE
,,31677414,8/31/2026,8/31/2026,Plumbing Service,Tub/Shower Stop,Completed,Branded Phone Number,A1-800-BILL HOWE,92126,$144.00,TRUE
,,346299047,8/31/2026,9/1/2026,Plumbing Service,Tub/Shower Stop,Completed,Google Business Profiles,GMB_SanDiego,92037,$144.00,TRUE
,,1128059138,8/31/2026,9/1/2026,Plumbing Service,Tub/Shower Stop,Completed,Branded Phone Number,Local 619,92019,$102.00,TRUE
,,31653365,9/1/2026,9/1/2026,Plumbing Service,Tub/Shower Stop,Completed,PPC,Bing | Search | Brand,92021,$102.00,TRUE
,,31563317,9/1/2026,9/1/2026,Plumbing Service,Tub/Shower Stop,Canceled,Branded Phone Number,Local 619,92103,$0.00,TRUE
,,305345185,9/1/2026,9/2/2026,Plumbing Service,Tub/Shower Stop,Completed,Branded Phone Number,Local 619,92105,$0.00,TRUE
,,31696692,9/1/2026,9/1/2026,Plumbing Service,Tub/Shower Stop,Completed,Branded Phone Number,A1-800-BILL HOWE,92123,$0.00,TRUE
,,31699981,9/1/2026,9/3/2026,Plumbing Service,Tub/Shower Stop,Completed,Branded Phone Number,Local 619,92106,$212.00,TRUE
,,31696692,9/1/2026,9/2/2026,Plumbing Service,Tub/Shower Stop,Completed,Branded Phone Number,A1-800-BILL HOWE,92115,$350.00,TRUE
,,31563317,9/1/2026,9/2/2026,Plumbing Service,Tub/Shower Stop,Completed,Branded Phone Number,Local 619,92103,$175.00,TRUE
,,93772868,9/2/2026,9/2/2026,Plumbing Service,Tub/Shower Stop,Canceled,Branded Phone Number,Local 619,92103,$0.00,TRUE
,,97592605,9/2/2026,9/2/2026,Plumbing Service,Tub/Shower Stop,Completed,Account,Work Order,92037,$368.00,TRUE
,,1124698051,9/2/2026,,Plumbing Service,Tub/Shower Stop,Hold,Branded Phone Number,Local 619,92130,$711.90,TRUE
,,1132092766,9/2/2026,9/2/2026,Plumbing Service,Tub/Shower Stop,Completed,Direct Web Traffic,Direct Web Traffic,92037,$102.00,TRUE
,,273021373,9/2/2026,9/2/2026,Plumbing Service,Tub/Shower Stop,Completed,Branded Phone Number,Local 619,92115,$144.00,TRUE
,,31561624,9/2/2026,9/2/2026,Plumbing Service,Tub/Shower Stop,Completed,PPC,Google | Search | Brand,92107,$167.44,TRUE
,,31572795,9/2/2026,9/4/2026,Plumbing Service,Tub/Shower Stop,Completed,Branded Phone Number,Local 619,91941,$0.00,FALSE
,,31572703,9/2/2026,9/2/2026,Plumbing Service,Tub/Shower Stop,Completed,PPC,Google | Search | Brand,92109,$544.75,TRUE
,,31696692,9/2/2026,9/2/2026,Plumbing Service,Tub/Shower Stop,Completed,Branded Phone Number,A1-800-BILL HOWE,92115,$93.84,TRUE
,,1133474398,9/2/2026,9/3/2026,Plumbing Service,Tub/Shower Stop,Completed,Branded Phone Number,Local 619,92130,$144.00,TRUE
,,45281788,9/2/2026,,Plumbing Service,Tub/Shower Stop,Scheduled,Yelp,Yelp,92127,$0.00,TRUE
,,892749509,9/2/2026,9/3/2026,Plumbing Service,Tub/Shower Stop,Completed,PPC,Google | Search | Brand,92126,$246.00,TRUE
,,95335092,9/3/2026,9/3/2026,Plumbing Service,Tub/Shower Stop,Completed,Google Business Profiles,GMB_SanDiego,92130,$102.00,TRUE
,,1133500400,9/3/2026,9/3/2026,Plumbing Service,Tub/Shower Stop,Completed,Google Business Profiles,GMB_SanDiego,92117,$175.00,TRUE
,,49638826,9/3/2026,,Plumbing Service,Tub/Shower Stop,Scheduled,PPC,Bing | Search | Brand,92123,$0.00,TRUE
,,408182122,9/3/2026,9/3/2026,Plumbing Service,Tub/Shower Stop,Canceled,Organic Search,Google Organic,92101,$0.00,TRUE
,,31645205,9/3/2026,9/4/2026,Plumbing Service,Tub/Shower Stop,Completed,Branded Phone Number,Local 619,92127,$144.00,TRUE
,,31593630,9/4/2026,9/4/2026,Plumbing Service,Tub/Shower Stop,Completed,Email,Legacy Email Marketing Multiple Offers,92110,$175.00,TRUE
,,31572795,9/4/2026,9/4/2026,Plumbing Service,Tub/Shower Stop,Completed,Branded Phone Number,Local 619,92115,$175.00,TRUE
,,31696692,9/4/2026,,Plumbing Service,Tub/Shower Stop,Scheduled,Branded Phone Number,A1-800-BILL HOWE,92123,$0.00,TRUE
,,31603958,9/6/2026,,Plumbing Service,Tub/Shower Stop,Scheduled,PPC,Google | Search | Brand,92130,$0.00,TRUE
,,31718499,9/5/2026,9/5/2026,Plumbing Service,Tub/Shower Stop,Completed,Branded Phone Number,Local 619,92127,$102.00,TRUE
,,,,,58,58,58,58,58,,$8110.49,
,Job Type: Upper/Lower Leak,,,,,,,,,,,
,,1129303452,8/24/2026,8/25/2026,Plumbing Service,Upper/Lower Leak,Canceled,Google Business Profiles,GMB_SanDiego,92110,$0.00,TRUE
,,1108645420,8/24/2026,,Plumbing Service,Upper/Lower Leak,Hold,Branded Phone Number,Local 619,92104,$0.00,TRUE
,,1129588627,8/24/2026,8/25/2026,Plumbing Service,Upper/Lower Leak,Completed,Organic Search,DuckDuckGo Organic,92101,$233.00,TRUE
,,31588244,8/25/2026,8/26/2026,Plumbing Service,Upper/Lower Leak,Completed,PPC,Google | PMAX | Plumbing,92102,$220.00,TRUE
,,52273845,8/26/2026,,Plumbing Service,Upper/Lower Leak,In Progress,PPC,Google | Search | Brand,92118,$1697.00,TRUE
,,300937617,8/26/2026,8/27/2026,Plumbing Service,Upper/Lower Leak,Completed,Google LSA,Google Local Services,91950,$2981.50,TRUE
,,1130558182,8/26/2026,8/27/2026,Plumbing Service,Upper/Lower Leak,Completed,PPC,Google | Search | Plumbing,92127,$398.70,TRUE
,,1130503865,8/27/2026,8/27/2026,Plumbing Service,Upper/Lower Leak,Completed,Direct Web Traffic,Direct Web Traffic,92007,$246.00,TRUE
,,56477495,8/27/2026,,Plumbing Service,Upper/Lower Leak,Hold,PPC,Google | Search | Brand,91941,$0.00,TRUE
,,979531586,8/27/2026,9/1/2026,Plumbing Service,Upper/Lower Leak,Completed,Branded Phone Number,Local 619,92103,$0.00,TRUE
,,1130909475,8/27/2026,,Plumbing Service,Upper/Lower Leak,Hold,Branded Phone Number,Local 619,92027,$0.00,TRUE
,,31577710,8/28/2026,8/28/2026,Plumbing Service,Upper/Lower Leak,Canceled,Google LSA,Google Local Services,92131,$0.00,TRUE
,,1131002610,8/28/2026,8/28/2026,Plumbing Service,Upper/Lower Leak,Canceled,PPC,Google | PMAX | Plumbing,92108,$0.00,TRUE
,,366703292,8/28/2026,8/31/2026,Plumbing Service,Upper/Lower Leak,Completed,Google Business Profiles,GMB_SanDiego,92008,$0.00,TRUE
,,1131051604,8/28/2026,9/1/2026,Plumbing Service,Upper/Lower Leak,Completed,PPC,Google | Search | Plumbing,92103,$102.00,TRUE
,,903560780,8/28/2026,,Plumbing Service,Upper/Lower Leak,Hold,Email,Legacy Email Marketing Multiple Offers,92024,$0.00,TRUE
,,93355997,8/30/2026,8/31/2026,Plumbing Service,Upper/Lower Leak,Completed,PPC,Google | Search | Competitor,92103,$250.00,TRUE
,,52450275,8/31/2026,8/31/2026,Plumbing Service,Upper/Lower Leak,Completed,PPC,Google | Search | Brand,92130,$220.00,TRUE
,,1131311538,8/31/2026,9/1/2026,Plumbing Service,Upper/Lower Leak,Completed,Direct Web Traffic,Direct Web Traffic,92127,$935.00,TRUE
,,1131315189,8/31/2026,8/31/2026,Plumbing Service,Upper/Lower Leak,Canceled,PPC,Google | PMAX | Drains,92122,$0.00,TRUE
,,31729420,8/31/2026,9/1/2026,Plumbing Service,Upper/Lower Leak,Completed,Branded Phone Number,Local 619,92124,$737.10,TRUE
,,31720146,8/31/2026,8/31/2026,Plumbing Service,Upper/Lower Leak,Completed,Direct Web Traffic,Direct Web Traffic,92119,$0.00,TRUE
,,31561514,8/31/2026,9/1/2026,Plumbing Service,Upper/Lower Leak,Completed,Google Business Profiles,GMB_SanDiego,92037,$144.00,TRUE
,,94751713,8/31/2026,8/31/2026,Plumbing Service,Upper/Lower Leak,Completed,Branded Phone Number,A1-800-BILL HOWE,92064,$616.16,TRUE
,,31720146,9/1/2026,9/1/2026,Plumbing Service,Upper/Lower Leak,Completed,Direct Web Traffic,Direct Web Traffic,92119,$175.00,TRUE
,,300937617,9/1/2026,8/27/2026,Plumbing Service,Upper/Lower Leak,Completed,Google LSA,Google Local Services,91950,$0.00,TRUE
,,1129588627,9/1/2026,8/25/2026,Plumbing Service,Upper/Lower Leak,Completed,Organic Search,DuckDuckGo Organic,92101,$0.00,FALSE
,,1131786668,9/1/2026,9/1/2026,Plumbing Service,Upper/Lower Leak,Canceled,Email,Legacy Email Marketing Multiple Offers,92122,$0.00,TRUE
,,31563717,9/1/2026,9/2/2026,Plumbing Service,Upper/Lower Leak,Completed,Branded Phone Number,A1-800-BILL HOWE,92064,$175.00,TRUE
,,465892244,9/2/2026,9/2/2026,Plumbing Service,Upper/Lower Leak,Completed,Branded Phone Number,A1-800-BILL HOWE,91941,$0.00,FALSE
,,1116565626,9/2/2026,9/3/2026,Plumbing Service,Upper/Lower Leak,Completed,Google LSA,Google Local Services,92130,$350.00,TRUE
,,1094343518,9/2/2026,9/2/2026,Plumbing Service,Upper/Lower Leak,Canceled,Google Business Profiles,GMB_Poway,92064,$0.00,TRUE
,,31729465,9/2/2026,9/3/2026,Plumbing Service,Upper/Lower Leak,Completed,Branded Phone Number,Local 619,92118,$350.00,TRUE
,,465892244,9/2/2026,9/3/2026,Plumbing Service,Upper/Lower Leak,Completed,Branded Phone Number,A1-800-BILL HOWE,91941,$800.00,TRUE
,,1133455010,9/2/2026,,Plumbing Service,Upper/Lower Leak,In Progress,PPC,Google | Search | Brand,92107,$0.00,TRUE
,,42268918,9/3/2026,9/3/2026,Plumbing Service,Upper/Lower Leak,Completed,Google Business Profiles,GMB_SanDiego,92101,$85.00,TRUE
,,1131311538,9/3/2026,9/1/2026,Plumbing Service,Upper/Lower Leak,Completed,Direct Web Traffic,Direct Web Traffic,92127,$0.00,TRUE
,,31651405,9/3/2026,9/4/2026,Plumbing Service,Upper/Lower Leak,Completed,PPC,Google | PMAX | Drains,92131,$500.65,TRUE
,,1134627834,9/4/2026,9/4/2026,Plumbing Service,Upper/Lower Leak,Completed,PPC,Google | Search | Plumbing,92037,$0.00,TRUE
,,31729420,9/4/2026,9/1/2026,Plumbing Service,Upper/Lower Leak,Completed,Branded Phone Number,Local 619,92124,$0.00,FALSE
,,248275430,9/4/2026,9/4/2026,Plumbing Service,Upper/Lower Leak,Completed,PPC,Google | Search | Brand,91913,$209.00,TRUE
,,31619709,9/4/2026,,Plumbing Service,Upper/Lower Leak,Scheduled,PPC,Google | Search | Brand,92111,$0.00,TRUE
,,979200407,9/5/2026,9/5/2026,Plumbing Service,Upper/Lower Leak,Completed,Google LSA,Google Local Services,91913,$806.70,TRUE
,,,,,43,43,43,43,43,,$12231.81,
,Job Type: Urinal Leak,,,,,,,,,,,
,,374829829,8/24/2026,8/26/2026,Plumbing Service,Urinal Leak,Completed,Tech referral,Tech Referral,92008,$458.00,TRUE
,,31645689,8/25/2026,,Plumbing Service,Urinal Leak,Hold,Branded Phone Number,Local 619,92104,$375.00,TRUE
,,31729195,8/28/2026,8/31/2026,Plumbing Service,Urinal Leak,Completed,PPC,Bing | Search | Brand,92104,$350.00,TRUE
,,1038807370,8/31/2026,9/1/2026,Plumbing Service,Urinal Leak,Completed,Google LSA,Google Local Services,92121,$318.00,TRUE
,,48988463,9/1/2026,9/1/2026,Plumbing Service,Urinal Leak,Completed,Website,Website Phone Calls,92108,$0.00,FALSE
,,31647840,9/2/2026,9/2/2026,Plumbing Service,Urinal Leak,Completed,Branded Phone Number,A1-800-BILL HOWE,92121,$375.00,TRUE
,,1038807370,9/3/2026,9/3/2026,Plumbing Service,Urinal Leak,Completed,Google LSA,Google Local Services,92121,$0.00,FALSE
,,31647840,9/4/2026,9/2/2026,Plumbing Service,Urinal Leak,Completed,Branded Phone Number,A1-800-BILL HOWE,92121,$0.00,TRUE
,,,,,8,8,8,8,8,,$1876.00,
,Job Type: Urinal Stop,,,,,,,,,,,
,,1129688288,8/25/2026,8/25/2026,Plumbing Service,Urinal Stop,Completed,PPC,Bing | Search | Brand,92121,$144.00,TRUE
,,31536142,8/26/2026,8/27/2026,Plumbing Service,Urinal Stop,Completed,Direct Web Traffic,Direct Web Traffic,92020,$0.00,TRUE
,,31536142,8/26/2026,8/27/2026,Plumbing Service,Urinal Stop,Completed,Direct Web Traffic,Direct Web Traffic,91914,$0.00,TRUE
,,290065744,8/26/2026,8/27/2026,Plumbing Service,Urinal Stop,Completed,Branded Phone Number,Local 619,91911,$3319.36,TRUE
,,273926030,8/27/2026,8/27/2026,Plumbing Service,Urinal Stop,Completed,PPC,Google | Search | HVAC,92126,$0.00,TRUE
,,476107062,8/27/2026,8/28/2026,Plumbing Service,Urinal Stop,Completed,Branded Phone Number,Local 619,92123,$526.00,TRUE
,,273926030,8/27/2026,8/28/2026,Plumbing Service,Urinal Stop,Completed,PPC,Google | Search | HVAC,92126,$93.84,TRUE
,,1121441113,8/29/2026,8/31/2026,Plumbing Service,Urinal Stop,Completed,Organic Search,Google Organic,92127,$0.00,TRUE
,,31661758,8/31/2026,8/31/2026,Plumbing Service,Urinal Stop,Completed,Branded Phone Number,Local 619,92109,$102.00,TRUE
,,476107062,9/2/2026,8/28/2026,Plumbing Service,Urinal Stop,Completed,Branded Phone Number,Local 619,92123,$0.00,TRUE
,,273926030,9/3/2026,9/4/2026,Plumbing Service,Urinal Stop,Completed,PPC,Google | Search | HVAC,92126,$0.00,FALSE
,,,,,11,11,11,11,11,,$4185.20,
,Job Type: Wall Heater Repair-Plumbing,,,,,,,,,,,
,,31625410,8/26/2026,8/27/2026,Plumbing Service,Wall Heater Repair-Plumbing,Completed,Branded Phone Number,Local 619,92110,$714.00,TRUE
,,,,,1,1,1,1,1,,$714.00,
,Job Type: Water Filtration Repair,,,,,,,,,,,
,,31614900,8/24/2026,8/24/2026,Plumbing Service,Water Filtration Repair,Completed,Google Business Profiles,GMB_SanDiego,92130,$220.00,TRUE
,,31668830,8/24/2026,8/26/2026,Plumbing Service,Water Filtration Repair,Completed,Branded Phone Number,A1-800-BILL HOWE,92127,$220.00,TRUE
,,1036499130,8/24/2026,8/20/2026,Plumbing Service,Water Filtration Repair,Completed,Branded Phone Number,Local 619,92071,$0.00,TRUE
,,31657173,8/25/2026,8/27/2026,Plumbing Service,Water Filtration Repair,Completed,Sameday AI,Sameday AI,92130,$742.00,TRUE
,,31667915,8/25/2026,8/26/2026,Plumbing Service,Water Filtration Repair,Completed,Branded Phone Number,Local 619,91913,$0.00,FALSE
,,1129588627,8/25/2026,,Plumbing Service,Water Filtration Repair,Hold,Organic Search,DuckDuckGo Organic,92101,$650.00,TRUE
,,31726431,8/26/2026,9/2/2026,Plumbing Service,Water Filtration Repair,Completed,Branded Phone Number,A1-800-BILL HOWE,92131,$219.60,TRUE
,,312040123,8/26/2026,8/28/2026,Plumbing Service,Water Filtration Repair,Completed,Outbound SMS,ST Outbound Text Lines,92118,$0.00,TRUE
,,31631840,8/27/2026,8/27/2026,Plumbing Service,Water Filtration Repair,Completed,PPC,Google | Search | Brand,92124,$1759.00,TRUE
,,270945176,8/28/2026,8/31/2026,Plumbing Service,Water Filtration Repair,Completed,Google Business Profiles,GMB_SanDiego,92103,$742.00,TRUE
,,283088574,9/1/2026,,Plumbing Service,Water Filtration Repair,Hold,Email,Legacy Email Marketing Multiple Offers,92037,$0.00,TRUE
,,98491083,9/2/2026,8/28/2026,Plumbing Service,Water Filtration Repair,Completed,PPC,Google | Search | Brand,92129,$0.00,TRUE
,,31653555,9/2/2026,,Plumbing Service,Water Filtration Repair,Scheduled,Branded Phone Number,A1-800-BILL HOWE,92106,$0.00,TRUE
,,1116874214,9/3/2026,,Plumbing Service,Water Filtration Repair,Scheduled,Direct Web Traffic,Direct Web Traffic,92025,$0.00,TRUE
,,31661389,9/3/2026,9/4/2026,Plumbing Service,Water Filtration Repair,Completed,Google LSA,Google Local Services,92129,$0.00,TRUE
,,1136084709,9/4/2026,,Plumbing Service,Water Filtration Repair,Scheduled,PPC,Bing | Search | Brand,92116,$0.00,TRUE
,,63045295,9/5/2026,,Plumbing Service,Water Filtration Repair,Scheduled,PPC,Google | Search | Brand,92119,$0.00,TRUE
,,381214703,9/5/2026,9/5/2026,Plumbing Service,Water Filtration Repair,Completed,Google Business Profiles,GMB_SanDiego,92007,$551.00,TRUE
,,,,,18,18,18,18,18,,$5103.60,
,Job Type: Water Heater Repair - Residential,,,,,,,,,,,
,,31732796,8/24/2026,8/24/2026,Plumbing Service,Water Heater Repair - Residential,Completed,Google Business Profiles,GMB_SanDiego,92071,$0.00,TRUE
,,31642293,8/24/2026,8/24/2026,Plumbing Service,Water Heater Repair - Residential,Completed,Branded Phone Number,Local 619,92111,$222.00,TRUE
,,31666973,8/24/2026,8/25/2026,Plumbing Service,Water Heater Repair - Residential,Completed,Email,Legacy Email Marketing Multiple Offers,92111,$424.00,TRUE
,,348650430,8/24/2026,8/25/2026,Plumbing Service,Water Heater Repair - Residential,Completed,Organic Search,Google Organic,92037,$0.00,TRUE
,,31585682,8/25/2026,8/26/2026,Plumbing Service,Water Heater Repair - Residential,Completed,Website,Website Phone Calls,92037,$0.00,TRUE
,,310009141,8/25/2026,,Plumbing Service,Water Heater Repair - Residential,Scheduled,Branded Phone Number,A1-800-BILL HOWE,92067,$0.00,TRUE
,,50900877,8/25/2026,8/26/2026,Plumbing Service,Water Heater Repair - Residential,Completed,Google Business Profiles,GMB_SanDiego,92111,$0.00,TRUE
,,670072557,8/26/2026,8/26/2026,Plumbing Service,Water Heater Repair - Residential,Canceled,Branded Phone Number,Local 619,92056,$0.00,TRUE
,,52074556,8/26/2026,8/21/2026,Plumbing Service,Water Heater Repair - Residential,Completed,CSR Outbound,$1 OUTBOUND (use this for out-bounding),92114,$0.00,TRUE
,,1115700732,8/26/2026,,Plumbing Service,Water Heater Repair - Residential,Scheduled,Branded Phone Number,A1-800-BILL HOWE,92056,$608.00,TRUE
,,381583793,8/26/2026,8/28/2026,Plumbing Service,Water Heater Repair - Residential,Completed,Direct Web Traffic,Direct Web Traffic,91977,$0.00,TRUE
,,1073276810,8/27/2026,8/28/2026,Plumbing Service,Water Heater Repair - Residential,Completed,Branded Phone Number,A1-800-BILL HOWE,92011,$0.00,FALSE
,,1128061790,8/27/2026,8/28/2026,Plumbing Service,Water Heater Repair - Residential,Completed,Direct Web Traffic,Direct Web Traffic,92131,$0.00,FALSE
,,31586318,8/27/2026,8/24/2026,Plumbing Service,Water Heater Repair - Residential,Completed,Branded Phone Number,A1-800-BILL HOWE,92007,$0.00,FALSE
,,1130759007,8/27/2026,8/27/2026,Plumbing Service,Water Heater Repair - Residential,Completed,Direct Web Traffic,Direct Web Traffic,92128,$0.00,TRUE
,,31681308,8/27/2026,,Plumbing Service,Water Heater Repair - Residential,Hold,Branded Phone Number,A1-800-BILL HOWE,92110,$0.00,TRUE
,,1130931574,8/27/2026,8/28/2026,Plumbing Service,Water Heater Repair - Residential,Completed,PPC,Google | Search | Plumbing,91913,$0.00,TRUE
,,316282167,8/28/2026,8/31/2026,Plumbing Service,Water Heater Repair - Residential,Completed,PPC,Google | Search | Brand,91945,$222.00,TRUE
,,1068737425,8/28/2026,1/31/2026,Plumbing Service,Water Heater Repair - Residential,Completed,Branded Phone Number,A1-800-BILL HOWE,92104,-$675.00,TRUE
,,282554045,8/28/2026,,Plumbing Service,Water Heater Repair - Residential,In Progress,Branded Phone Number,A1-800-BILL HOWE,92124,$538.00,TRUE
,,31585682,8/28/2026,8/28/2026,Plumbing Service,Water Heater Repair - Residential,Completed,Website,Website Phone Calls,92037,$0.00,TRUE
,,31611073,8/28/2026,8/31/2026,Plumbing Service,Water Heater Repair - Residential,Completed,Branded Phone Number,A1-800-BILL HOWE,92109,$220.00,TRUE
,,1131184446,8/28/2026,8/29/2026,Plumbing Service,Water Heater Repair - Residential,Completed,Google Business Profiles,GMB_Poway,92064,$3639.00,TRUE
,,1131184446,8/29/2026,8/29/2026,Plumbing Service,Water Heater Repair - Residential,Canceled,Google Business Profiles,GMB_Poway,92064,$0.00,TRUE
,,473284073,8/30/2026,8/30/2026,Plumbing Service,Water Heater Repair - Residential,Completed,Branded Phone Number,Local 619,92128,$3765.00,TRUE
,,31710546,8/30/2026,8/31/2026,Plumbing Service,Water Heater Repair - Residential,Completed,PPC,Google | Search | Brand,92011,$3625.00,TRUE
,,677461295,8/30/2026,8/31/2026,Plumbing Service,Water Heater Repair - Residential,Completed,PPC,Google | Search | Brand,92126,$0.00,FALSE
,,31560126,8/31/2026,8/31/2026,Plumbing Service,Water Heater Repair - Residential,Completed,Google LSA,Google Local Services,92117,$0.00,TRUE
,,677461295,8/31/2026,8/31/2026,Plumbing Service,Water Heater Repair - Residential,Completed,PPC,Google | Search | Brand,92126,$4926.00,TRUE
,,31585682,8/31/2026,9/4/2026,Plumbing Service,Water Heater Repair - Residential,Completed,Website,Website Phone Calls,92037,$954.00,TRUE
,,1068737425,8/31/2026,1/31/2026,Plumbing Service,Water Heater Repair - Residential,Completed,Branded Phone Number,A1-800-BILL HOWE,92104,-$200.00,TRUE
,,50900877,8/31/2026,8/26/2026,Plumbing Service,Water Heater Repair - Residential,Completed,Google Business Profiles,GMB_SanDiego,92111,$0.00,TRUE
,,64638023,8/31/2026,9/1/2026,Plumbing Service,Water Heater Repair - Residential,Completed,PPC,Google | Search | Brand,92024,$0.00,FALSE
,,67022577,9/1/2026,9/1/2026,Plumbing Service,Water Heater Repair - Residential,Completed,PPC,Google | Search | Brand,92131,$0.00,FALSE
,,99127376,9/1/2026,9/2/2026,Plumbing Service,Water Heater Repair - Residential,Completed,Branded Phone Number,A1-800-BILL HOWE,92128,$0.00,TRUE
,,64638023,9/1/2026,9/1/2026,Plumbing Service,Water Heater Repair - Residential,Completed,PPC,Google | Search | Brand,92024,$5700.00,TRUE
,,53530649,9/1/2026,9/2/2026,Plumbing Service,Water Heater Repair - Residential,Completed,Direct Web Traffic,Direct Web Traffic,92128,$0.00,FALSE
,,473284073,9/1/2026,8/30/2026,Plumbing Service,Water Heater Repair - Residential,Completed,Branded Phone Number,Local 619,92128,$0.00,TRUE
,,52034737,9/1/2026,9/4/2026,Plumbing Service,Water Heater Repair - Residential,Completed,Branded Phone Number,Local 619,92126,$530.00,TRUE
,,671329533,9/2/2026,9/2/2026,Plumbing Service,Water Heater Repair - Residential,Completed,PPC,Google | Search | Plumbing,92024,$179.88,TRUE
,,45281788,9/2/2026,,Plumbing Service,Water Heater Repair - Residential,Scheduled,Yelp,Yelp,92127,$0.00,TRUE
,,95196324,9/3/2026,9/3/2026,Plumbing Service,Water Heater Repair - Residential,Completed,Direct Web Traffic,Direct Web Traffic,92130,$0.00,FALSE
,,1133520081,9/3/2026,9/3/2026,Plumbing Service,Water Heater Repair - Residential,Completed,Google LSA,Google Local Services,92126,$0.00,TRUE
,,349491914,9/3/2026,9/3/2026,Plumbing Service,Water Heater Repair - Residential,Completed,Direct Web Traffic,Direct Web Traffic,92078,$0.00,FALSE
,,31669183,9/3/2026,9/3/2026,Plumbing Service,Water Heater Repair - Residential,Completed,Branded Phone Number,Local 619,91902,$0.00,TRUE
,,460348796,9/3/2026,9/4/2026,Plumbing Service,Water Heater Repair - Residential,Completed,Google Business Profiles,GMB_SanDiego,92126,$0.00,FALSE
,,1131184446,9/4/2026,8/29/2026,Plumbing Service,Water Heater Repair - Residential,Completed,Google Business Profiles,GMB_Poway,92064,-$250.00,FALSE
,,460348796,9/4/2026,9/5/2026,Plumbing Service,Water Heater Repair - Residential,Completed,Google Business Profiles,GMB_SanDiego,92126,$4857.00,TRUE
,,316282167,9/4/2026,,Plumbing Service,Water Heater Repair - Residential,Scheduled,PPC,Google | Search | Brand,91945,$0.00,TRUE
,,1136144994,9/4/2026,9/4/2026,Plumbing Service,Water Heater Repair - Residential,Completed,PPC,Google | PMAX | Drains,92130,$0.00,TRUE
,,1136167781,9/4/2026,9/5/2026,Plumbing Service,Water Heater Repair - Residential,Completed,Branded Phone Number,Local 619,92014,$0.00,FALSE
,,94141488,9/5/2026,9/5/2026,Plumbing Service,Water Heater Repair - Residential,Completed,Google Business Profiles,GMB_SanDiego,92117,$0.00,FALSE
,,1136175870,9/6/2026,,Plumbing Service,Water Heater Repair - Residential,Scheduled,Direct Web Traffic,Direct Web Traffic,92124,$0.00,TRUE
,,462243735,9/6/2026,9/6/2026,Plumbing Service,Water Heater Repair - Residential,Completed,PPC,Google | Search | Brand,92037,$250.00,TRUE
,,31544437,9/6/2026,9/6/2026,Plumbing Service,Water Heater Repair - Residential,Completed,PPC,Google | Search | Brand,92110,$0.00,TRUE
,,302235927,9/6/2026,9/6/2026,Plumbing Service,Water Heater Repair - Residential,Completed,PPC,Bing | Search | Brand,92067,$470.00,TRUE
,,31647544,9/6/2026,9/6/2026,Plumbing Service,Water Heater Repair - Residential,Canceled,Google LSA,Google Local Services,92024,$0.00,TRUE
,,1136239079,9/6/2026,,Plumbing Service,Water Heater Repair - Residential,In Progress,Google LSA,Google Local Services,92154,$7500.00,TRUE
,,462243735,9/6/2026,,Plumbing Service,Water Heater Repair - Residential,Scheduled,PPC,Google | Search | Brand,92037,$0.00,TRUE
,,,,,59,59,59,59,59,,$37504.88,
,,,,,1675,1675,1675,1675,1675,,$888667.04,
Invoice Business Unit: Restoration Contents,,,,,,,,,,,,
,Job Type: Contents Final Invoice - ACCOUNT/COD,,,,,,,,,,,
,,40073322,8/24/2026,7/23/2025,Restoration Contents,Contents Final Invoice - ACCOUNT/COD,Completed,Google LSA,Google Local Services,92126,-$1530.24,TRUE
,,,,,1,1,1,1,1,,-$1530.24,
,,,,,1,1,1,1,1,,-$1530.24,
Invoice Business Unit: Restoration EMS,,,,,,,,,,,,
,Job Type: EMS Estimate,,,,,,,,,,,
,,1129280516,8/24/2026,8/24/2026,Restoration EMS,EMS Estimate,Completed,Branded Phone Number,Local 619,92110,$0.00,TRUE
,,1129036179,8/24/2026,,Restoration EMS,EMS Estimate,Hold,Branded Phone Number,A1-800-BILL HOWE,92078,$0.00,TRUE
,,31629868,8/24/2026,8/25/2026,Restoration EMS,EMS Estimate,Completed,Branded Phone Number,A1-800-BILL HOWE,91945,$0.00,TRUE
,,1129148349,8/24/2026,8/24/2026,Restoration EMS,EMS Estimate,Completed,Google Business Profiles,GMB_SanDiego,92008,$0.00,FALSE
,,31719803,8/24/2026,,Restoration EMS,EMS Estimate,Scheduled,Google Business Profiles,GMB_SanDiego,92124,$0.00,FALSE
,,1129224269,8/24/2026,9/1/2026,Restoration EMS,EMS Estimate,Completed,PPC,Bing | Search | Brand,91910,$0.00,FALSE
,,1129588627,8/25/2026,8/25/2026,Restoration EMS,EMS Estimate,Completed,Organic Search,DuckDuckGo Organic,92101,$0.00,TRUE
,,31653428,8/25/2026,,Restoration EMS,EMS Estimate,Hold,PPC,Google Legacy Campaigns,92116,$0.00,TRUE
,,1129508830,8/25/2026,8/25/2026,Restoration EMS,EMS Estimate,Completed,Google Business Profiles,GMB_Poway,92064,$0.00,TRUE
,,31645962,8/25/2026,,Restoration EMS,EMS Estimate,Hold,Organic Search,Google Organic,92109,$0.00,TRUE
,,61240712,8/25/2026,8/25/2026,Restoration EMS,EMS Estimate,Completed,PPC,Google | Search | Brand,92109,$0.00,FALSE
,,61240712,8/25/2026,,Restoration EMS,EMS Estimate,Scheduled,PPC,Google | Search | Brand,92109,$0.00,TRUE
,,31640520,8/25/2026,8/25/2026,Restoration EMS,EMS Estimate,Completed,Direct Mail,2025 New Customer Welcome Direct Mail,92118,$0.00,TRUE
,,1129497035,8/25/2026,8/25/2026,Restoration EMS,EMS Estimate,Completed,3rd Party Web Traffic,Yelp Referral Traffic,92118,$0.00,FALSE
,,31640323,8/25/2026,8/26/2026,Restoration EMS,EMS Estimate,Completed,Branded Phone Number,A1-800-BILL HOWE,92127,$0.00,TRUE
,,1130167846,8/26/2026,8/26/2026,Restoration EMS,EMS Estimate,Canceled,PPC,Google | Search | HVAC,92126,$0.00,TRUE
,,300937617,8/26/2026,8/26/2026,Restoration EMS,EMS Estimate,Completed,Google LSA,Google Local Services,91950,$0.00,TRUE
,,480926550,8/26/2026,8/26/2026,Restoration EMS,EMS Estimate,Completed,PPC,Google | Search | Brand,92139,$0.00,TRUE
,,31588244,8/26/2026,,Restoration EMS,EMS Estimate,Hold,PPC,Google | PMAX | Plumbing,92102,$0.00,TRUE
,,1127537506,8/26/2026,,Restoration EMS,EMS Estimate,Hold,PPC,Google | Search | Brand,92108,$0.00,TRUE
,,31721052,8/26/2026,8/27/2026,Restoration EMS,EMS Estimate,Completed,PPC,Google | Search | Brand,92129,$0.00,FALSE
,,31676553,8/26/2026,8/26/2026,Restoration EMS,EMS Estimate,Canceled,Google Business Profiles,GMB_SanDiego,92069,$0.00,TRUE
,,95162169,8/27/2026,8/27/2026,Restoration EMS,EMS Estimate,Completed,Google Business Profiles,GMB_SanDiego,92037,$0.00,FALSE
,,31690783,8/27/2026,8/28/2026,Restoration EMS,EMS Estimate,Completed,Google Business Profiles,GMB_SanDiego,92024,$0.00,FALSE
,,1130558182,8/27/2026,8/27/2026,Restoration EMS,EMS Estimate,Completed,PPC,Google | Search | Plumbing,92127,$0.00,FALSE
,,357318646,8/27/2026,8/28/2026,Restoration EMS,EMS Estimate,Completed,PPC,Google | Search | Brand,92120,$0.00,TRUE
,,1130503865,8/27/2026,8/28/2026,Restoration EMS,EMS Estimate,Completed,Direct Web Traffic,Direct Web Traffic,92007,$0.00,TRUE
,,31599682,8/27/2026,8/27/2026,Restoration EMS,EMS Estimate,Completed,Direct Web Traffic,Direct Web Traffic,92130,$0.00,FALSE
,,1130839785,8/27/2026,,Restoration EMS,EMS Estimate,Hold,PPC,Google | Search | Brand,92071,$0.00,TRUE
,,1129509614,8/27/2026,8/28/2026,Restoration EMS,EMS Estimate,Completed,Sameday AI,Sameday AI,92037,$0.00,TRUE
,,1101003457,8/28/2026,8/28/2026,Restoration EMS,EMS Estimate,Completed,Branded Phone Number,A1-800-BILL HOWE,92130,$0.00,TRUE
,,903560780,8/28/2026,8/31/2026,Restoration EMS,EMS Estimate,Completed,Google Business Profiles,GMB_SanDiego,92024,$0.00,FALSE
,,1131195433,8/29/2026,,Restoration EMS,EMS Estimate,Hold,Sameday AI,Sameday AI,92154,$0.00,TRUE
,,1066717652,8/29/2026,8/31/2026,Restoration EMS,EMS Estimate,Canceled,Google Business Profiles,GMB_SanDiego,92130,$0.00,TRUE
,,31568524,8/31/2026,8/31/2026,Restoration EMS,EMS Estimate,Completed,Branded Phone Number,Local 619,92111,$0.00,TRUE
,,1131260778,8/31/2026,8/31/2026,Restoration EMS,EMS Estimate,Completed,PPC,Google | Search | Competitor,92103,$0.00,FALSE
,,1066717652,8/31/2026,8/31/2026,Restoration EMS,EMS Estimate,Completed,Google Business Profiles,GMB_SanDiego,92130,$0.00,FALSE
,,979731083,8/31/2026,8/31/2026,Restoration EMS,EMS Estimate,Completed,Branded Phone Number,Local 619,92127,$0.00,FALSE
,,52450275,8/31/2026,8/31/2026,Restoration EMS,EMS Estimate,Completed,PPC,Google | Search | Brand,92130,$0.00,TRUE
,,677461295,8/31/2026,8/31/2026,Restoration EMS,EMS Estimate,Completed,PPC,Google | Search | Brand,92126,$0.00,FALSE
,,1129509614,8/31/2026,8/31/2026,Restoration EMS,EMS Estimate,Completed,Outbound SMS,ST Outbound Text Lines,92037,$0.00,FALSE
,,1131311538,8/31/2026,9/1/2026,Restoration EMS,EMS Estimate,Completed,Direct Web Traffic,Direct Web Traffic,92127,$0.00,TRUE
,,1117452043,8/31/2026,9/1/2026,Restoration EMS,EMS Estimate,Completed,Direct Web Traffic,Direct Web Traffic,92037,$0.00,TRUE
,,31732772,8/31/2026,9/1/2026,Restoration EMS,EMS Estimate,Completed,Uncategorized,Uncategorized,91911,$0.00,FALSE
,,31536162,9/1/2026,,Restoration EMS,EMS Estimate,Hold,Branded Phone Number,Local 619,91910,$0.00,TRUE
,,46043751,9/1/2026,,Restoration EMS,EMS Estimate,Hold,Tech referral,Tech Referral,92064,$0.00,TRUE
,,1129509614,9/1/2026,9/1/2026,Restoration EMS,EMS Estimate,Completed,Outbound SMS,ST Outbound Text Lines,92037,$0.00,FALSE
,,31625263,9/1/2026,9/1/2026,Restoration EMS,EMS Estimate,Completed,Direct Mail,Dynamicard Direct Mail September 2025,92129,$0.00,FALSE
,,1129509614,9/1/2026,9/1/2026,Restoration EMS,EMS Estimate,Completed,Outbound SMS,ST Outbound Text Lines,92037,$0.00,FALSE
,,31729420,9/1/2026,9/1/2026,Restoration EMS,EMS Estimate,Completed,Branded Phone Number,Local 619,92124,$0.00,FALSE
,,1067792429,9/1/2026,9/3/2026,Restoration EMS,EMS Estimate,Completed,PPC,Google | Search | Brand,92037,$0.00,TRUE
,,1131959376,9/1/2026,9/2/2026,Restoration EMS,EMS Estimate,Completed,Google Business Profiles,GMB_SanDiego,92122,$0.00,FALSE
,,278591675,9/2/2026,9/2/2026,Restoration EMS,EMS Estimate,Completed,Branded Phone Number,Local 619,92037,$0.00,TRUE
,,31591404,9/2/2026,9/3/2026,Restoration EMS,EMS Estimate,Completed,Yelp,Yelp,92104,$0.00,FALSE
,,174571,9/2/2026,9/3/2026,Restoration EMS,EMS Estimate,Completed,External Referral,Referral,92126,$0.00,TRUE
,,64638023,9/2/2026,9/2/2026,Restoration EMS,EMS Estimate,Completed,PPC,Google | Search | Brand,92024,$0.00,TRUE
,,310720695,9/2/2026,9/3/2026,Restoration EMS,EMS Estimate,Completed,Website,Website Phone Calls,91915,$0.00,TRUE
,,325984970,9/2/2026,9/3/2026,Restoration EMS,EMS Estimate,Canceled,Google Business Profiles,GMB_SanDiego,92129,$0.00,TRUE
,,31729465,9/2/2026,9/2/2026,Restoration EMS,EMS Estimate,Completed,Branded Phone Number,Local 619,92118,$0.00,FALSE
,,1133452940,9/2/2026,9/3/2026,Restoration EMS,EMS Estimate,Completed,Direct Web Traffic,Direct Web Traffic,92091,$0.00,TRUE
,,1071568608,9/3/2026,9/4/2026,Restoration EMS,EMS Estimate,Completed,Direct Mail,2025 New Customer Welcome Direct Mail,92128,$0.00,FALSE
,,31661389,9/3/2026,9/4/2026,Restoration EMS,EMS Estimate,Completed,Google LSA,Google Local Services,92129,$0.00,FALSE
,,351960088,9/3/2026,,Restoration EMS,EMS Estimate,Hold,PPC,Google | Search | Brand,92131,$0.00,TRUE
,,31599682,9/3/2026,,Restoration EMS,EMS Estimate,Hold,Direct Web Traffic,Direct Web Traffic,92130,$0.00,TRUE
,,1134627834,9/4/2026,9/4/2026,Restoration EMS,EMS Estimate,Completed,PPC,Google | Search | Plumbing,92037,$0.00,TRUE
,,486184014,9/4/2026,,Restoration EMS,EMS Estimate,Hold,,Memberships due for Service,92128,$0.00,FALSE
,,1131595558,9/4/2026,9/4/2026,Restoration EMS,EMS Estimate,Completed,PPC,Google | Search | Brand,92122,$0.00,FALSE
,,31651405,9/4/2026,,Restoration EMS,EMS Estimate,Hold,PPC,Google | PMAX | Drains,92131,$0.00,TRUE
,,31604220,9/4/2026,,Restoration EMS,EMS Estimate,Scheduled,Website,Website Phone Calls,92107,$0.00,FALSE
,,479700474,9/4/2026,,Restoration EMS,EMS Estimate,Scheduled,Branded Phone Number,Local 619,92101,$0.00,TRUE
,,479700474,9/4/2026,9/4/2026,Restoration EMS,EMS Estimate,In Progress,Branded Phone Number,Local 619,92101,$0.00,FALSE
,,31657834,9/4/2026,,Restoration EMS,EMS Estimate,Scheduled,Branded Phone Number,Local 619,92109,$0.00,TRUE
,,1136158871,9/4/2026,,Restoration EMS,EMS Estimate,Scheduled,PPC,Google | Search | Brand,92126,$0.00,TRUE
,,1133719106,9/5/2026,9/6/2026,Restoration EMS,EMS Estimate,Completed,Direct Web Traffic,Direct Web Traffic,92037,$0.00,FALSE
,,979200407,9/5/2026,9/6/2026,Restoration EMS,EMS Estimate,Completed,Google LSA,Google Local Services,91913,$0.00,FALSE
,,1136216366,9/5/2026,,Restoration EMS,EMS Estimate,Hold,Google Business Profiles,GMB_SanDiego,92127,$0.00,TRUE
,,100467869,9/5/2026,,Restoration EMS,EMS Estimate,In Progress,PPC,Google | PMAX | Drains,91910,$0.00,FALSE
,,479700474,9/6/2026,,Restoration EMS,EMS Estimate,Scheduled,Branded Phone Number,Local 619,92101,$0.00,TRUE
,,42268918,9/6/2026,,Restoration EMS,EMS Estimate,Scheduled,Google Business Profiles,GMB_SanDiego,92101,$0.00,TRUE
,,,,,79,79,79,79,79,,$0.00,
,,,,,79,79,79,79,79,,$0.00,
Invoice Business Unit: Restoration RECON,,,,,,,,,,,,
,Job Type: Recon Estimate,,,,,,,,,,,
,,1102985013,8/31/2026,,Restoration RECON,Recon Estimate,Scheduled,Google LSA,Google Local Services,92108,$0.00,TRUE
,,1104919408,9/2/2026,,Restoration RECON,Recon Estimate,Scheduled,CSR Outbound,$1 OUTBOUND (use this for out-bounding),92064,$0.00,TRUE
,,,,,2,2,2,2,2,,$0.00,
,,,,,2,2,2,2,2,,$0.00,
,,,,,3462,3462,3462,3462,3462,,$2559137.87,
