Customer ID,Created Date,Completion Date,Invoice Business Unit,Job Type,Job Status,Campaign Category,Campaign,Location Zip,Total,Opportunity,C Year,C Qtr,C Mo,B Year,B Qtr,B Mo,B Wk
101784632,2026-08-24,2026-08-19,Plumbing Service,Toilet Leak,Completed,Yelp,Yelp,92037,0.00,TRUE,2026,3,August,2026,3,August,34
1036499130,2026-08-24,2026-08-20,Plumbing Service,Water Filtration Repair,Completed,Branded Phone Number,Local 619,92071,0.00,TRUE,2026,3,August,2026,3,August,34
1040106797,2026-08-24,2026-08-14,HVAC Install,Full System Install,Completed,Google LSA,Google Local Services,92078,0.00,TRUE,2026,3,August,2026,3,August,33
1066333123,2026-08-24,2026-07-21,Plumbing Service,Plumbing Service,Completed,PPC,Google | Search | Brand,92109,0.00,TRUE,2026,3,August,2026,3,July,30
1067251475,2026-08-24,2026-08-24,Plumbing Service,Leak Below Kitchen,Completed,Branded Phone Number,Local 619,92037,500.00,TRUE,2026,3,August,2026,3,August,35
1072255993,2026-08-24,2026-08-28,Plumbing Service,Slab Leak,Completed,Branded Phone Number,Local 619,91941,0.00,FALSE,2026,3,August,2026,3,August,35
1078907454,2026-08-24,2026-07-31,Lining Install - CA,Lining,Completed,Branded Phone Number,A1-800-BILL HOWE,91977,-3200.00,TRUE,2026,3,August,2026,3,July,31
1079504914,2026-08-24,,Plumbing Maintenance,Recurring Services: Plumbing Inspection,Scheduled,Branded Phone Number,Local 619,92114,0.00,TRUE,2026,3,August,,,,
1080368450,2026-08-24,2026-09-02,Plumbing Maintenance,Recurring Services: B.F.P. Water Heater/Tankless Flush,Completed,,Memberships due for Service,92014,0.00,TRUE,2026,3,August,2026,3,September,36
1080579005,2026-08-24,2026-09-04,HVAC Service,Diagnosis,Completed,Email,Legacy Email Marketing Multiple Offers,92037,87.00,TRUE,2026,3,August,2026,3,September,36
1080793737,2026-08-24,2026-09-01,HVAC Service,Diagnosis,Completed,PPC,Google | Search | Brand,92011,1215.20,TRUE,2026,3,August,2026,3,September,36
1089437292,2026-08-24,2026-07-22,HVAC Install,Heater New Install,Completed,Google Business Profiles,GMB_SanDiego,92103,0.00,TRUE,2026,3,August,2026,3,July,30
1090464438,2026-08-24,2026-08-19,Plumbing Service,Reset Toilet,Completed,PPC,Google | Search | Brand,92037,0.00,TRUE,2026,3,August,2026,3,August,34
1093196671,2026-08-24,2026-08-04,HVAC Install,Full System Install,Completed,Branded Phone Number,A1-800-BILL HOWE,91941,0.00,TRUE,2026,3,August,2026,3,August,32
1097914776,2026-08-24,2026-08-24,Plumbing Sales,Plumbing Estimate,Completed,Branded Phone Number,Local 619,92109,0.00,TRUE,2026,3,August,2026,3,August,35
1108493514,2026-08-24,2026-09-04,HVAC Service,10+ HVAC Unit,Completed,Branded Phone Number,A1-800-BILL HOWE,92107,87.00,TRUE,2026,3,August,2026,3,September,36
1108520408,2026-08-24,2026-08-25,HVAC Install,Job Walk,Completed,Branded Phone Number,Local 619,92056,0.00,FALSE,2026,3,August,2026,3,August,35
1108645420,2026-08-24,2026-08-24,Plumbing Service,Kitchen Faucet,Completed,Branded Phone Number,Local 619,92109,175.00,TRUE,2026,3,August,2026,3,August,35
1108645420,2026-08-24,,Plumbing Service,Upper/Lower Leak,Hold,Branded Phone Number,Local 619,92104,0.00,TRUE,2026,3,August,,,,
1109564987,2026-08-24,2026-08-27,Plumbing Service,Leak Below Kitchen,Completed,Branded Phone Number,Local 619,91977,0.00,FALSE,2026,3,August,2026,3,August,35
1113567985,2026-08-24,2026-09-04,HVAC Service,Hvac Recall/Warranty,Completed,Google LSA,Google Local Services,92124,0.00,TRUE,2026,3,August,2026,3,September,36
1113766841,2026-08-24,2026-08-24,Plumbing Sales,Plumbing Estimate,Completed,Google Business Profiles,GMB_SanDiego,92154,0.00,TRUE,2026,3,August,2026,3,August,35
1115852365,2026-08-24,2026-08-18,HVAC Install,Hvac Recall/Warranty,Completed,Direct Web Traffic,Direct Web Traffic,92117,0.00,TRUE,2026,3,August,2026,3,August,34
1115959251,2026-08-24,2026-08-14,HVAC Install,Full System Install,Completed,Sameday AI,Sameday AI,92101,0.00,TRUE,2026,3,August,2026,3,August,33
1115959251,2026-08-24,2026-08-17,HVAC Service,A/C Repair,Completed,Branded Phone Number,Local 619,92101,-393.75,TRUE,2026,3,August,2026,3,August,34
1117589599,2026-08-24,2026-09-04,HVAC Service,A/C Repair,Completed,Direct Web Traffic,Direct Web Traffic,92009,912.18,TRUE,2026,3,August,2026,3,September,36
1117873413,2026-08-24,,HVAC Install,A/C New Install,Scheduled,Branded Phone Number,Local 619,92101,13054.55,TRUE,2026,3,August,,,,
1118935686,2026-08-24,2026-08-26,Plumbing Service,Drain Repair,Completed,Organic Search,DuckDuckGo Organic,92071,5400.00,TRUE,2026,3,August,2026,3,August,35
1120105934,2026-08-24,2026-08-26,HVAC Sales,HVAC Estimate,Completed,PPC,Google | PMAX | Plumbing,92105,0.00,FALSE,2026,3,August,2026,3,August,35
1122157119,2026-08-24,2026-08-24,Plumbing Service,Plumbing Service,Canceled,Google Business Profiles,GMB_SanDiego,92117,0.00,FALSE,2026,3,August,2026,3,August,35
1122182759,2026-08-24,2026-08-25,HVAC Sales,Hvac Tech Turnover Estimate,Completed,Yelp,Yelp,92067,0.00,TRUE,2026,3,August,2026,3,August,35
1124935255,2026-08-24,2026-08-20,Plumbing Service,Laundry Bibbs,Completed,PPC,Google | Search | Brand,92104,-424.00,TRUE,2026,3,August,2026,3,August,34
1125209352,2026-08-24,2026-08-26,Plumbing Service,PRV,Completed,PPC,Google | Search | Brand,92127,3000.00,TRUE,2026,3,August,2026,3,August,35
1125248774,2026-08-24,2026-08-25,Plumbing Service,Plumbing Service,Completed,Google Business Profiles,GMB_SanDiego,92127,0.00,FALSE,2026,3,August,2026,3,August,35
1125559904,2026-08-24,2026-08-18,Plumbing Service,Backflow Repair,Completed,Yelp,Yelp,92131,0.00,TRUE,2026,3,August,2026,3,August,34
1125590587,2026-08-24,2026-09-04,Lining Install - CA,Lining,Completed,Branded Phone Number,A1-800-BILL HOWE,92008,6100.00,TRUE,2026,3,August,2026,3,September,36
1127651020,2026-08-24,2026-08-18,Plumbing Service,Toilet Stop,Completed,Yelp,Yelp,92127,0.00,TRUE,2026,3,August,2026,3,August,34
1128110960,2026-08-24,2026-08-25,Plumbing Service,PRV,Completed,Organic Search,Google Organic,92037,927.20,TRUE,2026,3,August,2026,3,August,35
1128204145,2026-08-24,,Lining Install - CA,Lining,Scheduled,Branded Phone Number,Local 619,91913,3240.00,TRUE,2026,3,August,,,,
1128827463,2026-08-24,2026-08-26,Plumbing Install,Water Heater Install - Residential,Completed,Direct Web Traffic,Direct Web Traffic,91941,3765.00,TRUE,2026,3,August,2026,3,August,35
1128927198,2026-08-24,2026-08-25,Lining Install - CA,Sewer Camera,Completed,Google LSA,Google Local Services,92020,0.00,TRUE,2026,3,August,2026,3,August,35
1129036179,2026-08-24,,Restoration EMS,EMS Estimate,Hold,Branded Phone Number,A1-800-BILL HOWE,92078,0.00,TRUE,2026,3,August,,,,
1129075443,2026-08-24,2026-08-25,Plumbing Service,Plumbing Service,Completed,PPC,Google | Search | Brand,91941,2951.00,TRUE,2026,3,August,2026,3,August,35
1129148349,2026-08-24,2026-08-25,Plumbing Service,Slab Leak,Completed,Google Business Profiles,GMB_SanDiego,92008,0.00,FALSE,2026,3,August,2026,3,August,35
1129148349,2026-08-24,2026-08-24,Restoration EMS,EMS Estimate,Completed,Google Business Profiles,GMB_SanDiego,92008,0.00,FALSE,2026,3,August,2026,3,August,35
1129216281,2026-08-24,2026-08-25,Plumbing Service,Combo,Completed,PPC,Google | Search | Brand,91977,0.00,TRUE,2026,3,August,2026,3,August,35
1129224269,2026-08-24,2026-08-24,Plumbing Install,Water Heater Install - Residential,Completed,PPC,Bing | Search | Brand,91910,7840.00,TRUE,2026,3,August,2026,3,August,35
1129224269,2026-08-24,2026-08-24,Plumbing Service,Pipe Leak,Completed,PPC,Bing | Search | Brand,91910,500.00,TRUE,2026,3,August,2026,3,August,35
1129224269,2026-08-24,2026-09-01,Restoration EMS,EMS Estimate,Completed,PPC,Bing | Search | Brand,91910,0.00,FALSE,2026,3,August,2026,3,September,36
1129260561,2026-08-24,2026-08-24,HVAC Sales,HVAC Estimate,Canceled,Direct Web Traffic,Direct Web Traffic,92037,0.00,TRUE,2026,3,August,2026,3,August,35
1129275415,2026-08-24,2026-08-24,Plumbing Service,Jetting- Residential,Completed,Organic Search,Google Organic,92064,1765.00,TRUE,2026,3,August,2026,3,August,35
1129276311,2026-08-24,2026-08-25,Plumbing Service,Sewer Camera,Completed,Google Business Profiles,GMB_SanDiego,92007,0.00,TRUE,2026,3,August,2026,3,August,35
1129280516,2026-08-24,2026-08-24,Plumbing Service,Mainline Stop,Completed,Branded Phone Number,Local 619,92110,0.00,TRUE,2026,3,August,2026,3,August,35
1129280516,2026-08-24,2026-08-24,Restoration EMS,EMS Estimate,Completed,Branded Phone Number,Local 619,92110,0.00,TRUE,2026,3,August,2026,3,August,35
1129287202,2026-08-24,2026-08-25,HVAC Sales,HVAC Estimate,Completed,Branded Phone Number,Local 619,92130,0.00,TRUE,2026,3,August,2026,3,August,35
1129287930,2026-08-24,2026-08-24,Plumbing Service,Tub/Shower Faucet,Canceled,Google LSA,Google Local Services,92128,0.00,TRUE,2026,3,August,2026,3,August,35
1129289689,2026-08-24,2026-08-24,Plumbing Service,Slab Leak,Completed,Yelp,Yelp,91977,0.00,FALSE,2026,3,August,2026,3,August,35
1129290235,2026-08-24,2026-08-24,Plumbing Service,Lavatory Stop,Completed,Google Business Profiles,GMB_SanDiego,92123,334.80,TRUE,2026,3,August,2026,3,August,35
1129290235,2026-08-24,2026-08-24,Plumbing Service,Sewer Camera,Completed,Google Business Profiles,GMB_SanDiego,92123,0.00,TRUE,2026,3,August,2026,3,August,35
1129290842,2026-08-24,2026-09-04,HVAC Service,Diagnosis,Completed,Email,Legacy Email Marketing Multiple Offers,92110,87.00,TRUE,2026,3,August,2026,3,September,36
1129291389,2026-08-24,,HVAC Service,Diagnosis,Hold,Branded Phone Number,A1-800-BILL HOWE,92064,0.00,TRUE,2026,3,August,,,,
1129293007,2026-08-24,2026-08-24,Plumbing Service,Combo,Completed,Branded Phone Number,Local 619,92154,315.29,TRUE,2026,3,August,2026,3,August,35
1129296219,2026-08-24,2026-08-24,Plumbing Service,Lavatory Stop,Completed,PPC,Google | PMAX | Drains,92064,307.00,TRUE,2026,3,August,2026,3,August,35
1129303390,2026-08-24,2026-08-24,Plumbing Service,Leak Below Kitchen,Completed,Sameday AI,Sameday AI,92037,0.00,FALSE,2026,3,August,2026,3,August,35
1129303452,2026-08-24,2026-08-25,Plumbing Service,Upper/Lower Leak,Canceled,Google Business Profiles,GMB_SanDiego,92110,0.00,TRUE,2026,3,August,2026,3,August,35
1129303534,2026-08-24,,Plumbing Service,Pipe Leak,Hold,Branded Phone Number,Local 619,92057,685.00,TRUE,2026,3,August,,,,
1129303903,2026-08-24,2026-08-24,Plumbing Service,Toilet Leak,Completed,PPC,Google | Search | Brand,92104,0.00,TRUE,2026,3,August,2026,3,August,35
1129338972,2026-08-24,2026-08-25,HVAC Sales,HVAC Estimate,Completed,Google Business Profiles,GMB_Poway,92024,0.00,TRUE,2026,3,August,2026,3,August,35
1129344412,2026-08-24,2026-08-27,Plumbing Sales,Water Heater Estimate - Residential,Completed,Direct Web Traffic,Direct Web Traffic,92104,0.00,FALSE,2026,3,August,2026,3,August,35
1129344427,2026-08-24,2026-08-24,Plumbing Service,Mainline Stop,Completed,Google Business Profiles,GMB_SanDiego,92040,1273.00,TRUE,2026,3,August,2026,3,August,35
1129364482,2026-08-24,2026-08-31,Plumbing Service,Lavatory Faucet,Completed,Google Business Profiles,GMB_SanDiego,92109,643.00,TRUE,2026,3,August,2026,3,August,36
1129364511,2026-08-24,2026-08-24,Plumbing Service,Toilet Leak,Completed,Yelp,Yelp,92104,0.00,TRUE,2026,3,August,2026,3,August,35
1129366743,2026-08-24,2026-08-25,Plumbing Sales,Plumbing Estimate,Completed,Google Business Profiles,GMB_SanDiego,92129,0.00,FALSE,2026,3,August,2026,3,August,35
1129373980,2026-08-24,,HVAC Service,Diagnosis,Hold,Google LSA,Google Local Services,92014,0.00,TRUE,2026,3,August,,,,
1129381101,2026-08-24,2026-08-28,HVAC Sales,HVAC Estimate,Completed,PPC,Google | Search | Brand,92104,0.00,TRUE,2026,3,August,2026,3,August,35
1129390441,2026-08-24,2026-09-04,HVAC Service,Diagnosis,Completed,Email,Legacy Email Marketing Multiple Offers,92119,0.00,TRUE,2026,3,August,2026,3,September,36
1129392800,2026-08-24,2026-08-25,Plumbing Sales,Drain Estimate,Completed,Email,Legacy Email Marketing Multiple Offers,92054,0.00,FALSE,2026,3,August,2026,3,August,35
1129411199,2026-08-24,2026-08-24,Plumbing Service,Sump Pump,Canceled,PPC,Google | PMAX | Plumbing,92101,0.00,TRUE,2026,3,August,2026,3,August,35
1129428576,2026-08-24,2026-08-24,Plumbing Sales,Repipe/Reroute Estimate,Completed,Google Business Profiles,GMB_SanDiego,92071,0.00,TRUE,2026,3,August,2026,3,August,35
1129433029,2026-08-24,2026-08-25,HVAC Sales,HVAC Estimate,Completed,PPC,Google | Search | Brand,92021,0.00,TRUE,2026,3,August,2026,3,August,35
1129436911,2026-08-24,2026-08-28,HVAC Service,Diagnosis,Completed,PPC,Google | PMAX | HVAC,92009,264.50,TRUE,2026,3,August,2026,3,August,35
1129473791,2026-08-24,2026-08-27,HVAC Sales,HVAC Estimate,Completed,PPC,Google | Search | HVAC,92081,0.00,TRUE,2026,3,August,2026,3,August,35
1129495310,2026-08-24,,Plumbing Sales,,,,,91942,0.00,TRUE,2026,3,August,,,,
1129497035,2026-08-24,,HVAC Service,Diagnosis,Scheduled,3rd Party Web Traffic,Yelp Referral Traffic,92118,0.00,TRUE,2026,3,August,,,,
1129497035,2026-08-24,2026-08-25,Plumbing Service,Pipe Leak,Completed,3rd Party Web Traffic,Yelp Referral Traffic,92118,602.00,TRUE,2026,3,August,2026,3,August,35
1129508830,2026-08-24,2026-08-25,Plumbing Service,Pipe Leak,Completed,Google Business Profiles,GMB_Poway,92064,0.00,TRUE,2026,3,August,2026,3,August,35
1129509614,2026-08-24,2026-08-31,Plumbing Service,Leak Below Lavatory,Completed,Sameday AI,Sameday AI,92037,0.00,TRUE,2026,3,August,2026,3,August,36
1129524946,2026-08-24,2026-08-26,Lining Install - CA,Lining Estimate,Completed,Google Business Profiles,GMB_SanDiego,92110,0.00,FALSE,2026,3,August,2026,3,August,35
1129525373,2026-08-24,,HVAC Maintenance,Preventative Maintenance,Scheduled,PPC,Google | Search | Competitor,92130,0.00,TRUE,2026,3,August,,,,
1129556291,2026-08-24,2026-08-26,HVAC Sales,HVAC Estimate,Completed,PPC,Google | Search | HVAC,92109,0.00,TRUE,2026,3,August,2026,3,August,35
1129557095,2026-08-24,,Plumbing Maintenance,,,,,92057,179.88,TRUE,2026,3,August,,,,
1129557095,2026-08-24,2026-09-04,Plumbing Maintenance,Recurring Services: Water Heater Flush,Completed,Branded Phone Number,A1-800-BILL HOWE,92057,0.00,TRUE,2026,3,August,2026,3,September,36
1129558526,2026-08-24,2026-08-25,Lining Install - CA,Job Walk,Completed,Tech referral,Tech Referral,92127,0.00,FALSE,2026,3,August,2026,3,August,35
1129561830,2026-08-24,2026-08-25,Plumbing Install,Water Heater Install - Residential,Completed,Google Business Profiles,GMB_SanDiego,92106,3651.00,TRUE,2026,3,August,2026,3,August,35
1129561830,2026-08-24,2026-08-24,Plumbing Sales,Water Heater Estimate - Residential,Completed,Google Business Profiles,GMB_SanDiego,92106,0.00,FALSE,2026,3,August,2026,3,August,35
1129571948,2026-08-24,2026-08-25,Plumbing Service,Tub/Shower Faucet,Canceled,Direct Web Traffic,Direct Web Traffic,92130,0.00,TRUE,2026,3,August,2026,3,August,35
1129577838,2026-08-24,,HVAC Service,Diagnosis,Scheduled,Sameday AI,Sameday AI,92107,0.00,TRUE,2026,3,August,,,,
1129588627,2026-08-24,2026-08-25,Plumbing Service,Upper/Lower Leak,Completed,Organic Search,DuckDuckGo Organic,92101,233.00,TRUE,2026,3,August,2026,3,August,35
1129588964,2026-08-24,2026-08-25,Plumbing Sales,Water Heater Estimate - Residential,Completed,Google Business Profiles,GMB_SanDiego,92111,0.00,TRUE,2026,3,August,2026,3,August,35
1129596215,2026-08-24,2026-08-28,HVAC Service,A/C Repair,Completed,PPC,Google Legacy Campaigns,92118,1062.12,TRUE,2026,3,August,2026,3,August,35
1129598414,2026-08-24,2026-08-29,HVAC Sales,HVAC Estimate,Completed,Organic Search,Google Organic,91911,0.00,TRUE,2026,3,August,2026,3,August,35
1129600233,2026-08-24,2026-08-27,Plumbing Service,Plumbing Service,Completed,Google Business Profiles,GMB_SanDiego,91932,301.00,TRUE,2026,3,August,2026,3,August,35
1129610718,2026-08-24,,Plumbing Service,Lavatory Faucet,Hold,PPC,Bing | Search | Plumbing,92126,198.00,TRUE,2026,3,August,,,,
214699,2026-08-24,2026-08-27,HVAC Service,Diagnosis,Completed,Yelp,Yelp,92109,119.89,TRUE,2026,3,August,2026,3,August,35
249834720,2026-08-24,,Plumbing Service,Sewer Camera,Scheduled,Branded Phone Number,Local 619,92105,0.00,TRUE,2026,3,August,,,,
250407547,2026-08-24,2026-08-26,Plumbing Service,Kitchen Stop,Completed,Direct Mail,Dynamicard Direct Mail July 2025,92021,99.00,TRUE,2026,3,August,2026,3,August,35
251371407,2026-08-24,2026-08-14,Lining Install - CA,Lining,Completed,Organic Search,Google Organic,92110,-250.00,TRUE,2026,3,August,2026,3,August,33
251371407,2026-08-24,2026-08-14,Plumbing Service,Drain Repair,Completed,Organic Search,Google Organic,92110,-100.00,TRUE,2026,3,August,2026,3,August,33
255447514,2026-08-24,2026-08-19,HVAC Install,Full System Install,Completed,Branded Phone Number,Local 619,92107,0.00,TRUE,2026,3,August,2026,3,August,34
260979953,2026-08-24,2026-08-19,Plumbing Service,Plumbing Service,Completed,Branded Phone Number,A1-800-BILL HOWE,92024,0.00,TRUE,2026,3,August,2026,3,August,34
265470742,2026-08-24,2026-09-03,HVAC Service,10+ HVAC Unit,Completed,PPC,Google | Search | Brand,91978,94.00,TRUE,2026,3,August,2026,3,September,36
266853992,2026-08-24,,Plumbing Maintenance,,,,,92106,14.99,TRUE,2026,3,August,,,,
268476759,2026-08-24,2026-08-25,Plumbing Service,Combo,Completed,Google Business Profiles,GMB_SanDiego,92102,0.00,TRUE,2026,3,August,2026,3,August,35
270945176,2026-08-24,2026-08-24,Plumbing Service,Kitchen Stop,Completed,Google Business Profiles,GMB_SanDiego,92103,144.00,TRUE,2026,3,August,2026,3,August,35
271572392,2026-08-24,,Lining Install - CA,Job Walk,Scheduled,Google Business Profiles,GMB_SanDiego,92109,0.00,FALSE,2026,3,August,,,,
271572392,2026-08-24,,Lining Install - CA,Lining,Scheduled,Google Business Profiles,GMB_SanDiego,92109,10000.00,TRUE,2026,3,August,,,,
272983697,2026-08-24,2026-08-24,Plumbing Service,Kitchen Stop,Completed,Google Business Profiles,GMB_SanDiego,92119,102.00,TRUE,2026,3,August,2026,3,August,35
274293556,2026-08-24,,Plumbing Maintenance,Recurring Services: Backflow Test,Hold,CSR Outbound,$1 OUTBOUND (use this for out-bounding),92154,0.00,TRUE,2026,3,August,,,,
274475928,2026-08-24,2026-08-26,HVAC Service,Diagnosis,Canceled,Branded Phone Number,A1-800-BILL HOWE,92071,0.00,TRUE,2026,3,August,2026,3,August,35
282102161,2026-08-24,2026-09-03,Plumbing Maintenance,Recurring Services: B.F.P. Water Heater/Tankless Flush,Completed,,Memberships due for Service,92110,0.00,TRUE,2026,3,August,2026,3,September,36
284029742,2026-08-24,,Plumbing Service,Tankless Service,In Progress,Google Business Profiles,GMB_SanDiego,92064,401.88,TRUE,2026,3,August,,,,
285961770,2026-08-24,,Plumbing Maintenance,,,,,92118,179.88,TRUE,2026,3,August,,,,
285961770,2026-08-24,2026-09-02,Plumbing Maintenance,Recurring Services: Tankless Flush,Completed,CSR Outbound,$1 OUTBOUND (use this for out-bounding),92118,0.00,TRUE,2026,3,August,2026,3,September,36
293500067,2026-08-24,2026-09-04,HVAC Service,Diagnosis,Completed,Direct Web Traffic,Direct Web Traffic,92075,446.76,TRUE,2026,3,August,2026,3,September,36
297246938,2026-08-24,2026-08-26,Plumbing Service,Disposal,Completed,PPC,Google | Search | Brand,92104,0.00,TRUE,2026,3,August,2026,3,August,35
299288099,2026-08-24,,HVAC Maintenance,Preventative Maintenance,Scheduled,PPC,Google | PMAX | Plumbing,92131,0.00,TRUE,2026,3,August,,,,
301558551,2026-08-24,2026-08-18,Plumbing Service,Drain Repair,Completed,Google Business Profiles,GMB_SanDiego,92123,0.00,TRUE,2026,3,August,2026,3,August,34
302200116,2026-08-24,2026-08-25,Plumbing Service,Laundry Bibbs,Completed,Branded Phone Number,Local 619,92008,0.00,FALSE,2026,3,August,2026,3,August,35
304834079,2026-08-24,2026-08-07,HVAC Service,A/C Repair,Completed,Branded Phone Number,A1-800-BILL HOWE,92109,0.00,TRUE,2026,3,August,2026,3,August,32
308859711,2026-08-24,2026-08-24,Plumbing Sales,Drain Estimate,Completed,Branded Phone Number,Local 619,92122,0.00,FALSE,2026,3,August,2026,3,August,35
308859711,2026-08-24,2026-08-25,Plumbing Service,Drain Repair,Completed,Branded Phone Number,Local 619,92122,255.00,TRUE,2026,3,August,2026,3,August,35
31536767,2026-08-24,,Plumbing Service,Plumbing Service,Hold,Branded Phone Number,Local 619,92127,0.00,TRUE,2026,3,August,,,,
31537471,2026-08-24,2026-08-24,Plumbing Service,Toilet Stop,Completed,Branded Phone Number,Local 619,92054,0.00,TRUE,2026,3,August,2026,3,August,35
31537512,2026-08-24,2026-08-25,Plumbing Service,Kitchen Stop,Completed,PPC,Google | Search | Brand,92107,0.00,TRUE,2026,3,August,2026,3,August,35
31537661,2026-08-24,2026-08-25,Plumbing Service,Tub/Shower Faucet,Completed,PPC,Google | Search | Brand,92037,0.00,TRUE,2026,3,August,2026,3,August,35
31537784,2026-08-24,,Plumbing Maintenance,,,,,92014,14.99,TRUE,2026,3,August,,,,
31537808,2026-08-24,,HVAC Service,Diagnosis,Hold,Branded Phone Number,Local 619,92075,0.00,TRUE,2026,3,August,,,,
31537823,2026-08-24,,HVAC Maintenance,Recurring Services: B.F.P. Hvac Maintenance,Scheduled,,Memberships due for Service,91932,0.00,TRUE,2026,3,August,,,,
31537883,2026-08-24,2026-08-25,Plumbing Service,Mainline Stop,Completed,Branded Phone Number,A1-800-BILL HOWE,92027,0.00,TRUE,2026,3,August,2026,3,August,35
31537883,2026-08-24,2026-08-25,Plumbing Service,Sewer Camera,Completed,Branded Phone Number,A1-800-BILL HOWE,92027,0.00,FALSE,2026,3,August,2026,3,August,35
31537883,2026-08-24,2026-08-24,Plumbing Service,Toilet Stop,Completed,Branded Phone Number,A1-800-BILL HOWE,92027,1273.00,TRUE,2026,3,August,2026,3,August,35
31538470,2026-08-24,2026-08-25,HVAC Sales,Hvac Tech Turnover Estimate,Completed,Branded Phone Number,A1-800-BILL HOWE,92117,0.00,TRUE,2026,3,August,2026,3,August,35
31546391,2026-08-24,2026-09-04,Plumbing Maintenance,Recurring Services: B.F.P. Water Heater/Tankless Flush,Completed,CSR Outbound,$1 OUTBOUND (use this for out-bounding),92111,222.00,TRUE,2026,3,August,2026,3,September,36
31550115,2026-08-24,2026-08-24,Lining Install - CA,Lining,Canceled,Branded Phone Number,A1-800-BILL HOWE,92110,0.00,TRUE,2026,3,August,2026,3,August,35
31550115,2026-08-24,2026-08-24,Lining Install - CA,Lining,Canceled,Branded Phone Number,A1-800-BILL HOWE,92110,0.00,FALSE,2026,3,August,2026,3,August,35
31550115,2026-08-24,2026-09-02,Lining Install - CA,Lining,Canceled,Branded Phone Number,A1-800-BILL HOWE,92110,0.00,TRUE,2026,3,August,2026,3,September,36
31552521,2026-08-24,2026-08-25,Plumbing Service,Plumbing Service,Completed,Branded Phone Number,A1-800-BILL HOWE,92054,210.00,TRUE,2026,3,August,2026,3,August,35
31554631,2026-08-24,,Plumbing Service,Mainline Stop,Scheduled,Branded Phone Number,A1-800-BILL HOWE,92117,0.00,TRUE,2026,3,August,,,,
31554631,2026-08-24,2026-08-27,Plumbing Service,Sewer Camera,Canceled,Branded Phone Number,A1-800-BILL HOWE,92117,0.00,TRUE,2026,3,August,2026,3,August,35
31556954,2026-08-24,2026-08-05,HVAC Service,A/C Repair,Completed,PPC,Google | Search | Brand,92110,0.00,TRUE,2026,3,August,2026,3,August,32
31557700,2026-08-24,2026-08-25,Plumbing Service,Toilet Stop,Completed,Branded Phone Number,A1-800-BILL HOWE,92130,543.15,TRUE,2026,3,August,2026,3,August,35
31560686,2026-08-24,2026-08-24,Plumbing Service,Backflow Repair,Completed,Branded Phone Number,Local 619,92104,0.00,FALSE,2026,3,August,2026,3,August,35
31560686,2026-08-24,2026-08-19,Plumbing Service,Combo,Completed,Branded Phone Number,Local 619,92128,0.00,TRUE,2026,3,August,2026,3,August,34
31563490,2026-08-24,2026-08-24,Plumbing Service,Laundry Bibbs,Completed,Branded Phone Number,Local 619,92109,352.00,TRUE,2026,3,August,2026,3,August,35
31563615,2026-08-24,2026-08-28,HVAC Service,Hvac Recall/Warranty,Completed,Branded Phone Number,Local 619,92107,0.00,TRUE,2026,3,August,2026,3,August,35
31564045,2026-08-24,2026-08-28,Plumbing Service,Disposal,Completed,Branded Phone Number,Local 619,92109,487.60,TRUE,2026,3,August,2026,3,August,35
31565222,2026-08-24,2026-08-24,Plumbing Service,Tub/Shower Stop,Completed,Branded Phone Number,A1-800-BILL HOWE,92103,132.48,TRUE,2026,3,August,2026,3,August,35
31565453,2026-08-24,2026-08-24,Plumbing Sales,Drain Estimate,Completed,Google Business Profiles,GMB_SanDiego,92025,0.00,FALSE,2026,3,August,2026,3,August,35
31566178,2026-08-24,2026-08-27,Plumbing Service,Kitchen Stop,Completed,CSR Outbound,$1 OUTBOUND (use this for out-bounding),91977,132.48,TRUE,2026,3,August,2026,3,August,35
31572604,2026-08-24,,Plumbing Sales,,,,,,0.00,TRUE,2026,3,August,,,,
31572795,2026-08-24,2026-08-25,Plumbing Service,Toilet Stop,Completed,Branded Phone Number,Local 619,91932,0.00,TRUE,2026,3,August,2026,3,August,35
31574511,2026-08-24,2026-08-19,HVAC Install,Full System Install,Completed,Branded Phone Number,Local 619,92110,0.00,TRUE,2026,3,August,2026,3,August,34
31574511,2026-08-24,2026-08-19,HVAC Install,Full System Install,Completed,Branded Phone Number,Local 619,92110,-490.88,TRUE,2026,3,August,2026,3,August,34
31577043,2026-08-24,2026-09-03,HVAC Service,Diagnosis,Completed,PPC,Google | Search | Brand,92117,581.85,TRUE,2026,3,August,2026,3,September,36
31577768,2026-08-24,2026-08-25,Plumbing Service,Laundry Stop,Completed,Google Business Profiles,GMB_SanDiego,91945,102.00,TRUE,2026,3,August,2026,3,August,35
31578504,2026-08-24,2026-08-18,HVAC Install,Full System Install,Completed,Direct Web Traffic,Direct Web Traffic,92107,0.00,TRUE,2026,3,August,2026,3,August,34
31578928,2026-08-24,2026-08-11,HVAC Service,10+ HVAC Unit,Completed,Branded Phone Number,Local 619,92111,0.00,TRUE,2026,3,August,2026,3,August,33
31580403,2026-08-24,2026-09-04,HVAC Service,Diagnosis,Completed,PPC,Bing | Search | Brand,92037,174.00,TRUE,2026,3,August,2026,3,September,36
31583646,2026-08-24,,Plumbing Maintenance,Recurring Services: Backflow Test,Scheduled,CSR Outbound,$1 OUTBOUND (use this for out-bounding),92111,0.00,TRUE,2026,3,August,,,,
31584905,2026-08-24,2026-08-25,Plumbing Sales,Plumbing Estimate,Completed,Branded Phone Number,Local 619,92084,0.00,TRUE,2026,3,August,2026,3,August,35
31585003,2026-08-24,,HVAC Maintenance,Recurring Services: B.F.P. Hvac Maintenance,Scheduled,,Memberships due for Service,92075,0.00,TRUE,2026,3,August,,,,
31587607,2026-08-24,2026-08-24,Plumbing Sales,Plumbing Estimate,Canceled,Branded Phone Number,A1-800-BILL HOWE,92021,0.00,TRUE,2026,3,August,2026,3,August,35
31587918,2026-08-24,2026-08-25,Plumbing Service,Slab Leak,Completed,Google Business Profiles,GMB_Poway,92131,0.00,FALSE,2026,3,August,2026,3,August,35
31588059,2026-08-24,2026-08-18,Plumbing Service,Toilet Stop,Completed,Outbound SMS,ST Outbound Text Lines,92117,0.00,TRUE,2026,3,August,2026,3,August,34
31590414,2026-08-24,2026-08-25,Plumbing Service,Plumbing Service,Completed,Email,Legacy Email Marketing Multiple Offers,92123,1176.00,TRUE,2026,3,August,2026,3,August,35
31591135,2026-08-24,2026-08-26,HVAC Service,Diagnosis,Completed,Outbound SMS,ST Outbound Text Lines,92037,87.00,TRUE,2026,3,August,2026,3,August,35
31597265,2026-08-24,2026-08-25,Plumbing Service,Kitchen Stop,Completed,Branded Phone Number,Local 619,92109,0.00,TRUE,2026,3,August,2026,3,August,35
31599704,2026-08-24,2026-08-25,Plumbing Service,Kitchen Faucet,Completed,Branded Phone Number,A1-800-BILL HOWE,92037,0.00,FALSE,2026,3,August,2026,3,August,35
31604689,2026-08-24,2026-09-02,Plumbing Maintenance,Recurring Services: B.F.P. Water Heater/Tankless Flush,Completed,,Memberships due for Service,92123,0.00,TRUE,2026,3,August,2026,3,September,36
31606148,2026-08-24,2026-08-31,HVAC Service,Diagnosis,Canceled,Branded Phone Number,A1-800-BILL HOWE,92120,0.00,TRUE,2026,3,August,2026,3,August,36
31610288,2026-08-24,2026-08-25,Plumbing Service,Plumbing Service,Completed,Google Business Profiles,GMB_SanDiego,92106,976.00,TRUE,2026,3,August,2026,3,August,35
31611379,2026-08-24,2026-09-02,Plumbing Service,Tub/Shower Faucet,Completed,Branded Phone Number,A1-800-BILL HOWE,92037,952.85,TRUE,2026,3,August,2026,3,September,36
31614900,2026-08-24,2026-08-24,Plumbing Service,Water Filtration Repair,Completed,Google Business Profiles,GMB_SanDiego,92130,220.00,TRUE,2026,3,August,2026,3,August,35
31620952,2026-08-24,2026-08-24,Plumbing Service,Toilet Stop,Completed,Branded Phone Number,Local 619,92105,525.00,TRUE,2026,3,August,2026,3,August,35
31621001,2026-08-24,2026-08-27,Plumbing Service,Toilet Leak,Completed,Branded Phone Number,Local 619,92117,0.00,TRUE,2026,3,August,2026,3,August,35
31623090,2026-08-24,2026-08-27,Plumbing Sales,Tankless Estimate,Completed,Direct Web Traffic,Direct Web Traffic,92111,0.00,FALSE,2026,3,August,2026,3,August,35
31625070,2026-08-24,2026-08-27,HVAC Service,Recurring Services: Complimentary Maintenance,Completed,Outbound SMS,ST Outbound Text Lines,92123,0.00,FALSE,2026,3,August,2026,3,August,35
31626725,2026-08-24,2026-08-25,Plumbing Service,Disposal,Completed,Branded Phone Number,Local 619,92037,0.00,TRUE,2026,3,August,2026,3,August,35
31627967,2026-08-24,2026-08-28,HVAC Service,Diagnosis,Completed,PPC,Google | Search | Brand,92113,129.00,TRUE,2026,3,August,2026,3,August,35
31629813,2026-08-24,2026-08-25,Plumbing Service,Angle Stop,Canceled,Yelp,Yelp,92111,0.00,TRUE,2026,3,August,2026,3,August,35
31629868,2026-08-24,2026-08-25,Restoration EMS,EMS Estimate,Completed,Branded Phone Number,A1-800-BILL HOWE,91945,0.00,TRUE,2026,3,August,2026,3,August,35
31634202,2026-08-24,2026-08-25,Plumbing Sales,Jetting Estimate,Completed,PPC,Google | Search | Brand,92109,0.00,TRUE,2026,3,August,2026,3,August,35
31635019,2026-08-24,2026-08-24,Plumbing Service,Mainline Stop,Completed,Branded Phone Number,A1-800-BILL HOWE,92019,0.00,TRUE,2026,3,August,2026,3,August,35
31635019,2026-08-24,2026-08-24,Plumbing Service,Sewer Camera,Completed,Branded Phone Number,A1-800-BILL HOWE,92019,0.00,TRUE,2026,3,August,2026,3,August,35
31636902,2026-08-24,,HVAC Maintenance,Recurring Services: B.F.P. Hvac Maintenance,Scheduled,,Memberships due for Service,92064,0.00,TRUE,2026,3,August,,,,
31640323,2026-08-24,2026-08-25,Plumbing Service,Plumbing Service,Completed,Branded Phone Number,A1-800-BILL HOWE,92127,0.00,TRUE,2026,3,August,2026,3,August,35
31641339,2026-08-24,,Plumbing Service,Toilet Leak,Hold,Branded Phone Number,A1-800-BILL HOWE,92115,0.00,TRUE,2026,3,August,,,,
31642293,2026-08-24,2026-08-24,Plumbing Service,Water Heater Repair - Residential,Completed,Branded Phone Number,Local 619,92111,222.00,TRUE,2026,3,August,2026,3,August,35
31643120,2026-08-24,2026-08-20,Plumbing Service,Drain Repair,Completed,Branded Phone Number,Local 619,92115,0.00,TRUE,2026,3,August,2026,3,August,34
31645689,2026-08-24,2026-08-25,Plumbing Service,Drain Repair,Completed,Branded Phone Number,Local 619,92104,0.00,FALSE,2026,3,August,2026,3,August,35
31645962,2026-08-24,2026-08-25,Plumbing Service,Toilet Leak,Completed,Organic Search,Google Organic,92109,456.00,TRUE,2026,3,August,2026,3,August,35
31646171,2026-08-24,2026-08-05,Plumbing Service,Ice Maker Line,Completed,PPC,Google | Search | Brand,92037,-241.96,TRUE,2026,3,August,2026,3,August,32
31646303,2026-08-24,2026-08-24,Plumbing Service,Toilet Leak,Completed,Branded Phone Number,A1-800-BILL HOWE,92109,637.32,TRUE,2026,3,August,2026,3,August,35
31647481,2026-08-24,2026-08-19,HVAC Maintenance,Recurring Services: B.F.P. Hvac Maintenance,Completed,,BFP HVAC Maintenance SMS 2026,92129,0.00,TRUE,2026,3,August,2026,3,August,34
31647889,2026-08-24,2026-08-25,HVAC Sales,HVAC Estimate,Completed,Sameday AI,Sameday AI,92064,0.00,TRUE,2026,3,August,2026,3,August,35
31649252,2026-08-24,2026-08-27,HVAC Service,A/C Repair,Completed,Branded Phone Number,Local 619,91913,2705.35,TRUE,2026,3,August,2026,3,August,35
31649532,2026-08-24,2026-08-24,Plumbing Sales,Plumbing Estimate,Completed,Branded Phone Number,A1-800-BILL HOWE,92110,0.00,TRUE,2026,3,August,2026,3,August,35
31650244,2026-08-24,,Plumbing Maintenance,,,,,92102,0.00,TRUE,2026,3,August,,,,
31652960,2026-08-24,2026-08-24,Plumbing Sales,Job Walk,Completed,Yelp,Yelp,91941,0.00,FALSE,2026,3,August,2026,3,August,35
31653428,2026-08-24,2026-08-24,Plumbing Sales,Drain Estimate,Completed,PPC,Google Legacy Campaigns,92116,0.00,FALSE,2026,3,August,2026,3,August,35
31654488,2026-08-24,2026-08-25,HVAC Service,Diagnosis,Completed,Google Business Profiles,GMB_SanDiego,92117,1080.87,TRUE,2026,3,August,2026,3,August,35
31655909,2026-08-24,2026-08-25,Plumbing Service,Mainline Stop,Completed,Branded Phone Number,A1-800-BILL HOWE,92117,0.00,TRUE,2026,3,August,2026,3,August,35
31655909,2026-08-24,2026-08-25,Plumbing Service,Sewer Camera,Completed,Branded Phone Number,A1-800-BILL HOWE,92117,0.00,FALSE,2026,3,August,2026,3,August,35
31657109,2026-08-24,2026-09-03,HVAC Service,Diagnosis,Completed,Google Business Profiles,GMB_SanDiego,92102,0.00,TRUE,2026,3,August,2026,3,September,36
31657109,2026-08-24,2026-08-24,Plumbing Service,Toilet Stop,Completed,Google LSA,Google Local Services,92102,636.38,TRUE,2026,3,August,2026,3,August,35
31658453,2026-08-24,2026-08-24,Plumbing Sales,Water Heater Estimate - Residential,Completed,Branded Phone Number,Local 619,92126,0.00,TRUE,2026,3,August,2026,3,August,35
31661509,2026-08-24,2026-08-24,Plumbing Service,Recirculating Pump,Completed,Google Business Profiles,GMB_SanDiego,92037,220.00,TRUE,2026,3,August,2026,3,August,35
31662415,2026-08-24,2026-08-29,HVAC Service,Hvac Recall/Warranty,Completed,Branded Phone Number,A1-800-BILL HOWE,91941,0.00,TRUE,2026,3,August,2026,3,August,35
31662421,2026-08-24,2026-08-24,Plumbing Sales,Drain Estimate,Completed,Branded Phone Number,A1-800-BILL HOWE,91977,0.00,FALSE,2026,3,August,2026,3,August,35
31665349,2026-08-24,2026-09-02,HVAC Service,Diagnosis,Canceled,PPC,Google | Search | Brand,91914,0.00,TRUE,2026,3,August,2026,3,September,36
31666973,2026-08-24,2026-08-25,Plumbing Service,Water Heater Repair - Residential,Completed,Email,Legacy Email Marketing Multiple Offers,92111,424.00,TRUE,2026,3,August,2026,3,August,35
31668830,2026-08-24,2026-08-26,Plumbing Service,Water Filtration Repair,Completed,Branded Phone Number,A1-800-BILL HOWE,92127,220.00,TRUE,2026,3,August,2026,3,August,35
31673421,2026-08-24,2026-08-25,Plumbing Service,Kitchen Faucet,Canceled,Organic Search,Bing Organic,92122,0.00,TRUE,2026,3,August,2026,3,August,35
31679162,2026-08-24,,HVAC Maintenance,,,,,92024,179.88,TRUE,2026,3,August,,,,
31679162,2026-08-24,,HVAC Service,Diagnosis,Scheduled,CSR Outbound,$1 OUTBOUND (use this for out-bounding),92024,0.00,TRUE,2026,3,August,,,,
31679162,2026-08-24,2026-09-04,Plumbing Maintenance,Recurring Services: Sewer Camera Inspection,Completed,,Memberships due for Service,92024,0.00,TRUE,2026,3,August,2026,3,September,36
31679420,2026-08-24,2026-08-25,Plumbing Service,Reset Toilet,Completed,PPC,Google | Search | Brand,92107,265.00,TRUE,2026,3,August,2026,3,August,35
31682317,2026-08-24,,Plumbing Install,Toilet Install,In Progress,Branded Phone Number,Local 619,92120,1545.00,TRUE,2026,3,August,,,,
31686437,2026-08-24,2026-08-24,Plumbing Service,Slab Leak,Completed,Email,Legacy Email Marketing Multiple Offers,92120,0.00,TRUE,2026,3,August,2026,3,August,35
31689759,2026-08-24,2026-08-19,Plumbing Service,Pipe Leak,Completed,PPC,Google | Search | Brand,92127,0.00,TRUE,2026,3,August,2026,3,August,34
31692299,2026-08-24,,HVAC Service,Diagnosis,Scheduled,PPC,Google | Search | HVAC,92131,0.00,TRUE,2026,3,August,,,,
31696692,2026-08-24,2026-08-25,Plumbing Service,Angle Stop,Completed,Branded Phone Number,A1-800-BILL HOWE,92123,666.64,TRUE,2026,3,August,2026,3,August,35
31696692,2026-08-24,2026-08-25,Plumbing Service,Plumbing Service,Completed,Branded Phone Number,A1-800-BILL HOWE,92117,0.00,FALSE,2026,3,August,2026,3,August,35
31696692,2026-08-24,2026-08-25,Plumbing Service,Toilet Stop,Completed,Branded Phone Number,A1-800-BILL HOWE,92117,102.00,TRUE,2026,3,August,2026,3,August,35
31696692,2026-08-24,2026-08-25,Plumbing Service,Tub/Shower Stop,Completed,Branded Phone Number,A1-800-BILL HOWE,92123,93.84,TRUE,2026,3,August,2026,3,August,35
31697219,2026-08-24,2026-08-26,HVAC Sales,Hvac Tech Turnover Estimate,Completed,PPC,Google Legacy Campaigns,92037,0.00,TRUE,2026,3,August,2026,3,August,35
31699787,2026-08-24,2026-08-26,Plumbing Service,Tub/Shower Stop,Completed,Tech referral,Tech Referral,92109,102.00,TRUE,2026,3,August,2026,3,August,35
31702420,2026-08-24,2026-08-25,Plumbing Service,Lavatory Faucet,Completed,Direct Web Traffic,Direct Web Traffic,92130,0.00,FALSE,2026,3,August,2026,3,August,35
31704085,2026-08-24,,HVAC Maintenance,Recurring Services: B.F.P. Hvac Maintenance,Scheduled,PPC,Bing | Search | Brand,92064,0.00,TRUE,2026,3,August,,,,
31706524,2026-08-24,2026-08-25,Plumbing Sales,Job Walk,Completed,Organic Search,Bing Organic,92117,0.00,FALSE,2026,3,August,2026,3,August,35
31707240,2026-08-24,2026-08-28,HVAC Service,Diagnosis,Completed,PPC,Google | Search | Brand,92103,371.00,TRUE,2026,3,August,2026,3,August,35
31709554,2026-08-24,2026-08-28,Plumbing Service,Drain Repair,Completed,Branded Phone Number,Local 619,92104,15485.00,TRUE,2026,3,August,2026,3,August,35
31712140,2026-08-24,2026-08-21,Plumbing Sales,Water Heater Estimate - Residential,Completed,Direct Web Traffic,Direct Web Traffic,92131,0.00,TRUE,2026,3,August,2026,3,August,34
31714187,2026-08-24,,Plumbing Maintenance,,,,,92037,29.98,TRUE,2026,3,August,,,,
31715351,2026-08-24,2026-08-25,Plumbing Service,Toilet Leak,Completed,Direct Web Traffic,Direct Web Traffic,92103,423.00,TRUE,2026,3,August,2026,3,August,35
31715990,2026-08-24,2026-08-25,Plumbing Service,Leak Below Kitchen,Completed,Direct Mail,Dynamicard January 2026,92106,292.50,TRUE,2026,3,August,2026,3,August,35
31716729,2026-08-24,2026-09-03,HVAC Service,Diagnosis,Completed,Google Business Profiles,GMB_SanDiego,92108,0.00,TRUE,2026,3,August,2026,3,September,36
31718947,2026-08-24,,HVAC Maintenance,Recurring Services: B.F.P. Hvac Maintenance,Scheduled,Organic Search,Bing Organic,91910,0.00,TRUE,2026,3,August,,,,
31719251,2026-08-24,2026-08-27,HVAC Service,Diagnosis,Completed,Google Business Profiles,GMB_SanDiego,92130,0.00,TRUE,2026,3,August,2026,3,August,35
31719803,2026-08-24,,Restoration EMS,EMS Estimate,Scheduled,Google Business Profiles,GMB_SanDiego,92124,0.00,FALSE,2026,3,August,,,,
31719896,2026-08-24,2026-08-24,Plumbing Service,Tub/Shower Faucet,Completed,Branded Phone Number,Local 619,92120,398.00,TRUE,2026,3,August,2026,3,August,35
31720688,2026-08-24,2026-08-25,Plumbing Service,R/O System,Completed,Google Business Profiles,GMB_SanDiego,92014,1558.00,TRUE,2026,3,August,2026,3,August,35
31725082,2026-08-24,,HVAC Service,Diagnosis,Scheduled,Google LSA,Google Local Services,92107,0.00,TRUE,2026,3,August,,,,
31725151,2026-08-24,,Plumbing Maintenance,,,,,92127,14.99,TRUE,2026,3,August,,,,
31726949,2026-08-24,2026-08-25,Plumbing Service,Tub/Shower Faucet,Completed,PPC,Google | Search | Competitor,92024,378.10,TRUE,2026,3,August,2026,3,August,35
31732796,2026-08-24,2026-08-24,Plumbing Service,Water Heater Repair - Residential,Completed,Google Business Profiles,GMB_SanDiego,92071,0.00,TRUE,2026,3,August,2026,3,August,35
31733361,2026-08-24,,HVAC Maintenance,,,,,92111,179.88,TRUE,2026,3,August,,,,
31733361,2026-08-24,,HVAC Maintenance,Recurring Services: B.F.P. Hvac Maintenance,Scheduled,CSR Outbound,$1 OUTBOUND (use this for out-bounding),92111,0.00,TRUE,2026,3,August,,,,
31733419,2026-08-24,,Plumbing Maintenance,,,,,92122,14.99,TRUE,2026,3,August,,,,
318049073,2026-08-24,2026-08-25,Plumbing Service,Plumbing Service,Completed,PPC,Google | PMAX | Drains - Vegas,92024,0.00,TRUE,2026,3,August,2026,3,August,35
321624355,2026-08-24,2026-08-25,HVAC Service,A/C Repair,Canceled,Business Directories,BBB Business Listing,92128,0.00,TRUE,2026,3,August,2026,3,August,35
321716369,2026-08-24,2026-08-24,Plumbing Service,Toilet Stop,Completed,Google Business Profiles,GMB_SanDiego,92037,0.00,TRUE,2026,3,August,2026,3,August,35
322935640,2026-08-24,2026-08-18,Plumbing Service,Plumbing Service,Completed,Direct Mail,Dynamicard Direct Mail July 2025,92122,0.00,TRUE,2026,3,August,2026,3,August,34
322971552,2026-08-24,2026-08-25,Plumbing Sales,Water Heater Estimate - Residential,Completed,Direct Web Traffic,Direct Web Traffic,92131,0.00,FALSE,2026,3,August,2026,3,August,35
323374872,2026-08-24,2026-08-25,Plumbing Service,Sump Pump,Completed,Branded Phone Number,Local 619,92115,0.00,FALSE,2026,3,August,2026,3,August,35
330510132,2026-08-24,2026-08-25,Plumbing Sales,Plumbing Estimate,Completed,Branded Phone Number,Local 619,92075,0.00,FALSE,2026,3,August,2026,3,August,35
331628593,2026-08-24,,Plumbing Maintenance,,,,,92130,14.99,TRUE,2026,3,August,,,,
331687894,2026-08-24,2026-08-25,Plumbing Service,Toilet Stop,Completed,CSR Outbound,$1 OUTBOUND (use this for out-bounding),92106,0.00,TRUE,2026,3,August,2026,3,August,35
331891291,2026-08-24,2026-08-20,Plumbing Service,Plumbing Service,Completed,Branded Phone Number,Local 619,92021,0.00,TRUE,2026,3,August,2026,3,August,34
333495461,2026-08-24,2026-08-14,HVAC Install,Hvac Recall/Warranty,Completed,PPC,Google | Search | Brand,92025,0.00,TRUE,2026,3,August,2026,3,August,33
341721406,2026-08-24,2026-08-28,Plumbing Service,Tub/Shower Faucet,Completed,Google Business Profiles,GMB_SanDiego,92127,607.00,TRUE,2026,3,August,2026,3,August,35
345245921,2026-08-24,2026-08-25,Lining Install - CA,Lining Estimate,Completed,CSR Outbound,$1 OUTBOUND (use this for out-bounding),92054,0.00,FALSE,2026,3,August,2026,3,August,35
348650430,2026-08-24,2026-08-25,Plumbing Service,Water Heater Repair - Residential,Completed,Organic Search,Google Organic,92037,0.00,TRUE,2026,3,August,2026,3,August,35
351943645,2026-08-24,,Plumbing Install,Drain Repipe/Reroute,In Progress,PPC,Google | PMAX | Drains,91910,30480.00,TRUE,2026,3,August,,,,
355084838,2026-08-24,2026-08-25,Plumbing Install,Water Heater Install - Residential,Completed,Branded Phone Number,A1-800-BILL HOWE,91913,5617.00,TRUE,2026,3,August,2026,3,August,35
356249268,2026-08-24,2026-08-28,Lining Install - CA,Lining Estimate,Completed,Google Business Profiles,GMB_SanDiego,92117,0.00,TRUE,2026,3,August,2026,3,August,35
357913823,2026-08-24,2026-08-25,Plumbing Maintenance,Backflow Test,Completed,PPC,Google | PMAX | Drains,92021,127.00,TRUE,2026,3,August,2026,3,August,35
358654511,2026-08-24,2026-08-24,Plumbing Sales,Drain Estimate,Completed,Google Business Profiles,GMB_SanDiego,92084,0.00,FALSE,2026,3,August,2026,3,August,35
358654511,2026-08-24,2026-08-24,Plumbing Service,Toilet Stop,Completed,Google Business Profiles,GMB_SanDiego,92084,421.00,TRUE,2026,3,August,2026,3,August,35
366608823,2026-08-24,2026-08-28,HVAC Install,Hvac Recall/Warranty,Completed,Google Business Profiles,GMB_SanDiego,92118,0.00,TRUE,2026,3,August,2026,3,August,35
366608823,2026-08-24,2026-08-24,HVAC Service,Hvac Recall/Warranty,Canceled,Google Business Profiles,GMB_SanDiego,92118,0.00,TRUE,2026,3,August,2026,3,August,35
374829829,2026-08-24,2026-08-26,Plumbing Service,Urinal Leak,Completed,Tech referral,Tech Referral,92008,458.00,TRUE,2026,3,August,2026,3,August,35
375829739,2026-08-24,,Plumbing Maintenance,Recurring Services: Plumbing Inspection,Scheduled,,BFP Plumbing Inspection SMS 2026,92124,0.00,TRUE,2026,3,August,,,,
376666322,2026-08-24,2026-08-24,Plumbing Sales,Water Heater Estimate - Residential,Canceled,CSR Outbound,$1 OUTBOUND (use this for out-bounding),92128,0.00,TRUE,2026,3,August,2026,3,August,35
376666322,2026-08-24,2026-08-28,Plumbing Service,Slab Leak,Completed,Organic Search,Google Organic,92127,24253.00,TRUE,2026,3,August,2026,3,August,35
379228633,2026-08-24,2026-08-27,Plumbing Service,Leak Below Kitchen,Completed,Google LSA,Google Local Services,92128,0.00,FALSE,2026,3,August,2026,3,August,35
40073322,2026-08-24,2025-07-23,Restoration Contents,Contents Final Invoice - ACCOUNT/COD,Completed,Google LSA,Google Local Services,92126,-1530.24,TRUE,2026,3,August,2025,3,July,30
40625880,2026-08-24,2026-08-26,Plumbing Service,Combo,Completed,PPC,Google | Search | Brand,92037,409.00,TRUE,2026,3,August,2026,3,August,35
40625880,2026-08-24,2026-08-26,Plumbing Service,Plumbing Service,Completed,PPC,Google | Search | Brand,92037,742.00,TRUE,2026,3,August,2026,3,August,35
409550916,2026-08-24,2026-08-28,Plumbing Service,Toilet Leak,Completed,PPC,Google | PMAX | Plumbing - Spanish,92054,0.00,FALSE,2026,3,August,2026,3,August,35
41776483,2026-08-24,2026-08-25,Plumbing Service,Kitchen Stop,Completed,Direct Web Traffic,Direct Web Traffic,91941,102.00,TRUE,2026,3,August,2026,3,August,35
42450530,2026-08-24,,HVAC Service,Diagnosis,Scheduled,Branded Phone Number,Local 619,91941,0.00,TRUE,2026,3,August,,,,
42749617,2026-08-24,2026-08-25,HVAC Service,Diagnosis,Completed,Google Business Profiles,GMB_SanDiego,92113,225.00,TRUE,2026,3,August,2026,3,August,35
462739286,2026-08-24,,Plumbing Sales,Drain Estimate,Hold,CSR Outbound,$1 OUTBOUND (use this for out-bounding),91911,0.00,FALSE,2026,3,August,,,,
46283470,2026-08-24,2026-08-26,Plumbing Service,Drain Repair,Completed,PPC,Google | Search | Brand,92120,276.00,TRUE,2026,3,August,2026,3,August,35
463328062,2026-08-24,2026-08-27,HVAC Service,Diagnosis,Canceled,PPC,Google | Search | Brand,92130,0.00,TRUE,2026,3,August,2026,3,August,35
467220553,2026-08-24,2026-08-21,HVAC Install,Hvac Recall/Warranty,Completed,Website,Website Phone Calls,92009,0.00,TRUE,2026,3,August,2026,3,August,34
467239558,2026-08-24,2026-08-24,Plumbing Install,Water Heater Install - Residential,Completed,Organic Search,Google Organic,92128,5465.00,TRUE,2026,3,August,2026,3,August,35
467239558,2026-08-24,2026-08-24,Plumbing Sales,Water Heater Estimate - Residential,Completed,Organic Search,Google Organic,92128,0.00,FALSE,2026,3,August,2026,3,August,35
467840238,2026-08-24,2026-08-17,HVAC Service,Hvac Recall/Warranty,Completed,Branded Phone Number,Local 619,92116,0.00,TRUE,2026,3,August,2026,3,August,34
474181525,2026-08-24,,HVAC Service,Diagnosis,Scheduled,Direct Web Traffic,Direct Web Traffic,92019,0.00,TRUE,2026,3,August,,,,
474668477,2026-08-24,2026-08-24,Plumbing Service,Disposal,Completed,Google Business Profiles,GMB_SanDiego,92122,0.00,TRUE,2026,3,August,2026,3,August,35
476733635,2026-08-24,2026-09-03,HVAC Service,Diagnosis,Canceled,PPC,Google | Search | Competitor,92118,0.00,TRUE,2026,3,August,2026,3,September,36
477752387,2026-08-24,2026-08-24,Plumbing Service,Tub/Shower Stop,Completed,Direct Web Traffic,Direct Web Traffic,92130,102.00,TRUE,2026,3,August,2026,3,August,35
479317061,2026-08-24,2026-08-26,HVAC Service,Hvac Recall/Warranty,Completed,Google Business Profiles,GMB_SanDiego,92154,0.00,TRUE,2026,3,August,2026,3,August,35
479845002,2026-08-24,2026-09-01,Plumbing Maintenance,Recurring Services: Water Heater Flush,Completed,Branded Phone Number,Local 619,92057,222.00,TRUE,2026,3,August,2026,3,September,36
480448556,2026-08-24,2026-08-24,Plumbing Sales,Plumbing Estimate,Canceled,Google Business Profiles,GMB_SanDiego,92103,0.00,TRUE,2026,3,August,2026,3,August,35
481289618,2026-08-24,2026-08-25,HVAC Service,Hvac Recall/Warranty,Completed,Email,Legacy Email Marketing Multiple Offers,92114,0.00,TRUE,2026,3,August,2026,3,August,35
481960623,2026-08-24,2026-08-24,Plumbing Service,Toilet Leak,Completed,PPC,Google | PMAX | Plumbing,91902,259.18,TRUE,2026,3,August,2026,3,August,35
483199705,2026-08-24,2026-09-04,Lining Install - CA,Lining,Canceled,PPC,Google | Search | Brand,92071,0.00,TRUE,2026,3,August,2026,3,September,36
483199705,2026-08-24,2026-08-25,Plumbing Install,Water Heater Install - Residential,Completed,PPC,Google | Search | Brand,92071,6700.00,TRUE,2026,3,August,2026,3,August,35
483199705,2026-08-24,2026-08-26,Plumbing Service,Drain Repair,Completed,PPC,Google | Search | Brand,92071,7500.00,TRUE,2026,3,August,2026,3,August,35
487072175,2026-08-24,2026-08-26,Plumbing Service,Tub/Shower Faucet,Completed,PPC,Google | Search | Brand,92064,212.00,TRUE,2026,3,August,2026,3,August,35
487202285,2026-08-24,,HVAC Install,HVAC Remove/Reinstall,Hold,PPC,Google | PMAX | HVAC,92014,1260.00,TRUE,2026,3,August,,,,
49045525,2026-08-24,2026-08-24,HVAC Service,Diagnosis,Canceled,Email,Legacy Email Marketing Multiple Offers,92057,0.00,TRUE,2026,3,August,2026,3,August,35
49674764,2026-08-24,2026-08-26,Plumbing Service,Sewer Camera,Completed,PPC,Google | Search | Brand,91942,0.00,FALSE,2026,3,August,2026,3,August,35
51429035,2026-08-24,2026-08-26,Plumbing Service,R/O System,Completed,Outbound SMS,ST Outbound Text Lines,91977,4599.00,TRUE,2026,3,August,2026,3,August,35
51534062,2026-08-24,2026-08-25,Plumbing Service,Floor Drain Stop,Completed,Organic Search,Google Organic,92122,78.20,TRUE,2026,3,August,2026,3,August,35
52399802,2026-08-24,2026-08-25,HVAC Sales,Hvac Tech Turnover Estimate,Completed,PPC,Google | Search | Brand,92110,0.00,TRUE,2026,3,August,2026,3,August,35
52816174,2026-08-24,2026-08-24,Plumbing Service,Toilet Stop,Completed,Business Directories,BBB Business Listing,92101,144.00,TRUE,2026,3,August,2026,3,August,35
52843216,2026-08-24,2026-08-13,Plumbing Service,PRV,Completed,Branded Phone Number,Local 619,92008,0.00,TRUE,2026,3,August,2026,3,August,33
53144725,2026-08-24,2026-08-25,Plumbing Service,Kitchen Stop,Completed,Branded Phone Number,A1-800-BILL HOWE,92021,144.00,TRUE,2026,3,August,2026,3,August,35
54362609,2026-08-24,2026-08-25,Plumbing Service,Sewer Camera,Completed,PPC,Google | Search | Brand,92105,0.00,FALSE,2026,3,August,2026,3,August,35
54362609,2026-08-24,2026-08-24,Plumbing Service,Toilet Stop,Completed,PPC,Google | Search | Brand,92105,0.00,FALSE,2026,3,August,2026,3,August,35
56451760,2026-08-24,2026-07-27,Plumbing Service,PRV,Completed,PPC,Google | Search | Brand,92130,-238.00,TRUE,2026,3,August,2026,3,July,31
56775332,2026-08-24,,Plumbing Service,Slab Leak,Hold,Google Business Profiles,GMB_SanDiego,92110,0.00,TRUE,2026,3,August,,,,
57689478,2026-08-24,2026-08-25,Plumbing Service,R/O System,Completed,Google LSA,Google Local Services,91942,0.00,TRUE,2026,3,August,2026,3,August,35
57977408,2026-08-24,2026-08-25,Plumbing Service,Mainline Stop,Completed,Direct Web Traffic,Direct Web Traffic,92123,0.00,TRUE,2026,3,August,2026,3,August,35
57977408,2026-08-24,2026-08-25,Plumbing Service,Sewer Camera,Completed,Direct Web Traffic,Direct Web Traffic,92123,0.00,TRUE,2026,3,August,2026,3,August,35
58899005,2026-08-24,2026-09-04,HVAC Service,Diagnosis,Completed,Branded Phone Number,Local 619,92131,484.01,TRUE,2026,3,August,2026,3,September,36
59258237,2026-08-24,,HVAC Service,Diagnosis,Hold,Branded Phone Number,A1-800-BILL HOWE,92119,0.00,TRUE,2026,3,August,,,,
59420332,2026-08-24,2026-09-03,HVAC Service,Diagnosis,Completed,Email,Legacy Email Marketing Multiple Offers,92118,87.00,FALSE,2026,3,August,2026,3,September,36
59474397,2026-08-24,2026-08-27,Plumbing Service,Plumbing Service,Completed,Google Business Profiles,GMB_SanDiego,92037,297.00,TRUE,2026,3,August,2026,3,August,35
59990984,2026-08-24,2026-08-25,Plumbing Service,Sewer Camera,Completed,PPC,Google | Search | Brand,92111,0.00,FALSE,2026,3,August,2026,3,August,35
61024116,2026-08-24,2026-08-26,Plumbing Service,Tub/Shower Faucet,Completed,PPC,Google | Search | Brand,92117,220.00,TRUE,2026,3,August,2026,3,August,35
61240712,2026-08-24,2026-08-25,Plumbing Service,Pipe Leak,Completed,PPC,Google | Search | Brand,92109,0.00,TRUE,2026,3,August,2026,3,August,35
62937610,2026-08-24,2026-08-24,Plumbing Service,Disposal,Completed,Branded Phone Number,Local 619,92104,530.00,TRUE,2026,3,August,2026,3,August,35
63406919,2026-08-24,2026-09-02,Plumbing Sales,Drain Estimate,Completed,Google LSA,Google Local Services,92064,0.00,FALSE,2026,3,August,2026,3,September,36
65426716,2026-08-24,2026-08-19,Plumbing Sales,Plumbing Estimate,Completed,PPC,Google | Search | Brand,92130,0.00,TRUE,2026,3,August,2026,3,August,34
65660633,2026-08-24,2026-08-24,Plumbing Service,Pipe Leak,Completed,Direct Web Traffic,Direct Web Traffic,92014,524.00,TRUE,2026,3,August,2026,3,August,35
65700099,2026-08-24,2026-08-25,Plumbing Sales,Jetting Estimate,Completed,Google Business Profiles,GMB_SanDiego,92106,0.00,FALSE,2026,3,August,2026,3,August,35
65700099,2026-08-24,2026-08-24,Plumbing Service,Kitchen Stop,Completed,Branded Phone Number,Local 619,92106,144.00,TRUE,2026,3,August,2026,3,August,35
65702378,2026-08-24,2026-08-25,Plumbing Service,Combo,Completed,Google Business Profiles,GMB_SanDiego,92037,277.00,TRUE,2026,3,August,2026,3,August,35
66181548,2026-08-24,,Plumbing Install,Drain Repipe/Reroute,Scheduled,,Memberships due for Service,92106,12042.00,TRUE,2026,3,August,,,,
66181548,2026-08-24,2026-08-28,Plumbing Service,Plumbing Service,Completed,,Memberships due for Service,92106,8050.00,TRUE,2026,3,August,2026,3,August,35
66776548,2026-08-24,2026-08-25,Plumbing Service,Combo,Completed,Google Business Profiles,GMB_Poway,92064,0.00,TRUE,2026,3,August,2026,3,August,35
675237611,2026-08-24,,HVAC Service,A/C Repair,Scheduled,PPC,Google | Search | Brand,92104,0.00,TRUE,2026,3,August,,,,
67694710,2026-08-24,2026-08-24,Plumbing Service,Toilet Leak,Completed,Email,Plumbing to HVAC Cross Promotion Offer Drip 2025,92040,175.00,FALSE,2026,3,August,2026,3,August,35
67842602,2026-08-24,2026-09-04,Plumbing Service,Sewer Camera,Completed,,BFP Water Heater Maintenance SMS 2026,92130,0.00,TRUE,2026,3,August,2026,3,September,36
681497556,2026-08-24,2026-08-26,Plumbing Service,Jetting-Commercial,Completed,Branded Phone Number,Local 619,92113,2000.00,TRUE,2026,3,August,2026,3,August,35
684635697,2026-08-24,2026-08-25,Plumbing Service,Laundry Stop,Completed,Branded Phone Number,Local 619,92103,794.88,TRUE,2026,3,August,2026,3,August,35
84463536,2026-08-24,2026-09-02,HVAC Service,Diagnosis,Completed,PPC,Google | Search | Brand,91913,0.00,TRUE,2026,3,August,2026,3,September,36
86194905,2026-08-24,,Plumbing Maintenance,,,,,92126,29.98,TRUE,2026,3,August,,,,
882772602,2026-08-24,2026-08-26,Plumbing Install,Tankless Install,Completed,PPC,Google | Search | Brand,92025,5950.00,TRUE,2026,3,August,2026,3,August,35
882772602,2026-08-24,2026-08-26,Plumbing Install,Toilet Install,Completed,PPC,Google | Search | Brand,92025,350.00,TRUE,2026,3,August,2026,3,August,35
883041323,2026-08-24,2026-08-24,Plumbing Service,Mainline Stop,Completed,Branded Phone Number,A1-800-BILL HOWE,91910,102.00,TRUE,2026,3,August,2026,3,August,35
89402750,2026-08-24,2026-08-11,HVAC Install,Full System Install,Completed,PPC,Google | Search | Brand,92064,0.00,TRUE,2026,3,August,2026,3,August,33
89583325,2026-08-24,2026-08-19,Plumbing Service,Angle Stop,Completed,Branded Phone Number,A1-800-BILL HOWE,92109,0.00,TRUE,2026,3,August,2026,3,August,34
898233123,2026-08-24,2026-08-28,HVAC Maintenance,Recurring Services: B.F.P. Hvac Maintenance,Canceled,PPC,Google | Search | Brand,92103,0.00,TRUE,2026,3,August,2026,3,August,35
902736472,2026-08-24,2026-08-31,HVAC Maintenance,Preventative Maintenance,Completed,Direct Web Traffic,Direct Web Traffic,92118,79.00,TRUE,2026,3,August,2026,3,August,36
90324170,2026-08-24,,Plumbing Service,Sewer Camera,Hold,Branded Phone Number,Local 619,92115,0.00,TRUE,2026,3,August,,,,
903945971,2026-08-24,2026-08-25,Plumbing Service,Combo,Completed,Branded Phone Number,Local 619,91950,362.72,TRUE,2026,3,August,2026,3,August,35
907087544,2026-08-24,2026-08-25,HVAC Sales,HVAC Estimate,Completed,Google Business Profiles,GMB_Poway,92007,0.00,TRUE,2026,3,August,2026,3,August,35
910674340,2026-08-24,2026-08-24,Plumbing Service,Toilet Stop,Completed,Organic Search,Google Organic,92122,704.00,TRUE,2026,3,August,2026,3,August,35
91863656,2026-08-24,2026-08-26,Plumbing Service,Tub/Shower Faucet,Completed,Branded Phone Number,A1-800-BILL HOWE,92130,0.00,FALSE,2026,3,August,2026,3,August,35
92581600,2026-08-24,2026-08-25,Plumbing Sales,Plumbing Estimate,Completed,Branded Phone Number,A1-800-BILL HOWE,92040,0.00,TRUE,2026,3,August,2026,3,August,35
92614201,2026-08-24,2026-08-20,Plumbing Service,Sewer Camera,Completed,Branded Phone Number,A1-800-BILL HOWE,92128,0.00,TRUE,2026,3,August,2026,3,August,34
95044374,2026-08-24,2026-08-21,HVAC Install,Full System Install,Completed,Branded Phone Number,Local 619,92130,0.00,TRUE,2026,3,August,2026,3,August,34
95046971,2026-08-24,2026-08-25,Plumbing Service,Dishwasher,Completed,Branded Phone Number,A1-800-BILL HOWE,92131,0.00,TRUE,2026,3,August,2026,3,August,35
975728510,2026-08-24,2026-08-26,Plumbing Maintenance,Backflow Test,Completed,PPC,Google | Search | Brand,92064,104.00,TRUE,2026,3,August,2026,3,August,35
976215142,2026-08-24,,Plumbing Maintenance,,,,,92128,0.00,TRUE,2026,3,August,,,,
97708185,2026-08-24,2026-08-28,Plumbing Install,Water Heater Install - Residential,Completed,Branded Phone Number,A1-800-BILL HOWE,92127,4025.00,TRUE,2026,3,August,2026,3,August,35
97708185,2026-08-24,2026-08-24,Plumbing Sales,Water Heater Estimate - Residential,Canceled,Branded Phone Number,A1-800-BILL HOWE,92127,0.00,TRUE,2026,3,August,2026,3,August,35
977515446,2026-08-24,2026-08-24,HVAC Service,Diagnosis,Completed,PPC,Google | Search | Competitor,92064,509.48,TRUE,2026,3,August,2026,3,August,35
977899684,2026-08-24,,HVAC Service,A/C Repair,Hold,CSR Outbound,$1 OUTBOUND (use this for out-bounding),91902,724.53,TRUE,2026,3,August,,,,
978368534,2026-08-24,2026-08-27,Plumbing Service,Lavatory Faucet,Completed,Direct Web Traffic,Direct Web Traffic,92101,0.00,TRUE,2026,3,August,2026,3,August,35
980173974,2026-08-24,2026-08-28,HVAC Maintenance,Preventative Maintenance,Completed,PPC,Google | PMAX | HVAC,92103,0.00,TRUE,2026,3,August,2026,3,August,35
99427973,2026-08-24,2026-08-25,Plumbing Service,Gas Leak,Completed,PPC,Bing | Search | Brand,92024,396.15,TRUE,2026,3,August,2026,3,August,35
99921868,2026-08-24,2026-08-20,Plumbing Service,Drain Repair,Completed,Google Business Profiles,GMB_SanDiego,92054,0.00,FALSE,2026,3,August,2026,3,August,34
101750164,2026-08-25,2026-08-28,Plumbing Service,Kitchen Faucet,Completed,Google Business Profiles,GMB_SanDiego,92108,1167.00,TRUE,2026,3,August,2026,3,August,35
101852640,2026-08-25,2026-08-26,Plumbing Service,Pipe Leak,Completed,Yelp,Yelp,92110,0.00,TRUE,2026,3,August,2026,3,August,35
1049227558,2026-08-25,2026-08-20,Plumbing Service,Leak Below Lavatory,Completed,Branded Phone Number,A1-800-BILL HOWE,92101,0.00,FALSE,2026,3,August,2026,3,August,34
1067251475,2026-08-25,2026-08-25,Plumbing Service,Ice Maker Line,Completed,Branded Phone Number,Local 619,92037,265.00,TRUE,2026,3,August,2026,3,August,35
1073276810,2026-08-25,2026-08-31,HVAC Service,Hvac Recall/Warranty,Completed,Branded Phone Number,A1-800-BILL HOWE,92011,0.00,TRUE,2026,3,August,2026,3,August,36
1100364527,2026-08-25,,HVAC Install,Hvac Recall/Warranty,Scheduled,PPC,Google | Search | Brand,92115,0.00,TRUE,2026,3,August,,,,
1108645420,2026-08-25,2026-07-21,Plumbing Service,Plumbing Service,Completed,Branded Phone Number,Local 619,92111,-424.00,TRUE,2026,3,August,2026,3,July,30
1113625297,2026-08-25,2026-08-26,HVAC Install,Hvac Recall/Warranty,Completed,PPC,Google | PMAX | Plumbing,92008,0.00,TRUE,2026,3,August,2026,3,August,35
1118299358,2026-08-25,2026-08-14,HVAC Install,A/C New Install,Completed,PPC,Google | Search | HVAC,91942,0.00,TRUE,2026,3,August,2026,3,August,33
1118935686,2026-08-25,2026-09-01,Plumbing Service,Drywall,Completed,Organic Search,DuckDuckGo Organic,92071,0.00,FALSE,2026,3,August,2026,3,September,36
1120110326,2026-08-25,2026-08-20,Plumbing Service,Mainline Stop,Completed,PPC,Google | Search | Plumbing,91932,0.00,TRUE,2026,3,August,2026,3,August,34
1123681856,2026-08-25,2026-08-25,HVAC Service,Hvac Recall/Warranty,Completed,Branded Phone Number,A1-800-BILL HOWE,92118,0.00,TRUE,2026,3,August,2026,3,August,35
1124585089,2026-08-25,2026-08-25,Plumbing Service,Reset Toilet,Completed,Google Business Profiles,GMB_SanDiego,92127,0.00,FALSE,2026,3,August,2026,3,August,35
1124799201,2026-08-25,2026-08-27,Plumbing Service,Plumbing Service,Completed,Google Business Profiles,GMB_SanDiego,92037,0.00,TRUE,2026,3,August,2026,3,August,35
1125369941,2026-08-25,,Lining Install - CA,Job Walk,Scheduled,Email,2025 Jetter Customers Annual Drip,92116,0.00,FALSE,2026,3,August,,,,
1125369941,2026-08-25,,Lining Install - CA,Lining,Scheduled,Email,2025 Jetter Customers Annual Drip,92116,7500.00,TRUE,2026,3,August,,,,
1125369941,2026-08-25,2026-08-28,Plumbing Service,Dishwasher,Completed,Email,2025 Jetter Customers Annual Drip,92116,0.00,TRUE,2026,3,August,2026,3,August,35
1125590692,2026-08-25,2026-08-26,Plumbing Service,Tub/Shower Faucet,Completed,Google Business Profiles,GMB_SanDiego,92071,398.00,TRUE,2026,3,August,2026,3,August,35
1126789003,2026-08-25,,HVAC Install,Full System Install,Scheduled,PPC,Google | PMAX | HVAC,92122,20799.51,TRUE,2026,3,August,,,,
1128462109,2026-08-25,,Lining Install - CA,Job Walk,Scheduled,Google Business Profiles,GMB_SanDiego,92021,0.00,FALSE,2026,3,August,,,,
1128462109,2026-08-25,,Lining Install - CA,Lining,Scheduled,Google Business Profiles,GMB_SanDiego,92021,8100.00,TRUE,2026,3,August,,,,
1128600428,2026-08-25,2026-08-24,Plumbing Service,Slab Leak,Completed,PPC,Google | Search | Plumbing,92109,0.00,FALSE,2026,3,August,2026,3,August,35
1128676933,2026-08-25,2026-08-24,Plumbing Service,Slab Leak,Completed,Google Business Profiles,GMB_SanDiego,92037,0.00,FALSE,2026,3,August,2026,3,August,35
1129148349,2026-08-25,2026-08-26,Plumbing Install,Repipe/Reroute,Completed,Google Business Profiles,GMB_SanDiego,92008,9104.00,TRUE,2026,3,August,2026,3,August,35
1129168827,2026-08-25,,HVAC Maintenance,Recurring Services: B.F.P. Hvac Maintenance,Scheduled,PPC,Google | Search | Brand,91913,0.00,TRUE,2026,3,August,,,,
1129168827,2026-08-25,,Plumbing Maintenance,,,,,91913,359.76,TRUE,2026,3,August,,,,
1129168827,2026-08-25,2026-08-31,Plumbing Maintenance,Tankless Flush,Completed,PPC,Google | Search | Brand,91913,0.00,TRUE,2026,3,August,2026,3,August,36
1129216281,2026-08-25,2026-08-25,Plumbing Service,Sewer Camera,Completed,Organic Search,Google Organic,91977,0.00,FALSE,2026,3,August,2026,3,August,35
1129289689,2026-08-25,2026-08-25,Plumbing Service,Slab Leak,Completed,Yelp,Yelp,91977,3875.00,TRUE,2026,3,August,2026,3,August,35
1129293007,2026-08-25,2026-08-26,Plumbing Sales,Plumbing Estimate,Completed,Branded Phone Number,Local 619,92154,0.00,TRUE,2026,3,August,2026,3,August,35
1129303544,2026-08-25,2026-09-05,HVAC Service,Diagnosis,Canceled,PPC,Google | Search | Brand,92037,0.00,TRUE,2026,3,August,2026,3,September,36
1129344427,2026-08-25,2026-09-01,Lining Install - CA,Job Walk,Completed,Google Business Profiles,GMB_SanDiego,92040,0.00,FALSE,2026,3,August,2026,3,September,36
1129344427,2026-08-25,2026-08-28,Plumbing Install,Drain Repipe/Reroute,Completed,Google Business Profiles,GMB_SanDiego,92040,4900.00,TRUE,2026,3,August,2026,3,August,35
1129344427,2026-08-25,2026-08-25,Plumbing Service,Sewer Camera,Completed,Google Business Profiles,GMB_SanDiego,92040,0.00,FALSE,2026,3,August,2026,3,August,35
1129497035,2026-08-25,2026-08-25,Restoration EMS,EMS Estimate,Completed,3rd Party Web Traffic,Yelp Referral Traffic,92118,0.00,FALSE,2026,3,August,2026,3,August,35
1129508830,2026-08-25,2026-08-25,Restoration EMS,EMS Estimate,Completed,Google Business Profiles,GMB_Poway,92064,0.00,TRUE,2026,3,August,2026,3,August,35
1129588627,2026-08-25,,Plumbing Service,Water Filtration Repair,Hold,Organic Search,DuckDuckGo Organic,92101,650.00,TRUE,2026,3,August,,,,
1129588627,2026-08-25,2026-08-25,Restoration EMS,EMS Estimate,Completed,Organic Search,DuckDuckGo Organic,92101,0.00,TRUE,2026,3,August,2026,3,August,35
1129598591,2026-08-25,2026-08-25,HVAC Service,Diagnosis,Canceled,Website,Online Booking,92131,0.00,TRUE,2026,3,August,2026,3,August,35
1129604845,2026-08-25,2026-08-26,HVAC Sales,HVAC Estimate,Completed,Sameday AI,Sameday AI,92009,0.00,FALSE,2026,3,August,2026,3,August,35
1129611106,2026-08-25,2026-08-25,Plumbing Service,Tub/Shower Stop,Completed,Direct Web Traffic,Direct Web Traffic,92127,102.00,TRUE,2026,3,August,2026,3,August,35
1129680496,2026-08-25,,HVAC Service,Diagnosis,Scheduled,Google LSA,Google Local Services,92124,0.00,TRUE,2026,3,August,,,,
1129680496,2026-08-25,,Plumbing Maintenance,Water Heater Flush,Scheduled,Google LSA,Google Local Services,92124,0.00,TRUE,2026,3,August,,,,
1129680496,2026-08-25,2026-09-01,Plumbing Sales,Plumbing Estimate,Completed,Google LSA,Google Local Services,92124,0.00,FALSE,2026,3,August,2026,3,September,36
1129682675,2026-08-25,2026-08-25,Plumbing Service,Pipe Leak,Canceled,Google LSA,Google Local Services,92130,0.00,TRUE,2026,3,August,2026,3,August,35
1129688288,2026-08-25,2026-08-25,Plumbing Service,Urinal Stop,Completed,PPC,Bing | Search | Brand,92121,144.00,TRUE,2026,3,August,2026,3,August,35
1129690942,2026-08-25,2026-08-25,Plumbing Sales,Water Heater Estimate - Residential,Completed,Google LSA,Google Local Services,92071,0.00,TRUE,2026,3,August,2026,3,August,35
1129773760,2026-08-25,2026-08-25,Plumbing Sales,Drain Estimate,Completed,Google Business Profiles,GMB_SanDiego,91977,0.00,FALSE,2026,3,August,2026,3,August,35
1129776395,2026-08-25,2026-08-26,Plumbing Sales,Plumbing Estimate,Completed,Email,Legacy Email Marketing Multiple Offers,92037,0.00,FALSE,2026,3,August,2026,3,August,35
1129776945,2026-08-25,,Plumbing Service,Pipe Leak,Hold,PPC,Google | PMAX | Drains,92109,0.00,TRUE,2026,3,August,,,,
1129781891,2026-08-25,2026-08-26,Plumbing Service,Mainline Stop,Canceled,Organic Search,Yahoo Organic,92024,0.00,TRUE,2026,3,August,2026,3,August,35
1129781891,2026-08-25,2026-08-26,Plumbing Service,Sewer Camera,Canceled,Organic Search,Yahoo Organic,92024,0.00,TRUE,2026,3,August,2026,3,August,35
1129781901,2026-08-25,,HVAC Sales,HVAC Estimate,Hold,PPC,Google | Search | Brand,92064,0.00,TRUE,2026,3,August,,,,
1129781932,2026-08-25,2026-08-26,Plumbing Service,Toilet Leak,Completed,Direct Web Traffic,Direct Web Traffic,92105,0.00,TRUE,2026,3,August,2026,3,August,35
1129948781,2026-08-25,2026-08-25,Plumbing Sales,Moen Flo Estimate,Completed,Google Business Profiles,GMB_SanDiego,92124,0.00,TRUE,2026,3,August,2026,3,August,35
1129957493,2026-08-25,2026-08-26,Plumbing Service,Toilet Leak,Completed,Branded Phone Number,A1-800-BILL HOWE,92121,0.00,FALSE,2026,3,August,2026,3,August,35
1129995734,2026-08-25,,Plumbing Service,Slab Leak,Hold,PPC,Google | Search | Competitor,92114,0.00,TRUE,2026,3,August,,,,
1129998379,2026-08-25,2026-08-25,Plumbing Service,Mainline Stop,Completed,Yelp,Yelp,92069,175.00,TRUE,2026,3,August,2026,3,August,35
1129998379,2026-08-25,2026-08-26,Plumbing Service,Sewer Camera,Completed,Yelp,Yelp,92069,0.00,TRUE,2026,3,August,2026,3,August,35
1129998603,2026-08-25,,Plumbing Maintenance,Backflow Test,Scheduled,Branded Phone Number,Local 619,92021,0.00,TRUE,2026,3,August,,,,
1129998916,2026-08-25,,HVAC Service,Diagnosis,Scheduled,PPC,Google | Search | Brand,92120,0.00,TRUE,2026,3,August,,,,
1130006980,2026-08-25,2026-08-26,Plumbing Service,Area/Storm Drain,Completed,Yelp,Yelp,92131,102.00,TRUE,2026,3,August,2026,3,August,35
1130008132,2026-08-25,2026-08-26,Lining Install - CA,Lining Estimate,Completed,Google Business Profiles,GMB_SanDiego,91901,0.00,FALSE,2026,3,August,2026,3,August,35
1130056798,2026-08-25,2026-08-26,Plumbing Service,Angle Stop,Completed,Google Business Profiles,GMB_SanDiego,92054,0.00,TRUE,2026,3,August,2026,3,August,35
1130065766,2026-08-25,2026-08-27,Plumbing Sales,Gas Estimate,Completed,Direct Web Traffic,Direct Web Traffic,92102,0.00,TRUE,2026,3,August,2026,3,August,35
1130066180,2026-08-25,2026-08-27,Plumbing Sales,Plumbing Estimate,Completed,PPC,Google | PMAX | Plumbing,92129,0.00,TRUE,2026,3,August,2026,3,August,35
1130088786,2026-08-25,2026-08-26,Plumbing Sales,Moen Flo Estimate,Completed,Branded Phone Number,Local 619,92021,0.00,TRUE,2026,3,August,2026,3,August,35
1130143993,2026-08-25,2026-08-26,Plumbing Service,Leak Below Kitchen,Completed,Email,Legacy Email Marketing Multiple Offers,92126,0.00,TRUE,2026,3,August,2026,3,August,35
1130167846,2026-08-25,2026-08-26,HVAC Sales,Hvac Tech Turnover Estimate,Completed,PPC,Google | Search | HVAC,92126,0.00,TRUE,2026,3,August,2026,3,August,35
1130167846,2026-08-25,2026-08-25,HVAC Service,Diagnosis,Completed,PPC,Google | Search | HVAC,92126,225.00,TRUE,2026,3,August,2026,3,August,35
1130171832,2026-08-25,2026-08-26,Plumbing Service,Kitchen Stop,Completed,Organic Search,Google Organic,92024,144.00,TRUE,2026,3,August,2026,3,August,35
1130185310,2026-08-25,2026-08-26,Plumbing Service,Pipe Leak,Completed,Organic Search,Google Organic,92067,0.00,FALSE,2026,3,August,2026,3,August,35
1130185320,2026-08-25,,HVAC Service,Diagnosis,Scheduled,Sameday AI,Sameday AI,92115,0.00,TRUE,2026,3,August,,,,
1130188864,2026-08-25,2026-08-25,HVAC Service,A/C Repair,Completed,PPC,Google | Search | HVAC,92056,709.01,TRUE,2026,3,August,2026,3,August,35
1130194461,2026-08-25,,HVAC Service,A/C Repair,Hold,Yelp,Yelp,92128,0.00,TRUE,2026,3,August,,,,
1130194486,2026-08-25,2026-08-25,Plumbing Service,Mainline Stop,Completed,Google Business Profiles,GMB_SanDiego,92119,425.00,TRUE,2026,3,August,2026,3,August,35
1130196191,2026-08-25,2026-08-26,Plumbing Service,Toilet Stop,Completed,Yelp,Yelp,92130,129.60,TRUE,2026,3,August,2026,3,August,35
1130207340,2026-08-25,,Plumbing Service,Mainline Stop,Hold,Google Business Profiles,GMB_SanDiego,92117,0.00,TRUE,2026,3,August,,,,
120652,2026-08-25,2026-08-27,Plumbing Service,Plumbing Service,Completed,Branded Phone Number,A1-800-BILL HOWE,92131,700.00,TRUE,2026,3,August,2026,3,August,35
120652,2026-08-25,2026-08-25,Plumbing Service,Plumbing Service,Completed,Branded Phone Number,A1-800-BILL HOWE,92131,262.50,TRUE,2026,3,August,2026,3,August,35
248969725,2026-08-25,2026-08-26,Plumbing Sales,Sump Pump Estimate,Completed,PPC,Google | Search | Brand,92037,0.00,TRUE,2026,3,August,2026,3,August,35
260662988,2026-08-25,2026-09-01,HVAC Service,Diagnosis,Completed,Google Business Profiles,GMB_SanDiego,92127,87.00,TRUE,2026,3,August,2026,3,September,36
260662988,2026-08-25,,HVAC Service,Preventative Maintenance,Scheduled,Google Business Profiles,GMB_SanDiego,92127,1677.00,TRUE,2026,3,August,,,,
265870707,2026-08-25,2026-08-31,Plumbing Service,Tub/Shower Faucet,Completed,Google Business Profiles,GMB_SanDiego,92101,3339.24,TRUE,2026,3,August,2026,3,August,36
266444991,2026-08-25,2026-08-26,Plumbing Service,Ice Maker Line,Completed,Organic Search,Google Organic,92029,563.00,TRUE,2026,3,August,2026,3,August,35
270945176,2026-08-25,2026-08-26,Plumbing Service,Disposal,Completed,Google Business Profiles,GMB_SanDiego,92117,530.00,TRUE,2026,3,August,2026,3,August,35
273887537,2026-08-25,2026-09-01,HVAC Service,Diagnosis,Canceled,Branded Phone Number,A1-800-BILL HOWE,92037,0.00,TRUE,2026,3,August,2026,3,September,36
278897697,2026-08-25,2026-08-26,Plumbing Service,Pipe Leak,Completed,Google Business Profiles,GMB_SanDiego,92111,0.00,TRUE,2026,3,August,2026,3,August,35
280597952,2026-08-25,,HVAC Service,Diagnosis,Scheduled,Email,Legacy Email Marketing Multiple Offers,92071,0.00,TRUE,2026,3,August,,,,
292458303,2026-08-25,,Plumbing Maintenance,,,,,91914,179.88,TRUE,2026,3,August,,,,
292458303,2026-08-25,,Plumbing Maintenance,,,,,92114,179.88,TRUE,2026,3,August,,,,
292458303,2026-08-25,,Plumbing Maintenance,,,,,91941,179.88,TRUE,2026,3,August,,,,
301208083,2026-08-25,2026-08-26,Plumbing Service,Kitchen Stop,Completed,Google Business Profiles,GMB_SanDiego,92037,0.00,TRUE,2026,3,August,2026,3,August,35
302200116,2026-08-25,2026-08-26,Plumbing Service,Laundry Bibbs,Completed,Branded Phone Number,Local 619,92008,785.00,TRUE,2026,3,August,2026,3,August,35
310009141,2026-08-25,,Plumbing Service,Water Heater Repair - Residential,Scheduled,Branded Phone Number,A1-800-BILL HOWE,92067,0.00,TRUE,2026,3,August,,,,
312279231,2026-08-25,,HVAC Service,Diagnosis,Scheduled,PPC,Google | Search | Brand,92024,0.00,TRUE,2026,3,August,,,,
313443217,2026-08-25,,Plumbing Maintenance,Tankless Flush,Scheduled,Google Business Profiles,GMB_SanDiego,91941,0.00,TRUE,2026,3,August,,,,
315067210,2026-08-25,,Plumbing Sales,,,,,,0.00,TRUE,2026,3,August,,,,
31537001,2026-08-25,2026-08-26,Plumbing Service,Recirculating Pump,Completed,Branded Phone Number,A1-800-BILL HOWE,92037,220.00,TRUE,2026,3,August,2026,3,August,35
31537512,2026-08-25,,Lining Install - CA,Lining,Scheduled,PPC,Google | Search | Brand,92107,15750.00,TRUE,2026,3,August,,,,
31537512,2026-08-25,2026-08-27,Plumbing Service,Drain Repair,Completed,PPC,Google | Search | Brand,92107,9900.00,TRUE,2026,3,August,2026,3,August,35
31537512,2026-08-25,2026-08-25,Plumbing Service,Drain Repair,Completed,PPC,Google | Search | Brand,92107,3500.00,TRUE,2026,3,August,2026,3,August,35
31537512,2026-08-25,2026-08-25,Plumbing Service,Sewer Camera,Completed,PPC,Google | Search | Brand,92107,0.00,FALSE,2026,3,August,2026,3,August,35
31537571,2026-08-25,2026-08-25,HVAC Service,Diagnosis,Canceled,Email,Legacy Email Marketing Multiple Offers,92037,0.00,TRUE,2026,3,August,2026,3,August,35
31537883,2026-08-25,2026-08-29,Plumbing Install,Drain Repipe/Reroute,Completed,Branded Phone Number,A1-800-BILL HOWE,92027,19000.00,TRUE,2026,3,August,2026,3,August,35
31542271,2026-08-25,2026-08-27,Plumbing Service,Plumbing Service,Completed,Email,Legacy Email Marketing Multiple Offers,92128,2328.00,TRUE,2026,3,August,2026,3,August,35
31543863,2026-08-25,2026-08-28,HVAC Service,Diagnosis,Canceled,PPC,Google | Search | Brand,92101,0.00,TRUE,2026,3,August,2026,3,August,35
31552540,2026-08-25,2026-08-25,HVAC Service,Hvac Recall/Warranty,Completed,Google LSA,Google Local Services,92110,414.10,TRUE,2026,3,August,2026,3,August,35
31554631,2026-08-25,2026-08-26,Plumbing Service,Toilet Leak,Completed,Branded Phone Number,A1-800-BILL HOWE,92117,0.00,FALSE,2026,3,August,2026,3,August,35
31559997,2026-08-25,2026-08-28,HVAC Service,Diagnosis,Completed,PPC,Bing | Search | Brand,92110,0.00,TRUE,2026,3,August,2026,3,August,35
31560686,2026-08-25,2026-08-26,Plumbing Service,Leak Below Kitchen,Completed,Branded Phone Number,Local 619,92103,537.28,TRUE,2026,3,August,2026,3,August,35
31561641,2026-08-25,2026-08-20,Plumbing Service,Tankless Service,Completed,Google Business Profiles,GMB_SanDiego,92064,0.00,FALSE,2026,3,August,2026,3,August,34
31561875,2026-08-25,2026-08-26,Plumbing Service,Lavatory Stop,Completed,Google Business Profiles,GMB_SanDiego,92109,362.48,TRUE,2026,3,August,2026,3,August,35
31562238,2026-08-25,2026-08-28,Plumbing Service,Kitchen Stop,Completed,Branded Phone Number,Local 619,91941,0.00,TRUE,2026,3,August,2026,3,August,35
31563543,2026-08-25,2026-08-28,Plumbing Sales,Drain Estimate,Completed,Website,Website Phone Calls,92101,0.00,FALSE,2026,3,August,2026,3,August,35
31564258,2026-08-25,2026-08-26,HVAC Sales,HVAC Estimate,Completed,Organic Search,Google Organic,92130,0.00,TRUE,2026,3,August,2026,3,August,35
31564261,2026-08-25,2026-08-26,Plumbing Service,Toilet Stop,Completed,Direct Web Traffic,Direct Web Traffic,92121,102.00,TRUE,2026,3,August,2026,3,August,35
31564391,2026-08-25,2026-08-25,Plumbing Service,Pipe Leak,Completed,Branded Phone Number,Local 619,91950,250.00,TRUE,2026,3,August,2026,3,August,35
31565453,2026-08-25,2026-08-26,Plumbing Service,Kitchen Stop,Completed,Google Business Profiles,GMB_SanDiego,92025,175.00,TRUE,2026,3,August,2026,3,August,35
31565463,2026-08-25,,HVAC Service,Diagnosis,Scheduled,Branded Phone Number,A1-800-BILL HOWE,92124,0.00,TRUE,2026,3,August,,,,
31568105,2026-08-25,2026-08-20,Plumbing Service,Toilet Leak,Completed,Direct Web Traffic,Direct Web Traffic,92109,0.00,TRUE,2026,3,August,2026,3,August,34
31571437,2026-08-25,,HVAC Maintenance,Preventative Maintenance,Scheduled,Direct Web Traffic,Direct Web Traffic,92104,0.00,TRUE,2026,3,August,,,,
31572277,2026-08-25,,Plumbing Service,Kitchen Faucet,In Progress,Branded Phone Number,A1-800-BILL HOWE,92117,461.70,TRUE,2026,3,August,,,,
31572703,2026-08-25,2026-08-25,Plumbing Service,Toilet Stop,Completed,PPC,Google | Search | Brand,92109,421.00,TRUE,2026,3,August,2026,3,August,35
31573108,2026-08-25,2026-09-03,Plumbing Maintenance,Recurring Services: Backflow Test,Completed,Direct Web Traffic,Direct Web Traffic,92103,0.00,TRUE,2026,3,August,2026,3,September,36
31574511,2026-08-25,2026-08-20,HVAC Install,Hvac Recall/Warranty,Completed,Branded Phone Number,Local 619,92110,0.00,TRUE,2026,3,August,2026,3,August,34
31579829,2026-08-25,,HVAC Maintenance,Preventative Maintenance,Scheduled,Organic Search,Bing Organic,92124,0.00,TRUE,2026,3,August,,,,
31580313,2026-08-25,2026-08-24,Plumbing Install,Tankless Install,Completed,Business Directories,Rinnai Listing,92104,0.00,TRUE,2026,3,August,2026,3,August,35
31583385,2026-08-25,,Lining Install - CA,Job Walk,Scheduled,Branded Phone Number,A1-800-BILL HOWE,92075,0.00,FALSE,2026,3,August,,,,
31583385,2026-08-25,,Lining Install - CA,Lining,Scheduled,Branded Phone Number,A1-800-BILL HOWE,92075,6657.00,TRUE,2026,3,August,,,,
31585682,2026-08-25,2026-08-26,Plumbing Service,Water Heater Repair - Residential,Completed,Website,Website Phone Calls,92037,0.00,TRUE,2026,3,August,2026,3,August,35
31588244,2026-08-25,2026-08-26,Plumbing Service,Upper/Lower Leak,Completed,PPC,Google | PMAX | Plumbing,92102,220.00,TRUE,2026,3,August,2026,3,August,35
31592335,2026-08-25,2026-07-07,HVAC Maintenance,Recurring Services: B.F.P. Hvac Maintenance,Completed,Branded Phone Number,Local 619,92037,0.00,FALSE,2026,3,August,2026,3,July,28
31595115,2026-08-25,2026-08-25,Plumbing Service,Leak Below Lavatory,Completed,Organic Search,Google Organic,92104,524.00,TRUE,2026,3,August,2026,3,August,35
31598284,2026-08-25,,Plumbing Maintenance,Backflow Test,Scheduled,PPC,Google | Search | Brand,92121,0.00,TRUE,2026,3,August,,,,
31601252,2026-08-25,2026-08-26,Plumbing Sales,Water Filtration Estimate,Completed,Email,Legacy Email Marketing Multiple Offers,92126,0.00,TRUE,2026,3,August,2026,3,August,35
31608149,2026-08-25,,HVAC Service,Diagnosis,Scheduled,Direct Web Traffic,Direct Web Traffic,92117,0.00,TRUE,2026,3,August,,,,
31608149,2026-08-25,2026-08-26,Plumbing Sales,Plumbing Estimate,Completed,Direct Web Traffic,Direct Web Traffic,92117,1300.00,TRUE,2026,3,August,2026,3,August,35
31608222,2026-08-25,2026-08-25,Plumbing Service,Mainline Stop,Completed,Google Business Profiles,GMB_SanDiego,92123,132.48,TRUE,2026,3,August,2026,3,August,35
31609030,2026-08-25,2026-08-27,Lining Install - CA,Jetting-Commercial,Completed,Google Business Profiles,GMB_SanDiego,92122,2750.00,TRUE,2026,3,August,2026,3,August,35
31611375,2026-08-25,2026-08-25,Plumbing Service,Mainline Stop,Completed,Branded Phone Number,A1-800-BILL HOWE,92078,367.08,TRUE,2026,3,August,2026,3,August,35
31611379,2026-08-25,2026-08-25,Plumbing Service,Tub/Shower Faucet,Canceled,Branded Phone Number,A1-800-BILL HOWE,92037,0.00,TRUE,2026,3,August,2026,3,August,35
31612934,2026-08-25,2026-08-27,Plumbing Service,Kitchen Stop,Completed,Email,Legacy Email Marketing Multiple Offers,92110,144.00,TRUE,2026,3,August,2026,3,August,35
31622630,2026-08-25,,HVAC Service,Diagnosis,Scheduled,Organic Search,Google Organic,92037,0.00,TRUE,2026,3,August,,,,
31625415,2026-08-25,2026-08-26,Plumbing Service,Leak Below Kitchen,Completed,PPC,Google | Search | Brand,92131,0.00,TRUE,2026,3,August,2026,3,August,35
31627722,2026-08-25,,HVAC Service,A/C Repair,Hold,PPC,Google | PMAX | HVAC,92111,0.00,TRUE,2026,3,August,,,,
31631527,2026-08-25,2026-08-20,Plumbing Sales,Job Walk,Completed,Branded Phone Number,A1-800-BILL HOWE,92075,0.00,FALSE,2026,3,August,2026,3,August,34
31635398,2026-08-25,,Plumbing Sales,Plumbing Estimate,Scheduled,CSR Outbound,$1 OUTBOUND (use this for out-bounding),92009,0.00,TRUE,2026,3,August,,,,
31639315,2026-08-25,2026-08-26,Plumbing Service,Plumbing Service,Completed,Branded Phone Number,Local 619,92126,462.00,TRUE,2026,3,August,2026,3,August,35
31640323,2026-08-25,2026-08-26,Restoration EMS,EMS Estimate,Completed,Branded Phone Number,A1-800-BILL HOWE,92127,0.00,TRUE,2026,3,August,2026,3,August,35
31640520,2026-08-25,2026-08-25,Restoration EMS,EMS Estimate,Completed,Direct Mail,2025 New Customer Welcome Direct Mail,92118,0.00,TRUE,2026,3,August,2026,3,August,35
31640870,2026-08-25,2026-08-27,Plumbing Service,Angle Stop,Completed,Branded Phone Number,Local 619,92024,602.00,TRUE,2026,3,August,2026,3,August,35
31643120,2026-08-25,2026-08-20,Plumbing Service,Drain Repair,Completed,Branded Phone Number,Local 619,92115,0.00,TRUE,2026,3,August,2026,3,August,34
31645689,2026-08-25,,Plumbing Service,Urinal Leak,Hold,Branded Phone Number,Local 619,92104,375.00,TRUE,2026,3,August,,,,
31645962,2026-08-25,,Restoration EMS,EMS Estimate,Hold,Organic Search,Google Organic,92109,0.00,TRUE,2026,3,August,,,,
31650598,2026-08-25,2026-08-25,Plumbing Service,Plumbing Service,Completed,Yelp,Yelp,92037,0.00,TRUE,2026,3,August,2026,3,August,35
31652960,2026-08-25,2026-08-14,Plumbing Service,Drain Repair,Completed,Yelp,Yelp,91941,0.00,TRUE,2026,3,August,2026,3,August,33
31652960,2026-08-25,,Plumbing Service,Drywall,Scheduled,Yelp,Yelp,91941,0.00,TRUE,2026,3,August,,,,
31653345,2026-08-25,2026-08-26,Plumbing Service,Kitchen Stop,Completed,Google Business Profiles,GMB_SanDiego,92117,454.00,TRUE,2026,3,August,2026,3,August,35
31653428,2026-08-25,,Restoration EMS,EMS Estimate,Hold,PPC,Google Legacy Campaigns,92116,0.00,TRUE,2026,3,August,,,,
31655530,2026-08-25,2026-09-03,HVAC Service,A/C Repair,Completed,Branded Phone Number,A1-800-BILL HOWE,92065,129.00,TRUE,2026,3,August,2026,3,September,36
31657173,2026-08-25,2026-08-27,Plumbing Service,Water Filtration Repair,Completed,Sameday AI,Sameday AI,92130,742.00,TRUE,2026,3,August,2026,3,August,35
31658040,2026-08-25,2026-08-20,Plumbing Service,Toilet Leak,Completed,CSR Outbound,$1 OUTBOUND (use this for out-bounding),92120,-246.00,TRUE,2026,3,August,2026,3,August,34
31667915,2026-08-25,2026-08-26,Plumbing Service,Water Filtration Repair,Completed,Branded Phone Number,Local 619,91913,0.00,FALSE,2026,3,August,2026,3,August,35
31669831,2026-08-25,2026-08-28,Plumbing Service,Toilet Leak,Completed,PPC,Google | Search | Brand,92007,0.00,FALSE,2026,3,August,2026,3,August,35
31671540,2026-08-25,2026-08-24,HVAC Install,Full System Install,Completed,Google Business Profiles,GMB_SanDiego,92019,0.00,TRUE,2026,3,August,2026,3,August,35
31674148,2026-08-25,2026-08-26,Plumbing Service,Lavatory Stop,Completed,Branded Phone Number,Local 619,92131,0.00,FALSE,2026,3,August,2026,3,August,35
31678591,2026-08-25,,HVAC Maintenance,,,,,92108,179.88,TRUE,2026,3,August,,,,
31678591,2026-08-25,,HVAC Maintenance,Preventative Maintenance,Scheduled,CSR Outbound,$1 OUTBOUND (use this for out-bounding),92108,0.00,TRUE,2026,3,August,,,,
31682294,2026-08-25,2026-08-26,Plumbing Service,Lavatory Faucet,Canceled,Branded Phone Number,Local 619,92037,0.00,TRUE,2026,3,August,2026,3,August,35
31685008,2026-08-25,,Plumbing Maintenance,Recurring Services: Backflow Test,Scheduled,Branded Phone Number,Local 619,92101,0.00,TRUE,2026,3,August,,,,
31688368,2026-08-25,2026-08-25,Plumbing Sales,Water Heater Estimate - Residential,Completed,Website,Website Phone Calls,92009,0.00,TRUE,2026,3,August,2026,3,August,35
31690783,2026-08-25,2026-08-27,Plumbing Sales,Plumbing Estimate,Completed,Email,Legacy Email Marketing Multiple Offers,92024,0.00,FALSE,2026,3,August,2026,3,August,35
31694839,2026-08-25,2026-08-27,Plumbing Service,Kitchen Faucet,Completed,Branded Phone Number,Local 619,92124,825.00,TRUE,2026,3,August,2026,3,August,35
31698990,2026-08-25,2026-08-25,Plumbing Service,Toilet Leak,Canceled,Branded Phone Number,Local 619,92071,0.00,TRUE,2026,3,August,2026,3,August,35
31698990,2026-08-25,2026-08-26,Plumbing Service,Toilet Leak,Completed,Branded Phone Number,Local 619,92071,297.00,TRUE,2026,3,August,2026,3,August,35
31699787,2026-08-25,2026-08-24,Plumbing Service,Tankless Service,Completed,Tech referral,Tech Referral,91950,0.00,TRUE,2026,3,August,2026,3,August,35
31699787,2026-08-25,2026-08-26,Plumbing Service,Toilet Stop,Completed,Tech referral,Tech Referral,92109,102.00,TRUE,2026,3,August,2026,3,August,35
31700213,2026-08-25,,HVAC Service,Diagnosis,Scheduled,Branded Phone Number,A1-800-BILL HOWE,91911,0.00,TRUE,2026,3,August,,,,
31701115,2026-08-25,2026-09-02,Plumbing Maintenance,Recurring Services: Backflow Test,Completed,Branded Phone Number,Local 619,92121,104.00,TRUE,2026,3,August,2026,3,September,36
31702456,2026-08-25,2026-08-26,Plumbing Service,Lavatory Stop,Completed,Email,Legacy Email Marketing Multiple Offers,92101,0.00,TRUE,2026,3,August,2026,3,August,35
31706076,2026-08-25,,Plumbing Maintenance,Recurring Services: Plumbing Inspection,Hold,,Memberships due for Service,92130,0.00,TRUE,2026,3,August,,,,
31706483,2026-08-25,2026-08-26,Plumbing Service,Disposal,Completed,Email,Legacy Email Marketing Multiple Offers,92116,477.00,TRUE,2026,3,August,2026,3,August,35
31709549,2026-08-25,2026-08-20,Plumbing Service,Plumbing Service,Completed,Google LSA,Google Local Services,92130,0.00,TRUE,2026,3,August,2026,3,August,34
31712202,2026-08-25,,Plumbing Maintenance,Recurring Services: B.F.P. Water Heater/Tankless Flush,Scheduled,CSR Outbound,$1 OUTBOUND (use this for out-bounding),92128,0.00,TRUE,2026,3,August,,,,
31714809,2026-08-25,2026-08-28,HVAC Service,Hvac Recall/Warranty,Completed,Google Business Profiles,GMB_SanDiego,92123,0.00,TRUE,2026,3,August,2026,3,August,35
31716864,2026-08-25,2026-08-26,Plumbing Service,Tankless Service,Completed,Branded Phone Number,A1-800-BILL HOWE,92075,337.25,TRUE,2026,3,August,2026,3,August,35
31720413,2026-08-25,2026-08-26,Plumbing Service,Hose Bib,Completed,Google Business Profiles,GMB_SanDiego,92009,238.50,TRUE,2026,3,August,2026,3,August,35
31721052,2026-08-25,2026-08-26,Plumbing Service,Combo,Completed,PPC,Google | Search | Brand,92129,572.00,TRUE,2026,3,August,2026,3,August,35
31722864,2026-08-25,,HVAC Service,A/C Repair,Scheduled,Google Business Profiles,GMB_SanDiego,92037,981.57,TRUE,2026,3,August,,,,
31725984,2026-08-25,2026-08-26,HVAC Service,Diagnosis,Completed,Google LSA,Google Local Services,92101,225.00,TRUE,2026,3,August,2026,3,August,35
31729504,2026-08-25,2026-08-25,Plumbing Service,Toilet Stop,Canceled,Branded Phone Number,Local 619,92108,0.00,TRUE,2026,3,August,2026,3,August,35
31731370,2026-08-25,2026-09-02,Plumbing Maintenance,Recurring Services: Backflow Test,Completed,Branded Phone Number,Local 619,92064,104.00,TRUE,2026,3,August,2026,3,September,36
31732435,2026-08-25,2026-08-21,Plumbing Service,Plumbing Service,Completed,Google LSA,Google Local Services,92116,0.00,TRUE,2026,3,August,2026,3,August,34
31733408,2026-08-25,2026-08-26,Plumbing Service,Jetting-Commercial,Completed,Google Business Profiles,GMB_SanDiego,92106,0.00,FALSE,2026,3,August,2026,3,August,35
31733408,2026-08-25,2026-08-26,Plumbing Service,Sewer Camera,Completed,Google Business Profiles,GMB_SanDiego,92106,0.00,TRUE,2026,3,August,2026,3,August,35
322971552,2026-08-25,2026-08-25,Plumbing Install,Water Heater Install - Residential,Completed,Direct Web Traffic,Direct Web Traffic,92131,4600.00,TRUE,2026,3,August,2026,3,August,35
330733989,2026-08-25,,Plumbing Maintenance,Backflow Test,Scheduled,Branded Phone Number,Local 619,92127,0.00,TRUE,2026,3,August,,,,
336782378,2026-08-25,2026-08-26,Plumbing Service,PRV,Completed,Branded Phone Number,A1-800-BILL HOWE,92114,0.00,FALSE,2026,3,August,2026,3,August,35
337293755,2026-08-25,,Plumbing Sales,,,,,,0.00,TRUE,2026,3,August,,,,
358674934,2026-08-25,2026-08-26,HVAC Sales,Hvac Tech Turnover Estimate,Completed,Branded Phone Number,A1-800-BILL HOWE,92024,0.00,TRUE,2026,3,August,2026,3,August,35
366913193,2026-08-25,2026-09-01,Plumbing Maintenance,Recurring Services: Water Heater Flush,Completed,CSR Outbound,$1 OUTBOUND (use this for out-bounding),92116,179.88,TRUE,2026,3,August,2026,3,September,36
367792570,2026-08-25,,HVAC Service,Diagnosis,Scheduled,Sameday AI,Sameday AI,92124,0.00,TRUE,2026,3,August,,,,
372608878,2026-08-25,2026-08-26,Plumbing Service,Plumbing Service,Canceled,Direct Web Traffic,Direct Web Traffic,92109,0.00,TRUE,2026,3,August,2026,3,August,35
373008653,2026-08-25,,HVAC Maintenance,Recurring Services: B.F.P. Hvac Maintenance,Scheduled,,Memberships due for Service,92037,0.00,TRUE,2026,3,August,,,,
375017318,2026-08-25,2026-08-27,Plumbing Service,Kitchen Faucet,Completed,Google Business Profiles,GMB_SanDiego,92101,1195.00,TRUE,2026,3,August,2026,3,August,35
377566071,2026-08-25,2026-08-26,Plumbing Service,PRV,Completed,Google LSA,Google Local Services,92009,1830.00,TRUE,2026,3,August,2026,3,August,35
378998593,2026-08-25,2026-08-26,Lining Install - CA,Lining Estimate,Completed,PPC,Google | Search | Brand,92104,0.00,FALSE,2026,3,August,2026,3,August,35
41776483,2026-08-25,2026-08-25,Plumbing Sales,Job Walk,Completed,Account,Work Order,91941,0.00,FALSE,2026,3,August,2026,3,August,35
45388831,2026-08-25,2026-08-27,Plumbing Service,Sewer Smell,Completed,Branded Phone Number,Local 619,92121,0.00,TRUE,2026,3,August,2026,3,August,35
460361442,2026-08-25,2026-08-25,Plumbing Service,Sewer Camera,Completed,Direct Web Traffic,Direct Web Traffic,92111,0.00,FALSE,2026,3,August,2026,3,August,35
460361442,2026-08-25,2026-08-25,Plumbing Service,Tub/Shower Stop,Completed,Direct Web Traffic,Direct Web Traffic,92111,175.00,TRUE,2026,3,August,2026,3,August,35
46043751,2026-08-25,2026-08-31,Plumbing Service,Plumbing Service,Completed,Tech referral,Tech Referral,92064,0.00,TRUE,2026,3,August,2026,3,August,36
461248858,2026-08-25,2026-08-25,Plumbing Sales,Plumbing Estimate,Canceled,Google Business Profiles,GMB_SanDiego,92021,0.00,TRUE,2026,3,August,2026,3,August,35
465570708,2026-08-25,2026-08-31,Plumbing Service,Tub/Shower Faucet,Completed,Branded Phone Number,Local 619,92108,375.00,TRUE,2026,3,August,2026,3,August,36
466855172,2026-08-25,2026-08-25,Plumbing Service,Kitchen Stop,Completed,PPC,Google | Search | Brand,92107,187.00,TRUE,2026,3,August,2026,3,August,35
467220553,2026-08-25,2026-08-21,HVAC Install,Hvac Recall/Warranty,Completed,Website,Website Phone Calls,92009,0.00,TRUE,2026,3,August,2026,3,August,34
470988472,2026-08-25,,HVAC Install,A/C New Install,Scheduled,Google Business Profiles,GMB_SanDiego,92009,141390.52,TRUE,2026,3,August,,,,
47193860,2026-08-25,2026-08-31,Plumbing Service,Plumbing Service,Completed,Branded Phone Number,Local 619,92126,0.00,TRUE,2026,3,August,2026,3,August,36
474249578,2026-08-25,2026-08-07,HVAC Install,Full System Install,Completed,PPC,Google | Search | Brand,92069,0.00,TRUE,2026,3,August,2026,3,August,32
481119280,2026-08-25,2026-08-20,Plumbing Service,Toilet Leak,Completed,Website,Website Phone Calls,92127,0.00,TRUE,2026,3,August,2026,3,August,34
484563759,2026-08-25,,Plumbing Service,Tub/Shower Faucet,Scheduled,Direct Web Traffic,Direct Web Traffic,92108,1592.00,TRUE,2026,3,August,,,,
485137919,2026-08-25,2026-08-26,Plumbing Service,Drain Repair,Completed,Organic Search,Google Organic,92102,0.00,FALSE,2026,3,August,2026,3,August,35
485829346,2026-08-25,,Plumbing Maintenance,Recurring Services: Backflow Test,Scheduled,Email,Legacy Email Marketing Multiple Offers,92111,0.00,TRUE,2026,3,August,,,,
487242353,2026-08-25,2026-08-26,Plumbing Service,Tub/Shower Faucet,Completed,Google Business Profiles,GMB_SanDiego,92024,0.00,TRUE,2026,3,August,2026,3,August,35
48988463,2026-08-25,2026-08-25,Plumbing Service,Angle Stop,Completed,Website,Website Phone Calls,92108,0.00,TRUE,2026,3,August,2026,3,August,35
48988463,2026-08-25,2026-08-28,Plumbing Service,Toilet Leak,Completed,Website,Website Phone Calls,92108,740.00,TRUE,2026,3,August,2026,3,August,35
49632120,2026-08-25,2026-09-04,HVAC Service,Diagnosis,Canceled,Branded Phone Number,Local 619,92009,0.00,TRUE,2026,3,August,2026,3,September,36
50900877,2026-08-25,2026-08-26,Plumbing Service,Water Heater Repair - Residential,Completed,Google Business Profiles,GMB_SanDiego,92111,0.00,TRUE,2026,3,August,2026,3,August,35
52034737,2026-08-25,2026-08-26,Plumbing Service,Toilet Leak,Completed,Branded Phone Number,Local 619,92126,300.00,TRUE,2026,3,August,2026,3,August,35
53292217,2026-08-25,,HVAC Maintenance,Recurring Services: B.F.P. Hvac Maintenance,Scheduled,PPC,Google | Search | Brand,92114,0.00,TRUE,2026,3,August,,,,
53472137,2026-08-25,2026-08-26,Plumbing Service,Toilet Leak,Completed,Branded Phone Number,A1-800-BILL HOWE,91950,0.00,FALSE,2026,3,August,2026,3,August,35
53541450,2026-08-25,,Plumbing Sales,Plumbing Estimate,Hold,Branded Phone Number,Local 619,92107,0.00,TRUE,2026,3,August,,,,
53541450,2026-08-25,,Plumbing Service,PRV,Hold,Branded Phone Number,Local 619,92107,0.00,TRUE,2026,3,August,,,,
56799921,2026-08-25,2026-08-28,Plumbing Service,Tub/Shower Faucet,Completed,PPC,Google | Search | Brand,92103,830.00,TRUE,2026,3,August,2026,3,August,35
56850909,2026-08-25,,Plumbing Maintenance,,,,,92064,179.88,TRUE,2026,3,August,,,,
56850909,2026-08-25,,Plumbing Maintenance,Recurring Services: Water Heater Flush,Scheduled,CSR Outbound,$1 OUTBOUND (use this for out-bounding),92064,0.00,TRUE,2026,3,August,,,,
57269778,2026-08-25,2026-09-02,Plumbing Maintenance,Recurring Services: B.F.P. Water Heater/Tankless Flush,Completed,Branded Phone Number,Local 619,92014,0.00,TRUE,2026,3,August,2026,3,September,36
57734948,2026-08-25,2026-08-21,Plumbing Service,Plumbing Service,Completed,Google Business Profiles,GMB_SanDiego,92101,0.00,TRUE,2026,3,August,2026,3,August,34
57796451,2026-08-25,2026-08-28,HVAC Sales,HVAC Estimate,Completed,Organic Search,Bing Organic,92014,0.00,TRUE,2026,3,August,2026,3,August,35
58163880,2026-08-25,2026-08-28,Plumbing Install,Drain Repair,Completed,Outbound SMS,ST Outbound Text Lines,92106,8488.00,TRUE,2026,3,August,2026,3,August,35
58163880,2026-08-25,2026-08-25,Plumbing Sales,Drain Estimate,Completed,Outbound SMS,ST Outbound Text Lines,92106,0.00,FALSE,2026,3,August,2026,3,August,35
58163880,2026-08-25,2026-08-28,Plumbing Sales,Job Walk,Completed,Outbound SMS,ST Outbound Text Lines,92106,0.00,FALSE,2026,3,August,2026,3,August,35
59735494,2026-08-25,,Plumbing Maintenance,,,,,92131,179.88,TRUE,2026,3,August,,,,
59735494,2026-08-25,,Plumbing Maintenance,Recurring Services: B.F.P. Water Heater/Tankless Flush,Scheduled,,Memberships due for Service,92131,0.00,TRUE,2026,3,August,,,,
59990984,2026-08-25,2026-08-26,Plumbing Install,Repipe/Reroute,Completed,PPC,Google | Search | Brand,92111,4950.00,TRUE,2026,3,August,2026,3,August,35
59990984,2026-08-25,2026-08-26,Plumbing Sales,Job Walk,Completed,PPC,Google | Search | Brand,92111,0.00,FALSE,2026,3,August,2026,3,August,35
60209943,2026-08-25,2026-08-26,Plumbing Service,Toilet Stop,Completed,PPC,Google | Search | Brand,92126,102.00,TRUE,2026,3,August,2026,3,August,35
61240712,2026-08-25,2026-08-25,Restoration EMS,EMS Estimate,Completed,PPC,Google | Search | Brand,92109,0.00,FALSE,2026,3,August,2026,3,August,35
61240712,2026-08-25,,Restoration EMS,EMS Estimate,Scheduled,PPC,Google | Search | Brand,92109,0.00,TRUE,2026,3,August,,,,
62364761,2026-08-25,,HVAC Service,Diagnosis,Scheduled,Direct Web Traffic,Direct Web Traffic,92101,0.00,TRUE,2026,3,August,,,,
62728208,2026-08-25,2026-08-26,Plumbing Service,Tub/Shower Faucet,Completed,Google Business Profiles,GMB_SanDiego,92019,398.00,TRUE,2026,3,August,2026,3,August,35
63380724,2026-08-25,2026-08-20,Plumbing Service,Disposal,Completed,Sameday AI,Sameday AI,92107,0.00,TRUE,2026,3,August,2026,3,August,34
66485215,2026-08-25,,Plumbing Service,,,,,92129,179.88,TRUE,2026,3,August,,,,
66868633,2026-08-25,2026-09-03,Plumbing Maintenance,Plumbing Inspection,Completed,Organic Search,Google Organic,92011,179.88,TRUE,2026,3,August,2026,3,September,36
671773947,2026-08-25,2026-09-01,Plumbing Service,Plumbing Service,Completed,Email,Legacy Email Marketing Multiple Offers,92130,677.46,TRUE,2026,3,August,2026,3,September,36
674583687,2026-08-25,,HVAC Service,Diagnosis,Scheduled,Branded Phone Number,Local 619,92106,0.00,TRUE,2026,3,August,,,,
67694710,2026-08-25,2026-08-24,Plumbing Maintenance,Tankless Flush,Completed,Email,Plumbing to HVAC Cross Promotion Offer Drip 2025,92040,150.00,TRUE,2026,3,August,2026,3,August,35
67694710,2026-08-25,2026-08-25,Plumbing Maintenance,Tankless Flush,Canceled,Email,Plumbing to HVAC Cross Promotion Offer Drip 2025,92040,0.00,TRUE,2026,3,August,2026,3,August,35
67694710,2026-08-25,2026-08-25,Plumbing Maintenance,Tankless Flush,Completed,Email,Plumbing to HVAC Cross Promotion Offer Drip 2025,92102,150.00,TRUE,2026,3,August,2026,3,August,35
67694710,2026-08-25,2026-08-24,Plumbing Maintenance,Tankless Flush,Completed,Email,Plumbing to HVAC Cross Promotion Offer Drip 2025,92040,0.00,TRUE,2026,3,August,2026,3,August,35
67694710,2026-08-25,2026-08-25,Plumbing Maintenance,Tankless Flush,Completed,Email,Plumbing to HVAC Cross Promotion Offer Drip 2025,92102,0.00,TRUE,2026,3,August,2026,3,August,35
67694710,2026-08-25,2026-08-28,Plumbing Service,Plumbing Service,Completed,Email,Plumbing to HVAC Cross Promotion Offer Drip 2025,92102,0.00,FALSE,2026,3,August,2026,3,August,35
67694710,2026-08-25,2026-08-27,Plumbing Service,PRV,Completed,Email,Plumbing to HVAC Cross Promotion Offer Drip 2025,92040,955.88,TRUE,2026,3,August,2026,3,August,35
67694710,2026-08-25,2026-08-25,Plumbing Service,PRV,Canceled,Email,Plumbing to HVAC Cross Promotion Offer Drip 2025,92040,0.00,TRUE,2026,3,August,2026,3,August,35
67694710,2026-08-25,2026-08-28,Plumbing Service,Toilet Leak,Completed,Email,Plumbing to HVAC Cross Promotion Offer Drip 2025,92040,268.64,TRUE,2026,3,August,2026,3,August,35
67955915,2026-08-25,2026-08-27,Plumbing Sales,Plumbing Estimate,Completed,Organic Search,Google Organic,92037,0.00,TRUE,2026,3,August,2026,3,August,35
679743103,2026-08-25,2026-08-25,Plumbing Service,Leak Below Lavatory,Completed,Website,Website Phone Calls,92127,212.00,TRUE,2026,3,August,2026,3,August,35
682749439,2026-08-25,,Plumbing Sales,,,,,92154,0.00,TRUE,2026,3,August,,,,
682750097,2026-08-25,,Plumbing Sales,,,,,91911,0.00,TRUE,2026,3,August,,,,
682751586,2026-08-25,,Plumbing Sales,,,,,92081,0.00,TRUE,2026,3,August,,,,
682768328,2026-08-25,,Plumbing Sales,,,,,,0.00,TRUE,2026,3,August,,,,
682769687,2026-08-25,,Plumbing Sales,,,,,,0.00,TRUE,2026,3,August,,,,
682778037,2026-08-25,,Plumbing Sales,,,,,,0.00,TRUE,2026,3,August,,,,
85176969,2026-08-25,2026-08-25,Plumbing Install,Water Heater Install - Residential,Completed,Google Business Profiles,GMB_Poway,92064,6780.00,TRUE,2026,3,August,2026,3,August,35
85176969,2026-08-25,2026-08-25,Plumbing Sales,Water Heater Estimate - Residential,Completed,Google Business Profiles,GMB_Poway,92064,179.88,TRUE,2026,3,August,2026,3,August,35
85455893,2026-08-25,2026-09-03,HVAC Service,Diagnosis,Completed,Direct Web Traffic,Direct Web Traffic,92014,0.00,TRUE,2026,3,August,2026,3,September,36
86409819,2026-08-25,,HVAC Service,A/C Repair,Scheduled,Direct Web Traffic,Direct Web Traffic,92102,0.00,TRUE,2026,3,August,,,,
888818281,2026-08-25,2026-08-26,Plumbing Service,Tub/Shower Faucet,Completed,Direct Web Traffic,Direct Web Traffic,92024,0.00,FALSE,2026,3,August,2026,3,August,35
890031259,2026-08-25,2026-08-26,Plumbing Service,Dishwasher,Completed,Google Business Profiles,GMB_SanDiego,92101,0.00,TRUE,2026,3,August,2026,3,August,35
901730551,2026-08-25,2026-08-25,HVAC Service,Diagnosis,Completed,Email,Legacy Email Marketing Multiple Offers,92127,225.00,TRUE,2026,3,August,2026,3,August,35
904678699,2026-08-25,2026-08-27,Plumbing Sales,Drain Estimate,Completed,Branded Phone Number,Local 619,92107,0.00,FALSE,2026,3,August,2026,3,August,35
912531734,2026-08-25,2026-08-26,Plumbing Service,Mainline Stop,Completed,PPC,Google | PMAX | Drains,92008,187.00,TRUE,2026,3,August,2026,3,August,35
92581600,2026-08-25,2026-08-27,Plumbing Service,Sewer Camera,Completed,Branded Phone Number,A1-800-BILL HOWE,92040,0.00,TRUE,2026,3,August,2026,3,August,35
92614201,2026-08-25,2026-08-20,Plumbing Service,Sewer Camera,Completed,Branded Phone Number,A1-800-BILL HOWE,92128,0.00,TRUE,2026,3,August,2026,3,August,34
93500057,2026-08-25,2026-08-28,Plumbing Maintenance,Backflow Test,Completed,Google Business Profiles,GMB_SanDiego,92025,732.00,TRUE,2026,3,August,2026,3,August,35
93500057,2026-08-25,2026-08-28,Plumbing Maintenance,Backflow Test,Completed,Google Business Profiles,GMB_SanDiego,92025,1688.00,TRUE,2026,3,August,2026,3,August,35
93500057,2026-08-25,2026-08-28,Plumbing Maintenance,Backflow Test,Completed,Google Business Profiles,GMB_SanDiego,92025,632.00,TRUE,2026,3,August,2026,3,August,35
94248419,2026-08-25,2026-08-14,Plumbing Service,Drain Repair,Completed,PPC,Google | Search | Brand,92037,0.00,FALSE,2026,3,August,2026,3,August,33
94365718,2026-08-25,2026-08-20,HVAC Service,Hvac Recall/Warranty,Completed,PPC,Google | Search | Brand,92127,0.00,TRUE,2026,3,August,2026,3,August,34
95044374,2026-08-25,2026-08-21,HVAC Install,Full System Install,Completed,Branded Phone Number,Local 619,92130,0.00,TRUE,2026,3,August,2026,3,August,34
95288820,2026-08-25,2026-08-28,Plumbing Service,Tub/Shower Faucet,Completed,Website,Online Booking,92106,265.00,TRUE,2026,3,August,2026,3,August,35
96788441,2026-08-25,2026-08-27,HVAC Service,Hvac Recall/Warranty,Completed,PPC,Google | Search | Brand,92104,0.00,TRUE,2026,3,August,2026,3,August,35
980337442,2026-08-25,,HVAC Service,Diagnosis,Scheduled,PPC,Google | Search | Brand,91932,0.00,TRUE,2026,3,August,,,,
98485841,2026-08-25,2026-08-26,Plumbing Service,Drain Repair,Completed,Branded Phone Number,Local 619,92106,0.00,TRUE,2026,3,August,2026,3,August,35
98585519,2026-08-25,2026-08-26,Plumbing Sales,Tankless Estimate,Completed,Outbound SMS,ST Outbound Text Lines,91932,179.88,TRUE,2026,3,August,2026,3,August,35
1076078681,2026-08-26,2026-09-02,HVAC Service,Diagnosis,Completed,,Offers Roundup August 2026,92130,498.19,TRUE,2026,3,August,2026,3,September,36
1079791184,2026-08-26,2026-08-26,HVAC Service,Hvac Recall/Warranty,Completed,PPC,Google | Search | Brand,92115,87.00,TRUE,2026,3,August,2026,3,August,35
1089995329,2026-08-26,2026-08-28,Lining Install - CA,Lining Estimate,Completed,Google Business Profiles,GMB_SanDiego,92037,0.00,TRUE,2026,3,August,2026,3,August,35
1097370018,2026-08-26,2026-08-06,Plumbing Install,Water Heater Install - Residential,Completed,Branded Phone Number,Local 619,92021,0.00,TRUE,2026,3,August,2026,3,August,32
1103053484,2026-08-26,2026-09-02,Plumbing Install,Water Filtration Install,Completed,Direct Web Traffic,Direct Web Traffic,92126,5439.00,TRUE,2026,3,August,2026,3,September,36
1115700732,2026-08-26,,Plumbing Service,Water Heater Repair - Residential,Scheduled,Branded Phone Number,A1-800-BILL HOWE,92056,608.00,TRUE,2026,3,August,,,,
1118299358,2026-08-26,2026-08-29,HVAC Install,Hvac Recall/Warranty,Completed,PPC,Google | Search | HVAC,91942,0.00,TRUE,2026,3,August,2026,3,August,35
1121454609,2026-08-26,2026-08-14,Plumbing Service,Drain Repair,Completed,Google LSA,Google Local Services,91945,0.00,FALSE,2026,3,August,2026,3,August,33
1121454609,2026-08-26,2026-08-21,Plumbing Service,Plumbing Service,Completed,Google LSA,Google Local Services,91945,0.00,FALSE,2026,3,August,2026,3,August,34
1122151214,2026-08-26,2026-08-11,Plumbing Service,Slab Leak,Completed,PPC,Google | Search | Brand,92131,0.00,TRUE,2026,3,August,2026,3,August,33
1123681775,2026-08-26,,Plumbing Service,Toilet Leak,In Progress,Organic Search,DuckDuckGo Organic,92120,1149.84,TRUE,2026,3,August,,,,
1124540923,2026-08-26,2026-08-28,Lining Install - CA,Sewer Camera,Completed,Branded Phone Number,A1-800-BILL HOWE,92120,0.00,TRUE,2026,3,August,2026,3,August,35
1124585089,2026-08-26,2026-08-28,Plumbing Service,Toilet Leak,Completed,Google Business Profiles,GMB_SanDiego,92127,0.00,FALSE,2026,3,August,2026,3,August,35
1124767476,2026-08-26,,HVAC Service,A/C Repair,Hold,PPC,Google | Search | Brand,92107,816.73,TRUE,2026,3,August,,,,
1125166066,2026-08-26,2026-08-27,Plumbing Service,Drain Repair,Completed,Google Business Profiles,GMB_SanDiego,91913,689.00,TRUE,2026,3,August,2026,3,August,35
1125589479,2026-08-26,2026-08-16,Plumbing Service,Drain Repair,Completed,Google LSA,Google Local Services,92021,-144.00,TRUE,2026,3,August,2026,3,August,33
1126788892,2026-08-26,2026-08-31,Plumbing Install,Repipe/Reroute,Completed,Branded Phone Number,Local 619,91945,12950.00,TRUE,2026,3,August,2026,3,August,36
1126788892,2026-08-26,2026-08-27,Plumbing Sales,Job Walk,Completed,Branded Phone Number,Local 619,91945,0.00,FALSE,2026,3,August,2026,3,August,35
1126788892,2026-08-26,2026-08-26,Plumbing Service,Mainline Stop,Completed,Branded Phone Number,Local 619,91945,0.00,TRUE,2026,3,August,2026,3,August,35
1127537506,2026-08-26,,Restoration EMS,EMS Estimate,Hold,PPC,Google | Search | Brand,92108,0.00,TRUE,2026,3,August,,,,
1128986166,2026-08-26,2026-08-21,Plumbing Service,Pipe Leak,Completed,Yelp,Yelp,92025,0.00,TRUE,2026,3,August,2026,3,August,34
1129075443,2026-08-26,,Plumbing Service,Sewer Camera,Hold,PPC,Google | Search | Brand,91941,0.00,TRUE,2026,3,August,,,,
1129216281,2026-08-26,2026-09-03,Plumbing Service,Drain Repair,Completed,Organic Search,Google Organic,91977,4599.00,TRUE,2026,3,August,2026,3,September,36
1129224269,2026-08-26,2026-08-26,Plumbing Service,Drywall,Completed,PPC,Bing | Search | Brand,91910,0.00,TRUE,2026,3,August,2026,3,August,35
1129275415,2026-08-26,2026-08-24,Plumbing Service,Jetting- Residential,Completed,Organic Search,Google Organic,92064,0.00,TRUE,2026,3,August,2026,3,August,35
1129303390,2026-08-26,2026-08-26,Plumbing Service,Leak Below Kitchen,Completed,Direct Web Traffic,Direct Web Traffic,92037,669.60,TRUE,2026,3,August,2026,3,August,35
1129344412,2026-08-26,2026-08-27,Plumbing Install,Water Heater Install - Residential,Completed,Direct Web Traffic,Direct Web Traffic,92104,4237.00,TRUE,2026,3,August,2026,3,August,35
1129344427,2026-08-26,2026-09-01,Lining Install - CA,Lining,Completed,Google Business Profiles,GMB_SanDiego,92040,9600.00,TRUE,2026,3,August,2026,3,September,36
1129509614,2026-08-26,2026-08-27,Plumbing Service,Lavatory Faucet,Canceled,Direct Web Traffic,Direct Web Traffic,92037,0.00,TRUE,2026,3,August,2026,3,August,35
1129776395,2026-08-26,,Plumbing Service,Tub/Shower Faucet,Hold,Email,Legacy Email Marketing Multiple Offers,92037,1900.00,TRUE,2026,3,August,,,,
1129781932,2026-08-26,2026-08-26,Plumbing Sales,Drain Estimate,Completed,Direct Web Traffic,Direct Web Traffic,92105,0.00,FALSE,2026,3,August,2026,3,August,35
1129781932,2026-08-26,2026-08-28,Plumbing Sales,Job Walk,Completed,Direct Web Traffic,Direct Web Traffic,92105,0.00,FALSE,2026,3,August,2026,3,August,35
1129781932,2026-08-26,2026-08-31,Plumbing Service,Drain Repair,Completed,Direct Web Traffic,Direct Web Traffic,92105,9706.01,TRUE,2026,3,August,2026,3,August,36
1130056798,2026-08-26,2026-08-26,Plumbing Sales,Plumbing Estimate,Completed,Google Business Profiles,GMB_SanDiego,92054,0.00,FALSE,2026,3,August,2026,3,August,35
1130143993,2026-08-26,2026-08-27,Plumbing Service,Kitchen Stop,Completed,Email,Legacy Email Marketing Multiple Offers,92126,102.00,TRUE,2026,3,August,2026,3,August,35
1130167846,2026-08-26,2026-08-26,Restoration EMS,EMS Estimate,Canceled,PPC,Google | Search | HVAC,92126,0.00,TRUE,2026,3,August,2026,3,August,35
1130185310,2026-08-26,,Plumbing Service,Pipe Leak,Hold,Organic Search,Google Organic,92067,3680.00,TRUE,2026,3,August,,,,
1130223686,2026-08-26,2026-08-26,Plumbing Service,Ice Maker Line,Completed,Google Business Profiles,GMB_SanDiego,91914,0.00,TRUE,2026,3,August,2026,3,August,35
1130226163,2026-08-26,,HVAC Service,Diagnosis,Scheduled,Google LSA,Google Local Services,92064,0.00,TRUE,2026,3,August,,,,
1130229982,2026-08-26,2026-08-26,Plumbing Service,Kitchen Stop,Completed,3rd Party Web Traffic,Yelp Referral Traffic,92069,144.00,TRUE,2026,3,August,2026,3,August,35
1130230114,2026-08-26,,HVAC Service,Diagnosis,Scheduled,Google Business Profiles,GMB_Poway,92115,0.00,TRUE,2026,3,August,,,,
1130230776,2026-08-26,2026-08-27,Plumbing Service,Sewer Camera,Completed,Email,Legacy Email Marketing Multiple Offers,92107,315.00,TRUE,2026,3,August,2026,3,August,35
1130232287,2026-08-26,2026-08-26,Plumbing Service,Toilet Stop,Completed,PPC,Google | Search | Brand,92101,144.00,TRUE,2026,3,August,2026,3,August,35
1130232445,2026-08-26,2026-08-26,Plumbing Service,Tankless Service,Completed,PPC,Google | Search | Brand,92104,0.00,TRUE,2026,3,August,2026,3,August,35
1130234720,2026-08-26,2026-08-28,Plumbing Service,Leak Below Kitchen,Completed,Google Business Profiles,GMB_SanDiego,92101,0.00,FALSE,2026,3,August,2026,3,August,35
1130305118,2026-08-26,2026-08-27,HVAC Sales,HVAC Estimate,Completed,PPC,Google | PMAX | HVAC,92109,0.00,TRUE,2026,3,August,2026,3,August,35
1130308602,2026-08-26,2026-08-26,Plumbing Install,Water Heater Install - Residential,Completed,Google Business Profiles,GMB_SanDiego,92106,4095.00,TRUE,2026,3,August,2026,3,August,35
1130308602,2026-08-26,2026-08-26,Plumbing Sales,Water Heater Estimate - Residential,Completed,PPC,Google | Search | Brand,92106,0.00,FALSE,2026,3,August,2026,3,August,35
1130342033,2026-08-26,2026-08-26,Plumbing Service,Pipe Leak,Completed,PPC,Google | Search | Plumbing,92131,318.00,TRUE,2026,3,August,2026,3,August,35
1130398686,2026-08-26,,HVAC Service,Diagnosis,Scheduled,Organic Search,Google Organic,92103,0.00,TRUE,2026,3,August,,,,
1130407280,2026-08-26,2026-08-27,Plumbing Service,Kitchen Faucet,Completed,Branded Phone Number,A1-800-BILL HOWE,92069,0.00,TRUE,2026,3,August,2026,3,August,35
1130408533,2026-08-26,2026-08-27,Plumbing Service,Lavatory Stop,Completed,Branded Phone Number,Local 619,92101,102.00,TRUE,2026,3,August,2026,3,August,35
1130413968,2026-08-26,2026-08-27,Plumbing Sales,Plumbing Estimate,Canceled,PPC,Google | Search | Brand,92130,0.00,TRUE,2026,3,August,2026,3,August,35
1130413968,2026-08-26,2026-08-27,Plumbing Service,Angle Stop,Canceled,Sameday AI,Sameday AI,92130,0.00,TRUE,2026,3,August,2026,3,August,35
1130417889,2026-08-26,2026-09-02,Plumbing Sales,Plumbing Estimate,Completed,PPC,Google | Search | Brand,92117,0.00,TRUE,2026,3,August,2026,3,September,36
1130443159,2026-08-26,2026-08-31,HVAC Sales,HVAC Estimate,Completed,PPC,Google | Search | HVAC,92084,0.00,TRUE,2026,3,August,2026,3,August,36
1130452275,2026-08-26,,HVAC Service,Diagnosis,Scheduled,Google Business Profiles,GMB_SanDiego,92130,0.00,TRUE,2026,3,August,,,,
1130484330,2026-08-26,,HVAC Service,Diagnosis,Scheduled,PPC,Google | Search | Brand,92024,0.00,TRUE,2026,3,August,,,,
1130503865,2026-08-26,2026-08-31,HVAC Sales,HVAC Estimate,Completed,CSR Outbound,$1 OUTBOUND (use this for out-bounding),92007,0.00,FALSE,2026,3,August,2026,3,August,36
1130558182,2026-08-26,2026-08-27,Plumbing Service,Upper/Lower Leak,Completed,PPC,Google | Search | Plumbing,92127,398.70,TRUE,2026,3,August,2026,3,August,35
1130573950,2026-08-26,2026-08-26,HVAC Service,Diagnosis,Canceled,PPC,Google | Search | HVAC,92110,0.00,TRUE,2026,3,August,2026,3,August,35
1130595056,2026-08-26,2026-08-27,Plumbing Sales,Plumbing Estimate,Completed,PPC,Google | PMAX | Drains,92011,0.00,FALSE,2026,3,August,2026,3,August,35
1130600671,2026-08-26,2026-08-26,HVAC Service,Diagnosis,Canceled,PPC,Google | Search | HVAC,92124,0.00,TRUE,2026,3,August,2026,3,August,35
1130613855,2026-08-26,2026-08-28,Plumbing Service,Lavatory Stop,Completed,PPC,Google | PMAX | Drains,92037,144.00,TRUE,2026,3,August,2026,3,August,35
1130616296,2026-08-26,2026-08-26,Plumbing Service,Mainline Stop,Canceled,Direct Web Traffic,Direct Web Traffic,91942,0.00,TRUE,2026,3,August,2026,3,August,35
211387,2026-08-26,2026-08-26,Plumbing Service,Leak Below Kitchen,Completed,Branded Phone Number,A1-800-BILL HOWE,92102,175.00,TRUE,2026,3,August,2026,3,August,35
212796,2026-08-26,2026-09-03,Plumbing Maintenance,Backflow Test,Completed,Branded Phone Number,Local 619,92116,104.00,TRUE,2026,3,August,2026,3,September,36
249838534,2026-08-26,2026-08-27,Plumbing Service,Toilet Stop,Completed,PPC,Google | Search | Brand,92120,102.00,TRUE,2026,3,August,2026,3,August,35
249846196,2026-08-26,2026-08-27,Plumbing Service,Tub/Shower Stop,Completed,Direct Web Traffic,Direct Web Traffic,92037,356.96,TRUE,2026,3,August,2026,3,August,35
253202667,2026-08-26,2026-08-26,Plumbing Service,Laundry Bibbs,Completed,Organic Search,Google Organic,92113,471.60,TRUE,2026,3,August,2026,3,August,35
256254836,2026-08-26,,Plumbing Maintenance,,,,,92117,29.98,TRUE,2026,3,August,,,,
266372404,2026-08-26,2026-08-28,Plumbing Service,Tub/Shower Faucet,Completed,PPC,Google | Search | Plumbing,91932,302.10,TRUE,2026,3,August,2026,3,August,35
268970385,2026-08-26,2026-08-26,Plumbing Sales,Drain Estimate,Canceled,Branded Phone Number,A1-800-BILL HOWE,92115,0.00,FALSE,2026,3,August,2026,3,August,35
271973344,2026-08-26,2026-08-28,Plumbing Service,Tub/Shower Faucet,Completed,Branded Phone Number,A1-800-BILL HOWE,92091,742.00,TRUE,2026,3,August,2026,3,August,35
272586530,2026-08-26,2026-08-27,Plumbing Service,Kitchen Stop,Completed,Direct Web Traffic,Direct Web Traffic,92029,102.00,TRUE,2026,3,August,2026,3,August,35
274475928,2026-08-26,2026-08-28,HVAC Sales,HVAC Estimate,Completed,Branded Phone Number,A1-800-BILL HOWE,92071,0.00,TRUE,2026,3,August,2026,3,August,35
278007751,2026-08-26,2026-09-03,Plumbing Maintenance,Recurring Services: Backflow Test,Completed,CSR Outbound,$1 OUTBOUND (use this for out-bounding),92119,104.00,TRUE,2026,3,August,2026,3,September,36
280938847,2026-08-26,2026-08-27,HVAC Service,A/C Repair,Canceled,Branded Phone Number,Local 619,92029,0.00,TRUE,2026,3,August,2026,3,August,35
284784123,2026-08-26,2026-08-28,Plumbing Service,Toilet Leak,Completed,Branded Phone Number,Local 619,92128,0.00,FALSE,2026,3,August,2026,3,August,35
284791358,2026-08-26,2026-08-27,Plumbing Service,Kitchen Stop,Completed,Direct Web Traffic,Direct Web Traffic,92129,144.00,TRUE,2026,3,August,2026,3,August,35
287106709,2026-08-26,2026-08-27,Plumbing Sales,Water Heater Estimate - Residential,Completed,Outbound SMS,ST Outbound Text Lines,92103,0.00,FALSE,2026,3,August,2026,3,August,35
288369834,2026-08-26,,Plumbing Maintenance,Recurring Services: Plumbing Inspection,Scheduled,CSR Outbound,$1 OUTBOUND (use this for out-bounding),92130,0.00,TRUE,2026,3,August,,,,
288369834,2026-08-26,2026-08-27,Plumbing Service,Lavatory Stop,Completed,CSR Outbound,$1 OUTBOUND (use this for out-bounding),92130,144.00,TRUE,2026,3,August,2026,3,August,35
289617235,2026-08-26,2026-09-02,Plumbing Service,Kitchen Faucet,Completed,Direct Web Traffic,Direct Web Traffic,92101,0.00,FALSE,2026,3,August,2026,3,September,36
290065744,2026-08-26,2026-08-27,Plumbing Service,Urinal Stop,Completed,Branded Phone Number,Local 619,91911,3319.36,TRUE,2026,3,August,2026,3,August,35
291569130,2026-08-26,2026-08-31,HVAC Sales,HVAC Estimate,Completed,Branded Phone Number,A1-800-BILL HOWE,92126,0.00,FALSE,2026,3,August,2026,3,August,36
295469458,2026-08-26,,Plumbing Service,Tub/Shower Faucet,Scheduled,PPC,Google | Search | Brand,92103,0.00,TRUE,2026,3,August,,,,
300937617,2026-08-26,2026-08-27,Plumbing Service,Upper/Lower Leak,Completed,Google LSA,Google Local Services,91950,2981.50,TRUE,2026,3,August,2026,3,August,35
300937617,2026-08-26,2026-08-26,Restoration EMS,EMS Estimate,Completed,Google LSA,Google Local Services,91950,0.00,TRUE,2026,3,August,2026,3,August,35
302938306,2026-08-26,,HVAC Maintenance,Recurring Services: B.F.P. Hvac Maintenance,Scheduled,,Memberships due for Service,92037,0.00,TRUE,2026,3,August,,,,
302938306,2026-08-26,,Plumbing Maintenance,,,,,92037,359.76,TRUE,2026,3,August,,,,
311304996,2026-08-26,,Plumbing Maintenance,,,,,92123,179.88,TRUE,2026,3,August,,,,
312040123,2026-08-26,2026-08-28,Plumbing Service,Water Filtration Repair,Completed,Outbound SMS,ST Outbound Text Lines,92118,0.00,TRUE,2026,3,August,2026,3,August,35
313858992,2026-08-26,2026-08-28,Plumbing Service,Lavatory Stop,Completed,Google Business Profiles,GMB_SanDiego,92130,319.00,TRUE,2026,3,August,2026,3,August,35
31536142,2026-08-26,2026-08-27,Plumbing Service,Urinal Stop,Completed,Direct Web Traffic,Direct Web Traffic,92020,0.00,TRUE,2026,3,August,2026,3,August,35
31536142,2026-08-26,2026-08-27,Plumbing Service,Urinal Stop,Completed,Direct Web Traffic,Direct Web Traffic,91914,0.00,TRUE,2026,3,August,2026,3,August,35
31536428,2026-08-26,,HVAC Maintenance,,,,,92037,179.88,TRUE,2026,3,August,,,,
31536428,2026-08-26,,HVAC Maintenance,Recurring Services: B.F.P. Hvac Maintenance,Scheduled,Branded Phone Number,Local 619,92037,0.00,TRUE,2026,3,August,,,,
31537252,2026-08-26,2026-08-27,Plumbing Service,Lavatory Stop,Completed,PPC,Google | Search | Brand,92123,262.50,TRUE,2026,3,August,2026,3,August,35
31548571,2026-08-26,,HVAC Maintenance,Preventative Maintenance,Scheduled,Google Business Profiles,GMB_SanDiego,92037,0.00,TRUE,2026,3,August,,,,
31551769,2026-08-26,2026-08-28,Plumbing Service,Toilet Leak,Completed,Branded Phone Number,Local 619,92120,1173.00,TRUE,2026,3,August,2026,3,August,35
31552123,2026-08-26,2026-08-27,Plumbing Service,Plumbing Service,Completed,PPC,Google | Search | Plumbing,92117,0.00,FALSE,2026,3,August,2026,3,August,35
31554631,2026-08-26,,Plumbing Service,Sewer Camera,Scheduled,Branded Phone Number,A1-800-BILL HOWE,92117,0.00,TRUE,2026,3,August,,,,
31560686,2026-08-26,2026-09-03,Plumbing Maintenance,Backflow Test,Completed,Branded Phone Number,Local 619,92104,104.00,TRUE,2026,3,August,2026,3,September,36
31560686,2026-08-26,2026-08-27,Plumbing Service,Backflow Repair,Completed,Branded Phone Number,Local 619,92104,1200.00,TRUE,2026,3,August,2026,3,August,35
31561270,2026-08-26,2026-08-27,Plumbing Service,Pipe Leak,Completed,Branded Phone Number,Local 619,91950,3712.00,TRUE,2026,3,August,2026,3,August,35
31561270,2026-08-26,2026-08-26,Plumbing Service,Pipe Leak,Canceled,Branded Phone Number,Local 619,91950,0.00,TRUE,2026,3,August,2026,3,August,35
31564253,2026-08-26,,Plumbing Service,Kitchen Faucet,Scheduled,Branded Phone Number,Local 619,92075,0.00,FALSE,2026,3,August,,,,
31564391,2026-08-26,2026-08-27,Plumbing Service,Slab Leak,Completed,Branded Phone Number,Local 619,91950,0.00,TRUE,2026,3,August,2026,3,August,35
31564673,2026-08-26,2026-08-27,Plumbing Service,Tub/Shower Stop,Completed,Branded Phone Number,A1-800-BILL HOWE,92109,167.44,TRUE,2026,3,August,2026,3,August,35
31565291,2026-08-26,2026-08-27,Plumbing Service,Lavatory Stop,Completed,CSR Outbound,$1 OUTBOUND (use this for out-bounding),92113,187.68,TRUE,2026,3,August,2026,3,August,35
31565381,2026-08-26,2026-08-27,Plumbing Service,Tub/Shower Faucet,Canceled,Direct Web Traffic,Direct Web Traffic,92130,0.00,TRUE,2026,3,August,2026,3,August,35
31576531,2026-08-26,2026-08-27,HVAC Sales,HVAC Estimate,Completed,Branded Phone Number,A1-800-BILL HOWE,92064,0.00,TRUE,2026,3,August,2026,3,August,35
31578548,2026-08-26,2026-08-26,HVAC Service,Diagnosis,Completed,PPC,Google | Search | Brand,92109,631.91,TRUE,2026,3,August,2026,3,August,35
31587918,2026-08-26,2026-09-02,Plumbing Service,Slab Leak,Completed,Google Business Profiles,GMB_Poway,92131,3495.00,TRUE,2026,3,August,2026,3,September,36
31588059,2026-08-26,2026-08-27,Plumbing Service,Mainline Stop,Completed,Outbound SMS,ST Outbound Text Lines,92117,992.00,TRUE,2026,3,August,2026,3,August,35
31588244,2026-08-26,,Restoration EMS,EMS Estimate,Hold,PPC,Google | PMAX | Plumbing,92102,0.00,TRUE,2026,3,August,,,,
31589234,2026-08-26,2026-08-26,Plumbing Service,Mainline Stop,Completed,Branded Phone Number,Local 619,92110,0.00,TRUE,2026,3,August,2026,3,August,35
31591404,2026-08-26,,Plumbing Maintenance,,,,,92104,179.88,TRUE,2026,3,August,,,,
31591404,2026-08-26,,Plumbing Maintenance,Recurring Services: Water Heater Flush,Scheduled,Yelp,Yelp,92104,0.00,TRUE,2026,3,August,,,,
31591404,2026-08-26,2026-09-02,Plumbing Sales,Plumbing Estimate,Completed,Yelp,Yelp,92104,0.00,FALSE,2026,3,August,2026,3,September,36
31597150,2026-08-26,,Plumbing Maintenance,,,,,92123,179.88,TRUE,2026,3,August,,,,
31598616,2026-08-26,2026-08-21,Plumbing Service,Toilet Leak,Completed,Branded Phone Number,Local 619,92108,0.00,TRUE,2026,3,August,2026,3,August,34
31599682,2026-08-26,2026-08-27,Plumbing Service,Drain Repair,Completed,Direct Web Traffic,Direct Web Traffic,92130,620.10,TRUE,2026,3,August,2026,3,August,35
31601252,2026-08-26,2026-09-02,Plumbing Install,Water Filtration Install,Completed,Email,Legacy Email Marketing Multiple Offers,92126,4495.00,TRUE,2026,3,August,2026,3,September,36
31607056,2026-08-26,2026-08-27,Plumbing Service,Disposal,Completed,Direct Web Traffic,Direct Web Traffic,92116,530.00,TRUE,2026,3,August,2026,3,August,35
31609952,2026-08-26,2026-08-28,Plumbing Sales,Tankless Estimate,Completed,PPC,Google | Search | Brand,92106,0.00,TRUE,2026,3,August,2026,3,August,35
31616364,2026-08-26,,Plumbing Install,Toilet Install,Scheduled,Google Business Profiles,GMB_Poway,92129,0.00,TRUE,2026,3,August,,,,
31619131,2026-08-26,2026-08-26,Plumbing Service,Tub/Shower Stop,Completed,Branded Phone Number,A1-800-BILL HOWE,92040,93.84,TRUE,2026,3,August,2026,3,August,35
316196462,2026-08-26,2026-08-28,Plumbing Sales,Water Heater Estimate - Residential,Completed,Direct Web Traffic,Direct Web Traffic,91913,0.00,FALSE,2026,3,August,2026,3,August,35
31622027,2026-08-26,2026-08-27,Plumbing Service,Tub/Shower Faucet,Completed,Google Business Profiles,GMB_SanDiego,92109,332.12,TRUE,2026,3,August,2026,3,August,35
31625410,2026-08-26,2026-08-27,Plumbing Service,Toilet Leak,Canceled,Email,Legacy Email Marketing Multiple Offers,92110,0.00,TRUE,2026,3,August,2026,3,August,35
31625410,2026-08-26,2026-08-27,Plumbing Service,Wall Heater Repair-Plumbing,Completed,Branded Phone Number,Local 619,92110,714.00,TRUE,2026,3,August,2026,3,August,35
31631580,2026-08-26,2026-08-31,Plumbing Service,Gas Leak,Completed,Branded Phone Number,A1-800-BILL HOWE,92129,0.00,TRUE,2026,3,August,2026,3,August,36
31633708,2026-08-26,2026-08-27,Plumbing Service,Dishwasher,Canceled,Branded Phone Number,Local 619,91914,0.00,TRUE,2026,3,August,2026,3,August,35
31634907,2026-08-26,2026-08-27,Plumbing Sales,Water Heater Estimate - Commercial,Completed,Google Business Profiles,GMB_SanDiego,92123,0.00,TRUE,2026,3,August,2026,3,August,35
31637718,2026-08-26,2026-08-26,Plumbing Service,Mainline Stop,Completed,Google LSA,Google Local Services,92127,260.00,TRUE,2026,3,August,2026,3,August,35
31639089,2026-08-26,2026-08-26,Plumbing Sales,Water Heater Estimate - Commercial,Completed,Branded Phone Number,A1-800-BILL HOWE,92108,1695.00,TRUE,2026,3,August,2026,3,August,35
31645736,2026-08-26,2026-08-27,Plumbing Sales,Water Heater Estimate - Residential,Completed,PPC,Google | Search | Plumbing,92131,0.00,FALSE,2026,3,August,2026,3,August,35
31651227,2026-08-26,2026-08-26,Plumbing Sales,Water Heater Estimate - Commercial,Completed,Google Business Profiles,GMB_SanDiego,92109,220.00,TRUE,2026,3,August,2026,3,August,35
31653994,2026-08-26,2026-08-27,HVAC Service,Hvac Recall/Warranty,Completed,PPC,Google | Search | Brand,92014,87.00,TRUE,2026,3,August,2026,3,August,35
31655909,2026-08-26,,Lining Install - CA,Job Walk,Scheduled,Branded Phone Number,A1-800-BILL HOWE,92117,0.00,FALSE,2026,3,August,,,,
31655909,2026-08-26,,Lining Install - CA,Lining,Scheduled,Branded Phone Number,A1-800-BILL HOWE,92117,16500.00,TRUE,2026,3,August,,,,
31655909,2026-08-26,,Plumbing Sales,Job Walk,Scheduled,Branded Phone Number,A1-800-BILL HOWE,92117,0.00,FALSE,2026,3,August,,,,
31659438,2026-08-26,,Plumbing Sales,Plumbing Estimate,Hold,,Memberships due for Service,92116,0.00,TRUE,2026,3,August,,,,
31661897,2026-08-26,,HVAC Install,Full System Install,Scheduled,Branded Phone Number,Local 619,92107,38633.33,TRUE,2026,3,August,,,,
31661897,2026-08-26,2026-08-27,HVAC Install,Job Walk,Completed,Branded Phone Number,Local 619,92107,0.00,FALSE,2026,3,August,2026,3,August,35
31665384,2026-08-26,2026-09-03,Lining Install - CA,Lining,Completed,Google LSA,Google Local Services,92106,3000.00,TRUE,2026,3,August,2026,3,September,36
31667886,2026-08-26,,HVAC Service,Diagnosis,Scheduled,Google Business Profiles,GMB_SanDiego,92104,0.00,TRUE,2026,3,August,,,,
31670836,2026-08-26,2026-08-27,Plumbing Sales,Job Walk,Completed,Google LSA,Google Local Services,92037,0.00,FALSE,2026,3,August,2026,3,August,35
31670836,2026-08-26,2026-08-26,Plumbing Service,Mainline Stop,Completed,Google LSA,Google Local Services,92037,1300.00,TRUE,2026,3,August,2026,3,August,35
31670836,2026-08-26,2026-08-26,Plumbing Service,Sewer Camera,Completed,Google LSA,Google Local Services,92037,0.00,FALSE,2026,3,August,2026,3,August,35
31671619,2026-08-26,2026-08-31,HVAC Install,Hvac Recall/Warranty,Completed,Google Business Profiles,GMB_SanDiego,92128,0.00,TRUE,2026,3,August,2026,3,August,36
31673594,2026-08-26,2026-09-02,Plumbing Maintenance,Recurring Services: B.F.P. Water Heater/Tankless Flush,Completed,CSR Outbound,$1 OUTBOUND (use this for out-bounding),92037,222.00,TRUE,2026,3,August,2026,3,September,36
31675064,2026-08-26,,Plumbing Maintenance,,,,,92130,179.88,TRUE,2026,3,August,,,,
31675161,2026-08-26,,HVAC Service,Diagnosis,Scheduled,PPC,Bing | Search | Brand,92116,0.00,TRUE,2026,3,August,,,,
31676377,2026-08-26,2026-08-26,HVAC Sales,HVAC Estimate,Completed,PPC,Google | Search | Brand,92101,0.00,FALSE,2026,3,August,2026,3,August,35
31676553,2026-08-26,2026-08-26,Restoration EMS,EMS Estimate,Canceled,Google Business Profiles,GMB_SanDiego,92069,0.00,TRUE,2026,3,August,2026,3,August,35
31678823,2026-08-26,2026-08-27,Plumbing Sales,Plumbing Estimate,Completed,Email,Legacy Email Marketing Multiple Offers,92111,0.00,TRUE,2026,3,August,2026,3,August,35
31679547,2026-08-26,2026-08-27,Plumbing Service,Leak Below Kitchen,Completed,Branded Phone Number,A1-800-BILL HOWE,92110,226.67,TRUE,2026,3,August,2026,3,August,35
31681513,2026-08-26,2026-08-27,Plumbing Install,Water Heater Install - Residential,Completed,Google Business Profiles,GMB_SanDiego,92109,3550.00,TRUE,2026,3,August,2026,3,August,35
31681513,2026-08-26,2026-08-26,Plumbing Sales,Water Heater Estimate - Residential,Completed,Google Business Profiles,GMB_SanDiego,92109,0.00,FALSE,2026,3,August,2026,3,August,35
31686852,2026-08-26,2026-08-26,Plumbing Service,Lavatory Stop,Completed,Google Business Profiles,GMB_SanDiego,92101,93.84,TRUE,2026,3,August,2026,3,August,35
31689724,2026-08-26,2026-08-27,Plumbing Service,Pipe Leak,Completed,Google Business Profiles,GMB_SanDiego,91902,1800.00,TRUE,2026,3,August,2026,3,August,35
31692037,2026-08-26,2026-08-27,Plumbing Service,Leak Below Kitchen,Completed,Google Business Profiles,GMB_SanDiego,92024,530.00,TRUE,2026,3,August,2026,3,August,35
31696692,2026-08-26,,Plumbing Service,Kitchen Stop,Hold,Branded Phone Number,A1-800-BILL HOWE,92115,0.00,TRUE,2026,3,August,,,,
31696692,2026-08-26,2026-08-21,Plumbing Service,Pipe Leak,Completed,Branded Phone Number,A1-800-BILL HOWE,92117,0.00,TRUE,2026,3,August,2026,3,August,34
31696692,2026-08-26,2026-08-27,Plumbing Service,Toilet Stop,Completed,Branded Phone Number,A1-800-BILL HOWE,92117,175.00,TRUE,2026,3,August,2026,3,August,35
31696692,2026-08-26,,Plumbing Service,Tub/Shower Stop,Hold,Branded Phone Number,A1-800-BILL HOWE,92115,0.00,TRUE,2026,3,August,,,,
31701115,2026-08-26,2026-08-21,Plumbing Install,Backflow Install,Completed,Branded Phone Number,Local 619,92121,0.00,TRUE,2026,3,August,2026,3,August,34
31704085,2026-08-26,,HVAC Service,Diagnosis,Scheduled,Branded Phone Number,Local 619,92117,0.00,TRUE,2026,3,August,,,,
31706314,2026-08-26,2026-08-31,Plumbing Service,Kitchen Faucet,Completed,Outbound SMS,ST Outbound Text Lines,92025,0.00,TRUE,2026,3,August,2026,3,August,36
31710996,2026-08-26,,Plumbing Maintenance,,,,,92129,179.88,TRUE,2026,3,August,,,,
31711238,2026-08-26,,HVAC Service,Diagnosis,Scheduled,Branded Phone Number,A1-800-BILL HOWE,92064,0.00,TRUE,2026,3,August,,,,
31720262,2026-08-26,2026-08-26,Plumbing Service,Plumbing Service,Completed,Email,Legacy Email Marketing Multiple Offers,91977,0.00,TRUE,2026,3,August,2026,3,August,35
31721052,2026-08-26,2026-08-27,Restoration EMS,EMS Estimate,Completed,PPC,Google | Search | Brand,92129,0.00,FALSE,2026,3,August,2026,3,August,35
31722221,2026-08-26,2026-08-26,Plumbing Service,Pipe Leak,Completed,Branded Phone Number,Local 619,92123,250.00,TRUE,2026,3,August,2026,3,August,35
31725331,2026-08-26,2026-08-26,Plumbing Service,Toilet Leak,Completed,Google Business Profiles,GMB_SanDiego,92071,297.00,TRUE,2026,3,August,2026,3,August,35
31726431,2026-08-26,2026-09-02,Plumbing Service,Water Filtration Repair,Completed,Branded Phone Number,A1-800-BILL HOWE,92131,219.60,TRUE,2026,3,August,2026,3,September,36
31727313,2026-08-26,2026-08-27,Plumbing Service,Tub/Shower Faucet,Completed,Google Business Profiles,GMB_SanDiego,92110,572.40,TRUE,2026,3,August,2026,3,August,35
31728170,2026-08-26,2026-08-27,HVAC Sales,HVAC Estimate,Completed,Organic Search,Google Organic,92106-1534,0.00,TRUE,2026,3,August,2026,3,August,35
31729945,2026-08-26,,HVAC Install,Dryer Vent Cleaning,Scheduled,Google Business Profiles,GMB_SanDiego,92139,459.70,TRUE,2026,3,August,,,,
323374872,2026-08-26,2026-08-27,Plumbing Service,Sump Pump,Completed,Branded Phone Number,Local 619,92115,1200.00,TRUE,2026,3,August,2026,3,August,35
325656230,2026-08-26,,Plumbing Sales,,,,,,0.00,TRUE,2026,3,August,,,,
327734842,2026-08-26,2026-08-27,Plumbing Sales,Drain Estimate,Completed,Google Business Profiles,GMB_SanDiego,92124,0.00,FALSE,2026,3,August,2026,3,August,35
330510132,2026-08-26,2026-08-31,Plumbing Service,Laundry Bibbs,Completed,Branded Phone Number,Local 619,92075,276.00,TRUE,2026,3,August,2026,3,August,36
331526192,2026-08-26,,Plumbing Maintenance,,,,,92110,14.99,TRUE,2026,3,August,,,,
331687894,2026-08-26,2026-08-28,Plumbing Sales,Jetting Estimate,Completed,Tech referral,Tech Referral,92106,0.00,TRUE,2026,3,August,2026,3,August,35
342015402,2026-08-26,2026-08-26,Plumbing Sales,Drain Estimate,Canceled,PPC,Google | Search | Plumbing,92102,0.00,FALSE,2026,3,August,2026,3,August,35
342015402,2026-08-26,2026-08-26,Plumbing Service,Kitchen Stop,Completed,PPC,Google | Search | Plumbing,92102,144.00,TRUE,2026,3,August,2026,3,August,35
342015402,2026-08-26,2026-09-03,Plumbing Service,Pipe Leak,Completed,PPC,Google | Search | Plumbing,92102,0.00,TRUE,2026,3,August,2026,3,September,36
352699732,2026-08-26,2026-08-28,Plumbing Sales,Plumbing Estimate,Completed,Direct Web Traffic,Direct Web Traffic,92109,1642.00,TRUE,2026,3,August,2026,3,August,35
358497176,2026-08-26,2026-08-26,Plumbing Install,Water Heater Install - Residential,Completed,Google LSA,Google Local Services,91941,3975.00,TRUE,2026,3,August,2026,3,August,35
358497176,2026-08-26,2026-08-26,Plumbing Sales,Water Heater Estimate - Residential,Completed,Google Business Profiles,GMB_SanDiego,91941,0.00,FALSE,2026,3,August,2026,3,August,35
358735407,2026-08-26,2026-08-17,Plumbing Service,Plumbing Service,Completed,Branded Phone Number,Local 619,92037,0.00,TRUE,2026,3,August,2026,3,August,34
358784234,2026-08-26,2026-08-27,HVAC Service,A/C Repair,Completed,Google Business Profiles,GMB_SanDiego,91941,2441.26,TRUE,2026,3,August,2026,3,August,35
366279415,2026-08-26,,Plumbing Maintenance,Recurring Services: Water Heater Flush,Scheduled,,BFP Water Heater Maintenance SMS 2026,92078,0.00,TRUE,2026,3,August,,,,
367917470,2026-08-26,,Plumbing Maintenance,,,,,91932,179.88,TRUE,2026,3,August,,,,
369516026,2026-08-26,2026-08-26,Plumbing Service,Lavatory Stop,Canceled,Branded Phone Number,A1-800-BILL HOWE,92121,0.00,TRUE,2026,3,August,2026,3,August,35
369989414,2026-08-26,2026-08-21,Plumbing Service,Toilet Leak,Completed,Organic Search,DuckDuckGo Organic,92029,0.00,TRUE,2026,3,August,2026,3,August,34
372608878,2026-08-26,2026-08-31,Plumbing Service,Plumbing Service,Completed,Branded Phone Number,Local 619,92109,198.00,TRUE,2026,3,August,2026,3,August,36
374703192,2026-08-26,,HVAC Service,Diagnosis,Scheduled,Sameday AI,Sameday AI,92111,0.00,TRUE,2026,3,August,,,,
375906711,2026-08-26,2026-08-27,Plumbing Service,Tankless Service,Completed,Google Business Profiles,GMB_SanDiego,92131,222.00,TRUE,2026,3,August,2026,3,August,35
377257634,2026-08-26,,Plumbing Maintenance,Recurring Services: Plumbing Inspection,Scheduled,,BFP Plumbing Inspection SMS 2026,92037,0.00,TRUE,2026,3,August,,,,
377566071,2026-08-26,,Plumbing Service,PRV,Hold,Google LSA,Google Local Services,92009,500.00,TRUE,2026,3,August,,,,
379627905,2026-08-26,2026-09-03,Plumbing Maintenance,Recurring Services: B.F.P. Water Heater/Tankless Flush,Completed,CSR Outbound,$1 OUTBOUND (use this for out-bounding),92118,179.88,TRUE,2026,3,August,2026,3,September,36
380752457,2026-08-26,2026-08-27,Plumbing Service,Mainline Stop,Completed,Email,Legacy Email Marketing Multiple Offers,92102,334.80,TRUE,2026,3,August,2026,3,August,35
381331999,2026-08-26,2026-08-26,Plumbing Service,Toilet Stop,Completed,PPC,Google | PMAX | Plumbing,92114,226.32,TRUE,2026,3,August,2026,3,August,35
381583793,2026-08-26,2026-08-28,Plumbing Service,Water Heater Repair - Residential,Completed,Direct Web Traffic,Direct Web Traffic,91977,0.00,TRUE,2026,3,August,2026,3,August,35
42109875,2026-08-26,,Plumbing Maintenance,,,,,92126,29.98,TRUE,2026,3,August,,,,
42749617,2026-08-26,,HVAC Service,Diagnosis,In Progress,Google Business Profiles,GMB_SanDiego,92113,1926.54,TRUE,2026,3,August,,,,
45727934,2026-08-26,2026-08-26,Plumbing Service,Ice Maker Line,Completed,Branded Phone Number,A1-800-BILL HOWE,92111,583.30,TRUE,2026,3,August,2026,3,August,35
45818347,2026-08-26,2026-08-27,Plumbing Service,Tub/Shower Stop,Completed,Branded Phone Number,A1-800-BILL HOWE,92107,132.48,TRUE,2026,3,August,2026,3,August,35
466746387,2026-08-26,2026-08-28,HVAC Sales,HVAC Estimate,Completed,Yelp,Yelp,92117,0.00,TRUE,2026,3,August,2026,3,August,35
47217260,2026-08-26,2026-09-01,Plumbing Install,Repipe/Reroute,Completed,Branded Phone Number,Local 619,92139,4695.00,TRUE,2026,3,August,2026,3,September,36
480926550,2026-08-26,2026-08-27,Plumbing Service,Leak Below Kitchen,Completed,PPC,Google | Search | Brand,92139,0.00,TRUE,2026,3,August,2026,3,August,35
480926550,2026-08-26,2026-08-26,Restoration EMS,EMS Estimate,Completed,PPC,Google | Search | Brand,92139,0.00,TRUE,2026,3,August,2026,3,August,35
481289618,2026-08-26,2026-09-01,HVAC Service,Diagnosis,Completed,Email,Legacy Email Marketing Multiple Offers,91977,1020.16,TRUE,2026,3,August,2026,3,September,36
483199705,2026-08-26,2026-08-27,Plumbing Sales,Job Walk,Completed,PPC,Google | Search | Brand,92071,0.00,FALSE,2026,3,August,2026,3,August,35
483305576,2026-08-26,2026-08-31,Plumbing Service,Backflow Repair,Completed,Branded Phone Number,Local 619,92107,511.00,TRUE,2026,3,August,2026,3,August,36
484729557,2026-08-26,,Plumbing Maintenance,Recurring Services: Plumbing Inspection,Scheduled,Branded Phone Number,Local 619,92009,0.00,TRUE,2026,3,August,,,,
485137919,2026-08-26,2026-08-27,Plumbing Service,Drain Repair,Completed,Organic Search,Google Organic,92102,950.00,TRUE,2026,3,August,2026,3,August,35
49195299,2026-08-26,2026-09-04,Plumbing Service,Backflow Repair,Completed,Branded Phone Number,Local 619,92103,6325.00,TRUE,2026,3,August,2026,3,September,36
49380479,2026-08-26,2026-08-27,Plumbing Service,Kitchen Stop,Canceled,Branded Phone Number,A1-800-BILL HOWE,92105,0.00,TRUE,2026,3,August,2026,3,August,35
49384244,2026-08-26,2026-08-28,HVAC Service,Diagnosis,Canceled,PPC,Google | Search | Brand,92037,0.00,TRUE,2026,3,August,2026,3,August,35
49674764,2026-08-26,,Plumbing Sales,Job Walk,Scheduled,PPC,Google | Search | Brand,91942,0.00,FALSE,2026,3,August,,,,
49674764,2026-08-26,,Plumbing Service,Drain Repair,Scheduled,PPC,Google | Search | Brand,91942,16100.00,TRUE,2026,3,August,,,,
50044824,2026-08-26,2026-08-27,HVAC Sales,Hvac Tech Turnover Estimate,Completed,Google Business Profiles,GMB_SanDiego,92102,0.00,TRUE,2026,3,August,2026,3,August,35
50175786,2026-08-26,,Plumbing Install,,,,,92116,179.88,TRUE,2026,3,August,,,,
50826310,2026-08-26,,Plumbing Maintenance,Backflow Test,Scheduled,Branded Phone Number,Local 619,92037,0.00,TRUE,2026,3,August,,,,
52074556,2026-08-26,2026-08-21,Plumbing Service,Water Heater Repair - Residential,Completed,CSR Outbound,$1 OUTBOUND (use this for out-bounding),92114,0.00,TRUE,2026,3,August,2026,3,August,34
52107198,2026-08-26,2026-08-27,Plumbing Service,Plumbing Service,Completed,Branded Phone Number,Local 619,91950,220.00,TRUE,2026,3,August,2026,3,August,35
52221402,2026-08-26,2026-09-04,Plumbing Maintenance,Tankless Flush,Completed,PPC,Google | Search | Brand,91942,222.00,TRUE,2026,3,August,2026,3,September,36
52273845,2026-08-26,,Plumbing Service,Upper/Lower Leak,In Progress,PPC,Google | Search | Brand,92118,1697.00,TRUE,2026,3,August,,,,
52310781,2026-08-26,,Plumbing Maintenance,,,,,91942,14.99,TRUE,2026,3,August,,,,
56641716,2026-08-26,2026-08-26,Plumbing Service,Combo,Completed,Branded Phone Number,Local 619,92020,273.24,TRUE,2026,3,August,2026,3,August,35
58370255,2026-08-26,2026-08-26,Plumbing Service,Sewer Camera,Completed,Direct Web Traffic,Direct Web Traffic,92105,0.00,TRUE,2026,3,August,2026,3,August,35
58877937,2026-08-26,,HVAC Maintenance,,,,,92108,0.00,TRUE,2026,3,August,,,,
59240735,2026-08-26,2026-08-27,Plumbing Service,PRV,Completed,Direct Web Traffic,Direct Web Traffic,92128,0.00,FALSE,2026,3,August,2026,3,August,35
59341823,2026-08-26,2026-08-27,Plumbing Service,Slab Leak,Canceled,Branded Phone Number,A1-800-BILL HOWE,92037,0.00,TRUE,2026,3,August,2026,3,August,35
59420200,2026-08-26,,HVAC Maintenance,,,,,92108,0.00,TRUE,2026,3,August,,,,
60041235,2026-08-26,,Plumbing Service,PRV,Hold,Website,Email Contact Form,91942,0.00,TRUE,2026,3,August,,,,
61237034,2026-08-26,2026-09-01,HVAC Service,A/C Repair,Completed,Google Business Profiles,GMB_SanDiego,91910,2235.22,TRUE,2026,3,August,2026,3,September,36
61240712,2026-08-26,2026-08-27,Plumbing Service,Plumbing Service,Completed,PPC,Google | Search | Brand,92109,0.00,FALSE,2026,3,August,2026,3,August,35
61850271,2026-08-26,,Plumbing Maintenance,Recurring Services: Backflow Test,Scheduled,Branded Phone Number,A1-800-BILL HOWE,92037,0.00,TRUE,2026,3,August,,,,
62529818,2026-08-26,,Plumbing Sales,Plumbing Estimate,Scheduled,Branded Phone Number,Local 619,92118,0.00,TRUE,2026,3,August,,,,
63867479,2026-08-26,2026-08-26,Plumbing Service,Kitchen Stop,Completed,PPC,Google | Search | Brand,92103,144.00,TRUE,2026,3,August,2026,3,August,35
63867479,2026-08-26,2026-08-31,Plumbing Service,Kitchen Stop,Completed,PPC,Google | Search | Brand,92103,318.00,TRUE,2026,3,August,2026,3,August,36
64024827,2026-08-26,,Plumbing Service,Reset Toilet,Scheduled,Branded Phone Number,Local 619,92118,0.00,TRUE,2026,3,August,,,,
65031393,2026-08-26,2026-08-24,Plumbing Service,Plumbing Service,Completed,Branded Phone Number,A1-800-BILL HOWE,92014,0.00,TRUE,2026,3,August,2026,3,August,35
65700099,2026-08-26,2026-08-27,Lining Install - CA,Lining,Completed,Branded Phone Number,Local 619,92106,185.00,TRUE,2026,3,August,2026,3,August,35
670072557,2026-08-26,2026-08-26,Plumbing Install,Water Heater Install - Residential,Completed,Branded Phone Number,Local 619,92056,3295.00,TRUE,2026,3,August,2026,3,August,35
670072557,2026-08-26,2026-08-26,Plumbing Sales,Water Heater Estimate - Residential,Completed,Branded Phone Number,Local 619,92056,0.00,FALSE,2026,3,August,2026,3,August,35
670072557,2026-08-26,2026-08-26,Plumbing Service,Water Heater Repair - Residential,Canceled,Branded Phone Number,Local 619,92056,0.00,TRUE,2026,3,August,2026,3,August,35
673452134,2026-08-26,2026-08-11,Plumbing Service,Drain Repair,Completed,PPC,Google | Search | Brand,92111,0.00,TRUE,2026,3,August,2026,3,August,33
67694710,2026-08-26,2026-08-24,Plumbing Service,Toilet Leak,Completed,Email,Plumbing to HVAC Cross Promotion Offer Drip 2025,92040,-50.00,FALSE,2026,3,August,2026,3,August,35
679614858,2026-08-26,2026-08-29,HVAC Sales,HVAC Estimate,Completed,Email,2025 September BBB Torch Awards Winners,92037,0.00,TRUE,2026,3,August,2026,3,August,35
681497556,2026-08-26,2026-08-28,Plumbing Service,Leak Below Lavatory,Completed,Branded Phone Number,Local 619,92113,990.00,TRUE,2026,3,August,2026,3,August,35
682788311,2026-08-26,,Plumbing Sales,,,,,,0.00,TRUE,2026,3,August,,,,
682814391,2026-08-26,,Plumbing Sales,,,,,92029,0.00,TRUE,2026,3,August,,,,
85176969,2026-08-26,,Plumbing Sales,,,,,92064,0.00,TRUE,2026,3,August,,,,
888818281,2026-08-26,2026-08-27,Lining Install - CA,Sewer Camera,Completed,Direct Web Traffic,Direct Web Traffic,92024,0.00,TRUE,2026,3,August,2026,3,August,35
888818281,2026-08-26,2026-08-28,Plumbing Service,Tub/Shower Faucet,Completed,Direct Web Traffic,Direct Web Traffic,92024,477.00,TRUE,2026,3,August,2026,3,August,35
895271681,2026-08-26,2026-08-21,Plumbing Service,Plumbing Service,Completed,Branded Phone Number,A1-800-BILL HOWE,92081,0.00,TRUE,2026,3,August,2026,3,August,34
902469128,2026-08-26,2026-08-05,Plumbing Service,Drain Repair,Completed,PPC,Google | Search | Brand,92104,7087.50,TRUE,2026,3,August,2026,3,August,32
903017826,2026-08-26,2026-08-26,HVAC Service,Hvac Recall/Warranty,Completed,Branded Phone Number,A1-800-BILL HOWE,92127,0.00,TRUE,2026,3,August,2026,3,August,35
905168278,2026-08-26,2026-08-31,Plumbing Service,Pipe Leak,Completed,Branded Phone Number,Local 619,92064,179.00,TRUE,2026,3,August,2026,3,August,36
907824452,2026-08-26,,Plumbing Maintenance,Recurring Services: Plumbing Inspection,Scheduled,Tech referral,Tech Referral,92130,0.00,TRUE,2026,3,August,,,,
911826904,2026-08-26,2026-08-27,Plumbing Service,Toilet Leak,Completed,Google Business Profiles,GMB_Poway,92064,292.00,TRUE,2026,3,August,2026,3,August,35
912531734,2026-08-26,2026-08-26,Plumbing Sales,Drain Estimate,Completed,PPC,Google | PMAX | Drains,92008,0.00,FALSE,2026,3,August,2026,3,August,35
94675496,2026-08-26,,Plumbing Maintenance,Recurring Services: Sewer Camera Inspection,Scheduled,Branded Phone Number,Local 619,92129,0.00,TRUE,2026,3,August,,,,
94675496,2026-08-26,2026-08-27,Plumbing Service,Kitchen Stop,Completed,Branded Phone Number,Local 619,92129,102.00,TRUE,2026,3,August,2026,3,August,35
95065905,2026-08-26,,HVAC Maintenance,Recurring Services: B.F.P. Hvac Maintenance,Scheduled,CSR Outbound,$1 OUTBOUND (use this for out-bounding),91977,0.00,TRUE,2026,3,August,,,,
95162169,2026-08-26,2026-08-26,HVAC Service,Diagnosis,Completed,Google Business Profiles,GMB_SanDiego,92037,450.00,TRUE,2026,3,August,2026,3,August,35
96934200,2026-08-26,2026-08-26,Plumbing Service,Mainline Stop,Completed,PPC,Google | Search | Brand,92116,175.00,TRUE,2026,3,August,2026,3,August,35
96934200,2026-08-26,2026-08-26,Plumbing Service,Sewer Camera,Completed,PPC,Google | Search | Brand,92116,0.00,TRUE,2026,3,August,2026,3,August,35
975961970,2026-08-26,2026-08-27,Plumbing Service,Drain Repair,Completed,Branded Phone Number,A1-800-BILL HOWE,92064,855.00,TRUE,2026,3,August,2026,3,August,35
977288234,2026-08-26,2026-08-26,Plumbing Service,Floor Drain Stop,Canceled,Google Business Profiles,GMB_SanDiego,92131,0.00,TRUE,2026,3,August,2026,3,August,35
977288234,2026-08-26,2026-08-26,Plumbing Service,Mainline Stop,Completed,Google Business Profiles,GMB_SanDiego,92131,230.00,TRUE,2026,3,August,2026,3,August,35
981959659,2026-08-26,2026-09-01,HVAC Service,Diagnosis,Canceled,Branded Phone Number,Local 619,92008,0.00,TRUE,2026,3,August,2026,3,September,36
983535126,2026-08-26,2026-08-27,Plumbing Install,Toilet Install,Completed,Organic Search,Yahoo Organic,92029,697.00,TRUE,2026,3,August,2026,3,August,35
98585519,2026-08-26,2026-08-27,Plumbing Install,Tankless Install,Completed,Outbound SMS,ST Outbound Text Lines,91932,7509.00,TRUE,2026,3,August,2026,3,August,35
102184716,2026-08-27,2026-09-02,HVAC Service,Hvac Recall/Warranty,Completed,Branded Phone Number,Local 619,92120,0.00,TRUE,2026,3,August,2026,3,September,36
1035962540,2026-08-27,2025-11-11,Plumbing Install,Water Heater Install - Residential,Completed,Google Business Profiles,GMB_SanDiego,92127,0.00,TRUE,2026,3,August,2025,4,November,46
1065266672,2026-08-27,2026-08-28,Plumbing Service,PRV,Completed,PPC,Google | Search | Brand,92104,0.00,TRUE,2026,3,August,2026,3,August,35
1066946286,2026-08-27,2026-08-27,HVAC Service,Diagnosis,Canceled,Outbound SMS,ST Outbound Text Lines,92078,0.00,TRUE,2026,3,August,2026,3,August,35
1067318973,2026-08-27,2026-08-28,Plumbing Service,Slab Leak,Completed,,August Summer Wind Down 2026,92119,0.00,FALSE,2026,3,August,2026,3,August,35
1073276810,2026-08-27,2026-08-28,Plumbing Service,Water Heater Repair - Residential,Completed,Branded Phone Number,A1-800-BILL HOWE,92011,0.00,FALSE,2026,3,August,2026,3,August,35
1074434381,2026-08-27,,HVAC Service,A/C Repair,Scheduled,Branded Phone Number,Local 619,92127,0.00,TRUE,2026,3,August,,,,
1074965663,2026-08-27,2026-09-01,HVAC Service,Diagnosis,Completed,Sameday AI,Sameday AI,91910,0.00,TRUE,2026,3,August,2026,3,September,36
1089270273,2026-08-27,2026-09-01,Plumbing Service,Plumbing Service,Completed,PPC,Google | Search | Competitor,92027,0.00,TRUE,2026,3,August,2026,3,September,36
1102086190,2026-08-27,2026-08-27,Plumbing Service,Drywall,Completed,Direct Web Traffic,Direct Web Traffic,92109,1200.00,TRUE,2026,3,August,2026,3,August,35
1102289686,2026-08-27,,HVAC Service,Diagnosis,Scheduled,Organic Search,Google Organic,92064,0.00,TRUE,2026,3,August,,,,
1102985013,2026-08-27,2026-08-28,Plumbing Service,Drain Repair,Completed,Google LSA,Google Local Services,92108,175.00,TRUE,2026,3,August,2026,3,August,35
1105490162,2026-08-27,,HVAC Maintenance,,,,,92064,14.99,TRUE,2026,3,August,,,,
1105490162,2026-08-27,,Plumbing Maintenance,,,,,92064,29.98,TRUE,2026,3,August,,,,
1105490162,2026-08-27,,Plumbing Maintenance,Recurring Services: Plumbing Inspection,Scheduled,Branded Phone Number,A1-800-BILL HOWE,92064,0.00,TRUE,2026,3,August,,,,
1108520408,2026-08-27,2026-09-02,Plumbing Install,Water Filtration Install,Completed,Branded Phone Number,Local 619,92056,7200.00,TRUE,2026,3,August,2026,3,September,36
1115633797,2026-08-27,2026-07-24,Plumbing Service,Plumbing Service,Completed,Website,Website Phone Calls,92101,0.00,TRUE,2026,3,August,2026,3,July,30
1115852365,2026-08-27,2026-08-07,HVAC Install,Full System Install,Completed,Direct Web Traffic,Direct Web Traffic,92117,-375.00,TRUE,2026,3,August,2026,3,August,32
1119487327,2026-08-27,2026-08-28,Plumbing Service,Ice Maker Line,Completed,PPC,Google | Search | Brand,92024,0.00,TRUE,2026,3,August,2026,3,August,35
1124585089,2026-08-27,2026-08-24,Plumbing Install,Toilet Install,Completed,Google Business Profiles,GMB_SanDiego,92127,0.00,TRUE,2026,3,August,2026,3,August,35
1125046366,2026-08-27,2026-08-28,Plumbing Service,Pipe Leak,Completed,Direct Web Traffic,Direct Web Traffic,92110,806.00,TRUE,2026,3,August,2026,3,August,35
1125209352,2026-08-27,,HVAC Service,Diagnosis,Scheduled,PPC,Google | Search | Brand,92127,0.00,TRUE,2026,3,August,,,,
1125248774,2026-08-27,,Plumbing Service,Slab Leak,Hold,Google Business Profiles,GMB_SanDiego,92127,0.00,TRUE,2026,3,August,,,,
1125520990,2026-08-27,2026-08-24,Plumbing Service,PRV,Completed,Uncategorized,Uncategorized,92037,0.00,TRUE,2026,3,August,2026,3,August,35
1127207797,2026-08-27,2026-08-28,Plumbing Sales,Drain Estimate,Completed,Branded Phone Number,A1-800-BILL HOWE,92106,0.00,FALSE,2026,3,August,2026,3,August,35
1127408941,2026-08-27,2026-09-03,Plumbing Sales,Job Walk,Completed,Branded Phone Number,A1-800-BILL HOWE,92111,0.00,FALSE,2026,3,August,2026,3,September,36
1127408941,2026-08-27,,Plumbing Service,Plumbing Service,Scheduled,Branded Phone Number,A1-800-BILL HOWE,92111,3500.00,TRUE,2026,3,August,,,,
1128061790,2026-08-27,2026-08-28,Plumbing Service,Water Heater Repair - Residential,Completed,Direct Web Traffic,Direct Web Traffic,92131,0.00,FALSE,2026,3,August,2026,3,August,35
1129509614,2026-08-27,2026-08-28,Restoration EMS,EMS Estimate,Completed,Sameday AI,Sameday AI,92037,0.00,TRUE,2026,3,August,2026,3,August,35
1129604845,2026-08-27,,HVAC Install,A/C New Install,Scheduled,Sameday AI,Sameday AI,92009,22154.32,TRUE,2026,3,August,,,,
1130056798,2026-08-27,,Plumbing Service,Plumbing Service,Hold,Google Business Profiles,GMB_SanDiego,92054,1695.00,TRUE,2026,3,August,,,,
1130167846,2026-08-27,,HVAC Install,Full System Install,Scheduled,PPC,Google | Search | HVAC,92126,20157.00,TRUE,2026,3,August,,,,
1130171832,2026-08-27,2026-08-28,Plumbing Service,Kitchen Stop,Completed,Organic Search,Google Organic,92024,0.00,FALSE,2026,3,August,2026,3,August,35
1130413968,2026-08-27,2026-08-27,Plumbing Sales,Plumbing Estimate,Completed,PPC,Google | Search | Brand,92130,0.00,TRUE,2026,3,August,2026,3,August,35
1130503865,2026-08-27,2026-08-27,Plumbing Service,Upper/Lower Leak,Completed,Direct Web Traffic,Direct Web Traffic,92007,246.00,TRUE,2026,3,August,2026,3,August,35
1130503865,2026-08-27,2026-08-28,Restoration EMS,EMS Estimate,Completed,Direct Web Traffic,Direct Web Traffic,92007,0.00,TRUE,2026,3,August,2026,3,August,35
1130558182,2026-08-27,2026-08-27,Restoration EMS,EMS Estimate,Completed,PPC,Google | Search | Plumbing,92127,0.00,FALSE,2026,3,August,2026,3,August,35
1130595056,2026-08-27,2026-08-27,Plumbing Service,Plumbing Service,Completed,PPC,Google | PMAX | Drains,92011,1116.86,TRUE,2026,3,August,2026,3,August,35
1130630033,2026-08-27,2026-08-31,Lining Install - CA,Sewer Camera,Completed,Branded Phone Number,Local 619,92119,0.00,TRUE,2026,3,August,2026,3,August,36
1130630408,2026-08-27,2026-08-28,Plumbing Sales,Drain Estimate,Completed,Google Business Profiles,GMB_SanDiego,92105,0.00,FALSE,2026,3,August,2026,3,August,35
1130630408,2026-08-27,2026-08-28,Plumbing Service,Toilet Leak,Completed,Google Business Profiles,GMB_SanDiego,92105,0.00,TRUE,2026,3,August,2026,3,August,35
1130630914,2026-08-27,,HVAC Service,Diagnosis,Scheduled,PPC,Bing | Search | Brand,92065,0.00,TRUE,2026,3,August,,,,
1130638373,2026-08-27,,HVAC Maintenance,Preventative Maintenance,Scheduled,Google LSA,Google Local Services,92071,0.00,TRUE,2026,3,August,,,,
1130638373,2026-08-27,2026-08-27,Plumbing Sales,Tankless Estimate,Completed,Google LSA,Google Local Services,92071,0.00,TRUE,2026,3,August,2026,3,August,35
1130638373,2026-08-27,2026-08-27,Plumbing Service,Tub/Shower Faucet,Completed,Google LSA,Google Local Services,92071,0.00,TRUE,2026,3,August,2026,3,August,35
1130691111,2026-08-27,,Plumbing Install,Toilet Install,Hold,Branded Phone Number,Local 619,92127,0.00,TRUE,2026,3,August,,,,
1130691111,2026-08-27,2026-08-27,Plumbing Service,Angle Stop,Completed,Branded Phone Number,Local 619,92127,301.00,TRUE,2026,3,August,2026,3,August,35
1130695460,2026-08-27,2026-08-27,Plumbing Sales,Plumbing Estimate,Completed,Branded Phone Number,Local 619,92128,0.00,TRUE,2026,3,August,2026,3,August,35
1130695716,2026-08-27,2026-08-28,HVAC Sales,HVAC Estimate,Canceled,PPC,Google | Search | Brand,92128,0.00,TRUE,2026,3,August,2026,3,August,35
1130698187,2026-08-27,2026-08-27,Plumbing Service,Pipe Leak,Completed,Branded Phone Number,A1-800-BILL HOWE,92007,0.00,FALSE,2026,3,August,2026,3,August,35
1130698187,2026-08-27,2026-08-28,Plumbing Service,Pipe Leak,Completed,Branded Phone Number,A1-800-BILL HOWE,92007,3865.00,TRUE,2026,3,August,2026,3,August,35
1130699633,2026-08-27,2026-08-27,Plumbing Service,Pipe Leak,Canceled,Google Business Profiles,GMB_SanDiego,92124,0.00,TRUE,2026,3,August,2026,3,August,35
1130700486,2026-08-27,2026-08-28,Plumbing Sales,Water Filtration Estimate,Completed,PPC,Google | Search | Plumbing,92026,179.88,TRUE,2026,3,August,2026,3,August,35
1130749799,2026-08-27,2026-08-27,Plumbing Service,Mainline Stop,Completed,PPC,Google | Search | Brand,92078,144.00,TRUE,2026,3,August,2026,3,August,35
1130758630,2026-08-27,,HVAC Service,Diagnosis,Hold,PPC,Google | Search | HVAC,92064,0.00,TRUE,2026,3,August,,,,
1130759007,2026-08-27,2026-08-27,Plumbing Service,Leak Below Kitchen,Canceled,Direct Web Traffic,Direct Web Traffic,92128,0.00,TRUE,2026,3,August,2026,3,August,35
1130759007,2026-08-27,2026-08-27,Plumbing Service,Water Heater Repair - Residential,Completed,Direct Web Traffic,Direct Web Traffic,92128,0.00,TRUE,2026,3,August,2026,3,August,35
1130761445,2026-08-27,2026-08-28,Plumbing Service,Toilet Stop,Completed,Google Business Profiles,GMB_SanDiego,91941,324.00,TRUE,2026,3,August,2026,3,August,35
1130769586,2026-08-27,,HVAC Service,Diagnosis,Scheduled,PPC,Google | Search | Brand,91910,0.00,TRUE,2026,3,August,,,,
1130786175,2026-08-27,2026-08-27,Plumbing Service,Mainline Stop,Canceled,Branded Phone Number,Local 619,92084,0.00,TRUE,2026,3,August,2026,3,August,35
1130787936,2026-08-27,2026-08-31,HVAC Sales,HVAC Estimate,Completed,PPC,Google | Search | Brand,92130,0.00,TRUE,2026,3,August,2026,3,August,36
1130792733,2026-08-27,2026-08-30,HVAC Sales,HVAC Estimate,Canceled,Branded Phone Number,Local 619,92124,0.00,TRUE,2026,3,August,2026,3,August,35
1130795783,2026-08-27,2026-08-31,Plumbing Service,Floor Drain Stop,Completed,Google Business Profiles,GMB_SanDiego,92093,0.00,TRUE,2026,3,August,2026,3,August,36
1130823086,2026-08-27,2026-08-27,HVAC Service,Diagnosis,Canceled,Branded Phone Number,A1-800-BILL HOWE,92128,0.00,TRUE,2026,3,August,2026,3,August,35
1130826741,2026-08-27,2026-08-27,Lining Install - CA,Job Walk,Completed,Tech referral,Tech Referral,89106,0.00,FALSE,2026,3,August,2026,3,August,35
1130839785,2026-08-27,2026-08-31,Plumbing Service,Leak Below Kitchen,Completed,PPC,Google | Search | Brand,92071,212.00,TRUE,2026,3,August,2026,3,August,36
1130839785,2026-08-27,,Restoration EMS,EMS Estimate,Hold,PPC,Google | Search | Brand,92071,0.00,TRUE,2026,3,August,,,,
1130885706,2026-08-27,2026-08-31,Plumbing Service,Toilet Leak,Completed,PPC,Google | Search | Brand,92103,0.00,TRUE,2026,3,August,2026,3,August,36
1130896609,2026-08-27,2026-09-03,Plumbing Sales,Plumbing Estimate,Completed,Google Business Profiles,GMB_SanDiego,92103,1105.00,TRUE,2026,3,August,2026,3,September,36
1130909424,2026-08-27,,HVAC Service,Diagnosis,Scheduled,Google Business Profiles,GMB_SanDiego,91978,0.00,TRUE,2026,3,August,,,,
1130909475,2026-08-27,,Plumbing Service,Upper/Lower Leak,Hold,Branded Phone Number,Local 619,92027,0.00,TRUE,2026,3,August,,,,
1130911243,2026-08-27,2026-08-27,Plumbing Service,Tub/Shower Faucet,Completed,Branded Phone Number,Local 619,92130,0.00,TRUE,2026,3,August,2026,3,August,35
1130919902,2026-08-27,2026-08-28,Plumbing Service,Lavatory Faucet,Completed,Organic Search,Bing Organic,92103,0.00,TRUE,2026,3,August,2026,3,August,35
1130923604,2026-08-27,2026-08-28,Lining Install - CA,Lining Estimate,Completed,External Referral,Referral,92595,0.00,FALSE,2026,3,August,2026,3,August,35
1130931574,2026-08-27,2026-08-28,Plumbing Service,Water Heater Repair - Residential,Completed,PPC,Google | Search | Plumbing,91913,0.00,TRUE,2026,3,August,2026,3,August,35
183246,2026-08-27,2026-09-03,HVAC Service,Diagnosis,Canceled,Google Business Profiles,GMB_SanDiego,92101,0.00,TRUE,2026,3,August,2026,3,September,36
249487711,2026-08-27,2026-09-02,Plumbing Service,Leak Below Kitchen,Completed,Programmatic,StackAdapt / Display,92117,541.00,TRUE,2026,3,August,2026,3,September,36
251371407,2026-08-27,2026-08-24,Plumbing Service,Plumbing Service,Completed,Organic Search,Google Organic,92110,0.00,FALSE,2026,3,August,2026,3,August,35
258130533,2026-08-27,2026-08-27,Plumbing Service,Kitchen Stop,Completed,PPC,Bing | Search | Brand,92117,102.00,TRUE,2026,3,August,2026,3,August,35
258130533,2026-08-27,2026-09-01,Plumbing Service,Sewer Camera,Completed,PPC,Bing | Search | Brand,92117,0.00,FALSE,2026,3,August,2026,3,September,36
266023073,2026-08-27,,HVAC Service,Hvac Recall/Warranty,In Progress,Branded Phone Number,A1-800-BILL HOWE,92131,0.00,TRUE,2026,3,August,,,,
266372404,2026-08-27,2026-09-03,Plumbing Service,Tankless Service,Completed,Branded Phone Number,Local 619,91932,0.00,FALSE,2026,3,August,2026,3,September,36
271275835,2026-08-27,,HVAC Service,Diagnosis,Scheduled,PPC,Google | Search | Brand,92128,0.00,TRUE,2026,3,August,,,,
272280290,2026-08-27,2026-08-28,Plumbing Service,Laundry Stop,Completed,Google Business Profiles,GMB_SanDiego,92101,0.00,TRUE,2026,3,August,2026,3,August,35
272280638,2026-08-27,,HVAC Sales,HVAC Estimate,Scheduled,Uncategorized,Uncategorized,92110,0.00,TRUE,2026,3,August,,,,
272911724,2026-08-27,2026-08-31,Plumbing Service,Tankless Service,Completed,Branded Phone Number,A1-800-BILL HOWE,92037,0.00,TRUE,2026,3,August,2026,3,August,36
273926030,2026-08-27,2026-08-27,Plumbing Service,Urinal Stop,Completed,PPC,Google | Search | HVAC,92126,0.00,TRUE,2026,3,August,2026,3,August,35
273926030,2026-08-27,2026-08-28,Plumbing Service,Urinal Stop,Completed,PPC,Google | Search | HVAC,92126,93.84,TRUE,2026,3,August,2026,3,August,35
278591675,2026-08-27,2026-09-02,Plumbing Service,Pipe Leak,Completed,Branded Phone Number,Local 619,92037,0.00,TRUE,2026,3,August,2026,3,September,36
283088548,2026-08-27,,HVAC Service,Diagnosis,Scheduled,Google Business Profiles,GMB_SanDiego,92064,0.00,TRUE,2026,3,August,,,,
285306386,2026-08-27,2026-08-27,Plumbing Service,Kitchen Stop,Completed,PPC,Google | PMAX | Drains,92110,144.00,TRUE,2026,3,August,2026,3,August,35
285659696,2026-08-27,2026-08-31,Plumbing Service,Slab Leak,Canceled,PPC,Google | Search | Brand,92019,0.00,TRUE,2026,3,August,2026,3,August,36
286576621,2026-08-27,,HVAC Maintenance,Preventative Maintenance,Scheduled,PPC,Google | Search | Brand,92129,0.00,TRUE,2026,3,August,,,,
286576621,2026-08-27,,HVAC Service,,,,,92129,179.88,TRUE,2026,3,August,,,,
287233406,2026-08-27,2026-08-27,Plumbing Service,Kitchen Stop,Completed,Website,Email Contact Form,92024,0.00,TRUE,2026,3,August,2026,3,August,35
288256029,2026-08-27,2026-08-31,Plumbing Service,Tub/Shower Faucet,Completed,Organic Search,Google Organic,92130,0.00,FALSE,2026,3,August,2026,3,August,36
288693427,2026-08-27,2026-09-01,Plumbing Service,Tub/Shower Faucet,Completed,Google Business Profiles,GMB_SanDiego,92101,1114.00,TRUE,2026,3,August,2026,3,September,36
294848036,2026-08-27,,HVAC Service,A/C Repair,Scheduled,PPC,Google | Search | HVAC,92009,0.00,TRUE,2026,3,August,,,,
310475296,2026-08-27,2026-08-24,Plumbing Service,Leak Below Lavatory,Completed,Branded Phone Number,A1-800-BILL HOWE,92128,0.00,TRUE,2026,3,August,2026,3,August,35
310475296,2026-08-27,2026-08-27,Plumbing Service,Toilet Stop,Completed,Branded Phone Number,A1-800-BILL HOWE,92128,0.00,TRUE,2026,3,August,2026,3,August,35
315329048,2026-08-27,2026-09-03,HVAC Service,Diagnosis,Completed,Google Business Profiles,GMB_SanDiego,92121,87.00,TRUE,2026,3,August,2026,3,September,36
31536700,2026-08-27,2026-08-27,Plumbing Service,Angle Stop,Completed,Direct Web Traffic,Direct Web Traffic,92123,241.96,TRUE,2026,3,August,2026,3,August,35
31537512,2026-08-27,2026-09-02,Plumbing Service,Drywall,Completed,PPC,Google | Search | Brand,92107,1000.00,TRUE,2026,3,August,2026,3,September,36
31538865,2026-08-27,2026-08-28,Plumbing Service,Tub/Shower Faucet,Completed,Branded Phone Number,A1-800-BILL HOWE,92037,322.05,TRUE,2026,3,August,2026,3,August,35
31539407,2026-08-27,2026-09-02,Plumbing Service,Leak Below Lavatory,Completed,Branded Phone Number,Local 619,92121,1936.73,TRUE,2026,3,August,2026,3,September,36
31548607,2026-08-27,2026-08-27,Plumbing Sales,Drain Estimate,Completed,PPC,Google | Search | Brand,92123,0.00,FALSE,2026,3,August,2026,3,August,35
31548607,2026-08-27,2026-08-27,Plumbing Service,Mainline Stop,Completed,PPC,Google | Search | Brand,92123,0.00,TRUE,2026,3,August,2026,3,August,35
31550762,2026-08-27,2026-08-28,Plumbing Service,Hose Bib,Completed,PPC,Bing | Search | Brand,92117,265.00,TRUE,2026,3,August,2026,3,August,35
31554631,2026-08-27,2026-08-28,Plumbing Service,Toilet Leak,Completed,Branded Phone Number,A1-800-BILL HOWE,92117,0.00,FALSE,2026,3,August,2026,3,August,35
31561875,2026-08-27,2026-09-01,Plumbing Maintenance,Recurring Services: Backflow Test,Canceled,Google Business Profiles,GMB_SanDiego,92109,0.00,TRUE,2026,3,August,2026,3,September,36
31563122,2026-08-27,2026-08-28,Lining Install - CA,Warranty Lining,Completed,Direct Web Traffic,Direct Web Traffic,92122,0.00,FALSE,2026,3,August,2026,3,August,35
31563543,2026-08-27,2026-09-01,Plumbing Sales,Plumbing Estimate,Completed,Website,Website Phone Calls,92101,0.00,TRUE,2026,3,August,2026,3,September,36
31564376,2026-08-27,2026-08-28,Plumbing Service,Ice Maker Line,Completed,Branded Phone Number,Local 619,92111,0.00,TRUE,2026,3,August,2026,3,August,35
31565291,2026-08-27,2026-09-02,Plumbing Service,Jetting- Residential,Completed,CSR Outbound,$1 OUTBOUND (use this for out-bounding),92113,1200.00,TRUE,2026,3,August,2026,3,September,36
31565291,2026-08-27,2026-08-27,Plumbing Service,Sewer Camera,Completed,CSR Outbound,$1 OUTBOUND (use this for out-bounding),92113,0.00,FALSE,2026,3,August,2026,3,August,35
31565505,2026-08-27,2026-08-28,Plumbing Service,Sewer Smell,Completed,PPC,Google | Search | Brand,92110,175.00,TRUE,2026,3,August,2026,3,August,35
31566491,2026-08-27,,HVAC Service,Diagnosis,Scheduled,PPC,Google | Search | Brand,91935,0.00,TRUE,2026,3,August,,,,
31571926,2026-08-27,,HVAC Service,Diagnosis,Scheduled,Branded Phone Number,A1-800-BILL HOWE,92120,0.00,TRUE,2026,3,August,,,,
31572380,2026-08-27,,HVAC Service,A/C Repair,Hold,Google Business Profiles,GMB_Poway,92127,0.00,TRUE,2026,3,August,,,,
31572795,2026-08-27,2026-08-28,Plumbing Service,Kitchen Stop,Completed,Branded Phone Number,Local 619,92116,350.00,TRUE,2026,3,August,2026,3,August,35
31572795,2026-08-27,2026-08-28,Plumbing Service,Lavatory Stop,Completed,Branded Phone Number,Local 619,92109,175.00,TRUE,2026,3,August,2026,3,August,35
31576371,2026-08-27,2026-08-28,HVAC Service,Diagnosis,Canceled,Branded Phone Number,A1-800-BILL HOWE,91902,0.00,TRUE,2026,3,August,2026,3,August,35
31576635,2026-08-27,2026-08-27,Plumbing Service,Mainline Stop,Completed,Branded Phone Number,Local 619,92117,161.00,TRUE,2026,3,August,2026,3,August,35
31576635,2026-08-27,2026-08-28,Plumbing Service,Sewer Camera,Completed,Branded Phone Number,Local 619,92117,0.00,TRUE,2026,3,August,2026,3,August,35
31579701,2026-08-27,2026-08-28,Plumbing Service,Kitchen Stop,Completed,PPC,Google | Search | Plumbing,92110,132.48,TRUE,2026,3,August,2026,3,August,35
31580313,2026-08-27,2026-08-24,Plumbing Install,Tankless Install,Completed,Business Directories,Rinnai Listing,92104,0.00,TRUE,2026,3,August,2026,3,August,35
31586318,2026-08-27,2026-08-24,Plumbing Service,Water Heater Repair - Residential,Completed,Branded Phone Number,A1-800-BILL HOWE,92007,0.00,FALSE,2026,3,August,2026,3,August,35
31586563,2026-08-27,2026-09-02,Lining Install - CA,Sewer Camera,Completed,Branded Phone Number,Local 619,92109,0.00,TRUE,2026,3,August,2026,3,September,36
31586563,2026-08-27,2026-08-27,Plumbing Service,Sewer Camera,Completed,Branded Phone Number,Local 619,92109,0.00,TRUE,2026,3,August,2026,3,August,35
31588059,2026-08-27,2026-08-27,Plumbing Service,Mainline Stop,Canceled,Outbound SMS,ST Outbound Text Lines,92117,0.00,TRUE,2026,3,August,2026,3,August,35
31588059,2026-08-27,2026-08-28,Plumbing Service,Sewer Camera,Completed,Outbound SMS,ST Outbound Text Lines,92117,0.00,TRUE,2026,3,August,2026,3,August,35
31596959,2026-08-27,2026-08-28,HVAC Install,Hvac Recall/Warranty,Completed,Direct Web Traffic,Direct Web Traffic,92130,0.00,TRUE,2026,3,August,2026,3,August,35
31597150,2026-08-27,,Plumbing Maintenance,Recurring Services: B.F.P. Water Heater/Tankless Flush,Scheduled,Branded Phone Number,Local 619,92123,0.00,TRUE,2026,3,August,,,,
31597426,2026-08-27,,HVAC Install,Hvac Recall/Warranty,Hold,Branded Phone Number,Local 619,92123,0.00,TRUE,2026,3,August,,,,
31599682,2026-08-27,2026-08-27,Restoration EMS,EMS Estimate,Completed,Direct Web Traffic,Direct Web Traffic,92130,0.00,FALSE,2026,3,August,2026,3,August,35
31601351,2026-08-27,,HVAC Service,Diagnosis,Scheduled,Direct Web Traffic,Direct Web Traffic,92037,0.00,TRUE,2026,3,August,,,,
31605517,2026-08-27,2026-08-31,Plumbing Service,Sewer Smell,Completed,PPC,Google | Search | Brand,92117,0.00,TRUE,2026,3,August,2026,3,August,36
31609030,2026-08-27,2026-08-28,Plumbing Service,Sewer Camera,Completed,Google Business Profiles,GMB_SanDiego,92122,0.00,TRUE,2026,3,August,2026,3,August,35
31619331,2026-08-27,2026-08-31,HVAC Sales,HVAC Estimate,Completed,Yelp,Yelp,91942,0.00,TRUE,2026,3,August,2026,3,August,36
31619471,2026-08-27,,Plumbing Maintenance,Recurring Services: Plumbing Inspection,Scheduled,PPC,Google | Search | Brand,92106,0.00,TRUE,2026,3,August,,,,
31620257,2026-08-27,2026-08-27,HVAC Sales,Hvac Tech Turnover Estimate,Canceled,PPC,Google | Search | Brand,91950,0.00,TRUE,2026,3,August,2026,3,August,35
31621001,2026-08-27,2026-08-27,Plumbing Service,Sewer Camera,Canceled,Branded Phone Number,Local 619,92117,0.00,TRUE,2026,3,August,2026,3,August,35
31622008,2026-08-27,,Plumbing Maintenance,Recurring Services: Water Heater Flush,Scheduled,CSR Outbound,$1 OUTBOUND (use this for out-bounding),92109,0.00,TRUE,2026,3,August,,,,
31623090,2026-08-27,2026-08-28,Plumbing Service,Tankless Service,Completed,Direct Web Traffic,Direct Web Traffic,92111,3550.00,TRUE,2026,3,August,2026,3,August,35
31623834,2026-08-27,2026-09-02,Plumbing Service,Disposal,Completed,PPC,Google | Search | Brand,92103,530.00,TRUE,2026,3,August,2026,3,September,36
316251563,2026-08-27,2026-08-28,Plumbing Service,Lavatory Faucet,Completed,Direct Web Traffic,Direct Web Traffic,92008,434.00,TRUE,2026,3,August,2026,3,August,35
31628346,2026-08-27,2026-08-28,Plumbing Service,Lavatory Faucet,Canceled,Direct Web Traffic,Direct Web Traffic,91910,0.00,TRUE,2026,3,August,2026,3,August,35
31631840,2026-08-27,2026-08-27,Plumbing Service,Water Filtration Repair,Completed,PPC,Google | Search | Brand,92124,1759.00,TRUE,2026,3,August,2026,3,August,35
31633708,2026-08-27,2026-08-28,Plumbing Service,Toilet Leak,Completed,Branded Phone Number,Local 619,91914,265.00,TRUE,2026,3,August,2026,3,August,35
31634232,2026-08-27,2026-09-02,Plumbing Service,Tub/Shower Faucet,Completed,Branded Phone Number,A1-800-BILL HOWE,92154,1166.00,TRUE,2026,3,August,2026,3,September,36
31635225,2026-08-27,2026-08-24,Plumbing Maintenance,Recurring Services: Jetting,Completed,Branded Phone Number,A1-800-BILL HOWE,92106,0.00,TRUE,2026,3,August,2026,3,August,35
31638713,2026-08-27,2026-08-19,Plumbing Service,Plumbing Service,Completed,Branded Phone Number,A1-800-BILL HOWE,92106,0.00,TRUE,2026,3,August,2026,3,August,34
31639089,2026-08-27,2026-08-27,Plumbing Sales,Plumbing Estimate,Completed,Branded Phone Number,A1-800-BILL HOWE,92108,0.00,TRUE,2026,3,August,2026,3,August,35
31644293,2026-08-27,,HVAC Install,Full System Install,Scheduled,Branded Phone Number,A1-800-BILL HOWE,92103,12921.64,TRUE,2026,3,August,,,,
31644622,2026-08-27,2026-08-28,Plumbing Service,Drain Repair,Completed,Branded Phone Number,A1-800-BILL HOWE,92108,0.00,FALSE,2026,3,August,2026,3,August,35
31645736,2026-08-27,2026-08-27,Plumbing Install,Water Heater Install - Residential,Completed,PPC,Google | Search | Plumbing,92131,6000.00,TRUE,2026,3,August,2026,3,August,35
31647665,2026-08-27,2026-09-01,Plumbing Service,Laundry Stop,Completed,Organic Search,Google Organic,92101,1317.00,TRUE,2026,3,August,2026,3,September,36
31649532,2026-08-27,2026-08-27,Plumbing Sales,Plumbing Estimate,Completed,Branded Phone Number,A1-800-BILL HOWE,92110,0.00,TRUE,2026,3,August,2026,3,August,35
31653265,2026-08-27,2026-08-28,Plumbing Service,Pipe Leak,Completed,PPC,Google | Search | Brand,92106,263.00,TRUE,2026,3,August,2026,3,August,35
31654866,2026-08-27,2026-08-28,HVAC Service,Diagnosis,Completed,Email,Legacy Email Marketing Multiple Offers,92123,450.23,TRUE,2026,3,August,2026,3,August,35
31660442,2026-08-27,2026-08-27,Plumbing Service,Reset Toilet,Completed,Google Business Profiles,GMB_SanDiego,92067,0.00,TRUE,2026,3,August,2026,3,August,35
31665586,2026-08-27,2026-08-10,Plumbing Maintenance,Recurring Services: Backflow Test,Completed,Branded Phone Number,Local 619,91945,0.00,TRUE,2026,3,August,2026,3,August,33
31672087,2026-08-27,2026-08-28,Plumbing Service,Plumbing Service,Completed,Branded Phone Number,Local 619,92107,0.00,FALSE,2026,3,August,2026,3,August,35
31674337,2026-08-27,2026-08-27,Plumbing Service,Tub/Shower Stop,Completed,Google Business Profiles,GMB_SanDiego,92107,204.00,TRUE,2026,3,August,2026,3,August,35
31675853,2026-08-27,2026-08-28,Plumbing Service,PRV,Completed,Branded Phone Number,Local 619,92109,1240.00,TRUE,2026,3,August,2026,3,August,35
31681308,2026-08-27,,Plumbing Service,Water Heater Repair - Residential,Hold,Branded Phone Number,A1-800-BILL HOWE,92110,0.00,TRUE,2026,3,August,,,,
31681467,2026-08-27,2026-01-23,Plumbing Service,Kitchen Stop,Completed,Branded Phone Number,A1-800-BILL HOWE,92108,576.38,TRUE,2026,3,August,2026,1,January,4
31681467,2026-08-27,2026-01-08,Plumbing Service,Toilet Stop,Completed,Branded Phone Number,A1-800-BILL HOWE,92108,865.00,TRUE,2026,3,August,2026,1,January,2
31681566,2026-08-27,2026-08-28,HVAC Install,Dryer Vent Cleaning,Canceled,Outbound SMS,ST Outbound Text Lines,92037,0.00,TRUE,2026,3,August,2026,3,August,35
31687118,2026-08-27,2026-07-08,Plumbing Install,Moen Flo Install,Completed,PPC,Google | Search | Brand,92091,0.00,TRUE,2026,3,August,2026,3,July,28
31687425,2026-08-27,2026-08-27,HVAC Service,Diagnosis,Canceled,PPC,Google | Search | Competitor,92127,0.00,TRUE,2026,3,August,2026,3,August,35
31689724,2026-08-27,,Plumbing Sales,,,,,91910,0.00,TRUE,2026,3,August,,,,
31690425,2026-08-27,2026-08-28,HVAC Service,Diagnosis,Canceled,Outbound SMS,ST Outbound Text Lines,92126,0.00,TRUE,2026,3,August,2026,3,August,35
31690783,2026-08-27,2026-08-28,Restoration EMS,EMS Estimate,Completed,Google Business Profiles,GMB_SanDiego,92024,0.00,FALSE,2026,3,August,2026,3,August,35
31696692,2026-08-27,2026-08-25,Plumbing Service,Angle Stop,Completed,Branded Phone Number,A1-800-BILL HOWE,92123,0.00,TRUE,2026,3,August,2026,3,August,35
31704219,2026-08-27,2026-08-07,Plumbing Service,Jetting- Kitchen,Completed,External Referral,Referral,92064,-487.60,TRUE,2026,3,August,2026,3,August,32
31705981,2026-08-27,2026-08-31,Plumbing Service,Drain Repair,Completed,Google Business Profiles,GMB_Poway,92064,1600.00,TRUE,2026,3,August,2026,3,August,36
31705981,2026-08-27,2026-08-27,Plumbing Service,Sewer Camera,Completed,Google Business Profiles,GMB_Poway,92064,0.00,TRUE,2026,3,August,2026,3,August,35
31706121,2026-08-27,,Plumbing Maintenance,,,,,92037,179.88,TRUE,2026,3,August,,,,
31706524,2026-08-27,2026-08-24,Plumbing Service,Drain Repair,Completed,Organic Search,Bing Organic,92117,0.00,TRUE,2026,3,August,2026,3,August,35
31709289,2026-08-27,,HVAC Maintenance,,,,,92127,179.88,TRUE,2026,3,August,,,,
31709289,2026-08-27,,HVAC Maintenance,Preventative Maintenance,Scheduled,Branded Phone Number,Local 619,92127,0.00,TRUE,2026,3,August,,,,
31710333,2026-08-27,,HVAC Service,Diagnosis,Scheduled,Branded Phone Number,A1-800-BILL HOWE,92122,0.00,TRUE,2026,3,August,,,,
31710523,2026-08-27,,HVAC Install,Full System Install,Hold,Google Business Profiles,GMB_SanDiego,91942,34610.30,TRUE,2026,3,August,,,,
31712241,2026-08-27,2026-08-27,HVAC Service,Hvac Recall/Warranty,Completed,Branded Phone Number,A1-800-BILL HOWE,92019,0.00,TRUE,2026,3,August,2026,3,August,35
31712487,2026-08-27,2026-08-28,Plumbing Service,Kitchen Stop,Completed,PPC,Google | Search | Brand,92122,394.00,TRUE,2026,3,August,2026,3,August,35
31713313,2026-08-27,,HVAC Maintenance,Recurring Services: B.F.P. Hvac Maintenance,Scheduled,,Memberships due for Service,92109,0.00,TRUE,2026,3,August,,,,
31719381,2026-08-27,2026-08-28,Plumbing Service,Kitchen Stop,Canceled,Branded Phone Number,Local 619,92101,0.00,TRUE,2026,3,August,2026,3,August,35
31720685,2026-08-27,2026-08-31,Plumbing Sales,Water Filtration Estimate,Completed,Direct Web Traffic,Direct Web Traffic,92129,0.00,TRUE,2026,3,August,2026,3,August,36
317213231,2026-08-27,2026-08-31,Plumbing Service,Sump Pump,Completed,Direct Web Traffic,Direct Web Traffic,92029,0.00,TRUE,2026,3,August,2026,3,August,36
31723299,2026-08-27,,Plumbing Maintenance,Recurring Services: B.F.P. Water Heater/Tankless Flush,Scheduled,Branded Phone Number,Local 619,92127,0.00,TRUE,2026,3,August,,,,
31723299,2026-08-27,2026-08-27,Plumbing Service,Tankless Service,Completed,Branded Phone Number,Local 619,92127,0.00,FALSE,2026,3,August,2026,3,August,35
31723552,2026-08-27,2026-08-24,Plumbing Service,Drain Repair,Completed,PPC,Google | Search | Brand,92011,0.00,TRUE,2026,3,August,2026,3,August,35
31723913,2026-08-27,,Plumbing Maintenance,Recurring Services: Backflow Test,Scheduled,CSR Outbound,$1 OUTBOUND (use this for out-bounding),92110,0.00,TRUE,2026,3,August,,,,
31723936,2026-08-27,2026-09-01,HVAC Service,Diagnosis,Completed,PPC,Google | Search | HVAC,92064,0.00,TRUE,2026,3,August,2026,3,September,36
31725637,2026-08-27,2026-08-27,Plumbing Service,Kitchen Faucet,Completed,Direct Web Traffic,Direct Web Traffic,92120,318.00,TRUE,2026,3,August,2026,3,August,35
31725984,2026-08-27,,HVAC Sales,Hvac Tech Turnover Estimate,Scheduled,Google LSA,Google Local Services,92101,0.00,TRUE,2026,3,August,,,,
31726515,2026-08-27,,HVAC Sales,HVAC Estimate,Hold,PPC,Google | PMAX | HVAC,92130,0.00,TRUE,2026,3,August,,,,
31726556,2026-08-27,2026-09-01,HVAC Service,A/C Repair,Completed,Branded Phone Number,Local 619,92027,549.00,TRUE,2026,3,August,2026,3,September,36
31731370,2026-08-27,2026-09-01,Plumbing Maintenance,Recurring Services: Backflow Test,Completed,Branded Phone Number,Local 619,91911,0.00,TRUE,2026,3,August,2026,3,September,36
31733558,2026-08-27,2026-08-31,Plumbing Service,Plumbing Service,Completed,Google Business Profiles,GMB_SanDiego,92130,276.00,TRUE,2026,3,August,2026,3,August,36
322731465,2026-08-27,,Plumbing Maintenance,Backflow Test,Scheduled,Email,Legacy Email Marketing Multiple Offers,92020,0.00,TRUE,2026,3,August,,,,
328623867,2026-08-27,,Plumbing Maintenance,Recurring Services: Sewer Camera Inspection,Scheduled,,Memberships due for Service,92007,0.00,TRUE,2026,3,August,,,,
330471508,2026-08-27,,HVAC Service,Diagnosis,Scheduled,Direct Web Traffic,Direct Web Traffic,92028,0.00,TRUE,2026,3,August,,,,
333962278,2026-08-27,2026-08-28,Plumbing Service,Toilet Stop,Completed,Branded Phone Number,Local 619,92056,0.00,TRUE,2026,3,August,2026,3,August,35
335907137,2026-08-27,2026-08-28,HVAC Install,Hvac Recall/Warranty,Completed,PPC,Google | Search | HVAC,92011,0.00,TRUE,2026,3,August,2026,3,August,35
342208971,2026-08-27,2026-09-02,HVAC Sales,HVAC Estimate,Completed,Google Business Profiles,GMB_SanDiego,92130,0.00,TRUE,2026,3,August,2026,3,September,36
342208971,2026-08-27,,Plumbing Maintenance,Recurring Services: Backflow Test,Scheduled,Google Business Profiles,GMB_SanDiego,92130,0.00,TRUE,2026,3,August,,,,
343252560,2026-08-27,2026-08-24,Plumbing Maintenance,Recurring Services: Backflow Test,Completed,Google Business Profiles,GMB_SanDiego,92154,0.00,FALSE,2026,3,August,2026,3,August,35
349268114,2026-08-27,2026-08-28,Plumbing Service,Mainline Stop,Completed,Branded Phone Number,Local 619,92064,246.00,TRUE,2026,3,August,2026,3,August,35
356769057,2026-08-27,2026-08-27,Lining Install - CA,Lining Estimate,Canceled,Branded Phone Number,A1-800-BILL HOWE,91902,0.00,TRUE,2026,3,August,2026,3,August,35
357318646,2026-08-27,2026-08-28,Plumbing Service,Tub/Shower Stop,Completed,PPC,Google | Search | Brand,92120,0.00,TRUE,2026,3,August,2026,3,August,35
357318646,2026-08-27,2026-08-28,Restoration EMS,EMS Estimate,Completed,PPC,Google | Search | Brand,92120,0.00,TRUE,2026,3,August,2026,3,August,35
358497176,2026-08-27,,Plumbing Install,,,,,91941,0.00,TRUE,2026,3,August,,,,
366749162,2026-08-27,,HVAC Maintenance,Preventative Maintenance,Scheduled,Branded Phone Number,A1-800-BILL HOWE,92019,0.00,TRUE,2026,3,August,,,,
367917470,2026-08-27,,Plumbing Maintenance,,,,,91932,0.00,TRUE,2026,3,August,,,,
367917470,2026-08-27,,Plumbing Maintenance,,,,,91932,-179.88,TRUE,2026,3,August,,,,
368412674,2026-08-27,2026-09-01,Plumbing Service,Mainline Stop,Completed,Google Business Profiles,GMB_Poway,92128,175.00,TRUE,2026,3,August,2026,3,September,36
370279737,2026-08-27,2026-08-28,Plumbing Service,Toilet Leak,Completed,Organic Search,Google Organic,92127,236.70,TRUE,2026,3,August,2026,3,August,35
372739477,2026-08-27,2026-08-27,Plumbing Service,Toilet Leak,Completed,Direct Web Traffic,Direct Web Traffic,92118,780.00,TRUE,2026,3,August,2026,3,August,35
374510178,2026-08-27,,Plumbing Maintenance,Recurring Services: Plumbing Inspection,Scheduled,,Memberships due for Service,92067,0.00,TRUE,2026,3,August,,,,
375906711,2026-08-27,,HVAC Sales,HVAC Estimate,Scheduled,Google Business Profiles,GMB_SanDiego,92131,0.00,TRUE,2026,3,August,,,,
376666322,2026-08-27,2026-08-27,Plumbing Sales,Job Walk,Completed,Organic Search,Google Organic,92127,0.00,FALSE,2026,3,August,2026,3,August,35
378998593,2026-08-27,2026-08-28,Plumbing Service,Floor Drain Stop,Completed,PPC,Google | Search | Brand,92104,130.00,TRUE,2026,3,August,2026,3,August,35
381331999,2026-08-27,2026-08-28,Plumbing Service,Lavatory Faucet,Completed,PPC,Google | PMAX | Plumbing,92114,210.68,TRUE,2026,3,August,2026,3,August,35
407872013,2026-08-27,,HVAC Install,Full System Install,Scheduled,Email Marketing - ST,Legacy Email Marketing - Restoration,92115,16837.00,TRUE,2026,3,August,,,,
46456501,2026-08-27,2026-09-04,HVAC Service,Hvac Recall/Warranty,Completed,Outbound SMS,ST Outbound Text Lines,92008,284.00,TRUE,2026,3,August,2026,3,September,36
465221110,2026-08-27,2026-08-28,Plumbing Service,Reset Toilet,Canceled,PPC,Google | Search | Plumbing,92024,0.00,TRUE,2026,3,August,2026,3,August,35
465221110,2026-08-27,2026-08-28,Plumbing Service,Toilet Stop,Completed,Direct Web Traffic,Direct Web Traffic,92024,1273.00,TRUE,2026,3,August,2026,3,August,35
471042815,2026-08-27,2026-08-27,Plumbing Service,Slab Leak,Completed,Website,Website Phone Calls,92128,0.00,FALSE,2026,3,August,2026,3,August,35
473210624,2026-08-27,,Plumbing Maintenance,Recurring Services: B.F.P. Water Heater/Tankless Flush,Scheduled,Organic Search,Chat - Service Titan,92117,0.00,TRUE,2026,3,August,,,,
476107062,2026-08-27,2026-08-28,Plumbing Service,Urinal Stop,Completed,Branded Phone Number,Local 619,92123,526.00,TRUE,2026,3,August,2026,3,August,35
477271882,2026-08-27,2026-08-31,Plumbing Sales,Plumbing Estimate,Completed,Email,Legacy Email Marketing Multiple Offers,91915,0.00,TRUE,2026,3,August,2026,3,August,36
481535563,2026-08-27,2026-09-03,Plumbing Service,Backflow Repair,Completed,Google LSA,Google Local Services,92021,630.00,TRUE,2026,3,August,2026,3,September,36
483199705,2026-08-27,2026-09-04,Lining Install - CA,Job Walk,Canceled,PPC,Google | Search | Brand,92071,0.00,FALSE,2026,3,August,2026,3,September,36
484136612,2026-08-27,,Plumbing Maintenance,,,,,92154,14.99,TRUE,2026,3,August,,,,
485137919,2026-08-27,2026-08-28,Plumbing Service,Plumbing Service,Completed,Organic Search,Google Organic,92102,2400.00,TRUE,2026,3,August,2026,3,August,35
486558256,2026-08-27,2026-08-31,HVAC Install,Hvac Recall/Warranty,Canceled,Google Business Profiles,GMB_SanDiego,92109,0.00,TRUE,2026,3,August,2026,3,August,36
49195299,2026-08-27,2026-08-28,Plumbing Service,Plumbing Service,Completed,Branded Phone Number,Local 619,92103,0.00,FALSE,2026,3,August,2026,3,August,35
49380479,2026-08-27,2026-08-27,Plumbing Service,Sewer Camera,Completed,Branded Phone Number,A1-800-BILL HOWE,92105,0.00,TRUE,2026,3,August,2026,3,August,35
49427630,2026-08-27,2026-08-19,Plumbing Service,Plumbing Service,Completed,Yelp,Yelp,92130,0.00,TRUE,2026,3,August,2026,3,August,34
50256957,2026-08-27,,Plumbing Maintenance,Backflow Test,Scheduled,Google Business Profiles,GMB_SanDiego,92024,0.00,TRUE,2026,3,August,,,,
50315777,2026-08-27,2026-08-28,HVAC Service,Diagnosis,Completed,Branded Phone Number,A1-800-BILL HOWE,92029,269.80,TRUE,2026,3,August,2026,3,August,35
50413658,2026-08-27,,HVAC Service,Diagnosis,Scheduled,Google Business Profiles,GMB_SanDiego,92154,0.00,FALSE,2026,3,August,,,,
52853564,2026-08-27,,Lining Install - CA,Lining,Scheduled,Google Business Profiles,GMB_SanDiego,92117,5400.00,TRUE,2026,3,August,,,,
52853564,2026-08-27,2026-08-13,Plumbing Service,Jetting- Residential,Completed,Google Business Profiles,GMB_SanDiego,92117,0.00,TRUE,2026,3,August,2026,3,August,33
52853564,2026-08-27,2026-08-12,Plumbing Service,Jetting- Residential,Completed,Google Business Profiles,GMB_SanDiego,92117,0.00,TRUE,2026,3,August,2026,3,August,33
53508837,2026-08-27,,Plumbing Maintenance,Recurring Services: Water Heater Flush,Scheduled,Branded Phone Number,Local 619,92128,0.00,TRUE,2026,3,August,,,,
54012774,2026-08-27,2026-08-31,Plumbing Service,Mainline Stop,Completed,Branded Phone Number,Local 619,92126,2383.00,TRUE,2026,3,August,2026,3,August,36
54244105,2026-08-27,2026-08-27,Plumbing Service,Plumbing Service,Completed,Branded Phone Number,Local 619,92007,1375.00,TRUE,2026,3,August,2026,3,August,35
56477495,2026-08-27,,Plumbing Service,Upper/Lower Leak,Hold,PPC,Google | Search | Brand,91941,0.00,TRUE,2026,3,August,,,,
56641716,2026-08-27,2026-08-27,Plumbing Service,Reset Toilet,Completed,Branded Phone Number,Local 619,92020,251.20,TRUE,2026,3,August,2026,3,August,35
57294274,2026-08-27,2026-08-27,Plumbing Service,Toilet Leak,Completed,Branded Phone Number,A1-800-BILL HOWE,92024,297.00,TRUE,2026,3,August,2026,3,August,35
57294274,2026-08-27,2026-08-27,Plumbing Service,Toilet Leak,Completed,Branded Phone Number,A1-800-BILL HOWE,92024,0.00,FALSE,2026,3,August,2026,3,August,35
57754144,2026-08-27,,HVAC Service,Diagnosis,Scheduled,Branded Phone Number,Local 619,92025,0.00,TRUE,2026,3,August,,,,
58322171,2026-08-27,2026-08-24,Plumbing Service,Pipe Leak,Completed,Branded Phone Number,Local 619,92075,0.00,TRUE,2026,3,August,2026,3,August,35
58877937,2026-08-27,,HVAC Service,,,,,92108,-89.84,TRUE,2026,3,August,,,,
59420200,2026-08-27,,HVAC Service,,,,,92108,-89.84,TRUE,2026,3,August,,,,
59474397,2026-08-27,2026-09-02,Plumbing Service,Tub/Shower Faucet,Completed,Google Business Profiles,GMB_SanDiego,92037,3040.00,TRUE,2026,3,August,2026,3,September,36
60852589,2026-08-27,2026-08-31,Plumbing Service,Jetting- Residential,Completed,Branded Phone Number,A1-800-BILL HOWE,92118,1803.00,TRUE,2026,3,August,2026,3,August,36
61130491,2026-08-27,2026-08-24,Plumbing Service,Leak Below Kitchen,Completed,Google Business Profiles,GMB_SanDiego,92024,0.00,TRUE,2026,3,August,2026,3,August,35
61805907,2026-08-27,,Plumbing Service,Tub/Shower Faucet,Hold,Google Business Profiles,GMB_SanDiego,92130,0.00,TRUE,2026,3,August,,,,
62299082,2026-08-27,,Plumbing Sales,Plumbing Estimate,Scheduled,,Memberships due for Service,92119,0.00,TRUE,2026,3,August,,,,
64024827,2026-08-27,2026-08-28,Plumbing Service,Toilet Stop,Completed,Branded Phone Number,Local 619,92118,102.00,TRUE,2026,3,August,2026,3,August,35
65700099,2026-08-27,2026-08-31,Plumbing Service,Jetting- Residential,Completed,Branded Phone Number,Local 619,92106,6074.00,TRUE,2026,3,August,2026,3,August,36
66868633,2026-08-27,2026-09-03,Plumbing Service,Area/Storm Drain,Completed,Google Business Profiles,GMB_Poway,92011,0.00,TRUE,2026,3,August,2026,3,September,36
674433419,2026-08-27,2026-08-31,Plumbing Service,Kitchen Faucet,Completed,Branded Phone Number,Local 619,92102,2815.00,TRUE,2026,3,August,2026,3,August,36
67946064,2026-08-27,2026-08-28,Plumbing Service,Tub/Shower Faucet,Completed,Branded Phone Number,Local 619,92111,0.00,TRUE,2026,3,August,2026,3,August,35
679513993,2026-08-27,2026-09-02,Plumbing Service,Drain Repair,Completed,External Referral,Referral,92129,4500.00,TRUE,2026,3,August,2026,3,September,36
679513993,2026-08-27,2026-09-04,Plumbing Service,Drain Repair,Completed,External Referral,Referral,92129,4500.00,TRUE,2026,3,August,2026,3,September,36
679513993,2026-08-27,2026-09-03,Plumbing Service,Drain Repair,Completed,External Referral,Referral,92129,4500.00,TRUE,2026,3,August,2026,3,September,36
681425593,2026-08-27,,Plumbing Install,,,,,91911,0.00,TRUE,2026,3,August,,,,
683112845,2026-08-27,2026-09-01,Plumbing Service,Tub/Shower Faucet,Completed,Website,Email Contact Form,92130,0.00,TRUE,2026,3,August,2026,3,September,36
684635697,2026-08-27,2026-08-31,Plumbing Sales,Drain Estimate,Completed,Branded Phone Number,Local 619,92103,0.00,FALSE,2026,3,August,2026,3,August,36
684635697,2026-08-27,2026-08-31,Plumbing Service,Laundry Stop,Completed,Branded Phone Number,Local 619,92103,1800.00,TRUE,2026,3,August,2026,3,August,36
85144387,2026-08-27,2026-08-28,Plumbing Service,Plumbing Service,Completed,PPC,Google | Search | Brand,92037,0.00,TRUE,2026,3,August,2026,3,August,35
85927455,2026-08-27,,Plumbing Maintenance,,,,,91915,179.88,TRUE,2026,3,August,,,,
85927455,2026-08-27,2026-09-04,Plumbing Maintenance,Recurring Services: Plumbing Inspection,Completed,Branded Phone Number,Local 619,91915,0.00,TRUE,2026,3,August,2026,3,September,36
88938962,2026-08-27,,Plumbing Maintenance,,,,,92024,29.98,TRUE,2026,3,August,,,,
892975465,2026-08-27,2026-08-28,Plumbing Service,Combo,Completed,Branded Phone Number,A1-800-BILL HOWE,92119,0.00,FALSE,2026,3,August,2026,3,August,35
892995930,2026-08-27,2026-08-28,Plumbing Sales,Plumbing Estimate,Completed,Website,Email Contact Form,92069,0.00,TRUE,2026,3,August,2026,3,August,35
893256775,2026-08-27,2026-08-27,Plumbing Service,Laundry Bibbs,Completed,PPC,Google | Search | Brand,92129,217.00,TRUE,2026,3,August,2026,3,August,35
895025991,2026-08-27,2026-08-27,Plumbing Install,Water Heater Install - Residential,Completed,Google Business Profiles,GMB_SanDiego,92056,4200.00,TRUE,2026,3,August,2026,3,August,35
895025991,2026-08-27,2026-08-27,Plumbing Sales,Water Heater Estimate - Residential,Completed,Google Business Profiles,GMB_SanDiego,92056,179.88,TRUE,2026,3,August,2026,3,August,35
895516884,2026-08-27,2026-08-28,Plumbing Sales,Plumbing Estimate,Completed,Branded Phone Number,Local 619,92029,0.00,TRUE,2026,3,August,2026,3,August,35
901730551,2026-08-27,2026-09-03,HVAC Service,Hvac Recall/Warranty,Completed,Email,Legacy Email Marketing Multiple Offers,92127,0.00,TRUE,2026,3,August,2026,3,September,36
901811809,2026-08-27,2026-08-31,Plumbing Service,Jetting- Kitchen,Completed,Branded Phone Number,Local 619,92129,1573.00,TRUE,2026,3,August,2026,3,August,36
902471557,2026-08-27,2026-07-20,Lining Install - CA,Lining,Completed,PPC,Google | Search | Brand,92117,13819.95,TRUE,2026,3,August,2026,3,July,30
902471557,2026-08-27,2026-07-02,Plumbing Service,Drain Repair,Completed,PPC,Google | Search | Brand,92117,8975.05,TRUE,2026,3,August,2026,3,July,27
909282037,2026-08-27,2026-08-29,HVAC Service,A/C Repair,Completed,Outbound SMS,2024 HVAC Unsold Estimates 2 Day SMS,92019,0.00,TRUE,2026,3,August,2026,3,August,35
909578453,2026-08-27,,Plumbing Maintenance,Backflow Test,Scheduled,Branded Phone Number,Local 619,91932,0.00,TRUE,2026,3,August,,,,
909834685,2026-08-27,2026-08-28,HVAC Service,Hvac Recall/Warranty,Completed,Branded Phone Number,Local 619,92128,0.00,TRUE,2026,3,August,2026,3,August,35
911680427,2026-08-27,2026-08-21,Plumbing Service,Plumbing Service,Completed,Yelp,Yelp,92091,0.00,TRUE,2026,3,August,2026,3,August,34
911960438,2026-08-27,2026-08-28,Plumbing Service,Tub/Shower Faucet,Completed,PPC,Google | Search | Plumbing,92130,398.00,TRUE,2026,3,August,2026,3,August,35
912270884,2026-08-27,2026-08-27,Lining Install - CA,Job Walk,Completed,Tech referral,Tech Referral,92109,0.00,FALSE,2026,3,August,2026,3,August,35
93616090,2026-08-27,,Plumbing Maintenance,,,,,91914,29.98,TRUE,2026,3,August,,,,
95155127,2026-08-27,2026-08-28,Plumbing Install,Moen Flo Install,Completed,PPC,Google | Search | Brand,92120,0.00,FALSE,2026,3,August,2026,3,August,35
95162169,2026-08-27,2026-08-27,Restoration EMS,EMS Estimate,Completed,Google Business Profiles,GMB_SanDiego,92037,0.00,FALSE,2026,3,August,2026,3,August,35
95539732,2026-08-27,,Plumbing Maintenance,,,,,92128,29.98,TRUE,2026,3,August,,,,
975961970,2026-08-27,2026-09-03,HVAC Service,Diagnosis,Completed,Branded Phone Number,A1-800-BILL HOWE,92064,0.00,TRUE,2026,3,August,2026,3,September,36
976215142,2026-08-27,,Plumbing Maintenance,,,,,92128,-179.88,TRUE,2026,3,August,,,,
976490876,2026-08-27,,Plumbing Service,Recirculating Pump,In Progress,PPC,Google | Search | Brand,92014,1692.00,TRUE,2026,3,August,,,,
977470164,2026-08-27,,Plumbing Maintenance,Recurring Services: Water Heater Flush,Scheduled,,BFP Water Heater Maintenance SMS 2026,92019,0.00,TRUE,2026,3,August,,,,
979531586,2026-08-27,2026-09-01,Plumbing Service,Upper/Lower Leak,Completed,Branded Phone Number,Local 619,92103,0.00,TRUE,2026,3,August,2026,3,September,36
983523148,2026-08-27,2026-07-16,Plumbing Install,Toilet Install,Completed,Organic Search,Google Organic,92110,0.00,TRUE,2026,3,August,2026,3,July,29
1035393670,2026-08-28,2026-08-31,Plumbing Service,Tub/Shower Stop,Completed,PPC,Google | Search | Brand,92103,307.00,TRUE,2026,3,August,2026,3,August,36
1036320322,2026-08-28,,Plumbing Sales,,,,,92121,0.00,TRUE,2026,3,August,,,,
1064795286,2026-08-28,,HVAC Maintenance,,,,,92029,29.98,TRUE,2026,3,August,,,,
1067318973,2026-08-28,2026-08-28,Plumbing Service,Plumbing Service,Completed,,August Summer Wind Down 2026,92119,1610.00,TRUE,2026,3,August,2026,3,August,35
1067349270,2026-08-28,2026-08-31,HVAC Service,Diagnosis,Canceled,Direct Web Traffic,Direct Web Traffic,92124,0.00,TRUE,2026,3,August,2026,3,August,36
1068034374,2026-08-28,2026-08-28,Plumbing Service,Sewer Camera,Completed,Branded Phone Number,Local 619,92117,0.00,FALSE,2026,3,August,2026,3,August,35
1068737425,2026-08-28,2026-01-31,Plumbing Service,Water Heater Repair - Residential,Completed,Branded Phone Number,A1-800-BILL HOWE,92104,-675.00,TRUE,2026,3,August,2026,1,January,5
1072255993,2026-08-28,2026-09-04,Plumbing Service,Pipe Leak,Completed,Branded Phone Number,Local 619,91941,1895.00,TRUE,2026,3,August,2026,3,September,36
1073276810,2026-08-28,2026-08-21,HVAC Install,Heater New Install,Completed,Branded Phone Number,A1-800-BILL HOWE,92011,0.00,TRUE,2026,3,August,2026,3,August,34
1074980840,2026-08-28,2026-08-27,HVAC Install,Hvac Recall/Warranty,Completed,Outbound SMS,ST Outbound Text Lines,91945,0.00,TRUE,2026,3,August,2026,3,August,35
1075118203,2026-08-28,,Plumbing Service,Drain Repair,Scheduled,,Small Leaks Big Problems August 2026,92064,1436.00,TRUE,2026,3,August,,,,
1101003457,2026-08-28,2026-08-28,Restoration EMS,EMS Estimate,Completed,Branded Phone Number,A1-800-BILL HOWE,92130,0.00,TRUE,2026,3,August,2026,3,August,35
1102086190,2026-08-28,2026-08-28,Plumbing Service,Drywall,Completed,Direct Web Traffic,Direct Web Traffic,92109,0.00,TRUE,2026,3,August,2026,3,August,35
1103053484,2026-08-28,2026-08-31,Plumbing Sales,Job Walk,Completed,Direct Web Traffic,Direct Web Traffic,92126,0.00,FALSE,2026,3,August,2026,3,August,36
1103530987,2026-08-28,2026-09-01,Plumbing Sales,Drain Estimate,Completed,PPC,Google | Search | Brand,92071,0.00,FALSE,2026,3,August,2026,3,September,36
1103530987,2026-08-28,2026-08-28,Plumbing Service,Mainline Stop,Completed,PPC,Google | Search | Brand,92071,0.00,TRUE,2026,3,August,2026,3,August,35
1103530987,2026-08-28,2026-08-28,Plumbing Service,Plumbing Service,Completed,PPC,Google | Search | Brand,92071,0.00,TRUE,2026,3,August,2026,3,August,35
1103914740,2026-08-28,2026-08-31,Plumbing Service,Leak Below Kitchen,Completed,PPC,Google | Search | Brand,92040,530.00,TRUE,2026,3,August,2026,3,August,36
1104433892,2026-08-28,2026-07-31,Plumbing Service,Drain Repair,Completed,Google Business Profiles,GMB_SanDiego,92075,-975.00,TRUE,2026,3,August,2026,3,July,31
1113625297,2026-08-28,2026-08-24,HVAC Install,Full System Install,Completed,PPC,Google | PMAX | Plumbing,92008,0.00,TRUE,2026,3,August,2026,3,August,35
1117873413,2026-08-28,,HVAC Install,Job Walk,In Progress,Branded Phone Number,Local 619,92101,0.00,FALSE,2026,3,August,,,,
1118817319,2026-08-28,2026-09-01,Plumbing Service,Tankless Service,Completed,Google Business Profiles,GMB_SanDiego,92130,0.00,TRUE,2026,3,August,2026,3,September,36
1119059939,2026-08-28,2026-08-27,HVAC Install,Full System Install,Completed,Direct Web Traffic,Direct Web Traffic,92054,0.00,TRUE,2026,3,August,2026,3,August,35
1119312404,2026-08-28,2026-09-01,HVAC Sales,HVAC Estimate,Completed,Google Business Profiles,GMB_SanDiego,92056,0.00,FALSE,2026,3,August,2026,3,September,36
1120018843,2026-08-28,2026-08-25,HVAC Install,A/C New Install,Completed,PPC,Google | PMAX | Drains,91911,0.00,TRUE,2026,3,August,2026,3,August,35
1122157119,2026-08-28,,Plumbing Service,Plumbing Service,Scheduled,Google Business Profiles,GMB_SanDiego,92117,0.00,FALSE,2026,3,August,,,,
1125170998,2026-08-28,2026-08-20,Plumbing Service,Plumbing Service,Completed,Yelp,Yelp,92113,0.00,FALSE,2026,3,August,2026,3,August,34
1126788892,2026-08-28,,Lining Install - CA,Job Walk,Scheduled,Branded Phone Number,Local 619,91945,0.00,FALSE,2026,3,August,,,,
1126788892,2026-08-28,,Lining Install - CA,Lining,Scheduled,Branded Phone Number,Local 619,91945,6500.00,TRUE,2026,3,August,,,,
1129148349,2026-08-28,2026-08-31,Plumbing Service,Plumbing Service,Completed,Google Business Profiles,GMB_SanDiego,92008,175.00,TRUE,2026,3,August,2026,3,August,36
1129267163,2026-08-28,2026-09-01,HVAC Sales,HVAC Estimate,Canceled,Google Business Profiles,GMB_SanDiego,91942,0.00,TRUE,2026,3,August,2026,3,September,36
1129366743,2026-08-28,2026-08-31,Plumbing Service,Plumbing Service,Completed,Google Business Profiles,GMB_SanDiego,92129,3300.00,TRUE,2026,3,August,2026,3,August,36
1129436911,2026-08-28,2026-08-31,Plumbing Service,Lavatory Stop,Completed,PPC,Google | PMAX | HVAC,92009,273.60,TRUE,2026,3,August,2026,3,August,36
1129509614,2026-08-28,2026-08-31,Plumbing Sales,Plumbing Estimate,Completed,Sameday AI,Sameday AI,92037,0.00,FALSE,2026,3,August,2026,3,August,36
1129957493,2026-08-28,2026-08-31,Plumbing Service,Toilet Leak,Completed,Branded Phone Number,A1-800-BILL HOWE,92121,1273.00,TRUE,2026,3,August,2026,3,August,36
1130008132,2026-08-28,,Lining Install - CA,Job Walk,Scheduled,Google Business Profiles,GMB_SanDiego,91901,0.00,FALSE,2026,3,August,,,,
1130008132,2026-08-28,,Lining Install - CA,Lining,Scheduled,Google Business Profiles,GMB_SanDiego,91901,3800.00,TRUE,2026,3,August,,,,
1130700486,2026-08-28,,Plumbing Install,Water Filtration Install,Scheduled,PPC,Google | Search | Plumbing,92026,840.00,TRUE,2026,3,August,,,,
1130795783,2026-08-28,2026-08-31,Plumbing Service,Sewer Camera,Completed,Google Business Profiles,GMB_SanDiego,92093,0.00,TRUE,2026,3,August,2026,3,August,36
1130925937,2026-08-28,2026-09-02,HVAC Sales,HVAC Estimate,Completed,Branded Phone Number,Local 619,92081,0.00,TRUE,2026,3,August,2026,3,September,36
1130940187,2026-08-28,2026-09-02,Plumbing Sales,Drain Estimate,Completed,Direct Web Traffic,Direct Web Traffic,92091,0.00,FALSE,2026,3,August,2026,3,September,36
1130949874,2026-08-28,2026-08-31,Plumbing Sales,Job Walk,Completed,Organic Search,Google Organic,92021,0.00,FALSE,2026,3,August,2026,3,August,36
1130949874,2026-08-28,2026-08-28,Plumbing Service,Gas Leak,Completed,Organic Search,Google Organic,92021,0.00,FALSE,2026,3,August,2026,3,August,35
1130949874,2026-08-28,,Plumbing Service,Gas Leak,Hold,Organic Search,Google Organic,92021,3509.00,TRUE,2026,3,August,,,,
1130950113,2026-08-28,,HVAC Service,Diagnosis,Hold,Direct Web Traffic,Direct Web Traffic,91910,0.00,TRUE,2026,3,August,,,,
1130953679,2026-08-28,2026-08-28,Plumbing Service,Kitchen Stop,Canceled,Google Business Profiles,GMB_SanDiego,92024,0.00,TRUE,2026,3,August,2026,3,August,35
1130986544,2026-08-28,2026-08-29,HVAC Sales,HVAC Estimate,Completed,Google Business Profiles,GMB_Poway,92064,0.00,FALSE,2026,3,August,2026,3,August,35
1130987683,2026-08-28,,HVAC Service,Diagnosis,Scheduled,Branded Phone Number,Local 619,92007,0.00,TRUE,2026,3,August,,,,
1130991938,2026-08-28,2026-09-02,Plumbing Service,Tub/Shower Faucet,Completed,Branded Phone Number,Local 619,92009,0.00,TRUE,2026,3,August,2026,3,September,36
1130992353,2026-08-28,2026-08-31,HVAC Sales,HVAC Estimate,Completed,PPC,Google | Search | Competitor,92037,0.00,TRUE,2026,3,August,2026,3,August,36
1130999886,2026-08-28,2026-08-30,Plumbing Service,Tub/Shower Faucet,Canceled,Branded Phone Number,Local 619,92123,0.00,TRUE,2026,3,August,2026,3,August,35
1131002610,2026-08-28,2026-08-28,Plumbing Service,Upper/Lower Leak,Canceled,PPC,Google | PMAX | Plumbing,92108,0.00,TRUE,2026,3,August,2026,3,August,35
1131002626,2026-08-28,,HVAC Service,Diagnosis,Scheduled,Google Business Profiles,GMB_SanDiego,92130,0.00,TRUE,2026,3,August,,,,
1131004201,2026-08-28,2026-08-30,Plumbing Service,PRV,Canceled,Google Business Profiles,GMB_SanDiego,92131,0.00,TRUE,2026,3,August,2026,3,August,35
1131045743,2026-08-28,,HVAC Sales,HVAC Estimate,Hold,PPC,Google | PMAX | Plumbing,91915,0.00,TRUE,2026,3,August,,,,
1131051604,2026-08-28,,Plumbing Maintenance,,,,,92103,179.88,TRUE,2026,3,August,,,,
1131051604,2026-08-28,2026-09-01,Plumbing Service,Upper/Lower Leak,Completed,PPC,Google | Search | Plumbing,92103,102.00,TRUE,2026,3,August,2026,3,September,36
1131056611,2026-08-28,2026-08-31,Plumbing Service,Sewer Smell,Completed,PPC,Google | Search | Brand,91910,212.00,TRUE,2026,3,August,2026,3,August,36
1131058301,2026-08-28,2026-08-28,Plumbing Sales,Water Heater Estimate - Residential,Completed,Google Business Profiles,GMB_Poway,92129,0.00,TRUE,2026,3,August,2026,3,August,35
1131063449,2026-08-28,2026-08-31,Plumbing Service,Plumbing Service,Completed,Email,Legacy Email Marketing Multiple Offers,92130,0.00,TRUE,2026,3,August,2026,3,August,36
1131095134,2026-08-28,,HVAC Service,Diagnosis,Scheduled,Google Business Profiles,GMB_SanDiego,92130,0.00,TRUE,2026,3,August,,,,
1131098917,2026-08-28,2026-08-31,Plumbing Sales,Plumbing Estimate,Completed,Yelp,Yelp,92111,0.00,TRUE,2026,3,August,2026,3,August,36
1131119644,2026-08-28,2026-08-31,HVAC Service,Diagnosis,Completed,PPC,Google | Search | Brand,92122,393.63,TRUE,2026,3,August,2026,3,August,36
1131123378,2026-08-28,2026-09-03,Plumbing Sales,Water Filtration Estimate,Completed,Organic Search,DuckDuckGo Organic,92118,0.00,TRUE,2026,3,August,2026,3,September,36
1131134907,2026-08-28,2026-08-31,Plumbing Service,Sewer Camera,Completed,Account,Work Order,92154,0.00,TRUE,2026,3,August,2026,3,August,36
1131135871,2026-08-28,2026-08-28,Plumbing Sales,Water Heater Estimate - Residential,Completed,PPC,Google | Search | Plumbing,92154,0.00,TRUE,2026,3,August,2026,3,August,35
1131169377,2026-08-28,2026-08-31,HVAC Sales,HVAC Estimate,Completed,CSR Outbound,$1 OUTBOUND (use this for out-bounding),92091,0.00,TRUE,2026,3,August,2026,3,August,36
1131173734,2026-08-28,,HVAC Service,Diagnosis,Scheduled,Google Business Profiles,GMB_SanDiego,92107,0.00,TRUE,2026,3,August,,,,
1131174121,2026-08-28,2026-08-31,Plumbing Service,Sewer Smell,Completed,Google Business Profiles,GMB_Poway,92064,0.00,TRUE,2026,3,August,2026,3,August,36
1131174347,2026-08-28,2026-08-29,HVAC Service,A/C Repair,Completed,PPC,Google | PMAX | HVAC,92024,225.00,TRUE,2026,3,August,2026,3,August,35
1131175160,2026-08-28,2026-08-28,Plumbing Service,Drain Repair,Canceled,Google Business Profiles,GMB_SanDiego,92130,0.00,TRUE,2026,3,August,2026,3,August,35
1131178079,2026-08-28,,HVAC Maintenance,Preventative Maintenance,Scheduled,PPC,Google | Search | HVAC,92071,0.00,TRUE,2026,3,August,,,,
1131182615,2026-08-28,2026-08-30,Plumbing Service,Pipe Leak,Canceled,Google Business Profiles,GMB_SanDiego,92131,0.00,TRUE,2026,3,August,2026,3,August,35
1131182757,2026-08-28,2026-08-28,HVAC Service,A/C Repair,Canceled,PPC,Google | Search | Brand,92126,0.00,TRUE,2026,3,August,2026,3,August,35
1131184446,2026-08-28,2026-08-29,Plumbing Service,Water Heater Repair - Residential,Completed,Google Business Profiles,GMB_Poway,92064,3639.00,TRUE,2026,3,August,2026,3,August,35
1131185541,2026-08-28,2026-08-28,Plumbing Service,Lavatory Stop,Completed,Organic Search,Google Organic,92103,394.00,TRUE,2026,3,August,2026,3,August,35
201992,2026-08-28,2026-09-01,Plumbing Service,Toilet Stop,Completed,Organic Search,Google Organic,92037,387.32,TRUE,2026,3,August,2026,3,September,36
220244,2026-08-28,2026-09-03,Plumbing Sales,Drain Estimate,Completed,PPC,Google | Search | Brand,92120,0.00,FALSE,2026,3,August,2026,3,September,36
248519360,2026-08-28,2026-08-29,Plumbing Service,Pipe Leak,Canceled,Yelp,Yelp,92127,0.00,TRUE,2026,3,August,2026,3,August,35
250253460,2026-08-28,,Plumbing Service,,,,,92127,14.99,TRUE,2026,3,August,,,,
253808020,2026-08-28,2026-08-28,Plumbing Service,Drain Repair,Completed,Email,2025 Jetter Customers Annual Drip,92103,0.00,TRUE,2026,3,August,2026,3,August,35
255252356,2026-08-28,,HVAC Maintenance,,,,,92104,179.88,TRUE,2026,3,August,,,,
255455848,2026-08-28,2026-08-28,Plumbing Service,Kitchen Stop,Completed,Branded Phone Number,Local 619,92131,352.00,TRUE,2026,3,August,2026,3,August,35
255589379,2026-08-28,2026-08-29,HVAC Service,A/C Repair,Completed,Paid Social,Nextdoor,92064,856.05,TRUE,2026,3,August,2026,3,August,35
256242900,2026-08-28,2026-08-28,Plumbing Service,Toilet Leak,Completed,PPC,Google | Search | Plumbing,91941,456.30,TRUE,2026,3,August,2026,3,August,35
265473102,2026-08-28,,HVAC Service,Diagnosis,Scheduled,Branded Phone Number,Local 619,92024,0.00,TRUE,2026,3,August,,,,
267543671,2026-08-28,,HVAC Service,Hvac Recall/Warranty,Scheduled,Website,Website Phone Calls,92037,0.00,TRUE,2026,3,August,,,,
270945176,2026-08-28,2026-08-31,Plumbing Service,Water Filtration Repair,Completed,Google Business Profiles,GMB_SanDiego,92103,742.00,TRUE,2026,3,August,2026,3,August,36
272123861,2026-08-28,2026-08-31,Plumbing Service,Lavatory Faucet,Completed,Google Business Profiles,GMB_Poway,92128,0.00,TRUE,2026,3,August,2026,3,August,36
274632593,2026-08-28,2026-09-01,Plumbing Service,Angle Stop,Completed,PPC,Google | Search | Brand,92118,725.40,TRUE,2026,3,August,2026,3,September,36
278157015,2026-08-28,2026-09-02,Plumbing Service,Gas Leak,Completed,PPC,Google | Search | Brand,92064,0.00,TRUE,2026,3,August,2026,3,September,36
282554045,2026-08-28,,Plumbing Service,Water Heater Repair - Residential,In Progress,Branded Phone Number,A1-800-BILL HOWE,92124,538.00,TRUE,2026,3,August,,,,
284427088,2026-08-28,2026-08-31,Plumbing Service,Tub/Shower Stop,Completed,Google Business Profiles,GMB_SanDiego,92117,102.00,TRUE,2026,3,August,2026,3,August,36
288324497,2026-08-28,2026-08-31,Plumbing Service,Mainline Stop,Completed,Branded Phone Number,Local 619,92130,102.00,TRUE,2026,3,August,2026,3,August,36
292458303,2026-08-28,,Plumbing Maintenance,Recurring Services: B.F.P. Water Heater/Tankless Flush,Scheduled,PPC,Google | Search | Brand,92114,0.00,TRUE,2026,3,August,,,,
306051877,2026-08-28,,HVAC Service,A/C Repair,Scheduled,PPC,Google | Search | Brand,92129,0.00,TRUE,2026,3,August,,,,
31535805,2026-08-28,2026-09-04,HVAC Service,Hvac Recall/Warranty,Completed,Branded Phone Number,A1-800-BILL HOWE,92107,2118.14,TRUE,2026,3,August,2026,3,September,36
31536218,2026-08-28,2026-08-26,HVAC Install,Full System Install,Completed,Branded Phone Number,A1-800-BILL HOWE,92037,0.00,TRUE,2026,3,August,2026,3,August,35
31536670,2026-08-28,2026-08-21,Lining Install - CA,Lining,Completed,Branded Phone Number,A1-800-BILL HOWE,92122,-200.00,TRUE,2026,3,August,2026,3,August,34
31537410,2026-08-28,,HVAC Maintenance,,,,,92122,179.88,TRUE,2026,3,August,,,,
31538865,2026-08-28,2026-09-03,Plumbing Service,Tub/Shower Faucet,Completed,Branded Phone Number,A1-800-BILL HOWE,92037,1697.00,TRUE,2026,3,August,2026,3,September,36
31540824,2026-08-28,,Plumbing Maintenance,Recurring Services: Plumbing Inspection,Scheduled,,Memberships due for Service,92040,0.00,TRUE,2026,3,August,,,,
31546387,2026-08-28,2026-08-31,HVAC Service,A/C Repair,Completed,PPC,Google | Search | Brand,92122,269.80,TRUE,2026,3,August,2026,3,August,36
31546857,2026-08-28,2026-08-26,Plumbing Service,Plumbing Service,Completed,Branded Phone Number,Local 619,91941,0.00,FALSE,2026,3,August,2026,3,August,35
31559997,2026-08-28,2026-08-31,HVAC Sales,Hvac Tech Turnover Estimate,Completed,PPC,Bing | Search | Brand,92110,0.00,TRUE,2026,3,August,2026,3,August,36
31562238,2026-08-28,2026-08-28,Plumbing Sales,Drain Estimate,Completed,Branded Phone Number,Local 619,91941,0.00,FALSE,2026,3,August,2026,3,August,35
31562876,2026-08-28,,Plumbing Maintenance,Recurring Services: Backflow Test,Scheduled,CSR Outbound,$1 OUTBOUND (use this for out-bounding),92115,0.00,TRUE,2026,3,August,,,,
31563122,2026-08-28,2026-08-31,Plumbing Service,Toilet Stop,Completed,Direct Web Traffic,Direct Web Traffic,92122,348.00,TRUE,2026,3,August,2026,3,August,36
31563543,2026-08-28,2026-09-01,Plumbing Maintenance,Recurring Services: B.F.P. Water Heater/Tankless Flush,Completed,Website,Website Phone Calls,92101,444.00,TRUE,2026,3,August,2026,3,September,36
31564376,2026-08-28,2026-08-31,Plumbing Sales,Plumbing Estimate,Completed,Branded Phone Number,Local 619,92111,0.00,TRUE,2026,3,August,2026,3,August,36
31565267,2026-08-28,2026-08-28,Plumbing Service,Mainline Stop,Completed,Branded Phone Number,Local 619,92110,411.00,TRUE,2026,3,August,2026,3,August,35
31565414,2026-08-28,2026-08-26,HVAC Install,Full System Install,Completed,Branded Phone Number,Local 619,92128,0.00,TRUE,2026,3,August,2026,3,August,35
31565414,2026-08-28,2026-09-01,HVAC Sales,HVAC Estimate,Completed,Branded Phone Number,Local 619,92117,0.00,TRUE,2026,3,August,2026,3,September,36
31566178,2026-08-28,2026-08-31,HVAC Sales,HVAC Estimate,Completed,Branded Phone Number,Local 619,92078,0.00,TRUE,2026,3,August,2026,3,August,36
31572795,2026-08-28,2026-08-28,Plumbing Service,Toilet Leak,Completed,Branded Phone Number,Local 619,92064,411.00,TRUE,2026,3,August,2026,3,August,35
31572795,2026-08-28,2026-08-31,Plumbing Service,Tub/Shower Stop,Completed,Branded Phone Number,Local 619,91941,350.00,TRUE,2026,3,August,2026,3,August,36
31576195,2026-08-28,,Plumbing Maintenance,Recurring Services: Backflow Test,Scheduled,Email,Legacy Email Marketing Multiple Offers,92109,0.00,TRUE,2026,3,August,,,,
31577710,2026-08-28,2026-08-30,HVAC Service,A/C Repair,Canceled,Branded Phone Number,Local 619,92131,0.00,TRUE,2026,3,August,2026,3,August,35
31577710,2026-08-28,2026-08-28,Plumbing Service,Upper/Lower Leak,Canceled,Google LSA,Google Local Services,92131,0.00,TRUE,2026,3,August,2026,3,August,35
31581855,2026-08-28,2026-09-01,Plumbing Service,Backflow Repair,Completed,Google Business Profiles,GMB_SanDiego,92037,439.76,TRUE,2026,3,August,2026,3,September,36
31582588,2026-08-28,2026-09-04,Plumbing Service,Plumbing Service,Canceled,Branded Phone Number,Local 619,92037,0.00,TRUE,2026,3,August,2026,3,September,36
31583222,2026-08-28,2026-08-28,HVAC Service,Diagnosis,Canceled,PPC,Google | Search | HVAC,92130,0.00,TRUE,2026,3,August,2026,3,August,35
31585682,2026-08-28,2026-08-28,Plumbing Service,Water Heater Repair - Residential,Completed,Website,Website Phone Calls,92037,0.00,TRUE,2026,3,August,2026,3,August,35
31594181,2026-08-28,,Plumbing Maintenance,,,,,92127,179.88,TRUE,2026,3,August,,,,
31594181,2026-08-28,,Plumbing Maintenance,Recurring Services: Plumbing Inspection,Scheduled,CSR Outbound,$1 OUTBOUND (use this for out-bounding),92127,0.00,TRUE,2026,3,August,,,,
31596657,2026-08-28,,HVAC Sales,HVAC Estimate,Scheduled,Branded Phone Number,Local 619,92117,0.00,TRUE,2026,3,August,,,,
31596959,2026-08-28,2026-08-24,HVAC Install,A/C New Install,Completed,Direct Web Traffic,Direct Web Traffic,92130,0.00,TRUE,2026,3,August,2026,3,August,35
31596959,2026-08-28,2026-09-03,HVAC Install,Hvac Recall/Warranty,Completed,Direct Web Traffic,Direct Web Traffic,92130,0.00,TRUE,2026,3,August,2026,3,September,36
31599073,2026-08-28,2026-08-28,Plumbing Service,Slab Leak,Completed,Branded Phone Number,A1-800-BILL HOWE,92037,0.00,TRUE,2026,3,August,2026,3,August,35
31609860,2026-08-28,,HVAC Service,Diagnosis,Hold,Organic Search,DuckDuckGo Organic,92118,0.00,TRUE,2026,3,August,,,,
31611073,2026-08-28,2026-08-31,Plumbing Service,Water Heater Repair - Residential,Completed,Branded Phone Number,A1-800-BILL HOWE,92109,220.00,TRUE,2026,3,August,2026,3,August,36
31614125,2026-08-28,2026-08-29,HVAC Service,Diagnosis,Completed,CSR Outbound,$1 OUTBOUND (use this for out-bounding),91915,294.05,TRUE,2026,3,August,2026,3,August,35
31616273,2026-08-28,2026-08-28,Plumbing Sales,Drain Estimate,Completed,Outbound SMS,ST Outbound Text Lines,92110,0.00,FALSE,2026,3,August,2026,3,August,35
31616273,2026-08-28,2026-08-28,Plumbing Service,Mainline Stop,Completed,Outbound SMS,ST Outbound Text Lines,92110,172.04,TRUE,2026,3,August,2026,3,August,35
316196462,2026-08-28,2026-08-29,Plumbing Install,Water Heater Install - Residential,Completed,Direct Web Traffic,Direct Web Traffic,91913,4550.00,TRUE,2026,3,August,2026,3,August,35
31620952,2026-08-28,2026-08-28,Plumbing Service,Mainline Stop,Completed,Branded Phone Number,Local 619,92105,0.00,FALSE,2026,3,August,2026,3,August,35
31624499,2026-08-28,,HVAC Service,Diagnosis,Scheduled,Branded Phone Number,Local 619,92128,0.00,TRUE,2026,3,August,,,,
31627967,2026-08-28,2026-09-02,HVAC Service,A/C Repair,Completed,PPC,Google | Search | Brand,92113,1451.82,TRUE,2026,3,August,2026,3,September,36
31627967,2026-08-28,2026-08-28,HVAC Service,Diagnosis,Completed,PPC,Google | Search | Brand,92113,129.00,TRUE,2026,3,August,2026,3,August,35
316282167,2026-08-28,2026-08-31,Plumbing Service,Water Heater Repair - Residential,Completed,PPC,Google | Search | Brand,91945,222.00,TRUE,2026,3,August,2026,3,August,36
31628346,2026-08-28,2026-08-28,Plumbing Service,Lavatory Faucet,Completed,Organic Search,Google Organic,91910,462.00,TRUE,2026,3,August,2026,3,August,35
31631536,2026-08-28,2026-09-02,Plumbing Service,Tub/Shower Faucet,Completed,PPC,Bing | Search | Brand,92103,0.00,TRUE,2026,3,August,2026,3,September,36
31633256,2026-08-28,,HVAC Service,,,,,92122,0.00,TRUE,2026,3,August,,,,
31633708,2026-08-28,2026-08-31,Plumbing Service,Toilet Leak,Completed,Branded Phone Number,Local 619,91914,2439.00,TRUE,2026,3,August,2026,3,August,36
31635225,2026-08-28,,Plumbing Maintenance,Recurring Services: Backflow Test,Scheduled,Branded Phone Number,A1-800-BILL HOWE,92106,0.00,TRUE,2026,3,August,,,,
31636452,2026-08-28,,Plumbing Service,Lavatory Faucet,Scheduled,PPC,Google | Search | Brand,92014,0.00,TRUE,2026,3,August,,,,
31636749,2026-08-28,2026-08-31,Plumbing Sales,Drain Estimate,Completed,Branded Phone Number,A1-800-BILL HOWE,92109,0.00,FALSE,2026,3,August,2026,3,August,36
31637479,2026-08-28,2026-08-31,Plumbing Service,Lavatory Faucet,Completed,Google Business Profiles,GMB_SanDiego,92106,412.30,TRUE,2026,3,August,2026,3,August,36
31642386,2026-08-28,,Plumbing Install,,,,,92131,179.88,TRUE,2026,3,August,,,,
31644293,2026-08-28,2026-08-28,HVAC Service,Diagnosis,Completed,Branded Phone Number,A1-800-BILL HOWE,92103,1703.00,TRUE,2026,3,August,2026,3,August,35
31644622,2026-08-28,2026-08-31,Plumbing Service,Drain Repair,Completed,Branded Phone Number,A1-800-BILL HOWE,92108,3617.00,TRUE,2026,3,August,2026,3,August,36
31646296,2026-08-28,2026-08-31,Plumbing Sales,Jetting Estimate,Completed,PPC,Google | Search | Brand,92037,0.00,TRUE,2026,3,August,2026,3,August,36
31646296,2026-08-28,2026-08-31,Plumbing Service,Toilet Stop,Completed,PPC,Google | Search | Competitor,92037,102.00,TRUE,2026,3,August,2026,3,August,36
31653478,2026-08-28,2026-08-28,Plumbing Service,Disposal,Completed,Organic Search,Yahoo Organic,92109,0.00,TRUE,2026,3,August,2026,3,August,35
31653478,2026-08-28,2026-08-28,Plumbing Service,Kitchen Stop,Completed,Organic Search,Yahoo Organic,92109,441.00,TRUE,2026,3,August,2026,3,August,35
31659211,2026-08-28,2026-08-28,Plumbing Service,Laundry Stop,Completed,PPC,Google | PMAX | HVAC,92104,129.60,TRUE,2026,3,August,2026,3,August,35
31659314,2026-08-28,,Plumbing Sales,,,,,92101,0.00,TRUE,2026,3,August,,,,
31667048,2026-08-28,,Plumbing Sales,Water Heater Estimate - Commercial,Hold,Website,Email Contact Form,91911,0.00,TRUE,2026,3,August,,,,
31671540,2026-08-28,2026-08-24,HVAC Install,Full System Install,Completed,Google Business Profiles,GMB_SanDiego,92019,0.00,TRUE,2026,3,August,2026,3,August,35
31686022,2026-08-28,,Plumbing Service,Angle Stop,Hold,Branded Phone Number,A1-800-BILL HOWE,92130,0.00,TRUE,2026,3,August,,,,
31689930,2026-08-28,,HVAC Service,Diagnosis,Scheduled,Organic Search,Google Organic,92106,0.00,TRUE,2026,3,August,,,,
31690453,2026-08-28,,Plumbing Service,Tankless Service,Hold,Google LSA,Google Local Services,91902,0.00,TRUE,2026,3,August,,,,
31695078,2026-08-28,,HVAC Service,Diagnosis,Scheduled,Google Business Profiles,GMB_SanDiego,92127,1999.91,TRUE,2026,3,August,,,,
31696121,2026-08-28,2026-09-01,HVAC Service,Diagnosis,Canceled,Google Business Profiles,GMB_SanDiego,92037,0.00,TRUE,2026,3,August,2026,3,September,36
31696692,2026-08-28,2026-08-31,Plumbing Service,Toilet Stop,Completed,Branded Phone Number,A1-800-BILL HOWE,92123,0.00,TRUE,2026,3,August,2026,3,August,36
31700204,2026-08-28,2026-08-28,Plumbing Service,Tub/Shower Stop,Completed,Branded Phone Number,Local 619,92110,187.68,TRUE,2026,3,August,2026,3,August,35
31700614,2026-08-28,,HVAC Maintenance,Preventative Maintenance,Scheduled,Organic Search,Google Organic,92123,0.00,TRUE,2026,3,August,,,,
31706459,2026-08-28,,HVAC Maintenance,,,,,92026,14.99,TRUE,2026,3,August,,,,
31714729,2026-08-28,,Plumbing Maintenance,,,,,92026,29.98,TRUE,2026,3,August,,,,
31715962,2026-08-28,2026-09-02,Plumbing Service,Tub/Shower Faucet,Completed,Google Business Profiles,GMB_SanDiego,92037,1200.00,TRUE,2026,3,August,2026,3,September,36
31719803,2026-08-28,2026-08-31,Plumbing Service,Reset Toilet,Completed,Google Business Profiles,GMB_SanDiego,92124,935.00,TRUE,2026,3,August,2026,3,August,36
31720446,2026-08-28,2026-09-01,Plumbing Install,Water Filtration Install,Completed,Branded Phone Number,A1-800-BILL HOWE,92109,742.00,TRUE,2026,3,August,2026,3,September,36
31720904,2026-08-28,2026-08-28,Plumbing Sales,Water Heater Estimate - Commercial,Completed,Organic Search,Google Organic,92127,0.00,TRUE,2026,3,August,2026,3,August,35
31721052,2026-08-28,2026-08-31,Plumbing Service,Combo,Completed,PPC,Google | Search | Brand,92129,1261.00,TRUE,2026,3,August,2026,3,August,36
31724623,2026-08-28,,Plumbing Sales,Plumbing Estimate,Hold,Branded Phone Number,Local 619,92129,0.00,TRUE,2026,3,August,,,,
31728948,2026-08-28,2026-08-28,Plumbing Service,Toilet Leak,Completed,Branded Phone Number,Local 619,92131,0.00,FALSE,2026,3,August,2026,3,August,35
31729195,2026-08-28,2026-08-31,Plumbing Service,Urinal Leak,Completed,PPC,Bing | Search | Brand,92104,350.00,TRUE,2026,3,August,2026,3,August,36
31729945,2026-08-28,,HVAC Service,,,,,92139,14.99,TRUE,2026,3,August,,,,
31731220,2026-08-28,2026-08-28,Plumbing Sales,Plumbing Estimate,Completed,Branded Phone Number,Local 619,92154,0.00,FALSE,2026,3,August,2026,3,August,35
31731464,2026-08-28,2026-08-31,Plumbing Service,Mainline Stop,Completed,Google Business Profiles,GMB_SanDiego,92109,175.00,TRUE,2026,3,August,2026,3,August,36
31731464,2026-08-28,2026-08-31,Plumbing Service,Sewer Camera,Completed,Google Business Profiles,GMB_SanDiego,92109,0.00,FALSE,2026,3,August,2026,3,August,36
31731679,2026-08-28,2026-08-30,HVAC Service,A/C Repair,Completed,PPC,Google | Search | HVAC,92129,525.72,TRUE,2026,3,August,2026,3,August,35
31732021,2026-08-28,2026-08-28,Plumbing Service,Drain Repair,Completed,Google Business Profiles,GMB_SanDiego,92122,1600.00,TRUE,2026,3,August,2026,3,August,35
31732021,2026-08-28,2026-08-28,Plumbing Service,Sewer Camera,Completed,Google Business Profiles,GMB_SanDiego,92122,0.00,FALSE,2026,3,August,2026,3,August,35
321816471,2026-08-28,,HVAC Maintenance,,,,,92025,179.88,TRUE,2026,3,August,,,,
321816471,2026-08-28,,HVAC Service,Diagnosis,Scheduled,Branded Phone Number,Local 619,92025,0.00,TRUE,2026,3,August,,,,
321948720,2026-08-28,,HVAC Service,Diagnosis,Scheduled,Google Business Profiles,GMB_SanDiego,92128,0.00,TRUE,2026,3,August,,,,
334660261,2026-08-28,2026-09-03,Plumbing Sales,Plumbing Estimate,Completed,Branded Phone Number,Local 619,92104,0.00,FALSE,2026,3,August,2026,3,September,36
335907137,2026-08-28,2026-08-26,HVAC Install,Full System Install,Completed,PPC,Google | Search | HVAC,92011,0.00,TRUE,2026,3,August,2026,3,August,35
342208971,2026-08-28,2026-08-28,Plumbing Service,Disposal,Completed,Google Business Profiles,GMB_SanDiego,92130,1167.00,TRUE,2026,3,August,2026,3,August,35
349268114,2026-08-28,2026-08-28,Plumbing Service,Sewer Camera,Completed,Branded Phone Number,Local 619,92064,0.00,FALSE,2026,3,August,2026,3,August,35
352405587,2026-08-28,,HVAC Service,Diagnosis,Scheduled,Branded Phone Number,Local 619,92107,0.00,TRUE,2026,3,August,,,,
357318646,2026-08-28,2026-08-28,Plumbing Service,Sewer Camera,Completed,PPC,Google | Search | Brand,92120,0.00,TRUE,2026,3,August,2026,3,August,35
366703292,2026-08-28,2026-08-31,Plumbing Service,Upper/Lower Leak,Completed,Google Business Profiles,GMB_SanDiego,92008,0.00,TRUE,2026,3,August,2026,3,August,36
368986103,2026-08-28,2026-09-01,Plumbing Sales,Plumbing Estimate,Completed,,Memberships due for Service,92024,3802.00,TRUE,2026,3,August,2026,3,September,36
369940560,2026-08-28,2026-08-31,Plumbing Service,Tub/Shower Stop,Completed,PPC,Google | Search | Brand,92109,144.00,TRUE,2026,3,August,2026,3,August,36
373766507,2026-08-28,2026-09-01,Plumbing Service,Plumbing Service,Completed,Tech referral,Tech Referral,92078,715.00,TRUE,2026,3,August,2026,3,September,36
377977785,2026-08-28,,Plumbing Maintenance,Recurring Services: Sewer Camera Inspection,Scheduled,,BFP Sewer Camera Inspection SMS 2026,92056,0.00,TRUE,2026,3,August,,,,
377977785,2026-08-28,2026-08-31,Plumbing Service,Lavatory Faucet,Completed,,BFP Sewer Camera Inspection SMS 2026,92056,273.60,TRUE,2026,3,August,2026,3,August,36
407605504,2026-08-28,,HVAC Service,,,,,92131,14.99,TRUE,2026,3,August,,,,
42979705,2026-08-28,2026-09-01,Plumbing Sales,Plumbing Estimate,Completed,Website,Email Contact Form,92126,0.00,TRUE,2026,3,August,2026,3,September,36
43727520,2026-08-28,,HVAC Service,Diagnosis,Scheduled,Branded Phone Number,A1-800-BILL HOWE,92103,0.00,TRUE,2026,3,August,,,,
461055420,2026-08-28,2026-08-31,Plumbing Service,Toilet Leak,Completed,Direct Web Traffic,Direct Web Traffic,92128,0.00,TRUE,2026,3,August,2026,3,August,36
461913095,2026-08-28,,Plumbing Maintenance,,,,,92128,14.99,TRUE,2026,3,August,,,,
462528325,2026-08-28,2026-08-28,Plumbing Service,Toilet Stop,Completed,Google LSA,Google Local Services,92024,421.00,TRUE,2026,3,August,2026,3,August,35
471042815,2026-08-28,2026-08-31,Plumbing Service,Hose Bib,Completed,Website,Website Phone Calls,92128,295.00,TRUE,2026,3,August,2026,3,August,36
473147772,2026-08-28,2026-09-03,HVAC Service,Diagnosis,Completed,Google Business Profiles,GMB_SanDiego,91942,289.91,TRUE,2026,3,August,2026,3,September,36
474249578,2026-08-28,2026-08-07,HVAC Install,Full System Install,Completed,PPC,Google | Search | Brand,92069,0.00,TRUE,2026,3,August,2026,3,August,32
474249578,2026-08-28,2026-09-04,HVAC Install,Hvac Recall/Warranty,Completed,PPC,Google | Search | Brand,92069,0.00,TRUE,2026,3,August,2026,3,September,36
475729526,2026-08-28,2025-09-16,HVAC Install,Full System Install,Completed,Google Business Profiles,GMB_SanDiego,92091,0.00,FALSE,2026,3,August,2025,3,September,38
475969278,2026-08-28,,HVAC Maintenance,Preventative Maintenance,Scheduled,PPC,Google | PMAX | HVAC,92110,0.00,TRUE,2026,3,August,,,,
486477253,2026-08-28,2026-08-31,Plumbing Service,Tub/Shower Stop,Canceled,Branded Phone Number,A1-800-BILL HOWE,92122,0.00,TRUE,2026,3,August,2026,3,August,36
49195299,2026-08-28,2026-08-31,Plumbing Service,Plumbing Service,Completed,Branded Phone Number,Local 619,92103,2950.00,TRUE,2026,3,August,2026,3,August,36
54012774,2026-08-28,2026-08-31,Plumbing Service,Sewer Camera,Completed,Branded Phone Number,Local 619,92126,0.00,FALSE,2026,3,August,2026,3,August,36
55465438,2026-08-28,2026-08-31,Plumbing Service,Leak Below Kitchen,Completed,Organic Search,Google Organic,92101,47.00,FALSE,2026,3,August,2026,3,August,36
58322171,2026-08-28,2026-08-31,Plumbing Service,Drain Repair,Completed,Branded Phone Number,Local 619,92109,0.00,FALSE,2026,3,August,2026,3,August,36
59432663,2026-08-28,2026-08-28,Plumbing Service,Kitchen Stop,Completed,Yelp,Yelp,92128,0.00,TRUE,2026,3,August,2026,3,August,35
59946988,2026-08-28,2026-08-31,Plumbing Service,Gas Lock Out,Completed,PPC,Google | Search | Brand,92014,0.00,FALSE,2026,3,August,2026,3,August,36
60498301,2026-08-28,2026-08-28,HVAC Service,Diagnosis,Completed,PPC,Google | Search | Brand,91977,0.00,TRUE,2026,3,August,2026,3,August,35
61240712,2026-08-28,2026-08-31,Plumbing Service,Plumbing Service,Completed,PPC,Google | Search | Brand,92109,2300.00,TRUE,2026,3,August,2026,3,August,36
63527852,2026-08-28,2026-08-24,HVAC Service,A/C Repair,Completed,Branded Phone Number,Local 619,92128,0.00,FALSE,2026,3,August,2026,3,August,35
65700099,2026-08-28,2026-08-28,Plumbing Sales,Job Walk,Completed,Branded Phone Number,Local 619,92106,0.00,FALSE,2026,3,August,2026,3,August,35
673100566,2026-08-28,2026-08-31,HVAC Service,A/C Repair,Completed,Google Business Profiles,GMB_SanDiego,92131,585.00,TRUE,2026,3,August,2026,3,August,36
67694710,2026-08-28,2026-08-24,Plumbing Maintenance,Tankless Flush,Completed,Email,Plumbing to HVAC Cross Promotion Offer Drip 2025,92040,0.00,TRUE,2026,3,August,2026,3,August,35
67842602,2026-08-28,,Plumbing Maintenance,,,,,92130,29.98,TRUE,2026,3,August,,,,
679105608,2026-08-28,2026-08-28,HVAC Service,Diagnosis,Completed,PPC,Google | Search | Brand,92126,434.00,TRUE,2026,3,August,2026,3,August,35
67946064,2026-08-28,2026-08-31,Plumbing Service,Tankless Service,Completed,Branded Phone Number,Local 619,92111,434.00,TRUE,2026,3,August,2026,3,August,36
681425593,2026-08-28,,Plumbing Install,,,,,91911,0.00,TRUE,2026,3,August,,,,
882772602,2026-08-28,2026-08-28,Plumbing Service,Mainline Stop,Completed,PPC,Google | Search | Brand,92025,230.00,TRUE,2026,3,August,2026,3,August,35
882772602,2026-08-28,2026-09-01,Plumbing Service,Sewer Camera,Completed,PPC,Google | Search | Brand,92025,0.00,TRUE,2026,3,August,2026,3,September,36
895025991,2026-08-28,,Plumbing Sales,,,,,92056,0.00,TRUE,2026,3,August,,,,
898233123,2026-08-28,,HVAC Maintenance,,,,,92103,-78.12,TRUE,2026,3,August,,,,
898233123,2026-08-28,,HVAC Maintenance,,,,,92103,-179.88,TRUE,2026,3,August,,,,
90009198,2026-08-28,,HVAC Service,Diagnosis,Scheduled,Google Business Profiles,GMB_SanDiego,92120,0.00,TRUE,2026,3,August,,,,
902469128,2026-08-28,2026-08-11,HVAC Install,Full System Install,Completed,PPC,Google | Search | Brand,92064,17500.00,TRUE,2026,3,August,2026,3,August,33
902469128,2026-08-28,2026-08-24,Plumbing Sales,Water Filtration Estimate,Completed,Branded Phone Number,Local 619,92025,9317.70,TRUE,2026,3,August,2026,3,August,35
902469128,2026-08-28,2026-08-25,Plumbing Service,Drain Repair,Completed,Branded Phone Number,A1-800-BILL HOWE,92139,2268.00,TRUE,2026,3,August,2026,3,August,35
902469128,2026-08-28,2026-08-25,Plumbing Service,Drain Repair,Completed,Google Business Profiles,GMB_SanDiego,92067,3307.50,TRUE,2026,3,August,2026,3,August,35
903560780,2026-08-28,,Plumbing Service,Upper/Lower Leak,Hold,Email,Legacy Email Marketing Multiple Offers,92024,0.00,TRUE,2026,3,August,,,,
903560780,2026-08-28,2026-08-31,Restoration EMS,EMS Estimate,Completed,Google Business Profiles,GMB_SanDiego,92024,0.00,FALSE,2026,3,August,2026,3,August,36
93591199,2026-08-28,2026-08-28,Plumbing Service,Toilet Stop,Completed,Google Business Profiles,GMB_SanDiego,92118,102.00,TRUE,2026,3,August,2026,3,August,35
93606953,2026-08-28,2026-09-01,Lining Install - CA,Sewer Camera,Completed,Website,Email Contact Form,92037,0.00,TRUE,2026,3,August,2026,3,September,36
95044374,2026-08-28,2026-08-21,HVAC Install,Full System Install,Completed,Branded Phone Number,Local 619,92130,0.00,TRUE,2026,3,August,2026,3,August,34
979731083,2026-08-28,2026-08-28,Plumbing Service,Pipe Leak,Completed,Branded Phone Number,Local 619,92127,701.00,TRUE,2026,3,August,2026,3,August,35
980173974,2026-08-28,2026-08-30,HVAC Service,Diagnosis,Completed,Google LSA,Google Local Services,92103,1238.72,TRUE,2026,3,August,2026,3,August,35
98585519,2026-08-28,,Plumbing Sales,,,,,91932,0.00,TRUE,2026,3,August,,,,
1066717652,2026-08-29,2026-08-30,Plumbing Service,Pipe Leak,Completed,Google Business Profiles,GMB_SanDiego,92130,1687.00,TRUE,2026,3,August,2026,3,August,35
1066717652,2026-08-29,2026-08-31,Restoration EMS,EMS Estimate,Canceled,Google Business Profiles,GMB_SanDiego,92130,0.00,TRUE,2026,3,August,2026,3,August,36
1069710411,2026-08-29,2026-08-31,Plumbing Sales,Water Heater Estimate - Residential,Completed,Organic Search,Google Organic,92037,0.00,TRUE,2026,3,August,2026,3,August,36
1074118273,2026-08-29,2026-08-29,Plumbing Service,Kitchen Faucet,Completed,PPC,Google | Search | Brand,92019,250.00,TRUE,2026,3,August,2026,3,August,35
1074118273,2026-08-29,2026-08-31,Plumbing Service,Kitchen Faucet,Completed,PPC,Google | Search | Brand,92019,827.00,TRUE,2026,3,August,2026,3,August,36
1118106638,2026-08-29,,HVAC Service,Diagnosis,Scheduled,Branded Phone Number,A1-800-BILL HOWE,91942,0.00,TRUE,2026,3,August,,,,
1119610822,2026-08-29,2026-09-01,HVAC Install,Hvac Recall/Warranty,Completed,Branded Phone Number,A1-800-BILL HOWE,92067,0.00,TRUE,2026,3,August,2026,3,September,36
1121441113,2026-08-29,2026-08-31,Plumbing Service,Urinal Stop,Completed,Organic Search,Google Organic,92127,0.00,TRUE,2026,3,August,2026,3,August,36
1124585089,2026-08-29,2026-09-02,Plumbing Service,Reset Toilet,Completed,Google Business Profiles,GMB_SanDiego,92127,0.00,FALSE,2026,3,August,2026,3,September,36
1129036179,2026-08-29,2026-08-29,Plumbing Service,Mainline Stop,Completed,Branded Phone Number,A1-800-BILL HOWE,92078,456.08,TRUE,2026,3,August,2026,3,August,35
1129036179,2026-08-29,2026-08-31,Plumbing Service,Sewer Camera,Completed,Branded Phone Number,A1-800-BILL HOWE,92078,0.00,TRUE,2026,3,August,2026,3,August,36
1130194486,2026-08-29,2026-08-29,Plumbing Service,Mainline Stop,Completed,Google Business Profiles,GMB_SanDiego,92119,0.00,FALSE,2026,3,August,2026,3,August,35
1130194486,2026-08-29,2026-08-31,Plumbing Service,Sewer Camera,Completed,Google Business Profiles,GMB_SanDiego,92119,0.00,TRUE,2026,3,August,2026,3,August,36
1130919902,2026-08-29,2026-09-01,Plumbing Service,Leak Below Lavatory,Canceled,Organic Search,Bing Organic,92103,0.00,TRUE,2026,3,August,2026,3,September,36
1131177089,2026-08-29,,HVAC Sales,HVAC Estimate,Scheduled,PPC,Google | Search | Brand,92113,0.00,TRUE,2026,3,August,,,,
1131184446,2026-08-29,2026-08-29,Plumbing Service,Water Heater Repair - Residential,Canceled,Google Business Profiles,GMB_Poway,92064,0.00,TRUE,2026,3,August,2026,3,August,35
1131193172,2026-08-29,2026-08-29,Plumbing Service,Pipe Leak,Completed,Google Business Profiles,GMB_SanDiego,91978,462.00,TRUE,2026,3,August,2026,3,August,35
1131195379,2026-08-29,2026-09-02,Lining Install - CA,Lining Estimate,Completed,Sameday AI,Sameday AI,92091,0.00,FALSE,2026,3,August,2026,3,September,36
1131195433,2026-08-29,,Restoration EMS,EMS Estimate,Hold,Sameday AI,Sameday AI,92154,0.00,TRUE,2026,3,August,,,,
1131195782,2026-08-29,2026-08-29,Plumbing Sales,Drain Estimate,Completed,Branded Phone Number,Local 619,92105,0.00,FALSE,2026,3,August,2026,3,August,35
1131195782,2026-08-29,2026-08-29,Plumbing Service,Mainline Stop,Completed,Branded Phone Number,Local 619,92105,250.00,TRUE,2026,3,August,2026,3,August,35
1131196127,2026-08-29,2026-08-31,Plumbing Service,Plumbing Service,Completed,Sameday AI,Sameday AI,92127,0.00,TRUE,2026,3,August,2026,3,August,36
1131196615,2026-08-29,2026-08-30,HVAC Service,Diagnosis,Completed,Organic Search,Google Organic,92011,807.67,TRUE,2026,3,August,2026,3,August,35
1131216833,2026-08-29,2026-08-31,Plumbing Service,Leak Below Kitchen,Completed,Google Business Profiles,GMB_SanDiego,92009,530.00,TRUE,2026,3,August,2026,3,August,36
1131217294,2026-08-29,2026-08-29,Plumbing Service,Hose Bib,Completed,Branded Phone Number,Local 619,92115,721.60,TRUE,2026,3,August,2026,3,August,35
1131220747,2026-08-29,2026-09-04,HVAC Service,10+ HVAC Unit,Canceled,PPC,Google Legacy Campaigns,92130,0.00,TRUE,2026,3,August,2026,3,September,36
1131225502,2026-08-29,2026-08-29,Plumbing Service,Mainline Stop,Canceled,PPC,Google | Search | Plumbing,92107,0.00,TRUE,2026,3,August,2026,3,August,35
1131225692,2026-08-29,2026-08-29,Plumbing Service,Angle Stop,Completed,PPC,Google | PMAX | Drains,92131,759.00,TRUE,2026,3,August,2026,3,August,35
1131225759,2026-08-29,,Plumbing Service,Tub/Shower Faucet,Hold,Direct Web Traffic,Direct Web Traffic,92105,0.00,TRUE,2026,3,August,,,,
1131226584,2026-08-29,2026-08-31,Plumbing Service,Plumbing Service,Completed,Direct Web Traffic,Direct Web Traffic,92020,0.00,TRUE,2026,3,August,2026,3,August,36
1131228382,2026-08-29,2026-09-02,HVAC Sales,HVAC Estimate,Completed,Programmatic,StackAdapt / Display,92056,0.00,TRUE,2026,3,August,2026,3,September,36
1131230483,2026-08-29,2026-08-31,HVAC Service,Diagnosis,Canceled,Organic Search,Google Organic,91914,0.00,TRUE,2026,3,August,2026,3,August,36
1131231421,2026-08-29,2026-09-01,HVAC Sales,HVAC Estimate,Completed,Sameday AI,Sameday AI,92128,0.00,TRUE,2026,3,August,2026,3,September,36
1131231669,2026-08-29,2026-08-31,Plumbing Service,Tankless Service,Completed,Business Directories,Rinnai Listing,91915,5685.00,TRUE,2026,3,August,2026,3,August,36
1131231925,2026-08-29,2026-08-31,HVAC Service,10+ HVAC Unit,Canceled,Google Business Profiles,GMB_SanDiego,92014,0.00,TRUE,2026,3,August,2026,3,August,36
1131239089,2026-08-29,2026-08-30,Plumbing Service,Mainline Stop,Completed,PPC,Google | PMAX | Drains,91914,425.00,TRUE,2026,3,August,2026,3,August,35
265697934,2026-08-29,2026-08-30,Plumbing Service,Tub/Shower Stop,Completed,Branded Phone Number,Local 619,92118,394.00,TRUE,2026,3,August,2026,3,August,35
267036096,2026-08-29,,HVAC Maintenance,Preventative Maintenance,Scheduled,Google Business Profiles,GMB_SanDiego,92106,0.00,TRUE,2026,3,August,,,,
269614871,2026-08-29,2026-08-29,Plumbing Service,Kitchen Stop,Completed,PPC,Google | Search | Brand,92110,250.00,TRUE,2026,3,August,2026,3,August,35
281312537,2026-08-29,2026-08-31,Plumbing Service,Plumbing Service,Completed,PPC,Google | Search | Plumbing,92109,0.00,FALSE,2026,3,August,2026,3,August,36
293404627,2026-08-29,2026-08-29,Plumbing Service,Toilet Leak,Completed,PPC,Google | Search | Brand,92101,0.00,TRUE,2026,3,August,2026,3,August,35
297599676,2026-08-29,2026-08-29,HVAC Service,Hvac Recall/Warranty,Completed,PPC,Google | Search | Brand,92027,485.68,TRUE,2026,3,August,2026,3,August,35
309102047,2026-08-29,,HVAC Service,Diagnosis,Scheduled,PPC,Google | Search | Brand,92107,0.00,TRUE,2026,3,August,,,,
31536456,2026-08-29,2026-08-29,Plumbing Service,Tub/Shower Faucet,Completed,Branded Phone Number,A1-800-BILL HOWE,92115,445.04,TRUE,2026,3,August,2026,3,August,35
31538170,2026-08-29,2026-09-05,HVAC Service,10+ HVAC Unit,Completed,Branded Phone Number,Local 619,92123,0.00,TRUE,2026,3,August,2026,3,September,36
31564655,2026-08-29,2026-08-29,Plumbing Service,Pipe Leak,Completed,Branded Phone Number,Local 619,92040,732.08,TRUE,2026,3,August,2026,3,August,35
31565267,2026-08-29,2026-08-31,Plumbing Service,Sewer Camera,Completed,Branded Phone Number,Local 619,92110,0.00,FALSE,2026,3,August,2026,3,August,36
31570140,2026-08-29,2026-08-31,Plumbing Service,Reset Toilet,Completed,PPC,Google | Search | Brand,92064,0.00,TRUE,2026,3,August,2026,3,August,36
31571391,2026-08-29,2026-08-29,Plumbing Service,Lavatory Stop,Completed,PPC,Google | Search | Brand,92120,343.84,TRUE,2026,3,August,2026,3,August,35
31571391,2026-08-29,2026-08-31,Plumbing Service,Sewer Camera,Completed,PPC,Google | Search | Brand,92120,0.00,TRUE,2026,3,August,2026,3,August,36
31586688,2026-08-29,,Plumbing Maintenance,,,,,92107,179.88,TRUE,2026,3,August,,,,
31635278,2026-08-29,,HVAC Service,Diagnosis,Scheduled,Direct Web Traffic,Direct Web Traffic,91914,0.00,TRUE,2026,3,August,,,,
31641099,2026-08-29,,Plumbing Maintenance,,,,,92037,14.99,TRUE,2026,3,August,,,,
31651524,2026-08-29,,Plumbing Install,,,,,92122,179.88,TRUE,2026,3,August,,,,
31699020,2026-08-29,2026-08-29,Plumbing Service,Mainline Stop,Completed,Branded Phone Number,Local 619,92009,394.00,TRUE,2026,3,August,2026,3,August,35
31705981,2026-08-29,2026-08-29,Plumbing Service,Pipe Leak,Completed,Google Business Profiles,GMB_Poway,92064,0.00,TRUE,2026,3,August,2026,3,August,35
31707103,2026-08-29,2026-08-29,Plumbing Service,Toilet Leak,Completed,Google Business Profiles,GMB_SanDiego,91977,693.50,TRUE,2026,3,August,2026,3,August,35
31707364,2026-08-29,2026-08-31,Plumbing Service,Mainline Stop,Completed,Google Business Profiles,GMB_SanDiego,92111,0.00,TRUE,2026,3,August,2026,3,August,36
31712013,2026-08-29,2026-09-01,HVAC Sales,HVAC Estimate,Canceled,PPC,Google | Search | Brand,92131,0.00,TRUE,2026,3,August,2026,3,September,36
317213231,2026-08-29,2026-08-31,Plumbing Service,Mainline Stop,Completed,Direct Web Traffic,Direct Web Traffic,92029,0.00,TRUE,2026,3,August,2026,3,August,36
31725300,2026-08-29,2026-08-29,Plumbing Service,Toilet Stop,Completed,Branded Phone Number,Local 619,92119,343.84,TRUE,2026,3,August,2026,3,August,35
325403586,2026-08-29,2026-08-29,HVAC Service,Diagnosis,Canceled,Branded Phone Number,A1-800-BILL HOWE,92131,0.00,TRUE,2026,3,August,2026,3,August,35
34531013,2026-08-29,,Plumbing Maintenance,,,,,92081,29.98,TRUE,2026,3,August,,,,
373220427,2026-08-29,2026-08-29,HVAC Service,Diagnosis,Completed,Direct Mail,Dynamicard Direct Mail September 2025,92020,922.30,TRUE,2026,3,August,2026,3,August,35
375885332,2026-08-29,2026-08-29,Plumbing Service,Lavatory Stop,Completed,PPC,Google | Search | Brand,92109,394.00,TRUE,2026,3,August,2026,3,August,35
377934630,2026-08-29,,HVAC Service,Diagnosis,Scheduled,Google Business Profiles,GMB_SanDiego,92119,0.00,TRUE,2026,3,August,,,,
381281441,2026-08-29,,Plumbing Service,Hose Bib,Hold,Yelp,Yelp,92014,0.00,TRUE,2026,3,August,,,,
43204061,2026-08-29,2026-08-29,Plumbing Service,Mainline Stop,Completed,Branded Phone Number,Local 619,92101,250.00,TRUE,2026,3,August,2026,3,August,35
43204061,2026-08-29,2026-08-29,Plumbing Service,Mainline Stop,Completed,Branded Phone Number,Local 619,92101,548.32,TRUE,2026,3,August,2026,3,August,35
54012774,2026-08-29,2026-08-29,Plumbing Service,Ice Maker Line,Completed,Branded Phone Number,Local 619,92126,733.55,TRUE,2026,3,August,2026,3,August,35
58163880,2026-08-29,2026-08-31,Plumbing Sales,Job Walk,Completed,Outbound SMS,ST Outbound Text Lines,92106,0.00,FALSE,2026,3,August,2026,3,August,36
58163880,2026-08-29,2026-08-29,Plumbing Service,Toilet Leak,Completed,Outbound SMS,ST Outbound Text Lines,92106,0.00,FALSE,2026,3,August,2026,3,August,35
58877937,2026-08-29,2026-08-30,HVAC Service,Diagnosis,Completed,Yelp,Yelp,92108,709.01,TRUE,2026,3,August,2026,3,August,35
59240735,2026-08-29,2026-08-29,Plumbing Service,Leak Below Kitchen,Completed,Direct Web Traffic,Direct Web Traffic,92128,0.00,FALSE,2026,3,August,2026,3,August,35
59240735,2026-08-29,2026-09-02,Plumbing Service,Plumbing Service,Completed,Direct Web Traffic,Direct Web Traffic,92128,0.00,FALSE,2026,3,August,2026,3,September,36
60498301,2026-08-29,,Plumbing Maintenance,,,,,91977,29.98,TRUE,2026,3,August,,,,
61110465,2026-08-29,,Plumbing Maintenance,,,,,92126,359.76,TRUE,2026,3,August,,,,
62887888,2026-08-29,,HVAC Service,Diagnosis,Scheduled,Organic Search,DuckDuckGo Organic,92037,0.00,TRUE,2026,3,August,,,,
670222291,2026-08-29,2026-08-30,Plumbing Sales,Water Heater Estimate - Residential,Canceled,PPC,Google | Search | Brand,92024,0.00,TRUE,2026,3,August,2026,3,August,35
673011024,2026-08-29,2026-08-29,Plumbing Service,Pipe Leak,Completed,Direct Web Traffic,Direct Web Traffic,92123,250.00,TRUE,2026,3,August,2026,3,August,35
891179226,2026-08-29,2026-08-29,Plumbing Service,Pipe Leak,Completed,Google Business Profiles,GMB_SanDiego,92104,250.00,TRUE,2026,3,August,2026,3,August,35
896355167,2026-08-29,2026-08-31,Plumbing Service,Kitchen Stop,Completed,PPC,Bing | Search | Brand,92130,144.00,TRUE,2026,3,August,2026,3,August,36
901349673,2026-08-29,,HVAC Maintenance,,,,,92021,14.99,TRUE,2026,3,August,,,,
905104413,2026-08-29,2026-08-31,Plumbing Service,Toilet Leak,Completed,Organic Search,DuckDuckGo Organic,92106,1596.00,TRUE,2026,3,August,2026,3,August,36
909363108,2026-08-29,2026-08-29,Plumbing Service,Toilet Stop,Canceled,Yelp,Yelp,92130,0.00,TRUE,2026,3,August,2026,3,August,35
92042511,2026-08-29,2026-08-29,Plumbing Service,Pipe Leak,Completed,Branded Phone Number,A1-800-BILL HOWE,92067,0.00,TRUE,2026,3,August,2026,3,August,35
99065951,2026-08-29,2026-08-31,Plumbing Service,Toilet Leak,Completed,Google Business Profiles,GMB_SanDiego,92037,0.00,FALSE,2026,3,August,2026,3,August,36
99991201,2026-08-29,,HVAC Service,Diagnosis,Scheduled,Branded Phone Number,Local 619,92025,0.00,TRUE,2026,3,August,,,,
1067809195,2026-08-30,2026-08-31,Plumbing Service,Tub/Shower Stop,Completed,Website,Website Phone Calls,92109,144.00,TRUE,2026,3,August,2026,3,August,36
1125209352,2026-08-30,2026-08-30,Plumbing Service,Pipe Leak,Completed,PPC,Google | Search | Brand,92127,250.00,TRUE,2026,3,August,2026,3,August,35
1128837471,2026-08-30,2026-09-01,Plumbing Service,Plumbing Service,Completed,Direct Web Traffic,Direct Web Traffic,92103,1231.00,TRUE,2026,3,August,2026,3,September,36
1131222539,2026-08-30,2026-08-31,Plumbing Service,Mainline Stop,Completed,PPC,Google | Search | Brand,92128,102.00,TRUE,2026,3,August,2026,3,August,36
1131222587,2026-08-30,2026-09-02,HVAC Sales,HVAC Estimate,Completed,Pending Validation,Google Ads Pending Validation,91941,0.00,TRUE,2026,3,August,2026,3,September,36
1131244581,2026-08-30,2026-08-30,Plumbing Service,Plumbing Service,Canceled,Google Business Profiles,GMB_SanDiego,92127,0.00,TRUE,2026,3,August,2026,3,August,35
1131244834,2026-08-30,2026-08-31,HVAC Service,A/C Repair,Canceled,PPC,Google | PMAX | HVAC,92091,0.00,TRUE,2026,3,August,2026,3,August,36
1131244868,2026-08-30,2026-08-30,Plumbing Service,Pipe Leak,Completed,PPC,Google | PMAX | Plumbing,92108,394.00,TRUE,2026,3,August,2026,3,August,35
1131247208,2026-08-30,2026-08-30,Plumbing Service,Pipe Leak,Completed,Branded Phone Number,Local 619,92109,399.97,TRUE,2026,3,August,2026,3,August,35
1131247620,2026-08-30,2026-08-31,Plumbing Sales,Repipe/Reroute Estimate,Completed,PPC,Google | PMAX | Drains,92111,0.00,TRUE,2026,3,August,2026,3,August,36
1131249630,2026-08-30,2026-08-31,Plumbing Service,Toilet Leak,Completed,Organic Search,Google Organic,91941,0.00,TRUE,2026,3,August,2026,3,August,36
1131252189,2026-08-30,,Plumbing Service,Kitchen Stop,Hold,Branded Phone Number,Local 619,92007,0.00,TRUE,2026,3,August,,,,
1131253844,2026-08-30,2026-08-31,Plumbing Service,Lavatory Stop,Completed,Organic Search,Google Organic,91950,649.95,TRUE,2026,3,August,2026,3,August,36
1131275919,2026-08-30,2026-09-01,Plumbing Service,Slab Leak,Completed,Organic Search,Google Organic,92131,280.00,TRUE,2026,3,August,2026,3,September,36
1131278731,2026-08-30,2026-08-31,Plumbing Service,Tub/Shower Stop,Completed,PPC,Google | Search | Plumbing,91932,102.00,TRUE,2026,3,August,2026,3,August,36
254429679,2026-08-30,2026-08-31,Plumbing Service,Disposal,Completed,Branded Phone Number,Local 619,92123,947.15,TRUE,2026,3,August,2026,3,August,36
269068195,2026-08-30,2026-08-31,Plumbing Service,Floor Drain Stop,Completed,Branded Phone Number,Local 619,92116,144.00,TRUE,2026,3,August,2026,3,August,36
292040611,2026-08-30,,Plumbing Service,Reset Toilet,In Progress,Organic Search,DuckDuckGo Organic,92117,0.00,FALSE,2026,3,August,,,,
31537193,2026-08-30,,HVAC Service,10+ HVAC Unit,Scheduled,Outbound SMS,ST Outbound Text Lines,92064,0.00,FALSE,2026,3,August,,,,
31537948,2026-08-30,2026-08-31,HVAC Service,A/C Repair,Completed,Branded Phone Number,A1-800-BILL HOWE,92110,87.00,TRUE,2026,3,August,2026,3,August,36
31538170,2026-08-30,2026-08-31,HVAC Service,A/C Repair,Completed,Branded Phone Number,Local 619,92123,0.00,TRUE,2026,3,August,2026,3,August,36
31558030,2026-08-30,2026-08-31,Plumbing Service,Mainline Stop,Completed,Direct Web Traffic,Direct Web Traffic,92117,0.00,TRUE,2026,3,August,2026,3,August,36
31561823,2026-08-30,,HVAC Service,10+ HVAC Unit,Scheduled,Branded Phone Number,Local 619,91911,0.00,TRUE,2026,3,August,,,,
31578928,2026-08-30,2026-08-30,HVAC Service,A/C Repair,Completed,Branded Phone Number,Local 619,92111,0.00,TRUE,2026,3,August,2026,3,August,35
31594181,2026-08-30,,HVAC Service,10+ HVAC Unit,Scheduled,PPC,Google | Search | Brand,92127,0.00,TRUE,2026,3,August,,,,
31598852,2026-08-30,2026-08-30,Plumbing Service,Mainline Stop,Completed,Branded Phone Number,Local 619,92021,411.00,TRUE,2026,3,August,2026,3,August,35
31598852,2026-08-30,2026-08-31,Plumbing Service,Sewer Camera,Completed,Branded Phone Number,Local 619,92021,0.00,TRUE,2026,3,August,2026,3,August,36
31630335,2026-08-30,2026-09-03,Plumbing Service,Disposal,Completed,PPC,Google | Search | Plumbing,92115,0.00,TRUE,2026,3,August,2026,3,September,36
31636675,2026-08-30,2026-08-30,Plumbing Service,Lavatory Stop,Completed,PPC,Google | Search | Brand,92107,797.00,TRUE,2026,3,August,2026,3,August,35
31636675,2026-08-30,2026-09-03,Plumbing Service,Sewer Camera,Completed,PPC,Google | Search | Brand,92107,0.00,TRUE,2026,3,August,2026,3,September,36
31648836,2026-08-30,2026-08-31,HVAC Service,A/C Repair,Completed,Google Business Profiles,GMB_SanDiego,92101,354.00,TRUE,2026,3,August,2026,3,August,36
31671619,2026-08-30,2026-08-30,HVAC Service,A/C Repair,Completed,Google Business Profiles,GMB_SanDiego,92128,0.00,TRUE,2026,3,August,2026,3,August,35
31676697,2026-08-30,2026-08-30,Plumbing Service,Toilet Leak,Completed,Google Business Profiles,GMB_SanDiego,92109,1521.16,TRUE,2026,3,August,2026,3,August,35
31681231,2026-08-30,2026-09-03,Plumbing Sales,Repipe/Reroute Estimate,Completed,Sameday AI,Sameday AI,92117,0.00,TRUE,2026,3,August,2026,3,September,36
31686450,2026-08-30,2026-08-30,Plumbing Service,Lavatory Stop,Completed,Branded Phone Number,Local 619,92037,425.00,TRUE,2026,3,August,2026,3,August,35
31691647,2026-08-30,2026-08-31,HVAC Sales,HVAC Estimate,Completed,Sameday AI,Sameday AI,92111,0.00,FALSE,2026,3,August,2026,3,August,36
31706960,2026-08-30,2026-08-31,Plumbing Sales,Plumbing Estimate,Completed,Google Business Profiles,GMB_SanDiego,92037,0.00,FALSE,2026,3,August,2026,3,August,36
31706960,2026-08-30,2026-08-30,Plumbing Service,Pipe Leak,Completed,Google Business Profiles,GMB_SanDiego,92037,250.00,TRUE,2026,3,August,2026,3,August,35
31710546,2026-08-30,2026-08-31,Plumbing Service,Water Heater Repair - Residential,Completed,PPC,Google | Search | Brand,92011,3625.00,TRUE,2026,3,August,2026,3,August,36
347624869,2026-08-30,2026-08-31,Plumbing Service,Toilet Leak,Completed,PPC,Google | Search | Brand,92102,0.00,TRUE,2026,3,August,2026,3,August,36
374400693,2026-08-30,2026-08-30,Plumbing Service,Pipe Leak,Completed,PPC,Google | Search | Brand,92024,0.00,TRUE,2026,3,August,2026,3,August,35
374959070,2026-08-30,2026-08-31,Plumbing Service,Toilet Leak,Completed,Sameday AI,Sameday AI,92128,262.80,TRUE,2026,3,August,2026,3,August,36
42091851,2026-08-30,2026-09-05,HVAC Service,Diagnosis,Completed,Branded Phone Number,Local 619,92021,509.00,TRUE,2026,3,August,2026,3,September,36
44601176,2026-08-30,2026-09-01,HVAC Service,Diagnosis,Canceled,Organic Search,Google Organic,92037,0.00,TRUE,2026,3,August,2026,3,September,36
47095464,2026-08-30,2026-08-31,Plumbing Service,Tub/Shower Faucet,Completed,Organic Search,Google Organic,92106,398.00,TRUE,2026,3,August,2026,3,August,36
473284073,2026-08-30,2026-08-30,Plumbing Service,Water Heater Repair - Residential,Completed,Branded Phone Number,Local 619,92128,3765.00,TRUE,2026,3,August,2026,3,August,35
478228127,2026-08-30,2026-08-30,Plumbing Service,Pipe Leak,Completed,Google Business Profiles,GMB_SanDiego,92115,440.80,TRUE,2026,3,August,2026,3,August,35
487240495,2026-08-30,,Plumbing Service,Disposal,Scheduled,PPC,Bing | Search | Brand,92009,0.00,TRUE,2026,3,August,,,,
63181521,2026-08-30,2026-08-31,Plumbing Service,Kitchen Stop,Completed,Branded Phone Number,Local 619,92037,144.00,TRUE,2026,3,August,2026,3,August,36
677461295,2026-08-30,2026-08-31,Plumbing Service,Water Heater Repair - Residential,Completed,PPC,Google | Search | Brand,92126,0.00,FALSE,2026,3,August,2026,3,August,36
84463536,2026-08-30,,HVAC Service,Diagnosis,Scheduled,Direct Web Traffic,Direct Web Traffic,91913,0.00,TRUE,2026,3,August,,,,
85296640,2026-08-30,2026-08-31,Plumbing Service,Tub/Shower Stop,Canceled,PPC,Google | Search | Brand,92123,0.00,TRUE,2026,3,August,2026,3,August,36
86397991,2026-08-30,2026-08-30,Plumbing Service,Mainline Stop,Completed,Branded Phone Number,A1-800-BILL HOWE,91945,411.00,TRUE,2026,3,August,2026,3,August,35
86397991,2026-08-30,2026-08-31,Plumbing Service,Sewer Camera,Completed,Branded Phone Number,A1-800-BILL HOWE,91945,0.00,TRUE,2026,3,August,2026,3,August,36
86420694,2026-08-30,2026-08-31,Plumbing Service,Sump Pump,Completed,Direct Web Traffic,Direct Web Traffic,92106,0.00,TRUE,2026,3,August,2026,3,August,36
887731041,2026-08-30,2026-09-03,Lining Install - CA,Lining Estimate,Completed,Direct Web Traffic,Direct Web Traffic,92122,0.00,TRUE,2026,3,August,2026,3,September,36
890893166,2026-08-30,2026-08-31,Plumbing Service,Pipe Leak,Completed,PPC,Google | Search | Brand,92115,0.00,TRUE,2026,3,August,2026,3,August,36
896228698,2026-08-30,2026-08-31,HVAC Service,A/C Repair,Completed,PPC,Google | Search | HVAC,92037,87.00,TRUE,2026,3,August,2026,3,August,36
899671570,2026-08-30,2026-08-31,Plumbing Service,Kitchen Stop,Completed,Organic Search,Google Organic,92123,102.00,TRUE,2026,3,August,2026,3,August,36
90322179,2026-08-30,2026-08-30,Plumbing Service,Plumbing Service,Completed,PPC,Google | Search | Brand,92103,749.98,TRUE,2026,3,August,2026,3,August,35
90364982,2026-08-30,,Plumbing Maintenance,,,,,92020,179.88,TRUE,2026,3,August,,,,
93355997,2026-08-30,2026-08-31,Plumbing Service,Upper/Lower Leak,Completed,PPC,Google | Search | Competitor,92103,250.00,TRUE,2026,3,August,2026,3,August,36
1035530146,2026-08-31,,Plumbing Maintenance,Backflow Test,Scheduled,PPC,Bing | Search | HVAC,92116,0.00,TRUE,2026,3,August,,,,
1037690442,2026-08-31,2026-08-26,HVAC Service,Hvac Recall/Warranty,Completed,PPC,Google | Search | Brand,92037,0.00,TRUE,2026,3,August,2026,3,August,35
1038807370,2026-08-31,2026-09-01,Plumbing Service,Urinal Leak,Completed,Google LSA,Google Local Services,92121,318.00,TRUE,2026,3,August,2026,3,September,36
1066717652,2026-08-31,2026-08-31,Restoration EMS,EMS Estimate,Completed,Google Business Profiles,GMB_SanDiego,92130,0.00,FALSE,2026,3,August,2026,3,August,36
1068737425,2026-08-31,2026-01-31,Plumbing Service,Water Heater Repair - Residential,Completed,Branded Phone Number,A1-800-BILL HOWE,92104,-200.00,TRUE,2026,3,August,2026,1,January,5
1070070917,2026-08-31,2026-09-01,Plumbing Service,Toilet Leak,Completed,Google LSA,Google Local Services,92118,0.00,FALSE,2026,3,August,2026,3,September,36
1071588596,2026-08-31,2026-02-22,Plumbing Service,Slab Leak,Completed,PPC,Google | Search | Competitor,92104,-173.00,TRUE,2026,3,August,2026,1,February,8
1072446814,2026-08-31,2026-03-05,Plumbing Service,Combo,Completed,PPC,Google | Search | Brand,92007,-2202.00,TRUE,2026,3,August,2026,1,March,10
1072446814,2026-08-31,2026-03-23,Plumbing Service,Plumbing Service,Completed,PPC,Google | Search | Brand,92007,-250.00,TRUE,2026,3,August,2026,1,March,13
1073276810,2026-08-31,2026-08-21,HVAC Install,Heater New Install,Completed,Branded Phone Number,A1-800-BILL HOWE,92011,0.00,TRUE,2026,3,August,2026,3,August,34
1074980840,2026-08-31,2026-08-12,HVAC Install,Full System Install,Completed,Outbound SMS,ST Outbound Text Lines,91945,0.00,TRUE,2026,3,August,2026,3,August,33
1080075614,2026-08-31,2026-08-31,Plumbing Service,Tub/Shower Stop,Completed,Organic Search,Google Organic,92119,0.00,TRUE,2026,3,August,2026,3,August,36
1097370018,2026-08-31,2026-08-28,HVAC Install,Hvac Recall/Warranty,Completed,Branded Phone Number,Local 619,92021,0.00,TRUE,2026,3,August,2026,3,August,35
1102086190,2026-08-31,2026-08-26,Plumbing Install,Repipe/Reroute,Completed,Direct Web Traffic,Direct Web Traffic,92109,0.00,TRUE,2026,3,August,2026,3,August,35
1102732715,2026-08-31,2026-08-31,Plumbing Service,Plumbing Service,Completed,Branded Phone Number,A1-800-BILL HOWE,92121,0.00,TRUE,2026,3,August,2026,3,August,36
1102985013,2026-08-31,,Restoration RECON,Recon Estimate,Scheduled,Google LSA,Google Local Services,92108,0.00,TRUE,2026,3,August,,,,
1103189451,2026-08-31,2026-08-26,Plumbing Install,Toilet Install,Completed,Google Business Profiles,GMB_SanDiego,92126,0.00,TRUE,2026,3,August,2026,3,August,35
1103530987,2026-08-31,,Plumbing Maintenance,,,,,92071,0.00,TRUE,2026,3,August,,,,
1103530987,2026-08-31,,Plumbing Maintenance,,,,,92071,179.88,TRUE,2026,3,August,,,,
1105490162,2026-08-31,2026-07-31,HVAC Install,Full System Install,Completed,Branded Phone Number,A1-800-BILL HOWE,92064,0.00,TRUE,2026,3,August,2026,3,July,31
1108359688,2026-08-31,2026-08-31,Plumbing Service,Toilet Leak,Completed,Website,Website Phone Calls,92122,0.00,FALSE,2026,3,August,2026,3,August,36
1113368880,2026-08-31,2026-09-01,Plumbing Service,Reset Toilet,Completed,PPC,Google | PMAX | Plumbing - Spanish,92122,0.00,TRUE,2026,3,August,2026,3,September,36
1113625297,2026-08-31,2026-08-24,HVAC Install,Full System Install,Completed,PPC,Google | PMAX | Plumbing,92008,0.00,TRUE,2026,3,August,2026,3,August,35
1113625297,2026-08-31,2026-08-26,HVAC Install,Hvac Recall/Warranty,Completed,PPC,Google | PMAX | Plumbing,92008,0.00,TRUE,2026,3,August,2026,3,August,35
1115699631,2026-08-31,2026-08-17,Lining Install - CA,Lining,Completed,Google Business Profiles,GMB_SanDiego,92115,0.00,TRUE,2026,3,August,2026,3,August,34
1115911123,2026-08-31,2026-08-26,Lining Install - CA,Sewer Camera,Completed,Tech referral,Tech Referral,92128,0.00,TRUE,2026,3,August,2026,3,August,35
1115959251,2026-08-31,2026-08-14,HVAC Install,Full System Install,Completed,Sameday AI,Sameday AI,92101,0.00,TRUE,2026,3,August,2026,3,August,33
1117452043,2026-08-31,2026-09-01,Restoration EMS,EMS Estimate,Completed,Direct Web Traffic,Direct Web Traffic,92037,0.00,TRUE,2026,3,August,2026,3,September,36
1118817319,2026-08-31,,Plumbing Maintenance,,,,,92130,14.99,TRUE,2026,3,August,,,,
1118935686,2026-08-31,2026-08-26,Plumbing Service,Drain Repair,Completed,Organic Search,DuckDuckGo Organic,92071,0.00,TRUE,2026,3,August,2026,3,August,35
1119059939,2026-08-31,2026-08-27,HVAC Install,Full System Install,Completed,Direct Web Traffic,Direct Web Traffic,92054,0.00,TRUE,2026,3,August,2026,3,August,35
1120018843,2026-08-31,2026-08-25,HVAC Install,A/C New Install,Completed,PPC,Google | PMAX | Drains,91911,0.00,TRUE,2026,3,August,2026,3,August,35
1120136776,2026-08-31,2026-08-21,Plumbing Service,Tub/Shower Faucet,Completed,Website,Website Phone Calls,92014,0.00,FALSE,2026,3,August,2026,3,August,34
1122350566,2026-08-31,,HVAC Service,Hvac Recall/Warranty,Scheduled,Google LSA,Google Local Services,92071,0.00,TRUE,2026,3,August,,,,
1124698051,2026-08-31,2026-08-31,Plumbing Service,Tub/Shower Stop,Completed,Branded Phone Number,Local 619,92130,0.00,TRUE,2026,3,August,2026,3,August,36
1124845919,2026-08-31,2026-09-01,Plumbing Service,Plumbing Service,Completed,Direct Web Traffic,Direct Web Traffic,92111,0.00,TRUE,2026,3,August,2026,3,September,36
1124851027,2026-08-31,,HVAC Sales,Hvac Tech Turnover Estimate,Hold,Google LSA,Google Local Services,92130,0.00,TRUE,2026,3,August,,,,
1125209352,2026-08-31,2026-09-01,Plumbing Service,Pipe Leak,Completed,PPC,Google | Search | Brand,92127,5833.00,TRUE,2026,3,August,2026,3,September,36
1126788902,2026-08-31,2026-08-28,HVAC Install,Heater New Install,Completed,PPC,Google | Search | Brand,92091,0.00,TRUE,2026,3,August,2026,3,August,35
1127281164,2026-08-31,2026-08-27,Plumbing Service,Sewer Camera,Completed,PPC,Google | Search | Brand,92115,0.00,TRUE,2026,3,August,2026,3,August,35
1128059138,2026-08-31,2026-09-01,Plumbing Service,Tub/Shower Stop,Completed,Branded Phone Number,Local 619,92019,102.00,TRUE,2026,3,August,2026,3,September,36
1128408174,2026-08-31,,Lining Install - CA,Job Walk,Scheduled,Organic Search,Google Organic,92078,0.00,FALSE,2026,3,August,,,,
1128408174,2026-08-31,,Lining Install - CA,Lining,Scheduled,Organic Search,Google Organic,92078,9889.00,TRUE,2026,3,August,,,,
1129148349,2026-08-31,2026-08-26,Plumbing Install,Repipe/Reroute,Completed,Google Business Profiles,GMB_SanDiego,92008,0.00,TRUE,2026,3,August,2026,3,August,35
1129168827,2026-08-31,2026-08-31,Plumbing Sales,Tankless Estimate,Completed,PPC,Google | Search | Brand,91913,0.00,TRUE,2026,3,August,2026,3,August,36
1129168827,2026-08-31,2026-08-31,Plumbing Service,Tankless Service,Canceled,PPC,Google | Search | Brand,91913,0.00,TRUE,2026,3,August,2026,3,August,36
1129497035,2026-08-31,2026-08-31,Plumbing Service,Pipe Leak,Completed,3rd Party Web Traffic,Yelp Referral Traffic,92118,774.00,TRUE,2026,3,August,2026,3,August,36
1129509614,2026-08-31,2026-09-01,Plumbing Install,Water Heater Install - Residential,Completed,Outbound SMS,ST Outbound Text Lines,92037,8336.00,TRUE,2026,3,August,2026,3,September,36
1129509614,2026-08-31,2026-09-02,Plumbing Service,Angle Stop,Completed,Outbound SMS,ST Outbound Text Lines,92037,2626.00,TRUE,2026,3,August,2026,3,September,36
1129509614,2026-08-31,2026-08-31,Restoration EMS,EMS Estimate,Completed,Outbound SMS,ST Outbound Text Lines,92037,0.00,FALSE,2026,3,August,2026,3,August,36
1130185320,2026-08-31,,HVAC Service,10+ HVAC Unit,Scheduled,Branded Phone Number,A1-800-BILL HOWE,92115,0.00,TRUE,2026,3,August,,,,
1130194486,2026-08-31,2026-08-31,Plumbing Sales,Drain Estimate,Completed,Google Business Profiles,GMB_SanDiego,92119,0.00,FALSE,2026,3,August,2026,3,August,36
1130986544,2026-08-31,,HVAC Install,Full System Install,Scheduled,Google Business Profiles,GMB_Poway,92064,14155.45,TRUE,2026,3,August,,,,
1131174347,2026-08-31,2026-09-01,HVAC Service,A/C Repair,Completed,PPC,Google | PMAX | HVAC,92024,1784.91,TRUE,2026,3,August,2026,3,September,36
1131244868,2026-08-31,2026-08-31,Plumbing Service,Ice Maker Line,Canceled,PPC,Google | PMAX | Plumbing,92108,0.00,TRUE,2026,3,August,2026,3,August,36
1131253844,2026-08-31,2026-08-31,Plumbing Sales,Drain Estimate,Completed,Organic Search,Google Organic,91950,0.00,FALSE,2026,3,August,2026,3,August,36
1131260778,2026-08-31,2026-08-31,Restoration EMS,EMS Estimate,Completed,PPC,Google | Search | Competitor,92103,0.00,FALSE,2026,3,August,2026,3,August,36
1131273888,2026-08-31,,HVAC Sales,HVAC Estimate,Hold,PPC,Google | PMAX | Drains,92040,0.00,TRUE,2026,3,August,,,,
1131277175,2026-08-31,2026-08-31,Plumbing Service,Slab Leak,Canceled,Organic Search,Google Organic,92024,0.00,TRUE,2026,3,August,2026,3,August,36
1131277190,2026-08-31,2026-09-01,Plumbing Service,Mainline Stop,Completed,Organic Search,Bing Organic,92084,175.00,TRUE,2026,3,August,2026,3,September,36
1131280989,2026-08-31,2026-08-31,Plumbing Service,Plumbing Service,Completed,Branded Phone Number,A1-800-BILL HOWE,92108,0.00,TRUE,2026,3,August,2026,3,August,36
1131281056,2026-08-31,2026-09-02,Lining Install - CA,Lining Estimate,Completed,Account,Work Order,92117,0.00,FALSE,2026,3,August,2026,3,September,36
1131284337,2026-08-31,2026-09-02,Plumbing Service,Toilet Stop,Completed,Organic Search,Bing Organic,92121,390.00,TRUE,2026,3,August,2026,3,September,36
1131284353,2026-08-31,,HVAC Sales,HVAC Estimate,In Progress,Direct Web Traffic,Direct Web Traffic,92007,0.00,TRUE,2026,3,August,,,,
1131284465,2026-08-31,2026-09-04,HVAC Service,Diagnosis,Canceled,Sameday AI,Sameday AI,92104,0.00,TRUE,2026,3,August,2026,3,September,36
1131292470,2026-08-31,,HVAC Service,Diagnosis,Hold,PPC,Google | Search | Brand,92131,0.00,TRUE,2026,3,August,,,,
1131294558,2026-08-31,2026-08-31,Plumbing Service,Backflow Repair,Completed,Google Business Profiles,GMB_Poway,92128,654.00,TRUE,2026,3,August,2026,3,August,36
1131295450,2026-08-31,2026-08-31,Plumbing Sales,Water Heater Estimate - Commercial,Completed,Google Business Profiles,GMB_SanDiego,92101,0.00,TRUE,2026,3,August,2026,3,August,36
1131299322,2026-08-31,2026-08-31,Plumbing Service,Pipe Leak,Completed,Google Business Profiles,GMB_SanDiego,92009,0.00,TRUE,2026,3,August,2026,3,August,36
1131299322,2026-08-31,2026-09-01,Plumbing Service,Slab Leak,Completed,Google Business Profiles,GMB_SanDiego,92009,0.00,TRUE,2026,3,August,2026,3,September,36
1131299658,2026-08-31,2026-08-31,Plumbing Service,Lavatory Stop,Completed,Direct Web Traffic,Direct Web Traffic,92130,144.00,TRUE,2026,3,August,2026,3,August,36
1131311538,2026-08-31,2026-09-01,Plumbing Service,Upper/Lower Leak,Completed,Direct Web Traffic,Direct Web Traffic,92127,935.00,TRUE,2026,3,August,2026,3,September,36
1131311538,2026-08-31,2026-09-01,Restoration EMS,EMS Estimate,Completed,Direct Web Traffic,Direct Web Traffic,92127,0.00,TRUE,2026,3,August,2026,3,September,36
1131315189,2026-08-31,2026-08-31,Plumbing Service,Upper/Lower Leak,Canceled,PPC,Google | PMAX | Drains,92122,0.00,TRUE,2026,3,August,2026,3,August,36
1131315575,2026-08-31,2026-09-04,HVAC Sales,HVAC Estimate,Completed,Google Business Profiles,GMB_SanDiego,92075,0.00,TRUE,2026,3,August,2026,3,September,36
1131317782,2026-08-31,,HVAC Service,Diagnosis,Scheduled,PPC,Google | PMAX | HVAC,92024,0.00,TRUE,2026,3,August,,,,
1131320551,2026-08-31,,HVAC Service,Diagnosis,Scheduled,Google Business Profiles,GMB_SanDiego,92107,0.00,TRUE,2026,3,August,,,,
1131328480,2026-08-31,2026-08-31,Plumbing Service,Tub/Shower Faucet,Canceled,Organic Search,Bing Organic,92105,0.00,TRUE,2026,3,August,2026,3,August,36
1131329891,2026-08-31,2026-08-31,Plumbing Service,Angle Stop,Completed,Email,Legacy Email Marketing Multiple Offers,92103,0.00,FALSE,2026,3,August,2026,3,August,36
1131329891,2026-08-31,2026-09-01,Plumbing Service,Angle Stop,Completed,Email,Legacy Email Marketing Multiple Offers,92103,263.00,TRUE,2026,3,August,2026,3,September,36
1131339322,2026-08-31,2026-09-02,HVAC Sales,HVAC Estimate,Completed,Branded Phone Number,A1-800-BILL HOWE,92075,0.00,FALSE,2026,3,August,2026,3,September,36
1131343748,2026-08-31,,Plumbing Sales,Plumbing Estimate,Scheduled,Google Business Profiles,GMB_Poway,92064,0.00,TRUE,2026,3,August,,,,
1131350539,2026-08-31,,HVAC Service,Diagnosis,Scheduled,PPC,Google | Search | HVAC,92024,0.00,TRUE,2026,3,August,,,,
1131352826,2026-08-31,,HVAC Service,Diagnosis,Hold,Branded Phone Number,Local 619,92107,0.00,TRUE,2026,3,August,,,,
1131363051,2026-08-31,2026-09-02,Plumbing Sales,Plumbing Estimate,Completed,Google Business Profiles,GMB_SanDiego,92067,0.00,TRUE,2026,3,August,2026,3,September,36
1131370706,2026-08-31,,HVAC Service,Diagnosis,Scheduled,Google Business Profiles,GMB_SanDiego,91950,0.00,TRUE,2026,3,August,,,,
1131379369,2026-08-31,,Plumbing Service,Sewer Smell,Hold,Branded Phone Number,A1-800-BILL HOWE,92130,0.00,TRUE,2026,3,August,,,,
1131421350,2026-08-31,,Plumbing Service,Toilet Leak,Hold,Yelp,Yelp,92069,0.00,TRUE,2026,3,August,,,,
1131530878,2026-08-31,2026-09-01,Plumbing Install,Repipe/Reroute,Completed,Google Business Profiles,GMB_SanDiego,92037,6135.00,TRUE,2026,3,August,2026,3,September,36
120652,2026-08-31,2026-08-19,Plumbing Service,Plumbing Service,Completed,Tech referral,Tech Referral,92131,-111.82,TRUE,2026,3,August,2026,3,August,34
120652,2026-08-31,2026-08-31,Plumbing Service,Reset Toilet,Completed,Google LSA,Google Local Services,92108,200.00,TRUE,2026,3,August,2026,3,August,36
179547,2026-08-31,2026-05-22,HVAC Maintenance,Preventative Maintenance,Completed,Direct Web Traffic,Direct Web Traffic,92130,-87.00,TRUE,2026,3,August,2026,2,May,21
214699,2026-08-31,2026-08-27,HVAC Service,Diagnosis,Completed,Yelp,Yelp,92109,0.00,FALSE,2026,3,August,2026,3,August,35
248943330,2026-08-31,2026-09-03,Lining Install - CA,Sewer Camera,Completed,PPC,Google | Search | Brand,92020,0.00,TRUE,2026,3,August,2026,3,September,36
249846196,2026-08-31,2026-08-31,Plumbing Service,Toilet Stop,Completed,Direct Web Traffic,Direct Web Traffic,92109,93.84,TRUE,2026,3,August,2026,3,August,36
255062419,2026-08-31,2026-08-31,Plumbing Service,Plumbing Service,Completed,Google Business Profiles,GMB_SanDiego,91910,248.00,TRUE,2026,3,August,2026,3,August,36
265474198,2026-08-31,2026-09-03,HVAC Sales,HVAC Estimate,Completed,Branded Phone Number,Local 619,92128,0.00,TRUE,2026,3,August,2026,3,September,36
266176952,2026-08-31,2026-09-01,Plumbing Service,Disposal,Completed,Google Business Profiles,GMB_SanDiego,92101,212.00,TRUE,2026,3,August,2026,3,September,36
267582965,2026-08-31,2026-09-03,HVAC Service,Hvac Recall/Warranty,Completed,Google Business Profiles,GMB_SanDiego,92130,0.00,TRUE,2026,3,August,2026,3,September,36
273106075,2026-08-31,2026-08-27,HVAC Service,A/C Repair,Completed,Direct Web Traffic,Direct Web Traffic,92025,0.00,TRUE,2026,3,August,2026,3,August,35
277951149,2026-08-31,2026-09-02,Plumbing Service,Lavatory Faucet,Completed,Website,Website Phone Calls,92075,318.00,TRUE,2026,3,August,2026,3,September,36
279859777,2026-08-31,2026-09-01,Plumbing Service,Reset Toilet,Completed,Direct Web Traffic,Direct Web Traffic,91941,250.00,TRUE,2026,3,August,2026,3,September,36
280185992,2026-08-31,,Plumbing Maintenance,Recurring Services: Backflow Test,Scheduled,PPC,Bing | Search | Brand,92103,0.00,TRUE,2026,3,August,,,,
281312537,2026-08-31,2026-09-03,Plumbing Install,Water Heater Install - Residential,Completed,PPC,Google | Search | Plumbing,92109,4460.00,TRUE,2026,3,August,2026,3,September,36
286949075,2026-08-31,2026-08-25,Plumbing Service,Plumbing Service,Completed,Organic Search,Google Organic,92067,0.00,TRUE,2026,3,August,2026,3,August,35
286949075,2026-08-31,2026-08-14,Plumbing Service,Plumbing Service,Completed,Organic Search,Google Organic,92067,0.00,TRUE,2026,3,August,2026,3,August,33
287233406,2026-08-31,2026-08-31,Plumbing Service,Kitchen Stop,Completed,Website,Email Contact Form,92024,132.48,TRUE,2026,3,August,2026,3,August,36
291568879,2026-08-31,,Plumbing Maintenance,Recurring Services: Backflow Test,Scheduled,PPC,Google | Search | Brand,92127,0.00,TRUE,2026,3,August,,,,
291569130,2026-08-31,,HVAC Install,Full System Install,Scheduled,Branded Phone Number,A1-800-BILL HOWE,92126,17555.30,TRUE,2026,3,August,,,,
292458303,2026-08-31,,Plumbing Maintenance,,,,,91941,0.00,TRUE,2026,3,August,,,,
292458303,2026-08-31,,Plumbing Maintenance,,,,,91914,0.00,TRUE,2026,3,August,,,,
297334957,2026-08-31,2026-09-02,Plumbing Service,Floor Drain Stop,Completed,Google Business Profiles,GMB_SanDiego,92101,132.48,TRUE,2026,3,August,2026,3,September,36
301731989,2026-08-31,2026-08-28,Plumbing Service,Tub/Shower Faucet,Completed,Google Business Profiles,GMB_SanDiego,92037,0.00,TRUE,2026,3,August,2026,3,August,35
301797456,2026-08-31,,Plumbing Maintenance,,,,,92127,179.88,TRUE,2026,3,August,,,,
301797456,2026-08-31,,Plumbing Maintenance,Tankless Flush,Scheduled,PPC,Google | PMAX | Plumbing,92127,210.00,TRUE,2026,3,August,,,,
302200116,2026-08-31,2026-08-26,Plumbing Service,Laundry Bibbs,Completed,Branded Phone Number,Local 619,92008,0.00,TRUE,2026,3,August,2026,3,August,35
302402139,2026-08-31,,HVAC Service,Diagnosis,Scheduled,Direct Web Traffic,Direct Web Traffic,91915,0.00,TRUE,2026,3,August,,,,
309982619,2026-08-31,2026-09-01,Plumbing Sales,Water Heater Estimate - Commercial,Completed,Account,Work Order,92103,0.00,TRUE,2026,3,August,2026,3,September,36
311304996,2026-08-31,,Plumbing Maintenance,Recurring Services: B.F.P. Water Heater/Tankless Flush,Scheduled,,Memberships due for Service,92123,0.00,TRUE,2026,3,August,,,,
313736766,2026-08-31,2026-08-31,Plumbing Service,Tankless Service,Completed,Branded Phone Number,A1-800-BILL HOWE,92131,0.00,FALSE,2026,3,August,2026,3,August,36
31536162,2026-08-31,,HVAC Sales,Hvac Tech Turnover Estimate,Hold,Branded Phone Number,Local 619,91910,0.00,TRUE,2026,3,August,,,,
31536218,2026-08-31,2026-08-26,HVAC Install,Full System Install,Completed,Branded Phone Number,A1-800-BILL HOWE,92037,0.00,TRUE,2026,3,August,2026,3,August,35
31536702,2026-08-31,2026-09-01,Plumbing Service,Hose Bib,Completed,PPC,Google | Search | HVAC,92024,175.00,TRUE,2026,3,August,2026,3,September,36
31536894,2026-08-31,2026-09-02,Plumbing Service,Lavatory Stop,Completed,Branded Phone Number,Local 619,92103,403.00,TRUE,2026,3,August,2026,3,September,36
31537305,2026-08-31,2026-09-01,Plumbing Service,Laundry Bibbs,Completed,Branded Phone Number,A1-800-BILL HOWE,92037,175.00,TRUE,2026,3,August,2026,3,September,36
31537512,2026-08-31,2026-08-25,Plumbing Service,Drain Repair,Completed,PPC,Google | Search | Brand,92107,0.00,TRUE,2026,3,August,2026,3,August,35
31537569,2026-08-31,,HVAC Service,A/C Repair,Scheduled,Google Business Profiles,GMB_SanDiego,91945,0.00,TRUE,2026,3,August,,,,
31537883,2026-08-31,2026-08-31,Plumbing Service,Drywall,Completed,Branded Phone Number,A1-800-BILL HOWE,92027,0.00,FALSE,2026,3,August,2026,3,August,36
31537883,2026-08-31,2026-09-03,Plumbing Service,Drywall,Completed,Branded Phone Number,A1-800-BILL HOWE,92027,550.00,TRUE,2026,3,August,2026,3,September,36
31538470,2026-08-31,,HVAC Install,Re-Duct,Hold,Branded Phone Number,A1-800-BILL HOWE,92117,1087.50,TRUE,2026,3,August,,,,
31538589,2026-08-31,2026-08-31,Plumbing Service,Mainline Stop,Completed,Tech referral,Tech Referral,92084,0.00,FALSE,2026,3,August,2026,3,August,36
31542345,2026-08-31,,Plumbing Maintenance,,,,,92037,0.00,TRUE,2026,3,August,,,,
31545883,2026-08-31,2026-08-31,Plumbing Service,Kitchen Stop,Completed,Website,Website Phone Calls,92154,350.00,TRUE,2026,3,August,2026,3,August,36
31549108,2026-08-31,,HVAC Service,Diagnosis,Scheduled,Google Business Profiles,GMB_SanDiego,92067,0.00,TRUE,2026,3,August,,,,
31550115,2026-08-31,,Lining Install - CA,Lining,Scheduled,Branded Phone Number,A1-800-BILL HOWE,92110,10500.00,TRUE,2026,3,August,,,,
31550115,2026-08-31,,Lining Install - CA,Lining,Scheduled,Branded Phone Number,A1-800-BILL HOWE,92110,9900.00,TRUE,2026,3,August,,,,
31550115,2026-08-31,,Lining Install - CA,Lining,Scheduled,Branded Phone Number,A1-800-BILL HOWE,92110,10800.00,TRUE,2026,3,August,,,,
31550115,2026-08-31,,Lining Install - CA,Lining,Scheduled,Branded Phone Number,A1-800-BILL HOWE,92110,14400.00,TRUE,2026,3,August,,,,
31550115,2026-08-31,,Lining Install - CA,Lining,Scheduled,Branded Phone Number,A1-800-BILL HOWE,92110,14700.00,TRUE,2026,3,August,,,,
31550115,2026-08-31,,Lining Install - CA,Lining,Scheduled,Branded Phone Number,A1-800-BILL HOWE,92110,4200.00,TRUE,2026,3,August,,,,
31550115,2026-08-31,,Lining Install - CA,Lining,Scheduled,Branded Phone Number,A1-800-BILL HOWE,92110,6300.00,TRUE,2026,3,August,,,,
31550115,2026-08-31,,Lining Install - CA,Lining,Scheduled,Branded Phone Number,A1-800-BILL HOWE,92110,3900.00,TRUE,2026,3,August,,,,
31550115,2026-08-31,2026-09-03,Lining Install - CA,Lining,Completed,Branded Phone Number,A1-800-BILL HOWE,92110,2700.00,TRUE,2026,3,August,2026,3,September,36
31550115,2026-08-31,,Plumbing Service,Drain Repair,In Progress,Branded Phone Number,A1-800-BILL HOWE,92110,4800.00,TRUE,2026,3,August,,,,
31550115,2026-08-31,,Plumbing Service,Drain Repair,Scheduled,Branded Phone Number,A1-800-BILL HOWE,92110,3600.00,TRUE,2026,3,August,,,,
31550952,2026-08-31,2026-09-01,Plumbing Service,Plumbing Service,Completed,Branded Phone Number,Local 619,92105,0.00,FALSE,2026,3,August,2026,3,September,36
31552608,2026-08-31,2026-08-31,Plumbing Service,Toilet Stop,Completed,PPC,Bing | Search | Brand,92104,0.00,TRUE,2026,3,August,2026,3,August,36
31558030,2026-08-31,2026-09-03,Plumbing Install,Drain Install,Completed,Direct Web Traffic,Direct Web Traffic,92117,4000.00,TRUE,2026,3,August,2026,3,September,36
31558030,2026-08-31,2026-09-02,Plumbing Sales,Drain Estimate,Completed,Direct Web Traffic,Direct Web Traffic,92117,0.00,FALSE,2026,3,August,2026,3,September,36
31558884,2026-08-31,,HVAC Service,Diagnosis,Scheduled,Branded Phone Number,Local 619,92064,0.00,TRUE,2026,3,August,,,,
31560126,2026-08-31,2026-08-31,Plumbing Sales,Water Heater Estimate - Residential,Canceled,Direct Web Traffic,Direct Web Traffic,92117,0.00,TRUE,2026,3,August,2026,3,August,36
31560126,2026-08-31,2026-08-31,Plumbing Service,Water Heater Repair - Residential,Completed,Google LSA,Google Local Services,92117,0.00,TRUE,2026,3,August,2026,3,August,36
31561514,2026-08-31,2026-09-01,Plumbing Service,Upper/Lower Leak,Completed,Google Business Profiles,GMB_SanDiego,92037,144.00,TRUE,2026,3,August,2026,3,September,36
31562819,2026-08-31,2026-09-02,Lining Install - CA,Lining Estimate,Completed,Google Business Profiles,GMB_SanDiego,92120,0.00,TRUE,2026,3,August,2026,3,September,36
31564973,2026-08-31,2026-08-31,Plumbing Service,Toilet Leak,Completed,Google Business Profiles,GMB_SanDiego,92037,0.00,FALSE,2026,3,August,2026,3,August,36
31565414,2026-08-31,2026-08-26,HVAC Install,Full System Install,Completed,Branded Phone Number,Local 619,92128,0.00,TRUE,2026,3,August,2026,3,August,35
31565453,2026-08-31,2026-08-31,Plumbing Service,Tub/Shower Stop,Completed,Google Business Profiles,GMB_SanDiego,92126,93.84,TRUE,2026,3,August,2026,3,August,36
31567572,2026-08-31,2026-08-11,Plumbing Service,Backflow Repair,Completed,Website,Email Contact Form,92113,2077.00,TRUE,2026,3,August,2026,3,August,33
31568524,2026-08-31,2026-08-31,Restoration EMS,EMS Estimate,Completed,Branded Phone Number,Local 619,92111,0.00,TRUE,2026,3,August,2026,3,August,36
31570456,2026-08-31,2026-08-31,Plumbing Service,Mainline Stop,Completed,Google Business Profiles,GMB_SanDiego,92128,0.00,TRUE,2026,3,August,2026,3,August,36
31572524,2026-08-31,2026-09-04,Plumbing Service,Plumbing Service,Completed,Organic Search,DuckDuckGo Organic,92106,1389.00,TRUE,2026,3,August,2026,3,September,36
31572795,2026-08-31,2026-09-04,Plumbing Service,Kitchen Stop,Completed,Branded Phone Number,Local 619,91932,270.24,TRUE,2026,3,August,2026,3,September,36
31585682,2026-08-31,2026-09-04,Plumbing Service,Water Heater Repair - Residential,Completed,Website,Website Phone Calls,92037,954.00,TRUE,2026,3,August,2026,3,September,36
31586563,2026-08-31,2026-08-31,Lining Install - CA,Warranty Lining,Completed,Branded Phone Number,Local 619,92109,0.00,FALSE,2026,3,August,2026,3,August,36
31588035,2026-08-31,2026-08-31,Plumbing Service,PRV,Completed,PPC,Bing | Search | Brand,92117,810.90,TRUE,2026,3,August,2026,3,August,36
31588507,2026-08-31,2026-09-02,Plumbing Service,Hose Bib,Completed,Google Business Profiles,GMB_SanDiego,92024,265.00,TRUE,2026,3,August,2026,3,September,36
31588515,2026-08-31,2026-08-31,Plumbing Service,Kitchen Faucet,Canceled,Branded Phone Number,Local 619,92037,0.00,TRUE,2026,3,August,2026,3,August,36
31595115,2026-08-31,2026-08-04,Plumbing Service,Drain Install,Completed,Organic Search,Google Organic,92104,0.00,TRUE,2026,3,August,2026,3,August,32
31596959,2026-08-31,2026-08-24,HVAC Install,A/C New Install,Completed,Direct Web Traffic,Direct Web Traffic,92130,0.00,TRUE,2026,3,August,2026,3,August,35
31598812,2026-08-31,2026-08-31,Plumbing Maintenance,Recurring Services: Backflow Test,Canceled,CSR Outbound,$1 OUTBOUND (use this for out-bounding),92173,0.00,TRUE,2026,3,August,2026,3,August,36
31598812,2026-08-31,,Plumbing Maintenance,Recurring Services: Backflow Test,Scheduled,CSR Outbound,$1 OUTBOUND (use this for out-bounding),92173,0.00,TRUE,2026,3,August,,,,
31598852,2026-08-31,2026-08-31,Plumbing Service,Kitchen Stop,Completed,Branded Phone Number,Local 619,92116,500.00,TRUE,2026,3,August,2026,3,August,36
31604084,2026-08-31,2026-08-31,Plumbing Service,Angle Stop,Completed,Branded Phone Number,A1-800-BILL HOWE,92109,511.00,TRUE,2026,3,August,2026,3,August,36
31606144,2026-08-31,2026-08-31,Plumbing Service,Hose Bib,Canceled,Google Business Profiles,GMB_SanDiego,92110,0.00,TRUE,2026,3,August,2026,3,August,36
31607053,2026-08-31,,Plumbing Maintenance,,,,,92117,0.00,TRUE,2026,3,August,,,,
31609795,2026-08-31,2026-09-01,Plumbing Service,Laundry Stop,Completed,PPC,Google | Search | Brand,91942,144.00,TRUE,2026,3,August,2026,3,September,36
31611073,2026-08-31,,Plumbing Service,Plumbing Service,Scheduled,Branded Phone Number,A1-800-BILL HOWE,92109,0.00,TRUE,2026,3,August,,,,
31620229,2026-08-31,2026-08-31,Plumbing Service,Plumbing Service,Canceled,Google Business Profiles,GMB_SanDiego,92126,0.00,TRUE,2026,3,August,2026,3,August,36
31625263,2026-08-31,2026-08-31,Plumbing Service,Slab Leak,Completed,Direct Mail,Dynamicard Direct Mail September 2025,92129,250.00,TRUE,2026,3,August,2026,3,August,36
31625263,2026-08-31,,Plumbing Service,Slab Leak,In Progress,Direct Mail,Dynamicard Direct Mail September 2025,92129,0.00,TRUE,2026,3,August,,,,
31626097,2026-08-31,2026-08-31,Plumbing Service,Reset Toilet,Completed,Branded Phone Number,Local 619,91977,0.00,TRUE,2026,3,August,2026,3,August,36
31626443,2026-08-31,2026-08-31,Plumbing Sales,Plumbing Estimate,Canceled,Yelp,Yelp,91932,0.00,TRUE,2026,3,August,2026,3,August,36
31627713,2026-08-31,2026-09-01,Plumbing Service,Tub/Shower Faucet,Completed,Branded Phone Number,A1-800-BILL HOWE,92075,0.00,FALSE,2026,3,August,2026,3,September,36
31628346,2026-08-31,2026-09-02,Plumbing Service,Lavatory Faucet,Completed,Organic Search,Google Organic,91910,1446.00,TRUE,2026,3,August,2026,3,September,36
31628346,2026-08-31,2026-09-02,Plumbing Service,PRV,Completed,CSR Outbound,$1 OUTBOUND (use this for out-bounding),91910,2003.00,TRUE,2026,3,August,2026,3,September,36
31629473,2026-08-31,2026-09-04,Plumbing Service,Lavatory Faucet,Completed,Google Business Profiles,GMB_SanDiego,92131,1610.00,TRUE,2026,3,August,2026,3,September,36
31631039,2026-08-31,,HVAC Service,Diagnosis,Scheduled,PPC,Google | Search | Brand,92101,0.00,TRUE,2026,3,August,,,,
31631039,2026-08-31,2026-09-03,Plumbing Service,Ice Maker Line,Completed,PPC,Google | Search | Brand,92101,265.00,TRUE,2026,3,August,2026,3,September,36
31635225,2026-08-31,,Plumbing Maintenance,Recurring Services: Backflow Test,Scheduled,Branded Phone Number,A1-800-BILL HOWE,92106,0.00,TRUE,2026,3,August,,,,
31636015,2026-08-31,2026-08-31,Plumbing Service,Kitchen Stop,Completed,Branded Phone Number,Local 619,92103,144.00,TRUE,2026,3,August,2026,3,August,36
31639089,2026-08-31,2026-08-26,Plumbing Sales,Water Heater Estimate - Commercial,Completed,Branded Phone Number,A1-800-BILL HOWE,92108,0.00,TRUE,2026,3,August,2026,3,August,35
31640005,2026-08-31,2026-09-01,Plumbing Service,Lavatory Faucet,Completed,Organic Search,Bing Organic,92114,889.20,TRUE,2026,3,August,2026,3,September,36
31640426,2026-08-31,2026-08-26,Plumbing Service,Tub/Shower Faucet,Completed,Branded Phone Number,A1-800-BILL HOWE,92024,0.00,TRUE,2026,3,August,2026,3,August,35
31641764,2026-08-31,,HVAC Service,Diagnosis,Scheduled,Outbound SMS,ST Outbound Text Lines,92116,0.00,TRUE,2026,3,August,,,,
31648836,2026-08-31,2026-09-02,HVAC Sales,Hvac Tech Turnover Estimate,Completed,Google Business Profiles,GMB_SanDiego,92101,0.00,TRUE,2026,3,August,2026,3,September,36
31650805,2026-08-31,2026-09-01,Plumbing Service,Leak Below Lavatory,Completed,Google Business Profiles,GMB_SanDiego,91977,301.00,TRUE,2026,3,August,2026,3,September,36
31651524,2026-08-31,,Plumbing Maintenance,Recurring Services: Plumbing Inspection,Scheduled,PPC,Google | Search | Brand,92122,0.00,TRUE,2026,3,August,,,,
31651922,2026-08-31,,Plumbing Install,Water Heater Install - Residential,Scheduled,Branded Phone Number,A1-800-BILL HOWE,92024,0.00,TRUE,2026,3,August,,,,
31659286,2026-08-31,2026-09-01,Plumbing Service,Toilet Leak,Completed,Organic Search,Google Organic,92130,0.00,TRUE,2026,3,August,2026,3,September,36
31659678,2026-08-31,2026-09-02,HVAC Service,Diagnosis,Completed,Branded Phone Number,A1-800-BILL HOWE,91945,371.00,TRUE,2026,3,August,2026,3,September,36
31661758,2026-08-31,,Plumbing Sales,,,,,92109,0.00,TRUE,2026,3,August,,,,
31661758,2026-08-31,2026-08-31,Plumbing Service,Urinal Stop,Completed,Branded Phone Number,Local 619,92109,102.00,TRUE,2026,3,August,2026,3,August,36
31666973,2026-08-31,,Plumbing Maintenance,Recurring Services: Plumbing Inspection,Scheduled,Email,Legacy Email Marketing Multiple Offers,92111,0.00,TRUE,2026,3,August,,,,
31669593,2026-08-31,2026-09-01,Plumbing Service,Kitchen Stop,Completed,Organic Search,Bing Organic,92131,367.00,TRUE,2026,3,August,2026,3,September,36
31671540,2026-08-31,2026-08-24,HVAC Install,Full System Install,Completed,Google Business Profiles,GMB_SanDiego,92019,0.00,TRUE,2026,3,August,2026,3,August,35
31676377,2026-08-31,,HVAC Install,Full System Install,Scheduled,PPC,Google | Search | Brand,92101,12482.62,TRUE,2026,3,August,,,,
31677122,2026-08-31,2026-08-31,HVAC Service,Diagnosis,Canceled,Branded Phone Number,Local 619,92067,0.00,TRUE,2026,3,August,2026,3,August,36
31677414,2026-08-31,2026-08-31,Plumbing Service,Tub/Shower Stop,Completed,Branded Phone Number,A1-800-BILL HOWE,92126,144.00,TRUE,2026,3,August,2026,3,August,36
31679612,2026-08-31,,HVAC Maintenance,Recurring Services: Complimentary Maintenance,Scheduled,Outbound SMS,ST Outbound Text Lines,92019,0.00,TRUE,2026,3,August,,,,
31684304,2026-08-31,,Plumbing Service,Angle Stop,Hold,Branded Phone Number,Local 619,92101,0.00,TRUE,2026,3,August,,,,
31686450,2026-08-31,2026-09-01,Plumbing Sales,Drain Estimate,Completed,Branded Phone Number,Local 619,92037,0.00,FALSE,2026,3,August,2026,3,September,36
31686450,2026-08-31,2026-08-31,Plumbing Sales,Drain Estimate,Canceled,Branded Phone Number,Local 619,92037,0.00,FALSE,2026,3,August,2026,3,August,36
31686450,2026-08-31,2026-09-01,Plumbing Service,Mainline Stop,Completed,Branded Phone Number,Local 619,92037,175.00,TRUE,2026,3,August,2026,3,September,36
31689759,2026-08-31,2026-08-19,Plumbing Service,Pipe Leak,Completed,PPC,Google | Search | Brand,92127,0.00,TRUE,2026,3,August,2026,3,August,34
31691647,2026-08-31,,HVAC Install,Full System Install,Hold,Sameday AI,Sameday AI,92111,19345.03,TRUE,2026,3,August,,,,
31696609,2026-08-31,2026-09-02,HVAC Service,Diagnosis,Canceled,Branded Phone Number,A1-800-BILL HOWE,92127,0.00,TRUE,2026,3,August,2026,3,September,36
31700204,2026-08-31,2026-09-01,Plumbing Service,Toilet Stop,Completed,Branded Phone Number,Local 619,92110,132.48,TRUE,2026,3,August,2026,3,September,36
31701538,2026-08-31,2026-09-03,Plumbing Service,Tankless Service,Completed,Branded Phone Number,Local 619,92009,220.00,TRUE,2026,3,August,2026,3,September,36
31704092,2026-08-31,2026-08-21,Plumbing Service,Backflow Repair,Completed,PPC,Google | Search | Brand,92024,0.00,TRUE,2026,3,August,2026,3,August,34
31705914,2026-08-31,2026-08-13,HVAC Service,Diagnosis,Completed,Branded Phone Number,Local 619,92108,0.00,FALSE,2026,3,August,2026,3,August,33
31706485,2026-08-31,,HVAC Service,Diagnosis,Scheduled,Branded Phone Number,Local 619,92103,0.00,TRUE,2026,3,August,,,,
31707364,2026-08-31,2026-09-01,Plumbing Install,Drain Install,Completed,Google Business Profiles,GMB_SanDiego,92111,4225.00,TRUE,2026,3,August,2026,3,September,36
31707364,2026-08-31,2026-09-01,Plumbing Sales,Drain Estimate,Completed,Google Business Profiles,GMB_SanDiego,92111,0.00,FALSE,2026,3,August,2026,3,September,36
31709554,2026-08-31,,Lining Install - CA,Job Walk,Scheduled,Branded Phone Number,Local 619,92104,0.00,FALSE,2026,3,August,,,,
31709554,2026-08-31,,Lining Install - CA,Lining,Scheduled,Branded Phone Number,Local 619,92104,6175.00,TRUE,2026,3,August,,,,
31709554,2026-08-31,2026-08-28,Plumbing Service,Drain Repair,Completed,Branded Phone Number,Local 619,92104,0.00,TRUE,2026,3,August,2026,3,August,35
31712213,2026-08-31,,HVAC Service,Diagnosis,Scheduled,Branded Phone Number,Local 619,92105,0.00,TRUE,2026,3,August,,,,
31712607,2026-08-31,2026-09-01,Plumbing Service,Kitchen Stop,Completed,Branded Phone Number,Local 619,92024,144.00,TRUE,2026,3,August,2026,3,September,36
31713311,2026-08-31,2026-08-25,HVAC Install,Hvac Recall/Warranty,Completed,Organic Search,Google Organic,92106,0.00,TRUE,2026,3,August,2026,3,August,35
31713655,2026-08-31,,HVAC Maintenance,Recurring Services: B.F.P. Hvac Maintenance,Scheduled,CSR Outbound,$1 OUTBOUND (use this for out-bounding),91935,0.00,TRUE,2026,3,August,,,,
31713655,2026-08-31,,Plumbing Maintenance,Recurring Services: Plumbing Inspection,Scheduled,,BFP HVAC Maintenance SMS 2026,91935,0.00,TRUE,2026,3,August,,,,
31715776,2026-08-31,2026-09-01,Plumbing Service,PRV,Completed,Branded Phone Number,Local 619,92083,0.00,FALSE,2026,3,August,2026,3,September,36
31716864,2026-08-31,2026-08-26,Plumbing Service,Tankless Service,Completed,Branded Phone Number,A1-800-BILL HOWE,92075,0.00,TRUE,2026,3,August,2026,3,August,35
31717409,2026-08-31,2026-09-01,Plumbing Service,Tub/Shower Faucet,Completed,Branded Phone Number,Local 619,91932,712.08,TRUE,2026,3,August,2026,3,September,36
31717837,2026-08-31,,Plumbing Install,,,,,92037,0.00,TRUE,2026,3,August,,,,
31720146,2026-08-31,2026-08-31,Plumbing Service,Upper/Lower Leak,Completed,Direct Web Traffic,Direct Web Traffic,92119,0.00,TRUE,2026,3,August,2026,3,August,36
31722342,2026-08-31,2026-09-04,HVAC Service,Diagnosis,Completed,Direct Web Traffic,Direct Web Traffic,92118,0.00,TRUE,2026,3,August,2026,3,September,36
31723715,2026-08-31,,Plumbing Install,Water Heater Install - Residential,Scheduled,Branded Phone Number,Local 619,92103,4576.00,TRUE,2026,3,August,,,,
31727040,2026-08-31,2026-08-31,Plumbing Sales,Plumbing Estimate,Completed,Branded Phone Number,A1-800-BILL HOWE,92014,0.00,FALSE,2026,3,August,2026,3,August,36
31727551,2026-08-31,2026-09-03,Plumbing Service,Leak Below Lavatory,Completed,Sameday AI,Sameday AI,92131,477.00,TRUE,2026,3,August,2026,3,September,36
31729003,2026-08-31,2026-08-31,Plumbing Service,Slab Leak,Canceled,Branded Phone Number,Local 619,92121,0.00,TRUE,2026,3,August,2026,3,August,36
31729420,2026-08-31,2026-09-01,Plumbing Service,Upper/Lower Leak,Completed,Branded Phone Number,Local 619,92124,737.10,TRUE,2026,3,August,2026,3,September,36
31731220,2026-08-31,2026-09-04,Plumbing Service,Angle Stop,Completed,Branded Phone Number,Local 619,92154,956.00,TRUE,2026,3,August,2026,3,September,36
31731643,2026-08-31,2026-09-01,Plumbing Service,Drain Repair,Completed,PPC,Google | PMAX | Plumbing,92130,0.00,TRUE,2026,3,August,2026,3,September,36
31731980,2026-08-31,2026-08-31,Plumbing Service,Plumbing Service,Completed,Direct Web Traffic,Direct Web Traffic,92127,0.00,TRUE,2026,3,August,2026,3,August,36
31732772,2026-08-31,2026-08-31,Plumbing Service,Pipe Leak,Completed,Uncategorized,Uncategorized,91911,0.00,TRUE,2026,3,August,2026,3,August,36
31732772,2026-08-31,2026-08-31,Plumbing Service,Slab Leak,Completed,Uncategorized,Uncategorized,91911,0.00,FALSE,2026,3,August,2026,3,August,36
31732772,2026-08-31,2026-09-01,Restoration EMS,EMS Estimate,Completed,Uncategorized,Uncategorized,91911,0.00,FALSE,2026,3,August,2026,3,September,36
318087453,2026-08-31,2026-09-01,Plumbing Sales,Water Heater Estimate - Residential,Completed,Yelp,Yelp,92124,0.00,TRUE,2026,3,August,2026,3,September,36
321320404,2026-08-31,,Plumbing Maintenance,Recurring Services: Tankless Flush,Scheduled,CSR Outbound,$1 OUTBOUND (use this for out-bounding),92118,210.00,TRUE,2026,3,August,,,,
321385014,2026-08-31,,Plumbing Maintenance,Recurring Services: B.F.P. Water Heater/Tankless Flush,Scheduled,,Memberships due for Service,92128,0.00,TRUE,2026,3,August,,,,
321631922,2026-08-31,2026-08-25,HVAC Install,Hvac Recall/Warranty,Completed,Google LSA,Google Local Services,91942,0.00,TRUE,2026,3,August,2026,3,August,35
331687894,2026-08-31,2026-09-01,Lining Install - CA,Sewer Camera,Completed,Tech referral,Tech Referral,92106,0.00,TRUE,2026,3,August,2026,3,September,36
334014856,2026-08-31,,Plumbing Maintenance,Recurring Services: Backflow Test,Scheduled,CSR Outbound,$1 OUTBOUND (use this for out-bounding),92116,0.00,TRUE,2026,3,August,,,,
334014856,2026-08-31,,Plumbing Maintenance,Recurring Services: Backflow Test,Scheduled,CSR Outbound,$1 OUTBOUND (use this for out-bounding),92109,0.00,TRUE,2026,3,August,,,,
335907137,2026-08-31,2026-08-26,HVAC Install,Full System Install,Completed,PPC,Google | Search | HVAC,92011,0.00,TRUE,2026,3,August,2026,3,August,35
336252981,2026-08-31,2026-09-02,HVAC Sales,HVAC Estimate,Completed,Direct Web Traffic,Direct Web Traffic,92027,0.00,TRUE,2026,3,August,2026,3,September,36
336775217,2026-08-31,,Plumbing Maintenance,,,,,92120,0.00,TRUE,2026,3,August,,,,
340282058,2026-08-31,,Plumbing Maintenance,Recurring Services: Tankless Flush,Scheduled,CSR Outbound,$1 OUTBOUND (use this for out-bounding),92124,0.00,TRUE,2026,3,August,,,,
345245921,2026-08-31,,Lining Install - CA,Lining,Scheduled,CSR Outbound,$1 OUTBOUND (use this for out-bounding),92054,3000.00,TRUE,2026,3,August,,,,
346299047,2026-08-31,2026-09-04,Plumbing Service,Ice Maker Line,Completed,Google Business Profiles,GMB_SanDiego,92037,233.00,TRUE,2026,3,August,2026,3,September,36
346299047,2026-08-31,2026-09-01,Plumbing Service,Tub/Shower Stop,Completed,Google Business Profiles,GMB_SanDiego,92037,144.00,TRUE,2026,3,August,2026,3,September,36
349268114,2026-08-31,2026-09-04,Plumbing Service,Jetting-Commercial,Completed,Branded Phone Number,Local 619,92064,1450.00,TRUE,2026,3,August,2026,3,September,36
349546528,2026-08-31,2026-08-31,Plumbing Service,Kitchen Stop,Completed,PPC,Google | Search | Brand,92116,0.00,TRUE,2026,3,August,2026,3,August,36
349903944,2026-08-31,2026-08-31,HVAC Service,Diagnosis,Completed,Google Business Profiles,GMB_SanDiego,92127,174.00,TRUE,2026,3,August,2026,3,August,36
355853637,2026-08-31,2026-08-31,HVAC Service,Diagnosis,Completed,Branded Phone Number,Local 619,92064,582.67,TRUE,2026,3,August,2026,3,August,36
356424741,2026-08-31,,HVAC Maintenance,Recurring Services: B.F.P. Hvac Maintenance,Scheduled,Branded Phone Number,Local 619,92127,0.00,TRUE,2026,3,August,,,,
358362318,2026-08-31,2026-09-01,Plumbing Service,Plumbing Service,Completed,,BFP Water Heater Maintenance SMS 2026,92128,586.00,TRUE,2026,3,August,2026,3,September,36
358497176,2026-08-31,2026-08-26,Plumbing Install,Water Heater Install - Residential,Completed,Google LSA,Google Local Services,91941,0.00,TRUE,2026,3,August,2026,3,August,35
369940560,2026-08-31,2026-08-31,Plumbing Sales,Drain Estimate,Completed,PPC,Google | Search | Brand,92109,0.00,FALSE,2026,3,August,2026,3,August,36
374400693,2026-08-31,2026-08-18,Lining Install - CA,Lining,Completed,PPC,Google | Search | Brand,92024,0.00,TRUE,2026,3,August,2026,3,August,34
374678849,2026-08-31,2026-09-03,Lining Install - CA,Sewer Camera,Completed,Branded Phone Number,Local 619,92111,0.00,TRUE,2026,3,August,2026,3,September,36
374678849,2026-08-31,2026-08-25,Plumbing Service,Jetting- Residential,Completed,,Memberships due for Service,92111,0.00,TRUE,2026,3,August,2026,3,August,35
375885332,2026-08-31,,Plumbing Sales,,,,,,0.00,TRUE,2026,3,August,,,,
378365146,2026-08-31,,Plumbing Maintenance,Recurring Services: Plumbing Inspection,Scheduled,Branded Phone Number,A1-800-BILL HOWE,92128,0.00,TRUE,2026,3,August,,,,
379160978,2026-08-31,2026-09-01,Plumbing Service,Plumbing Service,Completed,PPC,Google | Search | Plumbing,92109,0.00,FALSE,2026,3,August,2026,3,September,36
409330935,2026-08-31,2026-05-27,Plumbing Install,Water Heater Install - Residential,Completed,Branded Phone Number,A1-800-BILL HOWE,92009,-550.00,TRUE,2026,3,August,2026,2,May,22
41620075,2026-08-31,2026-09-01,Plumbing Service,Kitchen Stop,Completed,Branded Phone Number,Local 619,92104,293.48,TRUE,2026,3,August,2026,3,September,36
46050893,2026-08-31,2026-09-01,Plumbing Sales,Water Heater Estimate - Residential,Completed,,Memberships due for Service,92110,0.00,FALSE,2026,3,August,2026,3,September,36
461055420,2026-08-31,2026-09-01,Plumbing Service,Toilet Leak,Completed,Direct Web Traffic,Direct Web Traffic,92128,292.00,TRUE,2026,3,August,2026,3,September,36
46594415,2026-08-31,2026-09-03,Plumbing Service,Toilet Stop,Completed,Direct Web Traffic,Direct Web Traffic,92131,204.00,TRUE,2026,3,August,2026,3,September,36
466735816,2026-08-31,2026-08-27,Lining Install - CA,Lining,Completed,Google Business Profiles,GMB_SanDiego,92109,0.00,TRUE,2026,3,August,2026,3,August,35
467119421,2026-08-31,,HVAC Service,Diagnosis,Scheduled,Branded Phone Number,Local 619,92020,0.00,TRUE,2026,3,August,,,,
467585484,2026-08-31,,HVAC Service,Diagnosis,Scheduled,Google Business Profiles,GMB_Poway,92064,0.00,TRUE,2026,3,August,,,,
471434970,2026-08-31,2026-09-01,Plumbing Service,Leak Below Kitchen,Completed,Branded Phone Number,Local 619,92122,0.00,TRUE,2026,3,August,2026,3,September,36
47184746,2026-08-31,2025-10-13,Lining Install - CA,Lining,Completed,Branded Phone Number,A1-800-BILL HOWE,91932,-2000.00,TRUE,2026,3,August,2025,4,October,42
47217260,2026-08-31,2026-09-01,Plumbing Sales,Job Walk,Completed,Branded Phone Number,Local 619,92139,0.00,FALSE,2026,3,August,2026,3,September,36
479618818,2026-08-31,2026-08-31,Plumbing Service,Combo,Completed,Direct Web Traffic,Direct Web Traffic,92108,0.00,TRUE,2026,3,August,2026,3,August,36
481289618,2026-08-31,2026-08-25,HVAC Service,Hvac Recall/Warranty,Completed,Email,Legacy Email Marketing Multiple Offers,92114,0.00,TRUE,2026,3,August,2026,3,August,35
484737644,2026-08-31,2026-09-01,Plumbing Service,Plumbing Service,Completed,Organic Search,Chat - Service Titan,92129,0.00,TRUE,2026,3,August,2026,3,September,36
485137919,2026-08-31,2026-08-27,Plumbing Service,Drain Repair,Completed,Organic Search,Google Organic,92102,0.00,FALSE,2026,3,August,2026,3,August,35
48988463,2026-08-31,2026-08-28,Plumbing Service,Toilet Leak,Completed,Website,Website Phone Calls,92108,0.00,FALSE,2026,3,August,2026,3,August,35
49492266,2026-08-31,2026-08-31,Plumbing Service,Plumbing Service,Completed,Google Business Profiles,GMB_SanDiego,92009,0.00,FALSE,2026,3,August,2026,3,August,36
49859976,2026-08-31,2026-09-01,Plumbing Service,Kitchen Stop,Completed,Organic Search,Google Organic,92110,102.00,TRUE,2026,3,August,2026,3,September,36
50900877,2026-08-31,2026-08-26,Plumbing Service,Water Heater Repair - Residential,Completed,Google Business Profiles,GMB_SanDiego,92111,0.00,TRUE,2026,3,August,2026,3,August,35
50936925,2026-08-31,2026-08-31,Plumbing Service,Lavatory Stop,Completed,Branded Phone Number,A1-800-BILL HOWE,92130,136.80,TRUE,2026,3,August,2026,3,August,36
51250108,2026-08-31,,Plumbing Maintenance,Backflow Test,Scheduled,Google Business Profiles,GMB_SanDiego,92173,0.00,TRUE,2026,3,August,,,,
52450275,2026-08-31,2026-09-02,Plumbing Service,Pipe Leak,Completed,PPC,Google | Search | Brand,92130,655.00,TRUE,2026,3,August,2026,3,September,36
52450275,2026-08-31,2026-08-31,Plumbing Service,Upper/Lower Leak,Completed,PPC,Google | Search | Brand,92130,220.00,TRUE,2026,3,August,2026,3,August,36
52450275,2026-08-31,2026-08-31,Restoration EMS,EMS Estimate,Completed,PPC,Google | Search | Brand,92130,0.00,TRUE,2026,3,August,2026,3,August,36
52809730,2026-08-31,,Plumbing Maintenance,Recurring Services: Backflow Test,Scheduled,Google Business Profiles,GMB_SanDiego,92127,0.00,TRUE,2026,3,August,,,,
52853564,2026-08-31,2026-08-28,Lining Install - CA,Lining,Completed,Google Business Profiles,GMB_SanDiego,92117,0.00,TRUE,2026,3,August,2026,3,August,35
53718423,2026-08-31,,HVAC Service,Diagnosis,Scheduled,Google Business Profiles,GMB_SanDiego,92025,0.00,TRUE,2026,3,August,,,,
54550337,2026-08-31,2026-09-02,Plumbing Sales,Plumbing Estimate,Completed,Tech referral,Tech Referral,92115,0.00,TRUE,2026,3,August,2026,3,September,36
55035139,2026-08-31,,HVAC Maintenance,,,,,92037,0.00,TRUE,2026,3,August,,,,
55336994,2026-08-31,2026-08-31,Plumbing Service,PRV,Completed,Google Business Profiles,GMB_SanDiego,91910,0.00,TRUE,2026,3,August,2026,3,August,36
56641716,2026-08-31,2026-08-25,Plumbing Service,Kitchen Stop,Completed,Branded Phone Number,Local 619,92020,0.00,FALSE,2026,3,August,2026,3,August,35
58133917,2026-08-31,,HVAC Service,10+ HVAC Unit,Scheduled,,BFP HVAC Maintenance SMS 2026,92108,0.00,TRUE,2026,3,August,,,,
58163880,2026-08-31,2026-08-28,Plumbing Install,Drain Repair,Completed,Outbound SMS,ST Outbound Text Lines,92106,0.00,FALSE,2026,3,August,2026,3,August,35
58163880,2026-08-31,2026-09-01,Plumbing Service,Toilet Leak,Completed,Outbound SMS,ST Outbound Text Lines,92106,0.00,FALSE,2026,3,August,2026,3,September,36
58529669,2026-08-31,2026-09-01,Plumbing Sales,Drain Estimate,Completed,Google Business Profiles,GMB_SanDiego,92103,0.00,FALSE,2026,3,August,2026,3,September,36
59089600,2026-08-31,2026-09-03,Plumbing Service,Drywall,Completed,Google Business Profiles,GMB_SanDiego,92064,450.00,TRUE,2026,3,August,2026,3,September,36
59089600,2026-08-31,2026-09-02,Plumbing Service,Plumbing Service,Completed,Google Business Profiles,GMB_SanDiego,92064,1200.00,TRUE,2026,3,August,2026,3,September,36
59946988,2026-08-31,2026-09-02,Plumbing Service,Plumbing Service,Completed,PPC,Google | Search | Brand,92014,2800.00,TRUE,2026,3,August,2026,3,September,36
63867479,2026-08-31,2026-09-01,Plumbing Service,Angle Stop,Completed,PPC,Google | Search | Brand,92103,1040.00,TRUE,2026,3,August,2026,3,September,36
64002749,2026-08-31,2026-08-31,Plumbing Service,Toilet Leak,Completed,Branded Phone Number,A1-800-BILL HOWE,92130,0.00,TRUE,2026,3,August,2026,3,August,36
64435944,2026-08-31,2026-08-31,Plumbing Service,Kitchen Stop,Completed,PPC,Google | Search | Plumbing,92110,0.00,TRUE,2026,3,August,2026,3,August,36
64638023,2026-08-31,2026-09-01,Plumbing Service,Water Heater Repair - Residential,Completed,PPC,Google | Search | Brand,92024,0.00,FALSE,2026,3,August,2026,3,September,36
65700099,2026-08-31,2026-08-27,Lining Install - CA,Lining,Completed,Branded Phone Number,Local 619,92106,-185.00,FALSE,2026,3,August,2026,3,August,35
65700099,2026-08-31,2026-08-31,Plumbing Sales,Job Walk,Completed,Branded Phone Number,Local 619,92106,0.00,FALSE,2026,3,August,2026,3,August,36
65708901,2026-08-31,2026-09-03,Plumbing Service,Combo,Completed,Branded Phone Number,A1-800-BILL HOWE,92103,2087.00,TRUE,2026,3,August,2026,3,September,36
66445168,2026-08-31,2026-09-02,Lining Install - CA,Lining Estimate,Completed,Branded Phone Number,Local 619,92109,0.00,FALSE,2026,3,August,2026,3,September,36
66993817,2026-08-31,2026-08-31,Plumbing Service,Pipe Leak,Completed,Branded Phone Number,A1-800-BILL HOWE,92127,0.00,TRUE,2026,3,August,2026,3,August,36
66993817,2026-08-31,2026-09-01,Plumbing Service,Plumbing Service,Completed,Branded Phone Number,A1-800-BILL HOWE,92127,2375.00,TRUE,2026,3,August,2026,3,September,36
670072557,2026-08-31,2026-08-26,Plumbing Install,Water Heater Install - Residential,Completed,Branded Phone Number,Local 619,92056,0.00,TRUE,2026,3,August,2026,3,August,35
671048301,2026-08-31,2026-08-27,HVAC Service,A/C Repair,Completed,Google Business Profiles,GMB_SanDiego,92110,0.00,FALSE,2026,3,August,2026,3,August,35
675237611,2026-08-31,2026-08-24,HVAC Install,Hvac Recall/Warranty,Completed,PPC,Google | Search | Brand,92104,0.00,TRUE,2026,3,August,2026,3,August,35
675394208,2026-08-31,2026-09-01,Plumbing Service,Pipe Leak,Completed,Tech referral,Tech Referral,92029,0.00,FALSE,2026,3,August,2026,3,September,36
677461295,2026-08-31,2026-08-31,Plumbing Service,Water Heater Repair - Residential,Completed,PPC,Google | Search | Brand,92126,4926.00,TRUE,2026,3,August,2026,3,August,36
677461295,2026-08-31,2026-08-31,Restoration EMS,EMS Estimate,Completed,PPC,Google | Search | Brand,92126,0.00,FALSE,2026,3,August,2026,3,August,36
67792591,2026-08-31,2026-09-01,Plumbing Service,Kitchen Stop,Completed,Email,Legacy Email Marketing Multiple Offers,92127,175.00,TRUE,2026,3,August,2026,3,September,36
67889097,2026-08-31,2026-09-02,Plumbing Service,Tub/Shower Faucet,Completed,Direct Web Traffic,Direct Web Traffic,92130,742.00,TRUE,2026,3,August,2026,3,September,36
681547255,2026-08-31,2026-09-01,Plumbing Maintenance,Plumbing Inspection,Canceled,Branded Phone Number,Local 619,92120,0.00,TRUE,2026,3,August,2026,3,September,36
683112845,2026-08-31,2026-09-03,HVAC Sales,HVAC Estimate,Canceled,Yelp,Yelp,92130,0.00,TRUE,2026,3,August,2026,3,September,36
683112845,2026-08-31,,HVAC Service,10+ HVAC Unit,Scheduled,Yelp,Yelp,92130,0.00,TRUE,2026,3,August,,,,
684635697,2026-08-31,2026-08-31,Plumbing Service,Jetting-Commercial,Canceled,Branded Phone Number,Local 619,92103,0.00,TRUE,2026,3,August,2026,3,August,36
684635697,2026-08-31,2026-08-31,Plumbing Service,Pipe Leak,Completed,Branded Phone Number,Local 619,92103,0.00,TRUE,2026,3,August,2026,3,August,36
684635697,2026-08-31,2026-09-02,Plumbing Service,Sewer Camera,Completed,Branded Phone Number,Local 619,92103,0.00,TRUE,2026,3,August,2026,3,September,36
84752890,2026-08-31,2026-09-01,Plumbing Service,Toilet Stop,Completed,Direct Mail,Dynamicard Direct Mail September 2025,92020,0.00,TRUE,2026,3,August,2026,3,September,36
888212356,2026-08-31,,HVAC Maintenance,Preventative Maintenance,Scheduled,Direct Web Traffic,Direct Web Traffic,91942,0.00,TRUE,2026,3,August,,,,
891005799,2026-08-31,,HVAC Service,Diagnosis,Scheduled,Google Business Profiles,GMB_SanDiego,92117,0.00,TRUE,2026,3,August,,,,
89402750,2026-08-31,2026-08-11,HVAC Install,Full System Install,Completed,PPC,Google | Search | Brand,92064,0.00,TRUE,2026,3,August,2026,3,August,33
89552171,2026-08-31,,Plumbing Maintenance,,,,,92024,0.00,TRUE,2026,3,August,,,,
896228698,2026-08-31,2026-09-01,HVAC Sales,Hvac Tech Turnover Estimate,Completed,PPC,Google | Search | HVAC,92037,0.00,TRUE,2026,3,August,2026,3,September,36
899671570,2026-08-31,2026-08-31,Plumbing Service,Sewer Camera,Completed,Organic Search,Google Organic,92123,0.00,TRUE,2026,3,August,2026,3,August,36
90009198,2026-08-31,2026-08-31,HVAC Service,A/C Repair,Completed,Google Business Profiles,GMB_SanDiego,92120,509.00,TRUE,2026,3,August,2026,3,August,36
902469128,2026-08-31,2026-07-09,HVAC Install,A/C New Install,Completed,Branded Phone Number,Local 619,92021,14838.24,TRUE,2026,3,August,2026,3,July,28
902469128,2026-08-31,2026-07-31,HVAC Install,Full System Install,Completed,Branded Phone Number,Local 619,92065,31743.95,TRUE,2026,3,August,2026,3,July,31
902469128,2026-08-31,2026-08-20,Lining Install - CA,Lining,Completed,Google LSA,Google Local Services,91945,14000.00,TRUE,2026,3,August,2026,3,August,34
902469128,2026-08-31,2026-08-28,Plumbing Install,Moen Flo Install,Completed,Branded Phone Number,A1-800-BILL HOWE,92056,3264.97,TRUE,2026,3,August,2026,3,August,35
902469128,2026-08-31,2026-08-28,Plumbing Install,Moen Flo Install,Completed,Google LSA,Google Local Services,91913,2080.21,TRUE,2026,3,August,2026,3,August,35
902469128,2026-08-31,2026-08-06,Plumbing Install,Water Heater Install - Residential,Completed,Branded Phone Number,Local 619,92021,3755.81,TRUE,2026,3,August,2026,3,August,32
902469128,2026-08-31,2026-08-26,Plumbing Install,Water Heater Install - Residential,Completed,Direct Web Traffic,Direct Web Traffic,91941,3557.92,TRUE,2026,3,August,2026,3,August,35
902469128,2026-08-31,2026-08-14,Plumbing Service,Drain Repair,Completed,Google LSA,Google Local Services,91945,23589.00,TRUE,2026,3,August,2026,3,August,33
902469128,2026-08-31,2026-08-13,Plumbing Service,Plumbing Service,Completed,Google LSA,Google Local Services,91913,1038.29,TRUE,2026,3,August,2026,3,August,33
90361855,2026-08-31,2026-09-01,Plumbing Service,Lavatory Faucet,Completed,PPC,Google | Search | Brand,92127,0.00,TRUE,2026,3,August,2026,3,September,36
905182564,2026-08-31,2026-08-31,Plumbing Sales,Job Walk,Completed,Organic Search,Google Organic,92122,0.00,FALSE,2026,3,August,2026,3,August,36
910897954,2026-08-31,2026-08-12,HVAC Install,Full System Install,Completed,External Referral,Referral,92064,0.00,TRUE,2026,3,August,2026,3,August,33
911960438,2026-08-31,2026-09-02,Plumbing Service,Tub/Shower Faucet,Completed,PPC,Google | Search | Plumbing,92130,700.00,TRUE,2026,3,August,2026,3,September,36
92581600,2026-08-31,2026-08-31,Lining Install - CA,Job Walk,Completed,Branded Phone Number,A1-800-BILL HOWE,92040,0.00,FALSE,2026,3,August,2026,3,August,36
93355997,2026-08-31,2026-08-31,Plumbing Service,Slab Leak,Completed,PPC,Google | Search | Competitor,92103,0.00,TRUE,2026,3,August,2026,3,August,36
93514508,2026-08-31,,Plumbing Maintenance,Water Heater Flush,Scheduled,Google Business Profiles,GMB_SanDiego,92123,0.00,TRUE,2026,3,August,,,,
93606953,2026-08-31,2026-08-27,Plumbing Service,Plumbing Service,Completed,Website,Email Contact Form,92122,0.00,FALSE,2026,3,August,2026,3,August,35
94290428,2026-08-31,,Plumbing Maintenance,Recurring Services: Backflow Test,Scheduled,Email,Legacy Email Marketing Multiple Offers,92116,0.00,TRUE,2026,3,August,,,,
94747769,2026-08-31,,HVAC Maintenance,Preventative Maintenance,Scheduled,Branded Phone Number,A1-800-BILL HOWE,92020,0.00,TRUE,2026,3,August,,,,
94751713,2026-08-31,2026-08-31,Plumbing Service,Upper/Lower Leak,Completed,Branded Phone Number,A1-800-BILL HOWE,92064,616.16,TRUE,2026,3,August,2026,3,August,36
979380109,2026-08-31,,Plumbing Sales,,,,,92131,0.00,TRUE,2026,3,August,,,,
979490189,2026-08-31,2026-08-28,HVAC Install,Heater New Install,Completed,Google LSA,Google Local Services,92117,0.00,TRUE,2026,3,August,2026,3,August,35
979490189,2026-08-31,2026-08-31,Plumbing Sales,Job Walk,Canceled,Branded Phone Number,A1-800-BILL HOWE,92117,0.00,FALSE,2026,3,August,2026,3,August,36
979490189,2026-08-31,2026-08-10,Plumbing Service,Drain Repair,Completed,Branded Phone Number,A1-800-BILL HOWE,92117,-1900.00,TRUE,2026,3,August,2026,3,August,33
979731083,2026-08-31,2026-08-31,Restoration EMS,EMS Estimate,Completed,Branded Phone Number,Local 619,92127,0.00,FALSE,2026,3,August,2026,3,August,36
980469142,2026-08-31,,Plumbing Service,Sump Pump,Scheduled,Google Business Profiles,GMB_SanDiego,92118,0.00,TRUE,2026,3,August,,,,
98949146,2026-08-31,2026-09-02,Plumbing Service,Plumbing Service,Completed,Google Business Profiles,GMB_SanDiego,92014,1697.00,TRUE,2026,3,August,2026,3,September,36
101849578,2026-09-01,2026-09-01,Plumbing Service,Lavatory Stop,Completed,PPC,Google | Search | Brand,92121,451.00,TRUE,2026,3,September,2026,3,September,36
1035900438,2026-09-01,,Plumbing Maintenance,Water Heater Flush,Scheduled,PPC,Google | Search | Brand,92064,0.00,TRUE,2026,3,September,,,,
1067792429,2026-09-01,2026-09-03,Restoration EMS,EMS Estimate,Completed,PPC,Google | Search | Brand,92037,0.00,TRUE,2026,3,September,2026,3,September,36
1068034374,2026-09-01,,Lining Install - CA,Lining,Scheduled,Branded Phone Number,Local 619,92117,4250.00,TRUE,2026,3,September,,,,
1068034374,2026-09-01,,Plumbing Install,Drain Repipe/Reroute,Scheduled,Direct Web Traffic,Direct Web Traffic,92117,20600.00,TRUE,2026,3,September,,,,
1077428234,2026-09-01,,Plumbing Sales,Plumbing Estimate,Scheduled,Yelp,Yelp,92075,0.00,TRUE,2026,3,September,,,,
1077428234,2026-09-01,2026-09-01,Plumbing Sales,Water Heater Estimate - Residential,Completed,Yelp,Yelp,92075,0.00,FALSE,2026,3,September,2026,3,September,36
1080622412,2026-09-01,2026-08-20,Lining Install - NV,Warranty Lining,Completed,Direct Web Traffic,Direct Web Traffic,89104,0.00,FALSE,2026,3,September,2026,3,August,34
1080873874,2026-09-01,2026-09-02,Plumbing Service,Tub/Shower Faucet,Completed,Branded Phone Number,Local 619,92130,0.00,TRUE,2026,3,September,2026,3,September,36
1089995329,2026-09-01,2026-09-02,Lining Install - CA,Job Walk,Completed,Google Business Profiles,GMB_SanDiego,92037,0.00,FALSE,2026,3,September,2026,3,September,36
1090099109,2026-09-01,2026-09-02,Plumbing Sales,Water Filtration Estimate,Completed,Branded Phone Number,Local 619,92014,0.00,TRUE,2026,3,September,2026,3,September,36
1097370018,2026-09-01,2026-08-28,HVAC Install,Hvac Recall/Warranty,Completed,Branded Phone Number,Local 619,92021,0.00,TRUE,2026,3,September,2026,3,August,35
1101553569,2026-09-01,2026-09-02,Plumbing Service,Plumbing Service,Completed,PPC,Google | Search | Competitor,92007,5930.00,TRUE,2026,3,September,2026,3,September,36
1102732715,2026-09-01,2026-08-30,Plumbing Service,Plumbing Service,Completed,Branded Phone Number,A1-800-BILL HOWE,92121,0.00,TRUE,2026,3,September,2026,3,August,35
1103530987,2026-09-01,2026-09-04,Plumbing Service,Drain Repair,Completed,PPC,Google | Search | Brand,92071,7400.00,TRUE,2026,3,September,2026,3,September,36
1108359688,2026-09-01,2026-09-04,Plumbing Service,Toilet Leak,Completed,Website,Website Phone Calls,92122,255.00,TRUE,2026,3,September,2026,3,September,36
1113625297,2026-09-01,2026-08-24,HVAC Install,Full System Install,Completed,PPC,Google | PMAX | Plumbing,92008,0.00,TRUE,2026,3,September,2026,3,August,35
1116891102,2026-09-01,2026-08-31,HVAC Install,A/C New Install,Completed,Sameday AI,Sameday AI,92103,0.00,TRUE,2026,3,September,2026,3,August,36
1118039159,2026-09-01,,Plumbing Service,Backflow Repair,Scheduled,Direct Web Traffic,Direct Web Traffic,92040,0.00,TRUE,2026,3,September,,,,
1118935686,2026-09-01,2026-08-26,Lining Install - CA,Lining,Completed,Organic Search,DuckDuckGo Organic,92071,0.00,FALSE,2026,3,September,2026,3,August,35
1119059939,2026-09-01,2026-08-27,HVAC Install,Full System Install,Completed,Direct Web Traffic,Direct Web Traffic,92054,0.00,TRUE,2026,3,September,2026,3,August,35
1119164788,2026-09-01,,HVAC Service,A/C Repair,Scheduled,Branded Phone Number,Local 619,92081,0.00,TRUE,2026,3,September,,,,
1119610822,2026-09-01,2026-08-28,HVAC Install,Full System Install,Completed,Sameday AI,Sameday AI,92067,0.00,TRUE,2026,3,September,2026,3,August,35
1124876379,2026-09-01,2026-08-28,Lining Install - CA,Lining,Completed,Organic Search,Yahoo Organic,91942,0.00,TRUE,2026,3,September,2026,3,August,35
1125036880,2026-09-01,2026-09-02,Lining Install - CA,Job Walk,Completed,Tech referral,Tech Referral,92563,0.00,FALSE,2026,3,September,2026,3,September,36
1125166066,2026-09-01,2026-09-01,Plumbing Service,Drain Repair,Completed,Google Business Profiles,GMB_SanDiego,91913,0.00,TRUE,2026,3,September,2026,3,September,36
1127207797,2026-09-01,,Lining Install - CA,Lining,Scheduled,Branded Phone Number,A1-800-BILL HOWE,92106,3500.00,TRUE,2026,3,September,,,,
1127207797,2026-09-01,2026-08-20,Plumbing Service,Drain Repair,Completed,Branded Phone Number,A1-800-BILL HOWE,92106,0.00,TRUE,2026,3,September,2026,3,August,34
1127281164,2026-09-01,2026-08-27,Plumbing Service,Sewer Camera,Completed,PPC,Google | Search | Brand,92115,0.00,TRUE,2026,3,September,2026,3,August,35
1128061790,2026-09-01,2026-08-26,Plumbing Install,Water Heater Install - Residential,Completed,Branded Phone Number,Local 619,92131,0.00,TRUE,2026,3,September,2026,3,August,35
1128561793,2026-09-01,2026-08-25,Plumbing Service,Gas Lock Out,Completed,Google Business Profiles,GMB_SanDiego,91914,0.00,FALSE,2026,3,September,2026,3,August,35
1128673808,2026-09-01,2026-09-02,Plumbing Sales,Plumbing Estimate,Completed,Organic Search,Google Organic,92091,0.00,TRUE,2026,3,September,2026,3,September,36
1129509614,2026-09-01,2026-09-03,Plumbing Sales,Drain Estimate,Completed,Outbound SMS,ST Outbound Text Lines,92037,0.00,FALSE,2026,3,September,2026,3,September,36
1129509614,2026-09-01,2026-09-01,Restoration EMS,EMS Estimate,Completed,Outbound SMS,ST Outbound Text Lines,92037,0.00,FALSE,2026,3,September,2026,3,September,36
1129588627,2026-09-01,2026-08-25,Plumbing Service,Upper/Lower Leak,Completed,Organic Search,DuckDuckGo Organic,92101,0.00,FALSE,2026,3,September,2026,3,August,35
1129680496,2026-09-01,,Plumbing Service,Plumbing Service,Scheduled,Branded Phone Number,Local 619,92124,3507.73,TRUE,2026,3,September,,,,
1130230776,2026-09-01,2026-08-27,Plumbing Service,Sewer Camera,Completed,Email,Legacy Email Marketing Multiple Offers,92107,0.00,TRUE,2026,3,September,2026,3,August,35
1130234720,2026-09-01,,Plumbing Service,Leak Below Kitchen,Scheduled,Google Business Profiles,GMB_SanDiego,92101,689.00,TRUE,2026,3,September,,,,
1130503865,2026-09-01,2026-09-02,Plumbing Service,Reset Toilet,Completed,Direct Web Traffic,Direct Web Traffic,92007,0.00,FALSE,2026,3,September,2026,3,September,36
1131175160,2026-09-01,2026-09-03,Plumbing Service,Drain Repair,Completed,Branded Phone Number,Local 619,92130,319.00,TRUE,2026,3,September,2026,3,September,36
1131222539,2026-09-01,2026-09-03,Plumbing Service,Kitchen Stop,Completed,PPC,Google | Search | Brand,92128,0.00,TRUE,2026,3,September,2026,3,September,36
1131222539,2026-09-01,2026-09-03,Plumbing Service,Sewer Camera,Completed,PPC,Google | Search | Brand,92128,0.00,TRUE,2026,3,September,2026,3,September,36
1131277190,2026-09-01,2026-09-02,Plumbing Service,Sewer Camera,Completed,Organic Search,Bing Organic,92084,0.00,FALSE,2026,3,September,2026,3,September,36
1131281056,2026-09-01,2026-09-01,Plumbing Service,Drain Repair,Completed,Branded Phone Number,Local 619,92117,175.00,TRUE,2026,3,September,2026,3,September,36
1131294558,2026-09-01,,Plumbing Maintenance,Recurring Services: Backflow Test,Scheduled,Google Business Profiles,GMB_Poway,92128,0.00,TRUE,2026,3,September,,,,
1131400148,2026-09-01,,HVAC Install,Dryer Vent Cleaning,Hold,Google Business Profiles,GMB_SanDiego,92123,435.50,TRUE,2026,3,September,,,,
1131404619,2026-09-01,,Plumbing Sales,Plumbing Estimate,Scheduled,Tech referral,Tech Referral,92123,0.00,TRUE,2026,3,September,,,,
1131527418,2026-09-01,2026-09-01,Plumbing Service,Combo,Completed,Direct Web Traffic,Direct Web Traffic,92123,0.00,TRUE,2026,3,September,2026,3,September,36
1131527662,2026-09-01,2026-09-02,Plumbing Service,Kitchen Stop,Canceled,PPC,Google | Search | Brand,92130,0.00,TRUE,2026,3,September,2026,3,September,36
1131529558,2026-09-01,,Lining Install - CA,Lining Estimate,Hold,Organic Search,Google Organic,91911,0.00,TRUE,2026,3,September,,,,
1131533384,2026-09-01,2026-09-01,Plumbing Service,Plumbing Service,Canceled,PPC,Google | Search | Brand,92119,0.00,TRUE,2026,3,September,2026,3,September,36
1131541099,2026-09-01,2026-09-02,HVAC Service,Diagnosis,Canceled,External Referral,Referral,91942,0.00,TRUE,2026,3,September,2026,3,September,36
1131571422,2026-09-01,,Plumbing Service,Plumbing Service,Hold,Direct Web Traffic,Direct Web Traffic,92127,0.00,TRUE,2026,3,September,,,,
1131571488,2026-09-01,2026-09-03,HVAC Sales,HVAC Estimate,Completed,PPC,Google | Search | Competitor,92115,0.00,TRUE,2026,3,September,2026,3,September,36
1131584749,2026-09-01,2026-09-01,Plumbing Service,Leak Below Kitchen,Completed,PPC,Google | Search | Brand,92024,0.00,TRUE,2026,3,September,2026,3,September,36
1131584894,2026-09-01,2026-09-01,Plumbing Service,Slab Leak,Completed,Sameday AI,Sameday AI,92014,0.00,FALSE,2026,3,September,2026,3,September,36
1131584921,2026-09-01,2026-09-02,Plumbing Service,Kitchen Stop,Completed,Organic Search,Google Organic,92103,144.00,TRUE,2026,3,September,2026,3,September,36
1131595065,2026-09-01,2026-09-02,Lining Install - CA,Lining Estimate,Completed,Branded Phone Number,Local 619,92054,0.00,TRUE,2026,3,September,2026,3,September,36
1131595358,2026-09-01,,Plumbing Service,Laundry Bibbs,Hold,PPC,Google | PMAX | Drains,92127,0.00,TRUE,2026,3,September,,,,
1131596638,2026-09-01,2026-09-02,Plumbing Service,Sewer Camera,Completed,Sameday AI,Sameday AI,92123,0.00,TRUE,2026,3,September,2026,3,September,36
1131773700,2026-09-01,,HVAC Maintenance,Preventative Maintenance,Scheduled,Google Business Profiles,GMB_SanDiego,92130,0.00,TRUE,2026,3,September,,,,
1131775861,2026-09-01,2026-09-01,HVAC Maintenance,Preventative Maintenance,Canceled,PPC,Google | PMAX | HVAC,91914,0.00,TRUE,2026,3,September,2026,3,September,36
1131776145,2026-09-01,,HVAC Service,Diagnosis,Scheduled,Branded Phone Number,Local 619,92064,0.00,TRUE,2026,3,September,,,,
1131786668,2026-09-01,2026-09-01,Plumbing Service,Upper/Lower Leak,Canceled,Email,Legacy Email Marketing Multiple Offers,92122,0.00,TRUE,2026,3,September,2026,3,September,36
1131850206,2026-09-01,2026-09-01,Plumbing Service,Tub/Shower Faucet,Completed,Sameday AI,Sameday AI,92014,233.00,TRUE,2026,3,September,2026,3,September,36
1131854205,2026-09-01,2026-09-02,HVAC Sales,HVAC Estimate,Canceled,PPC,Google | PMAX | HVAC,92117,0.00,TRUE,2026,3,September,2026,3,September,36
1131857007,2026-09-01,2026-09-02,Plumbing Service,Toilet Stop,Completed,PPC,Google | Search | Brand,92111,421.00,TRUE,2026,3,September,2026,3,September,36
1131857263,2026-09-01,2026-09-03,HVAC Service,Diagnosis,Canceled,PPC,Google | Search | HVAC,92109,0.00,TRUE,2026,3,September,2026,3,September,36
1131864750,2026-09-01,2026-09-02,Plumbing Sales,Plumbing Estimate,Completed,Organic Search,Google Organic,91942,0.00,TRUE,2026,3,September,2026,3,September,36
1131866087,2026-09-01,,Plumbing Service,Lavatory Stop,Hold,Yelp,Yelp,92130,0.00,TRUE,2026,3,September,,,,
1131890230,2026-09-01,2026-09-03,Lining Install - CA,Sewer Camera,Completed,External Referral,Referral,92691,2800.00,TRUE,2026,3,September,2026,3,September,36
1131892021,2026-09-01,,Plumbing Maintenance,Recurring Services: Backflow Test,Hold,CSR Outbound,$1 OUTBOUND (use this for out-bounding),92037,0.00,TRUE,2026,3,September,,,,
1131892021,2026-09-01,,Plumbing Sales,,,,,,0.00,TRUE,2026,3,September,,,,
1131899824,2026-09-01,2026-09-03,Plumbing Service,Laundry Stop,Completed,PPC,Google | PMAX | Plumbing,92128,0.00,TRUE,2026,3,September,2026,3,September,36
1131948622,2026-09-01,2026-09-02,HVAC Service,Diagnosis,Completed,PPC,Google | Search | Competitor,92040,87.00,TRUE,2026,3,September,2026,3,September,36
1131957177,2026-09-01,2026-09-02,Plumbing Service,Hose Bib,Completed,Branded Phone Number,A1-800-BILL HOWE,92071,361.00,TRUE,2026,3,September,2026,3,September,36
1131959376,2026-09-01,2026-09-02,Plumbing Service,Slab Leak,Completed,Google Business Profiles,GMB_SanDiego,92122,0.00,FALSE,2026,3,September,2026,3,September,36
1131959376,2026-09-01,2026-09-02,Restoration EMS,EMS Estimate,Completed,Google Business Profiles,GMB_SanDiego,92122,0.00,FALSE,2026,3,September,2026,3,September,36
1131970892,2026-09-01,2026-09-02,Plumbing Service,Plumbing Service,Completed,Google Business Profiles,GMB_SanDiego,92111,0.00,TRUE,2026,3,September,2026,3,September,36
1131971064,2026-09-01,2026-09-03,HVAC Service,Diagnosis,Canceled,Branded Phone Number,Local 619,92029,0.00,TRUE,2026,3,September,2026,3,September,36
1131972891,2026-09-01,,HVAC Service,10+ HVAC Unit,Hold,Google Business Profiles,GMB_SanDiego,92103,0.00,TRUE,2026,3,September,,,,
1131973890,2026-09-01,,HVAC Service,10+ HVAC Unit,Hold,PPC,Google | Search | HVAC,92154,0.00,TRUE,2026,3,September,,,,
1132000264,2026-09-01,2026-09-02,Plumbing Service,Pipe Leak,Completed,PPC,Google | Search | Plumbing,92106,0.00,FALSE,2026,3,September,2026,3,September,36
120652,2026-09-01,2026-09-01,Plumbing Service,Reset Toilet,Completed,Google Business Profiles,GMB_SanDiego,91913,14.04,TRUE,2026,3,September,2026,3,September,36
231483,2026-09-01,2026-08-27,Plumbing Service,Tankless Service,Completed,Website,Website Phone Calls,92127,0.00,TRUE,2026,3,September,2026,3,August,35
253177392,2026-09-01,2026-09-01,Plumbing Install,Water Heater Install - Residential,Completed,Branded Phone Number,A1-800-BILL HOWE,92071,3765.00,TRUE,2026,3,September,2026,3,September,36
253177392,2026-09-01,2026-09-01,Plumbing Sales,Water Heater Estimate - Residential,Completed,Branded Phone Number,A1-800-BILL HOWE,92071,0.00,FALSE,2026,3,September,2026,3,September,36
254429679,2026-09-01,2026-08-31,Plumbing Service,Disposal,Completed,Branded Phone Number,Local 619,92123,0.00,TRUE,2026,3,September,2026,3,August,36
255252356,2026-09-01,2026-09-02,Plumbing Service,Toilet Leak,Completed,Direct Web Traffic,Direct Web Traffic,92104,229.50,TRUE,2026,3,September,2026,3,September,36
258130533,2026-09-01,,Lining Install - CA,Job Walk,Scheduled,PPC,Bing | Search | Brand,92117,0.00,FALSE,2026,3,September,,,,
258130533,2026-09-01,,Lining Install - CA,Lining,Scheduled,PPC,Bing | Search | Brand,92117,29900.00,TRUE,2026,3,September,,,,
258130533,2026-09-01,,Plumbing Install,Drain Repipe/Reroute,In Progress,PPC,Bing | Search | Brand,92117,8100.00,TRUE,2026,3,September,,,,
258130533,2026-09-01,2026-09-03,Plumbing Sales,Job Walk,Completed,PPC,Bing | Search | Brand,92117,0.00,FALSE,2026,3,September,2026,3,September,36
258130533,2026-09-01,2026-09-03,Plumbing Sales,Job Walk,Canceled,PPC,Bing | Search | Brand,92117,0.00,FALSE,2026,3,September,2026,3,September,36
258130533,2026-09-01,,Plumbing Service,Drain Repair,Scheduled,PPC,Bing | Search | Brand,92117,8000.00,TRUE,2026,3,September,,,,
265935141,2026-09-01,2026-09-01,Plumbing Service,Pipe Leak,Completed,Branded Phone Number,Local 619,92131,2600.00,TRUE,2026,3,September,2026,3,September,36
266654553,2026-09-01,2026-09-03,Plumbing Service,Toilet Leak,Completed,Google Business Profiles,GMB_SanDiego,92127,0.00,FALSE,2026,3,September,2026,3,September,36
271174656,2026-09-01,2026-08-24,Plumbing Maintenance,Backflow Test,Completed,Yelp,Yelp,91941,0.00,TRUE,2026,3,September,2026,3,August,35
272911724,2026-09-01,,Plumbing Service,Tankless Service,Hold,Branded Phone Number,Local 619,92037,0.00,TRUE,2026,3,September,,,,
273887537,2026-09-01,2026-08-28,Lining Install - CA,Lining,Completed,Branded Phone Number,A1-800-BILL HOWE,92037,0.00,TRUE,2026,3,September,2026,3,August,35
275315866,2026-09-01,2026-09-01,Plumbing Sales,Water Heater Estimate - Residential,Completed,Google Business Profiles,GMB_Poway,92131,0.00,TRUE,2026,3,September,2026,3,September,36
280605725,2026-09-01,,Plumbing Maintenance,Recurring Services: Plumbing Inspection,Scheduled,,BFP Plumbing Inspection SMS 2026,92026,0.00,TRUE,2026,3,September,,,,
281536974,2026-09-01,2026-08-27,Plumbing Service,Drain Repair,Completed,Tech referral,Tech Referral,92067,0.00,TRUE,2026,3,September,2026,3,August,35
283088574,2026-09-01,,Plumbing Service,Water Filtration Repair,Hold,Email,Legacy Email Marketing Multiple Offers,92037,0.00,TRUE,2026,3,September,,,,
284628369,2026-09-01,,HVAC Service,10+ HVAC Unit,Scheduled,Direct Web Traffic,Direct Web Traffic,92124,0.00,TRUE,2026,3,September,,,,
289136590,2026-09-01,,HVAC Service,Diagnosis,Scheduled,PPC,Google | Search | Brand,92129,0.00,TRUE,2026,3,September,,,,
291577484,2026-09-01,2026-09-02,Plumbing Service,Slab Leak,Completed,Branded Phone Number,A1-800-BILL HOWE,92011,0.00,TRUE,2026,3,September,2026,3,September,36
291730852,2026-09-01,2026-09-03,Plumbing Service,Toilet Stop,Completed,Google Business Profiles,GMB_SanDiego,92124,0.00,TRUE,2026,3,September,2026,3,September,36
292458303,2026-09-01,,Plumbing Maintenance,,,,,91914,-179.88,TRUE,2026,3,September,,,,
292458303,2026-09-01,,Plumbing Maintenance,Recurring Services: B.F.P. Water Heater/Tankless Flush,Scheduled,Outbound SMS,ST Outbound Text Lines,91941,0.00,TRUE,2026,3,September,,,,
292458303,2026-09-01,,Plumbing Maintenance,Recurring Services: Water Heater Flush,Scheduled,Outbound SMS,ST Outbound Text Lines,91941,0.00,TRUE,2026,3,September,,,,
297253137,2026-09-01,,Plumbing Service,Toilet Stop,Hold,Email,Legacy Email Marketing Multiple Offers,92109,0.00,TRUE,2026,3,September,,,,
297603642,2026-09-01,2026-09-01,HVAC Service,Diagnosis,Canceled,Email,Legacy Email Marketing Multiple Offers,92111,0.00,TRUE,2026,3,September,2026,3,September,36
297603642,2026-09-01,,HVAC Service,Diagnosis,Scheduled,Sameday AI,Sameday AI,92111,0.00,TRUE,2026,3,September,,,,
299964575,2026-09-01,,Plumbing Maintenance,Tankless Flush,Scheduled,Email,Legacy Email Marketing Multiple Offers,92139,0.00,TRUE,2026,3,September,,,,
300937617,2026-09-01,2026-08-27,Plumbing Service,Upper/Lower Leak,Completed,Google LSA,Google Local Services,91950,0.00,TRUE,2026,3,September,2026,3,August,35
300984117,2026-09-01,,Plumbing Maintenance,,,,,92115,0.00,TRUE,2026,3,September,,,,
301797456,2026-09-01,,Plumbing Maintenance,Recurring Services: Plumbing Inspection,Scheduled,Website,Website Phone Calls,92127,0.00,TRUE,2026,3,September,,,,
305345185,2026-09-01,2026-09-02,Plumbing Service,Tub/Shower Stop,Completed,Branded Phone Number,Local 619,92105,0.00,TRUE,2026,3,September,2026,3,September,36
308371380,2026-09-01,2026-09-01,Plumbing Service,Sewer Smell,Completed,Branded Phone Number,Local 619,92029,0.00,TRUE,2026,3,September,2026,3,September,36
31536162,2026-09-01,,Restoration EMS,EMS Estimate,Hold,Branded Phone Number,Local 619,91910,0.00,TRUE,2026,3,September,,,,
31536827,2026-09-01,2026-09-02,Plumbing Service,Sewer Smell,Completed,Google Business Profiles,GMB_SanDiego,92122,0.00,TRUE,2026,3,September,2026,3,September,36
31537295,2026-09-01,2026-09-03,Plumbing Service,Recirculating Pump,Completed,Yelp,Yelp,91942,348.65,TRUE,2026,3,September,2026,3,September,36
31537342,2026-09-01,2026-09-03,HVAC Service,10+ HVAC Unit,Completed,External Referral,Referral,92114,1237.00,TRUE,2026,3,September,2026,3,September,36
31537808,2026-09-01,2026-09-02,Plumbing Service,Tankless Service,Completed,Branded Phone Number,Local 619,92075,414.00,TRUE,2026,3,September,2026,3,September,36
31537883,2026-09-01,2026-09-01,Plumbing Sales,Job Walk,Completed,Branded Phone Number,A1-800-BILL HOWE,92027,0.00,FALSE,2026,3,September,2026,3,September,36
31537883,2026-09-01,2026-09-02,Plumbing Service,Drain Repair,Completed,Branded Phone Number,A1-800-BILL HOWE,92027,0.00,FALSE,2026,3,September,2026,3,September,36
31537948,2026-09-01,2026-09-01,HVAC Sales,HVAC Estimate,Canceled,Branded Phone Number,A1-800-BILL HOWE,92110,0.00,TRUE,2026,3,September,2026,3,September,36
31537948,2026-09-01,2026-09-01,HVAC Sales,Hvac Tech Turnover Estimate,Completed,Branded Phone Number,A1-800-BILL HOWE,92110,0.00,TRUE,2026,3,September,2026,3,September,36
31537975,2026-09-01,2026-08-23,Plumbing Sales,Water Heater Estimate - Commercial,Completed,PPC,Google | Search | Brand,92109,0.00,TRUE,2026,3,September,2026,3,August,34
31542345,2026-09-01,,Plumbing Maintenance,,,,,92037,-179.88,TRUE,2026,3,September,,,,
31542345,2026-09-01,,Plumbing Maintenance,,,,,92037,179.88,TRUE,2026,3,September,,,,
31562010,2026-09-01,2026-09-03,Plumbing Install,Repipe/Reroute,Completed,Direct Web Traffic,Direct Web Traffic,92037,2138.76,TRUE,2026,3,September,2026,3,September,36
31562010,2026-09-01,2026-09-01,Plumbing Service,Slab Leak,Completed,Direct Web Traffic,Direct Web Traffic,92037,0.00,FALSE,2026,3,September,2026,3,September,36
31562238,2026-09-01,,Plumbing Service,Kitchen Stop,Hold,Branded Phone Number,Local 619,91941,0.00,FALSE,2026,3,September,,,,
31562392,2026-09-01,,Plumbing Service,PRV,Hold,Account,Work Order,92056,250.00,TRUE,2026,3,September,,,,
31563317,2026-09-01,2026-09-01,Plumbing Service,Tub/Shower Stop,Canceled,Branded Phone Number,Local 619,92103,0.00,TRUE,2026,3,September,2026,3,September,36
31563317,2026-09-01,2026-09-02,Plumbing Service,Tub/Shower Stop,Completed,Branded Phone Number,Local 619,92103,175.00,TRUE,2026,3,September,2026,3,September,36
31563717,2026-09-01,2026-09-02,Plumbing Service,Upper/Lower Leak,Completed,Branded Phone Number,A1-800-BILL HOWE,92064,175.00,TRUE,2026,3,September,2026,3,September,36
31563991,2026-09-01,2026-09-01,Plumbing Service,Disposal,Completed,Branded Phone Number,Local 619,92117,848.00,TRUE,2026,3,September,2026,3,September,36
31564655,2026-09-01,,Plumbing Service,Pipe Leak,Hold,Branded Phone Number,Local 619,92040,0.00,TRUE,2026,3,September,,,,
31564788,2026-09-01,2026-09-02,Plumbing Service,Toilet Stop,Completed,Email,Legacy Email Marketing Multiple Offers,92124,451.96,TRUE,2026,3,September,2026,3,September,36
31565267,2026-09-01,2026-09-02,Plumbing Service,Jetting-Commercial,Completed,Branded Phone Number,Local 619,92110,1450.00,TRUE,2026,3,September,2026,3,September,36
31565453,2026-09-01,2026-09-02,Plumbing Sales,Drain Estimate,Completed,Google Business Profiles,GMB_SanDiego,92025,0.00,FALSE,2026,3,September,2026,3,September,36
31572487,2026-09-01,2026-09-04,Plumbing Service,Tub/Shower Faucet,Completed,Branded Phone Number,Local 619,92117,795.00,TRUE,2026,3,September,2026,3,September,36
31572795,2026-09-01,2026-09-02,Plumbing Service,Kitchen Stop,Completed,Branded Phone Number,Local 619,92109,144.00,TRUE,2026,3,September,2026,3,September,36
31573061,2026-09-01,2026-09-02,Plumbing Service,Kitchen Stop,Completed,Branded Phone Number,Local 619,92116,212.00,TRUE,2026,3,September,2026,3,September,36
31579604,2026-09-01,2026-09-01,Plumbing Service,Mainline Stop,Completed,Organic Search,Google Organic,91977,299.00,TRUE,2026,3,September,2026,3,September,36
31579604,2026-09-01,2026-09-01,Plumbing Service,Mainline Stop,Completed,Organic Search,Google Organic,91977,0.00,TRUE,2026,3,September,2026,3,September,36
31581855,2026-09-01,2026-09-01,Plumbing Sales,Plumbing Estimate,Completed,Google Business Profiles,GMB_SanDiego,92037,686.20,TRUE,2026,3,September,2026,3,September,36
31586090,2026-09-01,2026-09-03,Plumbing Sales,Plumbing Estimate,Completed,PPC,Google | Search | Brand,92021,0.00,TRUE,2026,3,September,2026,3,September,36
31606021,2026-09-01,2026-09-02,Plumbing Service,Kitchen Stop,Completed,Google Business Profiles,GMB_SanDiego,92107,132.48,TRUE,2026,3,September,2026,3,September,36
31606021,2026-09-01,2026-09-02,Plumbing Service,Kitchen Stop,Canceled,Google Business Profiles,GMB_SanDiego,92107,0.00,TRUE,2026,3,September,2026,3,September,36
31608929,2026-09-01,2026-09-01,Plumbing Service,Toilet Leak,Completed,Email,Legacy Email Marketing Multiple Offers,92101,226.32,TRUE,2026,3,September,2026,3,September,36
31616395,2026-09-01,2026-09-01,Plumbing Service,Sump Pump,Completed,Branded Phone Number,Local 619,92116,2969.00,TRUE,2026,3,September,2026,3,September,36
31619651,2026-09-01,2026-08-31,HVAC Install,Hvac Recall/Warranty,Completed,Outbound SMS,ST Outbound Text Lines,92024,0.00,TRUE,2026,3,September,2026,3,August,36
31621791,2026-09-01,2026-09-02,Plumbing Service,Toilet Leak,Completed,Website,Website Phone Calls,92124,0.00,FALSE,2026,3,September,2026,3,September,36
31624399,2026-09-01,,Plumbing Maintenance,Recurring Services: B.F.P. Water Heater/Tankless Flush,Scheduled,,Memberships due for Service,92111,0.00,TRUE,2026,3,September,,,,
31624559,2026-09-01,2026-09-01,Plumbing Service,Tub/Shower Faucet,Completed,PPC,Google | Search | Competitor,91941,0.00,TRUE,2026,3,September,2026,3,September,36
31625263,2026-09-01,2026-09-01,Restoration EMS,EMS Estimate,Completed,Direct Mail,Dynamicard Direct Mail September 2025,92129,0.00,FALSE,2026,3,September,2026,3,September,36
31625556,2026-09-01,,HVAC Install,Hvac Recall/Warranty,Scheduled,PPC,Google | Search | Brand,92130,0.00,TRUE,2026,3,September,,,,
31630163,2026-09-01,,Plumbing Maintenance,Recurring Services: Backflow Test,Scheduled,CSR Outbound,$1 OUTBOUND (use this for out-bounding),92109,0.00,TRUE,2026,3,September,,,,
31630366,2026-09-01,,Plumbing Maintenance,Recurring Services: B.F.P. Water Heater/Tankless Flush,Scheduled,,2025 Q1 Account Customer Newsletter,92130,0.00,TRUE,2026,3,September,,,,
31634232,2026-09-01,2026-08-27,Plumbing Service,Plumbing Service,Completed,Branded Phone Number,A1-800-BILL HOWE,92154,0.00,TRUE,2026,3,September,2026,3,August,35
31638713,2026-09-01,2026-09-01,Plumbing Service,Kitchen Stop,Canceled,Branded Phone Number,A1-800-BILL HOWE,92106,0.00,TRUE,2026,3,September,2026,3,September,36
31645555,2026-09-01,2026-09-01,Plumbing Sales,Drain Estimate,Completed,Google LSA,Google Local Services,92007,0.00,FALSE,2026,3,September,2026,3,September,36
31647840,2026-09-01,,HVAC Service,Diagnosis,Scheduled,Branded Phone Number,A1-800-BILL HOWE,92121,0.00,TRUE,2026,3,September,,,,
31648387,2026-09-01,2026-08-23,Lining Install - CA,Lining,Completed,Branded Phone Number,A1-800-BILL HOWE,92019,0.00,TRUE,2026,3,September,2026,3,August,34
31648413,2026-09-01,2026-08-24,Plumbing Install,Drain Repipe/Reroute,Completed,Google LSA,Google Local Services,92123,0.00,TRUE,2026,3,September,2026,3,August,35
31653365,2026-09-01,2026-09-01,Plumbing Service,Tub/Shower Stop,Completed,PPC,Bing | Search | Brand,92021,102.00,TRUE,2026,3,September,2026,3,September,36
31655229,2026-09-01,,Plumbing Maintenance,,,,,92110,14.99,TRUE,2026,3,September,,,,
31655530,2026-09-01,,HVAC Service,Diagnosis,Scheduled,Branded Phone Number,A1-800-BILL HOWE,92065,0.00,TRUE,2026,3,September,,,,
31657279,2026-09-01,2026-08-28,Lining Install - CA,Lining,Completed,Branded Phone Number,Local 619,91977,0.00,TRUE,2026,3,September,2026,3,August,35
31662724,2026-09-01,2026-09-02,Plumbing Service,Mainline Stop,Completed,PPC,Google | Search | Brand,91910,0.00,TRUE,2026,3,September,2026,3,September,36
31664116,2026-09-01,,Plumbing Maintenance,Recurring Services: B.F.P. Water Heater/Tankless Flush,Scheduled,,Memberships due for Service,92037,0.00,TRUE,2026,3,September,,,,
31664116,2026-09-01,,Plumbing Maintenance,Recurring Services: Plumbing Inspection,Scheduled,,Memberships due for Service,92037,0.00,TRUE,2026,3,September,,,,
31670303,2026-09-01,2026-09-03,Plumbing Sales,Plumbing Estimate,Completed,Email,Legacy Email Marketing Multiple Offers,92071,0.00,TRUE,2026,3,September,2026,3,September,36
31673135,2026-09-01,,Plumbing Service,Disposal,Scheduled,Google Business Profiles,GMB_SanDiego,92102,0.00,TRUE,2026,3,September,,,,
31681513,2026-09-01,2026-08-27,Plumbing Install,Water Heater Install - Residential,Completed,Google Business Profiles,GMB_SanDiego,92109,0.00,TRUE,2026,3,September,2026,3,August,35
31682089,2026-09-01,2026-08-25,Plumbing Service,Drain Repair,Completed,PPC,Google | Search | Brand,92122,0.00,TRUE,2026,3,September,2026,3,August,35
31682294,2026-09-01,,Plumbing Service,Toilet Leak,Hold,Branded Phone Number,Local 619,92037,0.00,TRUE,2026,3,September,,,,
31683697,2026-09-01,2026-09-04,Plumbing Sales,Drain Estimate,Completed,Branded Phone Number,Local 619,92109,0.00,FALSE,2026,3,September,2026,3,September,36
31684304,2026-09-01,2026-09-02,Plumbing Sales,Plumbing Estimate,Completed,Email,Legacy Email Marketing Multiple Offers,92116,0.00,TRUE,2026,3,September,2026,3,September,36
31686852,2026-09-01,2026-09-01,Plumbing Sales,Drain Estimate,Completed,Google Business Profiles,GMB_SanDiego,92110,0.00,FALSE,2026,3,September,2026,3,September,36
31689724,2026-09-01,2026-08-27,Plumbing Service,Pipe Leak,Completed,Google Business Profiles,GMB_SanDiego,91902,0.00,TRUE,2026,3,September,2026,3,August,35
31693823,2026-09-01,,Plumbing Maintenance,Recurring Services: Plumbing Inspection,Scheduled,,Memberships due for Service,92104,0.00,TRUE,2026,3,September,,,,
31694839,2026-09-01,2026-08-27,Plumbing Service,Kitchen Faucet,Completed,Branded Phone Number,Local 619,92124,0.00,TRUE,2026,3,September,2026,3,August,35
31696121,2026-09-01,2026-09-02,Plumbing Service,Tub/Shower Faucet,Completed,Email,Legacy Email Marketing Multiple Offers,92037,220.00,TRUE,2026,3,September,2026,3,September,36
31696692,2026-09-01,2026-09-02,Plumbing Service,Kitchen Stop,Completed,Branded Phone Number,A1-800-BILL HOWE,92115,262.50,TRUE,2026,3,September,2026,3,September,36
31696692,2026-09-01,2026-09-01,Plumbing Service,Toilet Stop,Completed,Branded Phone Number,A1-800-BILL HOWE,92123,102.00,TRUE,2026,3,September,2026,3,September,36
31696692,2026-09-01,2026-09-01,Plumbing Service,Tub/Shower Stop,Completed,Branded Phone Number,A1-800-BILL HOWE,92123,0.00,TRUE,2026,3,September,2026,3,September,36
31696692,2026-09-01,2026-09-02,Plumbing Service,Tub/Shower Stop,Completed,Branded Phone Number,A1-800-BILL HOWE,92115,350.00,TRUE,2026,3,September,2026,3,September,36
31699787,2026-09-01,2026-09-02,Plumbing Service,Sewer Smell,Completed,Tech referral,Tech Referral,91910,0.00,TRUE,2026,3,September,2026,3,September,36
31699981,2026-09-01,2026-09-02,Plumbing Service,Tub/Shower Faucet,Canceled,Sameday AI,Sameday AI,92106,0.00,TRUE,2026,3,September,2026,3,September,36
31699981,2026-09-01,2026-09-03,Plumbing Service,Tub/Shower Stop,Completed,Branded Phone Number,Local 619,92106,212.00,TRUE,2026,3,September,2026,3,September,36
31709554,2026-09-01,2026-09-01,Plumbing Sales,Job Walk,Completed,Branded Phone Number,Local 619,92104,0.00,FALSE,2026,3,September,2026,3,September,36
31710099,2026-09-01,2026-09-01,Plumbing Service,Disposal,Completed,Sameday AI,Sameday AI,91941,530.00,TRUE,2026,3,September,2026,3,September,36
31710546,2026-09-01,,Plumbing Service,,,,,92011,0.00,TRUE,2026,3,September,,,,
31712241,2026-09-01,2026-09-01,HVAC Sales,HVAC Estimate,Completed,Branded Phone Number,A1-800-BILL HOWE,92019,0.00,FALSE,2026,3,September,2026,3,September,36
31712278,2026-09-01,2026-08-31,Plumbing Install,Drain Install,Completed,Google Business Profiles,GMB_SanDiego,92111,0.00,TRUE,2026,3,September,2026,3,August,36
31715776,2026-09-01,2026-09-01,Plumbing Service,PRV,Completed,Branded Phone Number,Local 619,92083,2692.84,TRUE,2026,3,September,2026,3,September,36
31717134,2026-09-01,2026-09-02,Plumbing Service,Leak Below Kitchen,Completed,Yelp,Yelp,92124,0.00,TRUE,2026,3,September,2026,3,September,36
31717837,2026-09-01,,Plumbing Install,,,,,92037,-179.88,TRUE,2026,3,September,,,,
31719009,2026-09-01,,Plumbing Maintenance,,,,,92115,0.00,TRUE,2026,3,September,,,,
31719009,2026-09-01,,Plumbing Maintenance,Recurring Services: B.F.P. Water Heater/Tankless Flush,Scheduled,,Memberships due for Service,92115,0.00,TRUE,2026,3,September,,,,
31720146,2026-09-01,2026-09-02,HVAC Service,Diagnosis,Completed,Direct Web Traffic,Direct Web Traffic,92119,341.45,TRUE,2026,3,September,2026,3,September,36
31720146,2026-09-01,2026-09-01,Plumbing Service,Upper/Lower Leak,Completed,Direct Web Traffic,Direct Web Traffic,92119,175.00,TRUE,2026,3,September,2026,3,September,36
31723556,2026-09-01,,HVAC Service,Diagnosis,Scheduled,Organic Search,Google Organic,92126,0.00,TRUE,2026,3,September,,,,
31724564,2026-09-01,2026-09-04,Plumbing Service,Leak Below Kitchen,Completed,Branded Phone Number,Local 619,92029,212.00,TRUE,2026,3,September,2026,3,September,36
31727040,2026-09-01,,Plumbing Service,Toilet Leak,Scheduled,Branded Phone Number,A1-800-BILL HOWE,92014,767.00,TRUE,2026,3,September,,,,
31728908,2026-09-01,2026-09-03,Plumbing Sales,Plumbing Estimate,Completed,Branded Phone Number,Local 619,92126,0.00,TRUE,2026,3,September,2026,3,September,36
31728908,2026-09-01,2026-09-01,Plumbing Service,Kitchen Stop,Completed,Branded Phone Number,Local 619,92126,674.00,TRUE,2026,3,September,2026,3,September,36
31728908,2026-09-01,2026-09-03,Plumbing Service,Sewer Camera,Completed,Branded Phone Number,Local 619,92126,0.00,TRUE,2026,3,September,2026,3,September,36
31729420,2026-09-01,2026-09-01,Restoration EMS,EMS Estimate,Completed,Branded Phone Number,Local 619,92124,0.00,FALSE,2026,3,September,2026,3,September,36
31729465,2026-09-01,2026-09-01,HVAC Service,Diagnosis,Completed,Branded Phone Number,Local 619,92118,0.00,TRUE,2026,3,September,2026,3,September,36
31729504,2026-09-01,2026-09-01,Plumbing Service,"KFM247, LTD",Completed,Branded Phone Number,Local 619,92122,175.00,FALSE,2026,3,September,2026,3,September,36
31729601,2026-09-01,2026-09-03,HVAC Sales,HVAC Estimate,Completed,Branded Phone Number,A1-800-BILL HOWE,91932,0.00,TRUE,2026,3,September,2026,3,September,36
31729818,2026-09-01,2026-09-02,Plumbing Service,Kitchen Stop,Completed,Branded Phone Number,A1-800-BILL HOWE,92130,0.00,TRUE,2026,3,September,2026,3,September,36
31733558,2026-09-01,2026-09-02,Plumbing Service,Reset Toilet,Completed,Google Business Profiles,GMB_SanDiego,92130,0.00,FALSE,2026,3,September,2026,3,September,36
323374872,2026-09-01,,Plumbing Service,Sump Pump,Hold,Branded Phone Number,Local 619,92115,14562.00,TRUE,2026,3,September,,,,
323374872,2026-09-01,2026-08-27,Plumbing Service,Sump Pump,Completed,Branded Phone Number,Local 619,92115,0.00,FALSE,2026,3,September,2026,3,August,35
336775217,2026-09-01,,Plumbing Maintenance,,,,,92120,-14.99,TRUE,2026,3,September,,,,
347412892,2026-09-01,,Lining Install - CA,Job Walk,Scheduled,Tech referral,Tech Referral,92037,0.00,FALSE,2026,3,September,,,,
347826627,2026-09-01,2026-09-03,HVAC Service,A/C Repair,Completed,Google Business Profiles,GMB_SanDiego,92103,702.12,TRUE,2026,3,September,2026,3,September,36
348047731,2026-09-01,,HVAC Service,Diagnosis,Scheduled,PPC,Google | Search | Brand,91977,0.00,TRUE,2026,3,September,,,,
349213236,2026-09-01,,Plumbing Maintenance,Backflow Test,Scheduled,Website,Email Contact Form,92108,0.00,TRUE,2026,3,September,,,,
349268114,2026-09-01,2026-09-02,Plumbing Service,Kitchen Faucet,Completed,Branded Phone Number,Local 619,92064,250.00,TRUE,2026,3,September,2026,3,September,36
354848458,2026-09-01,2026-09-01,Plumbing Sales,Water Heater Estimate - Residential,Completed,Direct Web Traffic,Direct Web Traffic,91941,0.00,TRUE,2026,3,September,2026,3,September,36
357597112,2026-09-01,,HVAC Service,10+ HVAC Unit,Scheduled,Google LSA,Google Local Services,92119,0.00,TRUE,2026,3,September,,,,
358574212,2026-09-01,2026-09-06,Plumbing Install,Toilet Install,Completed,Email,Legacy Email Marketing Multiple Offers,92105,960.00,TRUE,2026,3,September,2026,3,September,36
358735407,2026-09-01,2026-09-04,Plumbing Service,Plumbing Service,Completed,Branded Phone Number,Local 619,92037,903.44,TRUE,2026,3,September,2026,3,September,36
366078576,2026-09-01,2026-08-31,Lining Install - CA,Lining,Completed,Tech referral,Tech Referral,90041,0.00,FALSE,2026,3,September,2026,3,August,36
366078576,2026-09-01,2026-09-01,Lining Install - CA,Lining Estimate,Completed,Website,Email Contact Form,90041,0.00,TRUE,2026,3,September,2026,3,September,36
369650993,2026-09-01,,Plumbing Maintenance,Recurring Services: Plumbing Inspection,Scheduled,,Memberships due for Service,92105,0.00,TRUE,2026,3,September,,,,
370678648,2026-09-01,,HVAC Service,Diagnosis,Scheduled,Branded Phone Number,A1-800-BILL HOWE,92056,0.00,TRUE,2026,3,September,,,,
373766507,2026-09-01,,Plumbing Service,Plumbing Service,In Progress,Tech referral,Tech Referral,92078,890.00,TRUE,2026,3,September,,,,
373766507,2026-09-01,,Plumbing Service,Plumbing Service,Scheduled,Tech referral,Tech Referral,92078,870.00,TRUE,2026,3,September,,,,
375017318,2026-09-01,2026-08-27,Plumbing Service,Kitchen Faucet,Completed,Google Business Profiles,GMB_SanDiego,92101,0.00,TRUE,2026,3,September,2026,3,August,35
376419438,2026-09-01,,HVAC Service,Diagnosis,Scheduled,Google Business Profiles,GMB_Poway,92129,0.00,TRUE,2026,3,September,,,,
376666322,2026-09-01,2026-08-28,Plumbing Service,Slab Leak,Completed,Organic Search,Google Organic,92127,0.00,TRUE,2026,3,September,2026,3,August,35
376676161,2026-09-01,,Plumbing Maintenance,Recurring Services: Backflow Test,Scheduled,CSR Outbound,$1 OUTBOUND (use this for out-bounding),92104,0.00,TRUE,2026,3,September,,,,
376697112,2026-09-01,,HVAC Service,Hvac Recall/Warranty,Scheduled,Direct Web Traffic,Direct Web Traffic,92104,0.00,TRUE,2026,3,September,,,,
377562568,2026-09-01,2026-09-03,Plumbing Service,Tub/Shower Faucet,Completed,PPC,Google | Search | Brand,92114,0.00,TRUE,2026,3,September,2026,3,September,36
377798630,2026-09-01,,Plumbing Sales,Plumbing Estimate,Scheduled,Website,Email Contact Form,92122,470.00,TRUE,2026,3,September,,,,
378558172,2026-09-01,,HVAC Service,Diagnosis,Scheduled,Email,Legacy Email Marketing Multiple Offers,92037,0.00,TRUE,2026,3,September,,,,
379160978,2026-09-01,,Plumbing Service,Plumbing Service,Hold,PPC,Google | Search | Plumbing,92109,318.00,TRUE,2026,3,September,,,,
46043751,2026-09-01,,Restoration EMS,EMS Estimate,Hold,Tech referral,Tech Referral,92064,0.00,TRUE,2026,3,September,,,,
462015622,2026-09-01,,HVAC Install,A/C New Install,Scheduled,Branded Phone Number,A1-800-BILL HOWE,92173,18492.89,TRUE,2026,3,September,,,,
462766842,2026-09-01,2026-09-02,Plumbing Service,PRV,Completed,Email,Legacy Email Marketing Multiple Offers,92128,1809.00,TRUE,2026,3,September,2026,3,September,36
473284073,2026-09-01,2026-08-30,Plumbing Service,Water Heater Repair - Residential,Completed,Branded Phone Number,Local 619,92128,0.00,TRUE,2026,3,September,2026,3,August,35
473845765,2026-09-01,2026-09-01,Plumbing Service,Disposal,Completed,Google Business Profiles,GMB_SanDiego,92131,212.00,TRUE,2026,3,September,2026,3,September,36
474400629,2026-09-01,,Plumbing Maintenance,Recurring Services: Tankless Flush,Scheduled,CSR Outbound,$1 OUTBOUND (use this for out-bounding),92118,0.00,TRUE,2026,3,September,,,,
476566853,2026-09-01,,Plumbing Maintenance,Recurring Services: Plumbing Inspection,Hold,CSR Outbound,$1 OUTBOUND (use this for out-bounding),92109,0.00,TRUE,2026,3,September,,,,
477498834,2026-09-01,,HVAC Maintenance,Preventative Maintenance,Scheduled,Google Business Profiles,GMB_SanDiego,92128,0.00,TRUE,2026,3,September,,,,
481149053,2026-09-01,2026-09-03,Plumbing Service,Kitchen Stop,Completed,Direct Web Traffic,Direct Web Traffic,92104,102.00,TRUE,2026,3,September,2026,3,September,36
483056560,2026-09-01,,Plumbing Service,Tub/Shower Faucet,Scheduled,PPC,Google | Search | Brand,92104,0.00,TRUE,2026,3,September,,,,
483999280,2026-09-01,2026-09-01,Plumbing Install,Tankless Install,Completed,Google Business Profiles,GMB_SanDiego,92037,6745.00,TRUE,2026,3,September,2026,3,September,36
483999280,2026-09-01,2026-09-03,Plumbing Sales,Plumbing Estimate,Completed,Google Business Profiles,GMB_SanDiego,92037,0.00,FALSE,2026,3,September,2026,3,September,36
484136612,2026-09-01,,Plumbing Maintenance,Recurring Services: Plumbing Inspection,Scheduled,CSR Outbound,$1 OUTBOUND (use this for out-bounding),92154,0.00,TRUE,2026,3,September,,,,
487161650,2026-09-01,,HVAC Maintenance,,,,,92120,14.99,TRUE,2026,3,September,,,,
48988463,2026-09-01,2026-08-28,Plumbing Service,Toilet Leak,Completed,Website,Website Phone Calls,92108,0.00,FALSE,2026,3,September,2026,3,August,35
48988463,2026-09-01,2026-09-01,Plumbing Service,Urinal Leak,Completed,Website,Website Phone Calls,92108,0.00,FALSE,2026,3,September,2026,3,September,36
49492266,2026-09-01,2026-09-04,Plumbing Service,Tub/Shower Faucet,Completed,Google Business Profiles,GMB_SanDiego,92009,796.00,TRUE,2026,3,September,2026,3,September,36
50978288,2026-09-01,2026-09-02,Plumbing Sales,Plumbing Estimate,Completed,Branded Phone Number,Local 619,92113,0.00,TRUE,2026,3,September,2026,3,September,36
51215322,2026-09-01,,Plumbing Service,Sewer Camera,Scheduled,,BFP Sewer Camera Inspection SMS 2026,91932,0.00,TRUE,2026,3,September,,,,
52034737,2026-09-01,2026-09-04,Plumbing Service,Water Heater Repair - Residential,Completed,Branded Phone Number,Local 619,92126,530.00,TRUE,2026,3,September,2026,3,September,36
53530649,2026-09-01,2026-09-02,Plumbing Service,Water Heater Repair - Residential,Completed,Direct Web Traffic,Direct Web Traffic,92128,0.00,FALSE,2026,3,September,2026,3,September,36
54205727,2026-09-01,,Plumbing Service,Combo,Scheduled,Branded Phone Number,Local 619,92025,0.00,TRUE,2026,3,September,,,,
55035139,2026-09-01,,HVAC Maintenance,,,,,92037,-179.88,TRUE,2026,3,September,,,,
55593441,2026-09-01,2026-09-01,HVAC Sales,HVAC Estimate,Canceled,Branded Phone Number,Local 619,92102,0.00,TRUE,2026,3,September,2026,3,September,36
55727125,2026-09-01,,Plumbing Maintenance,Recurring Services: Tankless Flush,Scheduled,CSR Outbound,$1 OUTBOUND (use this for out-bounding),92118,0.00,TRUE,2026,3,September,,,,
57751032,2026-09-01,,Plumbing Maintenance,,,,,92037,14.99,TRUE,2026,3,September,,,,
59724517,2026-09-01,2026-09-02,Plumbing Service,Sewer Camera,Completed,PPC,Google | Search | Brand,92067,0.00,TRUE,2026,3,September,2026,3,September,36
61237034,2026-09-01,2026-08-24,HVAC Service,Diagnosis,Completed,Google Business Profiles,GMB_SanDiego,91910,0.00,FALSE,2026,3,September,2026,3,August,35
61751957,2026-09-01,,Plumbing Service,Jetting- Residential,Scheduled,PPC,Google | Search | Brand,92019,2651.00,TRUE,2026,3,September,,,,
62200181,2026-09-01,,Lining Install - CA,Lining Estimate,Scheduled,Google Business Profiles,GMB_SanDiego,92107,0.00,TRUE,2026,3,September,,,,
62304199,2026-09-01,2026-08-28,HVAC Install,A/C New Install,Completed,Google Business Profiles,GMB_SanDiego,92118,0.00,TRUE,2026,3,September,2026,3,August,35
62436282,2026-09-01,,Plumbing Maintenance,Recurring Services: Backflow Test,Scheduled,Website,Email Contact Form,92109,0.00,TRUE,2026,3,September,,,,
64638023,2026-09-01,2026-09-02,Plumbing Service,Slab Leak,Completed,PPC,Google | Search | Brand,92024,0.00,TRUE,2026,3,September,2026,3,September,36
64638023,2026-09-01,2026-09-01,Plumbing Service,Water Heater Repair - Residential,Completed,PPC,Google | Search | Brand,92024,5700.00,TRUE,2026,3,September,2026,3,September,36
66293311,2026-09-01,,HVAC Maintenance,Preventative Maintenance,Scheduled,Google Business Profiles,GMB_SanDiego,92037,0.00,TRUE,2026,3,September,,,,
66293311,2026-09-01,2026-09-04,Plumbing Service,Tub/Shower Faucet,Completed,Google Business Profiles,GMB_SanDiego,92037,238.50,TRUE,2026,3,September,2026,3,September,36
67022577,2026-09-01,2026-09-02,Plumbing Install,Tankless Install,Completed,PPC,Google | Search | Brand,92131,11900.00,TRUE,2026,3,September,2026,3,September,36
67022577,2026-09-01,2026-09-01,Plumbing Service,Water Heater Repair - Residential,Completed,PPC,Google | Search | Brand,92131,0.00,FALSE,2026,3,September,2026,3,September,36
671048301,2026-09-01,2026-08-27,HVAC Service,A/C Repair,Completed,Google Business Profiles,GMB_SanDiego,92110,0.00,FALSE,2026,3,September,2026,3,August,35
675394208,2026-09-01,,Plumbing Install,Toilet Install,In Progress,Tech referral,Tech Referral,92029,2874.00,TRUE,2026,3,September,,,,
677461295,2026-09-01,2026-09-01,Plumbing Service,Temporary Water Heater,Completed,PPC,Google | Search | Brand,92126,0.00,TRUE,2026,3,September,2026,3,September,36
67792591,2026-09-01,2026-09-01,Plumbing Sales,Plumbing Estimate,Canceled,PPC,Google | Search | HVAC,92127,0.00,TRUE,2026,3,September,2026,3,September,36
67792591,2026-09-01,,Plumbing Sales,Plumbing Estimate,Scheduled,CSR Outbound,$1 OUTBOUND (use this for out-bounding),92127,0.00,TRUE,2026,3,September,,,,
84075991,2026-09-01,2026-09-02,Plumbing Service,Disposal,Completed,PPC,Google | Search | Brand,92130,281.70,TRUE,2026,3,September,2026,3,September,36
84752890,2026-09-01,2026-09-01,Plumbing Service,Sewer Camera,Completed,Direct Mail,Dynamicard Direct Mail September 2025,92020,0.00,TRUE,2026,3,September,2026,3,September,36
86489851,2026-09-01,,HVAC Service,Diagnosis,Scheduled,Direct Web Traffic,Direct Web Traffic,92130,0.00,TRUE,2026,3,September,,,,
893093312,2026-09-01,,HVAC Maintenance,Preventative Maintenance,Scheduled,,AC Acting Up?,92029,0.00,TRUE,2026,3,September,,,,
893093312,2026-09-01,,HVAC Service,10+ HVAC Unit,Scheduled,,AC Acting Up?,92029,0.00,TRUE,2026,3,September,,,,
89552171,2026-09-01,,Plumbing Maintenance,,,,,92024,-179.88,TRUE,2026,3,September,,,,
90009198,2026-09-01,2026-09-01,HVAC Sales,Hvac Tech Turnover Estimate,Canceled,Google Business Profiles,GMB_SanDiego,92120,0.00,TRUE,2026,3,September,2026,3,September,36
90224466,2026-09-01,2026-09-01,Plumbing Service,Toilet Install,Completed,Outbound SMS,ST Outbound Text Lines,92108,1273.00,TRUE,2026,3,September,2026,3,September,36
902469128,2026-09-01,2026-08-26,Plumbing Install,Repipe/Reroute,Completed,PPC,Google | Search | Brand,92111,4677.75,TRUE,2026,3,September,2026,3,August,35
904690355,2026-09-01,2026-09-02,Plumbing Sales,Jetting Estimate,Completed,PPC,Bing | Search | Plumbing,92122,0.00,FALSE,2026,3,September,2026,3,September,36
904882118,2026-09-01,2026-09-01,Plumbing Service,Pipe Leak,Completed,Website,Website Phone Calls,92115,767.00,TRUE,2026,3,September,2026,3,September,36
909282037,2026-09-01,2026-09-02,HVAC Service,Hvac Recall/Warranty,Completed,Google Business Profiles,GMB_SanDiego,92019,0.00,TRUE,2026,3,September,2026,3,September,36
909283959,2026-09-01,2026-09-01,HVAC Sales,HVAC Estimate,Completed,Google LSA,Google Local Services,92108,0.00,TRUE,2026,3,September,2026,3,September,36
909963168,2026-09-01,2026-09-02,Plumbing Service,Kitchen Stop,Completed,Google Business Profiles,GMB_SanDiego,92024,568.00,TRUE,2026,3,September,2026,3,September,36
911262373,2026-09-01,2026-08-28,Plumbing Service,Lavatory Faucet,Completed,Organic Search,Google Organic,92130,0.00,TRUE,2026,3,September,2026,3,August,35
913082815,2026-09-01,2026-09-04,HVAC Sales,HVAC Estimate,In Progress,Direct Web Traffic,Direct Web Traffic,92114,0.00,TRUE,2026,3,September,2026,3,September,36
913152812,2026-09-01,2026-09-02,Plumbing Service,Toilet Leak,Completed,PPC,Google | Search | Brand,92103,0.00,TRUE,2026,3,September,2026,3,September,36
913862549,2026-09-01,,HVAC Service,,,,,92128,-179.88,TRUE,2026,3,September,,,,
92160778,2026-09-01,,Plumbing Sales,,,,,,0.00,TRUE,2026,3,September,,,,
92581600,2026-09-01,,Lining Install - CA,Lining,Scheduled,Branded Phone Number,A1-800-BILL HOWE,92040,10500.00,TRUE,2026,3,September,,,,
92581600,2026-09-01,2026-09-01,Plumbing Sales,Job Walk,Completed,Branded Phone Number,A1-800-BILL HOWE,92040,0.00,FALSE,2026,3,September,2026,3,September,36
92581600,2026-09-01,2026-09-04,Plumbing Service,Combo,Completed,Branded Phone Number,A1-800-BILL HOWE,92040,13800.00,TRUE,2026,3,September,2026,3,September,36
93157397,2026-09-01,2026-09-04,HVAC Service,Diagnosis,Canceled,Branded Phone Number,A1-800-BILL HOWE,92131,0.00,TRUE,2026,3,September,2026,3,September,36
93606953,2026-09-01,2026-09-01,Plumbing Sales,Plumbing Estimate,Completed,Website,Email Contact Form,92037,0.00,TRUE,2026,3,September,2026,3,September,36
93606953,2026-09-01,2026-08-27,Plumbing Service,Plumbing Service,Completed,Website,Email Contact Form,92122,0.00,FALSE,2026,3,September,2026,3,August,35
93708687,2026-09-01,,Plumbing Maintenance,,,,,92110,0.00,TRUE,2026,3,September,,,,
96544227,2026-09-01,,HVAC Maintenance,Recurring Services: B.F.P. Hvac Maintenance,Scheduled,,September Savings 2026,91941,0.00,TRUE,2026,3,September,,,,
97708185,2026-09-01,2026-09-02,HVAC Sales,HVAC Estimate,Completed,Branded Phone Number,A1-800-BILL HOWE,92127,0.00,FALSE,2026,3,September,2026,3,September,36
979380109,2026-09-01,2026-08-31,Plumbing Service,Plumbing Service,Completed,PPC,Google | PMAX | Plumbing - Spanish,92131,0.00,TRUE,2026,3,September,2026,3,August,36
979490189,2026-09-01,2026-08-28,HVAC Install,Heater New Install,Completed,Google LSA,Google Local Services,92117,0.00,TRUE,2026,3,September,2026,3,August,35
979531586,2026-09-01,2026-09-03,Plumbing Service,Sewer Camera,Completed,Branded Phone Number,Local 619,92103,0.00,FALSE,2026,3,September,2026,3,September,36
979767448,2026-09-01,2026-09-01,Plumbing Service,Lavatory Stop,Completed,PPC,Google | Search | Brand,92104,204.00,TRUE,2026,3,September,2026,3,September,36
983057720,2026-09-01,2026-09-01,Plumbing Service,Plumbing Service,Completed,PPC,Google | Search | Brand,92091,0.00,FALSE,2026,3,September,2026,3,September,36
98696933,2026-09-01,,HVAC Sales,HVAC Estimate,Scheduled,Outbound SMS,ST Outbound Text Lines,92104,0.00,TRUE,2026,3,September,,,,
99127376,2026-09-01,2026-09-02,Plumbing Service,Water Heater Repair - Residential,Completed,Branded Phone Number,A1-800-BILL HOWE,92128,0.00,TRUE,2026,3,September,2026,3,September,36
99921868,2026-09-01,2026-08-28,Lining Install - CA,Lining,Completed,Google Business Profiles,GMB_SanDiego,92054,0.00,TRUE,2026,3,September,2026,3,August,35
101750164,2026-09-02,2026-08-28,Plumbing Service,Kitchen Faucet,Completed,Google Business Profiles,GMB_SanDiego,92108,0.00,TRUE,2026,3,September,2026,3,August,35
1037532415,2026-09-02,2026-09-02,Plumbing Service,Disposal,Completed,Branded Phone Number,Local 619,92037,848.00,TRUE,2026,3,September,2026,3,September,36
1065863952,2026-09-02,,Plumbing Maintenance,Water Heater Flush,Scheduled,Branded Phone Number,A1-800-BILL HOWE,92056,444.00,TRUE,2026,3,September,,,,
1065919796,2026-09-02,,Plumbing Sales,Jetting Estimate,In Progress,Branded Phone Number,Local 619,92103,0.00,TRUE,2026,3,September,,,,
1066062339,2026-09-02,2026-09-02,Plumbing Service,Ice Maker Line,Completed,PPC,Google | Search | Brand,92126,250.00,TRUE,2026,3,September,2026,3,September,36
1071568608,2026-09-02,2026-09-03,Plumbing Service,Mainline Stop,Completed,Direct Mail,2025 New Customer Welcome Direct Mail,92128,1631.00,TRUE,2026,3,September,2026,3,September,36
1073106984,2026-09-02,,Plumbing Install,Drain Repipe/Reroute,Scheduled,Google Business Profiles,GMB_SanDiego,92130,16450.00,TRUE,2026,3,September,,,,
1073106984,2026-09-02,,Plumbing Sales,Job Walk,Scheduled,Google Business Profiles,GMB_SanDiego,92130,0.00,FALSE,2026,3,September,,,,
1078657341,2026-09-02,2026-09-03,Plumbing Service,Mainline Stop,Completed,Direct Web Traffic,Direct Web Traffic,92075,0.00,FALSE,2026,3,September,2026,3,September,36
1094343518,2026-09-02,2026-09-02,Plumbing Service,Upper/Lower Leak,Canceled,Google Business Profiles,GMB_Poway,92064,0.00,TRUE,2026,3,September,2026,3,September,36
1102985013,2026-09-02,,HVAC Service,Diagnosis,Scheduled,Google LSA,Google Local Services,92108,1497.41,TRUE,2026,3,September,,,,
1104919408,2026-09-02,,Restoration RECON,Recon Estimate,Scheduled,CSR Outbound,$1 OUTBOUND (use this for out-bounding),92064,0.00,TRUE,2026,3,September,,,,
1104989365,2026-09-02,2026-08-28,Plumbing Sales,Drain Estimate,Completed,Direct Mail,Dynamicard June 2026 (Drains + WH),92123,0.00,FALSE,2026,3,September,2026,3,August,35
1113660566,2026-09-02,2026-09-01,HVAC Service,A/C Repair,Completed,Google LSA,Google Local Services,92120,0.00,TRUE,2026,3,September,2026,3,September,36
1115911123,2026-09-02,2026-09-03,Lining Install - CA,Lining Estimate,Completed,Tech referral,Tech Referral,92128,0.00,TRUE,2026,3,September,2026,3,September,36
1116111943,2026-09-02,2026-09-05,HVAC Sales,Hvac Tech Turnover Estimate,Completed,Direct Web Traffic,Direct Web Traffic,92126,0.00,TRUE,2026,3,September,2026,3,September,36
1116565626,2026-09-02,2026-09-03,Plumbing Service,Upper/Lower Leak,Completed,Google LSA,Google Local Services,92130,350.00,TRUE,2026,3,September,2026,3,September,36
1118788084,2026-09-02,2026-09-04,Plumbing Service,Plumbing Service,Completed,Organic Search,Google Organic,92106,265.00,TRUE,2026,3,September,2026,3,September,36
1119017448,2026-09-02,2026-09-03,Plumbing Service,Drain Repair,Completed,Paid Social,Nextdoor,92116,689.00,TRUE,2026,3,September,2026,3,September,36
1120136776,2026-09-02,2026-08-21,Plumbing Service,Tub/Shower Faucet,Completed,Website,Website Phone Calls,92014,0.00,FALSE,2026,3,September,2026,3,August,34
1124540923,2026-09-02,2026-09-02,Lining Install - CA,Lining Estimate,Completed,Branded Phone Number,A1-800-BILL HOWE,92120,0.00,TRUE,2026,3,September,2026,3,September,36
1124698051,2026-09-02,,Plumbing Service,Tub/Shower Stop,Hold,Branded Phone Number,Local 619,92130,711.90,TRUE,2026,3,September,,,,
1128061790,2026-09-02,2026-08-26,Plumbing Install,Water Heater Install - Residential,Completed,Branded Phone Number,Local 619,92131,0.00,TRUE,2026,3,September,2026,3,August,35
1128393284,2026-09-02,,HVAC Sales,Hvac Tech Turnover Estimate,Scheduled,Branded Phone Number,Local 619,92103,0.00,TRUE,2026,3,September,,,,
1128759436,2026-09-02,2026-08-27,Plumbing Service,Pipe Leak,Completed,Organic Search,Google Organic,92027,0.00,TRUE,2026,3,September,2026,3,August,35
1129781932,2026-09-02,2026-08-31,Plumbing Service,Drain Repair,Completed,Direct Web Traffic,Direct Web Traffic,92105,0.00,TRUE,2026,3,September,2026,3,August,36
1130630408,2026-09-02,,Plumbing Service,Drain Repair,In Progress,Google Business Profiles,GMB_SanDiego,92105,3700.00,TRUE,2026,3,September,,,,
1130923604,2026-09-02,,Lining Install - CA,Lining,Scheduled,External Referral,Referral,92595,2800.00,TRUE,2026,3,September,,,,
1131174347,2026-09-02,2026-08-29,HVAC Service,A/C Repair,Completed,PPC,Google | PMAX | HVAC,92024,0.00,FALSE,2026,3,September,2026,3,August,35
1131281056,2026-09-02,,Plumbing Sales,,,,,92117,0.00,TRUE,2026,3,September,,,,
1131339322,2026-09-02,,HVAC Install,Full System Install,Scheduled,Branded Phone Number,A1-800-BILL HOWE,92075,22552.29,TRUE,2026,3,September,,,,
1131352826,2026-09-02,,HVAC Service,Diagnosis,Scheduled,Branded Phone Number,Local 619,92107,0.00,TRUE,2026,3,September,,,,
1131530878,2026-09-02,2026-09-02,Plumbing Service,Plumbing Service,Completed,Google Business Profiles,GMB_SanDiego,92037,0.00,FALSE,2026,3,September,2026,3,September,36
1131584894,2026-09-02,2026-09-04,Plumbing Install,Repipe/Reroute,Completed,PPC,Bing | Search | Brand,92014,4295.00,TRUE,2026,3,September,2026,3,September,36
1131584921,2026-09-02,2026-09-03,Plumbing Service,Sewer Camera,Completed,Organic Search,Google Organic,92103,0.00,TRUE,2026,3,September,2026,3,September,36
1131959376,2026-09-02,2026-09-02,Plumbing Install,Water Heater Install - Residential,Completed,Google Business Profiles,GMB_SanDiego,92122,5444.88,TRUE,2026,3,September,2026,3,September,36
1131994546,2026-09-02,2026-09-02,Plumbing Service,Pipe Leak,Completed,Google LSA,Google Local Services,92131,0.00,TRUE,2026,3,September,2026,3,September,36
1131999799,2026-09-02,,HVAC Service,Diagnosis,Scheduled,PPC,Google | Search | HVAC,91941,0.00,TRUE,2026,3,September,,,,
1132008286,2026-09-02,,HVAC Service,Diagnosis,Scheduled,Website,Website Phone Calls,92009,0.00,TRUE,2026,3,September,,,,
1132010093,2026-09-02,2026-09-02,Plumbing Service,Toilet Stop,Completed,PPC,Bing | Search | Brand,92130,348.00,TRUE,2026,3,September,2026,3,September,36
1132042902,2026-09-02,2026-09-03,Plumbing Sales,Plumbing Estimate,Completed,Direct Web Traffic,Direct Web Traffic,92126,1385.00,TRUE,2026,3,September,2026,3,September,36
1132047839,2026-09-02,2026-09-04,Plumbing Service,Mainline Stop,Completed,Organic Search,Google Organic,92009,175.00,TRUE,2026,3,September,2026,3,September,36
1132051999,2026-09-02,2026-09-02,Plumbing Service,Sewer Camera,Completed,Branded Phone Number,A1-800-BILL HOWE,92128,0.00,TRUE,2026,3,September,2026,3,September,36
1132070495,2026-09-02,2026-09-03,Plumbing Service,Angle Stop,Canceled,PPC,Google | Search | Brand,92122,0.00,TRUE,2026,3,September,2026,3,September,36
1132070495,2026-09-02,2026-09-02,Plumbing Service,Angle Stop,Canceled,PPC,Google | Search | Brand,92122,0.00,TRUE,2026,3,September,2026,3,September,36
1132074494,2026-09-02,2026-09-03,HVAC Sales,HVAC Estimate,Completed,Yelp,Yelp,92107,0.00,TRUE,2026,3,September,2026,3,September,36
1132075494,2026-09-02,2026-09-03,HVAC Service,Diagnosis,Canceled,Organic Search,Google Organic,92024,0.00,TRUE,2026,3,September,2026,3,September,36
1132092766,2026-09-02,2026-09-02,Plumbing Service,Tub/Shower Stop,Completed,Direct Web Traffic,Direct Web Traffic,92037,102.00,TRUE,2026,3,September,2026,3,September,36
1132092781,2026-09-02,2026-09-02,Plumbing Service,Mainline Stop,Completed,PPC,Google | PMAX | Drains,91913,0.00,TRUE,2026,3,September,2026,3,September,36
1132095864,2026-09-02,2026-09-02,Plumbing Service,Plumbing Service,Completed,PPC,Google | PMAX | Drains,92064,0.00,TRUE,2026,3,September,2026,3,September,36
1133341022,2026-09-02,2026-09-02,Plumbing Sales,Water Heater Estimate - Residential,Completed,Google Business Profiles,GMB_SanDiego,92105,1241.00,TRUE,2026,3,September,2026,3,September,36
1133351986,2026-09-02,,Plumbing Sales,Moen Flo Estimate,Scheduled,PPC,Google | PMAX | Plumbing,92127,0.00,TRUE,2026,3,September,,,,
1133355743,2026-09-02,,Plumbing Service,Combo,In Progress,Direct Web Traffic,Direct Web Traffic,92024,285.00,TRUE,2026,3,September,,,,
1133356751,2026-09-02,2026-09-03,Plumbing Install,Drain Repipe/Reroute,Completed,Branded Phone Number,A1-800-BILL HOWE,92122,0.00,TRUE,2026,3,September,2026,3,September,36
1133359453,2026-09-02,2026-09-02,Plumbing Service,Disposal,Canceled,Organic Search,Google Organic,92057,0.00,TRUE,2026,3,September,2026,3,September,36
1133360120,2026-09-02,2026-09-04,Lining Install - CA,Sewer Camera,Completed,Tech referral,Tech Referral,92127,0.00,TRUE,2026,3,September,2026,3,September,36
1133361582,2026-09-02,2026-09-02,Plumbing Service,Hose Bib,Completed,PPC,Google | Search | Brand,92064,265.00,TRUE,2026,3,September,2026,3,September,36
1133364357,2026-09-02,2026-09-03,Plumbing Sales,Drain Estimate,Completed,Google LSA,Google Local Services,92020,0.00,FALSE,2026,3,September,2026,3,September,36
1133364507,2026-09-02,2026-09-02,Plumbing Service,Kitchen Stop,Completed,Yelp,Yelp,92127,229.00,TRUE,2026,3,September,2026,3,September,36
1133379681,2026-09-02,,Plumbing Service,Tub/Shower Faucet,Hold,Branded Phone Number,A1-800-BILL HOWE,92037,424.00,TRUE,2026,3,September,,,,
1133437024,2026-09-02,2026-09-02,Plumbing Service,Kitchen Stop,Canceled,PPC,Google | Search | Competitor,92101,0.00,TRUE,2026,3,September,2026,3,September,36
1133450404,2026-09-02,2026-09-03,Plumbing Service,Plumbing Service,Completed,Google Business Profiles,GMB_SanDiego,92130,0.00,TRUE,2026,3,September,2026,3,September,36
1133450590,2026-09-02,2026-09-03,Plumbing Sales,Plumbing Estimate,Canceled,PPC,Google | Search | Brand,92129,0.00,TRUE,2026,3,September,2026,3,September,36
1133451688,2026-09-02,2026-09-03,HVAC Sales,HVAC Estimate,Completed,Direct Web Traffic,Direct Web Traffic,92124,0.00,FALSE,2026,3,September,2026,3,September,36
1133452940,2026-09-02,,Plumbing Service,Leak Below Lavatory,Hold,Direct Web Traffic,Direct Web Traffic,92091,0.00,TRUE,2026,3,September,,,,
1133452940,2026-09-02,2026-09-03,Restoration EMS,EMS Estimate,Completed,Direct Web Traffic,Direct Web Traffic,92091,0.00,TRUE,2026,3,September,2026,3,September,36
1133452971,2026-09-02,2026-09-03,Plumbing Sales,Water Heater Estimate - Residential,Completed,Yelp,Yelp,92128,0.00,TRUE,2026,3,September,2026,3,September,36
1133453530,2026-09-02,,HVAC Maintenance,Preventative Maintenance,Scheduled,Paid Social,Nextdoor,92124,0.00,TRUE,2026,3,September,,,,
1133455010,2026-09-02,,Plumbing Service,Upper/Lower Leak,In Progress,PPC,Google | Search | Brand,92107,0.00,TRUE,2026,3,September,,,,
1133455127,2026-09-02,,HVAC Maintenance,Preventative Maintenance,Scheduled,PPC,Google | Search | Brand,92110,0.00,TRUE,2026,3,September,,,,
1133474398,2026-09-02,2026-09-03,Plumbing Service,Tub/Shower Stop,Completed,Branded Phone Number,Local 619,92130,144.00,TRUE,2026,3,September,2026,3,September,36
1133482808,2026-09-02,2026-09-03,Plumbing Service,Slab Leak,Completed,Google Business Profiles,GMB_SanDiego,92037,0.00,FALSE,2026,3,September,2026,3,September,36
1133484910,2026-09-02,2026-09-03,Plumbing Sales,Water Heater Estimate - Residential,Canceled,PPC,Google | Search | Plumbing,91915,0.00,TRUE,2026,3,September,2026,3,September,36
1133491578,2026-09-02,2026-09-02,Plumbing Service,Kitchen Stop,Completed,Google Business Profiles,GMB_SanDiego,92109,352.00,TRUE,2026,3,September,2026,3,September,36
1133495588,2026-09-02,2026-09-03,Plumbing Service,Pipe Leak,Completed,Branded Phone Number,A1-800-BILL HOWE,92119,233.00,TRUE,2026,3,September,2026,3,September,36
1133500383,2026-09-02,2026-09-04,Plumbing Service,Plumbing Service,Completed,Direct Web Traffic,Direct Web Traffic,92011,0.00,FALSE,2026,3,September,2026,3,September,36
1133519869,2026-09-02,2026-09-03,Plumbing Service,Toilet Leak,Completed,PPC,Google | Search | Plumbing,92110,776.00,TRUE,2026,3,September,2026,3,September,36
120652,2026-09-02,2026-09-02,Plumbing Service,Plumbing Service,Completed,Tech referral,Tech Referral,92103,350.00,TRUE,2026,3,September,2026,3,September,36
120652,2026-09-02,2026-09-03,Plumbing Service,Plumbing Service,Completed,Tech referral,Tech Referral,92106,250.00,TRUE,2026,3,September,2026,3,September,36
174571,2026-09-02,2026-09-03,Restoration EMS,EMS Estimate,Completed,External Referral,Referral,92126,0.00,TRUE,2026,3,September,2026,3,September,36
248970094,2026-09-02,2026-09-03,Plumbing Service,Kitchen Stop,Completed,Organic Search,Google Organic,92129,415.00,TRUE,2026,3,September,2026,3,September,36
249487711,2026-09-02,2026-09-03,Plumbing Service,Leak Below Kitchen,Completed,Programmatic,StackAdapt / Display,92117,0.00,FALSE,2026,3,September,2026,3,September,36
255589379,2026-09-02,,HVAC Service,Diagnosis,Scheduled,Paid Social,Nextdoor,92064,0.00,TRUE,2026,3,September,,,,
260662988,2026-09-02,2026-09-02,HVAC Sales,Hvac Tech Turnover Estimate,Completed,Google Business Profiles,GMB_SanDiego,92127,0.00,TRUE,2026,3,September,2026,3,September,36
265863774,2026-09-02,,HVAC Maintenance,,,,,92027,14.99,TRUE,2026,3,September,,,,
268754021,2026-09-02,,Plumbing Maintenance,Tankless Flush,Scheduled,Organic Search,Google Organic,92130,0.00,TRUE,2026,3,September,,,,
272909981,2026-09-02,,HVAC Service,A/C Repair,Scheduled,Branded Phone Number,Local 619,92007,1092.06,TRUE,2026,3,September,,,,
273021373,2026-09-02,2026-09-02,Plumbing Service,Tub/Shower Stop,Completed,Branded Phone Number,Local 619,92115,144.00,TRUE,2026,3,September,2026,3,September,36
273922893,2026-09-02,2026-09-04,Plumbing Maintenance,Recurring Services: Tankless Flush,Completed,CSR Outbound,$1 OUTBOUND (use this for out-bounding),92117,222.00,TRUE,2026,3,September,2026,3,September,36
275355416,2026-09-02,,Plumbing Maintenance,Recurring Services: Plumbing Inspection,Scheduled,CSR Outbound,$1 OUTBOUND (use this for out-bounding),92126,0.00,TRUE,2026,3,September,,,,
275689281,2026-09-02,,HVAC Service,Diagnosis,Scheduled,Branded Phone Number,Local 619,92115,0.00,TRUE,2026,3,September,,,,
275689281,2026-09-02,2026-09-03,Plumbing Service,Laundry Stop,Completed,Branded Phone Number,Local 619,92115,0.00,FALSE,2026,3,September,2026,3,September,36
278004810,2026-09-02,2026-09-04,Plumbing Service,Tub/Shower Faucet,Completed,Branded Phone Number,Local 619,92029,398.00,TRUE,2026,3,September,2026,3,September,36
278157015,2026-09-02,2026-09-02,Plumbing Service,Slab Leak,Completed,PPC,Google | Search | Brand,92064,0.00,FALSE,2026,3,September,2026,3,September,36
278591675,2026-09-02,,HVAC Service,Diagnosis,Scheduled,Branded Phone Number,Local 619,92037,0.00,TRUE,2026,3,September,,,,
278591675,2026-09-02,2026-09-02,Restoration EMS,EMS Estimate,Completed,Branded Phone Number,Local 619,92037,0.00,TRUE,2026,3,September,2026,3,September,36
281680852,2026-09-02,2026-09-02,HVAC Service,Diagnosis,Completed,External Referral,Referral,91942,284.00,TRUE,2026,3,September,2026,3,September,36
282196113,2026-09-02,2026-09-02,Plumbing Service,PRV,Completed,PPC,Google | Search | Brand,92127,1289.00,TRUE,2026,3,September,2026,3,September,36
285136065,2026-09-02,,Plumbing Install,Tankless Install,Scheduled,Branded Phone Number,Local 619,92118,7832.00,TRUE,2026,3,September,,,,
289617235,2026-09-02,,Plumbing Service,Angle Stop,Scheduled,Direct Web Traffic,Direct Web Traffic,92101,301.00,TRUE,2026,3,September,,,,
289873230,2026-09-02,,HVAC Service,Diagnosis,Scheduled,Direct Web Traffic,Direct Web Traffic,92075,0.00,TRUE,2026,3,September,,,,
293861576,2026-09-02,2026-09-03,Plumbing Service,Lavatory Faucet,Completed,Google Business Profiles,GMB_SanDiego,92111,511.20,TRUE,2026,3,September,2026,3,September,36
296137235,2026-09-02,2026-09-02,Plumbing Service,Mainline Stop,Completed,Branded Phone Number,A1-800-BILL HOWE,92069,496.00,TRUE,2026,3,September,2026,3,September,36
300984117,2026-09-02,,Plumbing Maintenance,,,,,92115,-179.88,TRUE,2026,3,September,,,,
304941459,2026-09-02,,HVAC Maintenance,,,,,92103,179.88,TRUE,2026,3,September,,,,
304941459,2026-09-02,,HVAC Maintenance,,,,,92103,-179.88,TRUE,2026,3,September,,,,
305307456,2026-09-02,2026-09-02,Plumbing Service,Drain Repair,Completed,Branded Phone Number,A1-800-BILL HOWE,92071,175.00,TRUE,2026,3,September,2026,3,September,36
308754835,2026-09-02,2026-09-02,HVAC Service,Diagnosis,Canceled,Branded Phone Number,A1-800-BILL HOWE,92103,0.00,TRUE,2026,3,September,2026,3,September,36
310720695,2026-09-02,2026-09-02,Plumbing Service,Ice Maker Line,Completed,Website,Website Phone Calls,91915,250.00,TRUE,2026,3,September,2026,3,September,36
310720695,2026-09-02,2026-09-03,Restoration EMS,EMS Estimate,Completed,Website,Website Phone Calls,91915,0.00,TRUE,2026,3,September,2026,3,September,36
31536602,2026-09-02,,Plumbing Maintenance,Backflow Test,Scheduled,Branded Phone Number,Local 619,92154,0.00,TRUE,2026,3,September,,,,
31536827,2026-09-02,,HVAC Service,Diagnosis,Scheduled,Google Business Profiles,GMB_SanDiego,92122,0.00,TRUE,2026,3,September,,,,
31537226,2026-09-02,2026-09-03,Plumbing Maintenance,Recurring Services: Backflow Test,Completed,Branded Phone Number,Local 619,92101,208.00,TRUE,2026,3,September,2026,3,September,36
31543670,2026-09-02,2026-09-02,Plumbing Sales,Water Heater Estimate - Commercial,Completed,Account,Work Order,91913,0.00,FALSE,2026,3,September,2026,3,September,36
31547653,2026-09-02,2026-08-17,Plumbing Install,Water Heater Install - Residential,Completed,Branded Phone Number,Local 619,92106,0.00,TRUE,2026,3,September,2026,3,August,34
31550952,2026-09-02,,Plumbing Service,Tub/Shower Faucet,Scheduled,Branded Phone Number,Local 619,92105,3079.00,TRUE,2026,3,September,,,,
31552123,2026-09-02,2026-09-03,Plumbing Service,Plumbing Install,Completed,PPC,Google | Search | Plumbing,92117,1071.16,TRUE,2026,3,September,2026,3,September,36
31554130,2026-09-02,2026-08-17,Plumbing Service,Kitchen Stop,Completed,Organic Search,Google Organic,92110,0.00,TRUE,2026,3,September,2026,3,August,34
31556541,2026-09-02,,HVAC Maintenance,Preventative Maintenance,Scheduled,Google Business Profiles,GMB_SanDiego,92104,0.00,TRUE,2026,3,September,,,,
31556541,2026-09-02,,Plumbing Service,Lavatory Stop,Scheduled,Google Business Profiles,GMB_SanDiego,92104,0.00,TRUE,2026,3,September,,,,
31557960,2026-09-02,2026-09-03,Lining Install - CA,Lining Estimate,Completed,Branded Phone Number,Local 619,92037,0.00,FALSE,2026,3,September,2026,3,September,36
31561624,2026-09-02,2026-09-02,Plumbing Service,Tub/Shower Stop,Completed,PPC,Google | Search | Brand,92107,167.44,TRUE,2026,3,September,2026,3,September,36
31562238,2026-09-02,2026-08-28,Plumbing Service,Kitchen Stop,Completed,Branded Phone Number,Local 619,91941,0.00,TRUE,2026,3,September,2026,3,August,35
31562392,2026-09-02,2026-09-02,Plumbing Service,Mainline Stop,Completed,PPC,Google | Search | Brand,92103,255.00,TRUE,2026,3,September,2026,3,September,36
31563263,2026-09-02,,Plumbing Sales,,,,,92121,0.00,TRUE,2026,3,September,,,,
31563263,2026-09-02,2026-09-02,Plumbing Sales,Jetting Estimate,Canceled,Branded Phone Number,A1-800-BILL HOWE,92121,0.00,TRUE,2026,3,September,2026,3,September,36
31563263,2026-09-02,2026-09-03,Plumbing Sales,Jetting Estimate,Completed,Branded Phone Number,A1-800-BILL HOWE,92121,0.00,TRUE,2026,3,September,2026,3,September,36
31563821,2026-09-02,2026-08-12,Plumbing Sales,Plumbing Estimate,Completed,Branded Phone Number,A1-800-BILL HOWE,92020,0.00,TRUE,2026,3,September,2026,3,August,33
31564101,2026-09-02,,Plumbing Service,Sewer Camera,Scheduled,Branded Phone Number,Local 619,92014,0.00,TRUE,2026,3,September,,,,
31565267,2026-09-02,2026-09-03,Plumbing Sales,Drain Estimate,Completed,Branded Phone Number,Local 619,92110,0.00,FALSE,2026,3,September,2026,3,September,36
31572703,2026-09-02,2026-09-02,Plumbing Service,Tub/Shower Stop,Completed,PPC,Google | Search | Brand,92109,544.75,TRUE,2026,3,September,2026,3,September,36
31572795,2026-09-02,2026-09-02,Plumbing Service,Lavatory Stop,Completed,Branded Phone Number,Local 619,92024,144.00,TRUE,2026,3,September,2026,3,September,36
31572795,2026-09-02,2026-09-03,Plumbing Service,Lavatory Stop,Completed,Branded Phone Number,Local 619,91942,0.00,TRUE,2026,3,September,2026,3,September,36
31572795,2026-09-02,2026-09-03,Plumbing Service,Lavatory Stop,Completed,Branded Phone Number,Local 619,92064,102.00,TRUE,2026,3,September,2026,3,September,36
31572795,2026-09-02,2026-09-04,Plumbing Service,Tub/Shower Stop,Completed,Branded Phone Number,Local 619,91941,0.00,FALSE,2026,3,September,2026,3,September,36
31573925,2026-09-02,2026-09-03,Plumbing Sales,Tankless Estimate,Canceled,PPC,Google | PMAX | Plumbing,92037,0.00,TRUE,2026,3,September,2026,3,September,36
31580313,2026-09-02,2026-08-24,Plumbing Install,Tankless Install,Completed,Business Directories,Rinnai Listing,92104,0.00,TRUE,2026,3,September,2026,3,August,35
31589459,2026-09-02,2026-08-28,Plumbing Service,Drain Repair,Completed,Branded Phone Number,A1-800-BILL HOWE,92109,0.00,TRUE,2026,3,September,2026,3,August,35
31589516,2026-09-02,2026-09-02,Plumbing Sales,Gas Estimate,Completed,Direct Web Traffic,Direct Web Traffic,92126,287.00,TRUE,2026,3,September,2026,3,September,36
31591404,2026-09-02,2026-09-03,Plumbing Sales,Job Walk,Completed,Yelp,Yelp,92104,0.00,FALSE,2026,3,September,2026,3,September,36
31591404,2026-09-02,2026-09-04,Plumbing Service,Drain Repair,Completed,Yelp,Yelp,92104,13200.00,TRUE,2026,3,September,2026,3,September,36
31591404,2026-09-02,2026-09-03,Restoration EMS,EMS Estimate,Completed,Yelp,Yelp,92104,0.00,FALSE,2026,3,September,2026,3,September,36
31596959,2026-09-02,,HVAC Service,A/C Repair,Hold,Direct Web Traffic,Direct Web Traffic,92130,0.00,FALSE,2026,3,September,,,,
31600973,2026-09-02,2026-09-04,Plumbing Service,Tub/Shower Faucet,Completed,Direct Web Traffic,Direct Web Traffic,92104,0.00,TRUE,2026,3,September,2026,3,September,36
31603961,2026-09-02,,Plumbing Sales,Plumbing Estimate,Scheduled,CSR Outbound,$1 OUTBOUND (use this for out-bounding),92128,0.00,TRUE,2026,3,September,,,,
31610874,2026-09-02,,Plumbing Maintenance,Recurring Services: B.F.P. Water Heater/Tankless Flush,Scheduled,,Memberships due for Service,92116,0.00,TRUE,2026,3,September,,,,
316193810,2026-09-02,2026-09-02,Plumbing Service,Toilet Stop,Completed,Programmatic,StackAdapt / Display,92118,144.00,TRUE,2026,3,September,2026,3,September,36
31620257,2026-09-02,,Plumbing Sales,Backflow Install Estimate,Scheduled,PPC,Google | Search | Brand,92120,0.00,TRUE,2026,3,September,,,,
31623460,2026-09-02,2026-09-03,HVAC Service,Diagnosis,Completed,Google Business Profiles,GMB_SanDiego,92109,763.93,TRUE,2026,3,September,2026,3,September,36
316251563,2026-09-02,2026-08-28,Plumbing Service,Lavatory Faucet,Completed,Direct Web Traffic,Direct Web Traffic,92008,0.00,TRUE,2026,3,September,2026,3,August,35
31627404,2026-09-02,2026-08-14,Plumbing Install,Drain Install,Completed,Website,Website Phone Calls,92037,-2000.00,TRUE,2026,3,September,2026,3,August,33
31634232,2026-09-02,2026-09-02,Plumbing Service,Tub/Shower Faucet,Completed,Branded Phone Number,A1-800-BILL HOWE,92154,1166.00,TRUE,2026,3,September,2026,3,September,36
31634820,2026-09-02,2026-09-03,Plumbing Sales,Plumbing Estimate,Completed,PPC,Google | Search | Brand,92107,0.00,TRUE,2026,3,September,2026,3,September,36
31635636,2026-09-02,2026-09-02,Plumbing Service,Toilet Leak,Completed,Google Business Profiles,GMB_SanDiego,92122,241.96,TRUE,2026,3,September,2026,3,September,36
31637479,2026-09-02,2026-09-04,Plumbing Service,Lavatory Faucet,Completed,Google Business Profiles,GMB_SanDiego,92106,1697.00,TRUE,2026,3,September,2026,3,September,36
31643244,2026-09-02,2026-09-04,Plumbing Service,Jetting- Residential,Completed,Google Business Profiles,GMB_SanDiego,92118,5573.00,TRUE,2026,3,September,2026,3,September,36
31643244,2026-09-02,2026-09-02,Plumbing Service,Mainline Stop,Completed,Google Business Profiles,GMB_SanDiego,92118,175.00,TRUE,2026,3,September,2026,3,September,36
31643244,2026-09-02,2026-09-02,Plumbing Service,Sewer Camera,Completed,Google Business Profiles,GMB_SanDiego,92118,0.00,FALSE,2026,3,September,2026,3,September,36
31644293,2026-09-02,2026-08-28,HVAC Service,Diagnosis,Completed,Branded Phone Number,A1-800-BILL HOWE,92103,-684.26,TRUE,2026,3,September,2026,3,August,35
31647840,2026-09-02,2026-09-02,Plumbing Service,Urinal Leak,Completed,Branded Phone Number,A1-800-BILL HOWE,92121,375.00,TRUE,2026,3,September,2026,3,September,36
31648310,2026-09-02,,Plumbing Maintenance,Recurring Services: B.F.P. Water Heater/Tankless Flush,Scheduled,Branded Phone Number,Local 619,92103,0.00,TRUE,2026,3,September,,,,
31648955,2026-09-02,,HVAC Service,Diagnosis,Hold,Direct Web Traffic,Direct Web Traffic,92123,458.28,TRUE,2026,3,September,,,,
31653555,2026-09-02,,Plumbing Service,Water Filtration Repair,Scheduled,Branded Phone Number,A1-800-BILL HOWE,92106,0.00,TRUE,2026,3,September,,,,
31655855,2026-09-02,2026-09-03,Plumbing Service,Plumbing Service,Completed,,September Savings 2026,92106,175.00,TRUE,2026,3,September,2026,3,September,36
31657065,2026-09-02,,Plumbing Maintenance,Recurring Services: Backflow Test,Scheduled,Branded Phone Number,A1-800-BILL HOWE,92127,0.00,TRUE,2026,3,September,,,,
31657173,2026-09-02,,Plumbing Maintenance,,,,,92130,179.88,TRUE,2026,3,September,,,,
31657279,2026-09-02,2026-08-28,Lining Install - CA,Lining,Completed,Branded Phone Number,Local 619,91977,0.00,TRUE,2026,3,September,2026,3,August,35
31662724,2026-09-02,2026-09-02,Plumbing Service,Sewer Camera,Canceled,PPC,Google | Search | Brand,91910,0.00,TRUE,2026,3,September,2026,3,September,36
31665920,2026-09-02,2026-08-14,Plumbing Service,Drain Repair,Completed,Google Business Profiles,GMB_SanDiego,92040,0.00,TRUE,2026,3,September,2026,3,August,33
31667915,2026-09-02,2026-08-31,Plumbing Service,Pipe Leak,Completed,Branded Phone Number,Local 619,92108,0.00,TRUE,2026,3,September,2026,3,August,36
31670915,2026-09-02,2026-09-03,Plumbing Service,Drain Repair,Completed,Tech referral,Tech Referral,92115,0.00,FALSE,2026,3,September,2026,3,September,36
31671024,2026-09-02,,Plumbing Sales,,,,,,0.00,TRUE,2026,3,September,,,,
31682501,2026-09-02,,HVAC Service,Diagnosis,Scheduled,Organic Search,Google Organic,92037,0.00,TRUE,2026,3,September,,,,
31685428,2026-09-02,,Plumbing Maintenance,Recurring Services: Plumbing Inspection,Scheduled,,BFP Plumbing Inspection SMS 2026,92124,0.00,TRUE,2026,3,September,,,,
31685833,2026-09-02,2026-09-03,Plumbing Sales,Plumbing Estimate,Completed,Branded Phone Number,A1-800-BILL HOWE,92106,0.00,TRUE,2026,3,September,2026,3,September,36
31685833,2026-09-02,2026-09-02,Plumbing Service,Toilet Leak,Completed,Branded Phone Number,A1-800-BILL HOWE,92106,0.00,TRUE,2026,3,September,2026,3,September,36
31685884,2026-09-02,2026-09-03,Plumbing Maintenance,Recurring Services: Backflow Test,Completed,PPC,Bing | Search | Brand,92105,104.00,TRUE,2026,3,September,2026,3,September,36
31688063,2026-09-02,2026-09-03,Plumbing Service,Leak Below Kitchen,Completed,Yelp,Yelp,91913,0.00,FALSE,2026,3,September,2026,3,September,36
31689177,2026-09-02,2026-09-03,Plumbing Service,Drain Repair,Completed,Direct Web Traffic,Direct Web Traffic,92107,0.00,FALSE,2026,3,September,2026,3,September,36
31689177,2026-09-02,2026-09-03,Plumbing Service,Drain Repair,Completed,Organic Search,Bing Organic,92107,2750.00,TRUE,2026,3,September,2026,3,September,36
31692778,2026-09-02,2026-09-02,HVAC Maintenance,Preventative Maintenance,Completed,Organic Search,Google Organic,92037,539.64,TRUE,2026,3,September,2026,3,September,36
31695304,2026-09-02,2026-09-02,Plumbing Sales,Plumbing Estimate,Completed,Branded Phone Number,A1-800-BILL HOWE,91910,0.00,TRUE,2026,3,September,2026,3,September,36
31696398,2026-09-02,2026-09-05,HVAC Sales,HVAC Estimate,Completed,Branded Phone Number,Local 619,92037,0.00,TRUE,2026,3,September,2026,3,September,36
31696692,2026-09-02,2026-09-02,Plumbing Service,Tub/Shower Stop,Completed,Branded Phone Number,A1-800-BILL HOWE,92115,93.84,TRUE,2026,3,September,2026,3,September,36
31699011,2026-09-02,2026-09-03,Plumbing Sales,Drain Estimate,Completed,Google LSA,Google Local Services,92119,0.00,FALSE,2026,3,September,2026,3,September,36
31699011,2026-09-02,2026-09-03,Plumbing Service,Mainline Stop,Completed,Google LSA,Google Local Services,92119,0.00,TRUE,2026,3,September,2026,3,September,36
31701379,2026-09-02,,Plumbing Maintenance,,,,,92116,0.00,TRUE,2026,3,September,,,,
31707103,2026-09-02,2026-08-29,Plumbing Service,Toilet Leak,Completed,Google Business Profiles,GMB_SanDiego,91977,0.00,TRUE,2026,3,September,2026,3,August,35
31709554,2026-09-02,2026-08-28,Plumbing Service,Drain Repair,Completed,Branded Phone Number,Local 619,92104,0.00,TRUE,2026,3,September,2026,3,August,35
31710099,2026-09-02,2026-09-03,Plumbing Service,Toilet Leak,Completed,Branded Phone Number,Local 619,91941,297.00,TRUE,2026,3,September,2026,3,September,36
31712278,2026-09-02,2026-08-31,Plumbing Install,Drain Install,Completed,Google Business Profiles,GMB_SanDiego,92111,0.00,TRUE,2026,3,September,2026,3,August,36
31717134,2026-09-02,2026-09-02,Plumbing Service,Slab Leak,Completed,Yelp,Yelp,92124,0.00,FALSE,2026,3,September,2026,3,September,36
31717134,2026-09-02,2026-09-04,Plumbing Service,Tub/Shower Faucet,Completed,Yelp,Yelp,92124,1625.00,TRUE,2026,3,September,2026,3,September,36
31717409,2026-09-02,2026-09-01,Plumbing Service,Tub/Shower Faucet,Completed,Branded Phone Number,Local 619,91932,0.00,TRUE,2026,3,September,2026,3,September,36
31718701,2026-09-02,2026-09-02,Plumbing Service,Laundry Bibbs,Completed,PPC,Google | Search | Plumbing,91942,301.00,TRUE,2026,3,September,2026,3,September,36
31726431,2026-09-02,,Plumbing Service,Plumbing Service,Scheduled,Branded Phone Number,A1-800-BILL HOWE,92131,318.00,TRUE,2026,3,September,,,,
31727383,2026-09-02,2026-09-02,Plumbing Maintenance,Water Heater Flush,Completed,Organic Search,Chat - Service Titan,92122,0.00,FALSE,2026,3,September,2026,3,September,36
31728908,2026-09-02,2026-09-02,Plumbing Service,Leak Below Kitchen,Completed,Branded Phone Number,Local 619,92126,636.30,TRUE,2026,3,September,2026,3,September,36
31729465,2026-09-02,2026-09-03,Plumbing Service,Upper/Lower Leak,Completed,Branded Phone Number,Local 619,92118,350.00,TRUE,2026,3,September,2026,3,September,36
31729465,2026-09-02,2026-09-02,Restoration EMS,EMS Estimate,Completed,Branded Phone Number,Local 619,92118,0.00,FALSE,2026,3,September,2026,3,September,36
31729722,2026-09-02,,HVAC Maintenance,,,,,92127,14.99,TRUE,2026,3,September,,,,
31729818,2026-09-02,2026-09-03,Plumbing Service,Sewer Camera,Completed,Branded Phone Number,A1-800-BILL HOWE,92130,0.00,TRUE,2026,3,September,2026,3,September,36
31730559,2026-09-02,,HVAC Service,Diagnosis,Scheduled,PPC,Google | Search | Brand,92037,0.00,TRUE,2026,3,September,,,,
31732772,2026-09-02,,Plumbing Install,Repipe/Reroute,Hold,Uncategorized,Uncategorized,91911,4285.00,TRUE,2026,3,September,,,,
31734121,2026-09-02,2026-09-04,Plumbing Service,Tub/Shower Faucet,Completed,Direct Web Traffic,Direct Web Traffic,92122,398.00,TRUE,2026,3,September,2026,3,September,36
318049073,2026-09-02,,HVAC Maintenance,,,,,92024,14.99,TRUE,2026,3,September,,,,
318049073,2026-09-02,,Plumbing Maintenance,,,,,92024,29.98,TRUE,2026,3,September,,,,
319540277,2026-09-02,2026-08-17,Plumbing Service,Backflow Repair,Completed,Yelp,Yelp,92118,0.00,TRUE,2026,3,September,2026,3,August,34
321722776,2026-09-02,,Plumbing Service,Area/Storm Drain,Scheduled,Google LSA,Google Local Services,92037,0.00,TRUE,2026,3,September,,,,
322935640,2026-09-02,2026-03-29,Plumbing Service,Toilet Leak,Completed,Direct Mail,Dynamicard Direct Mail July 2025,92122,0.00,FALSE,2026,3,September,2026,1,March,13
323374872,2026-09-02,2026-09-02,Plumbing Service,Mainline Stop,Completed,Branded Phone Number,Local 619,92115,0.00,TRUE,2026,3,September,2026,3,September,36
325984970,2026-09-02,2026-09-03,Plumbing Service,Kitchen Faucet,Completed,Google Business Profiles,GMB_SanDiego,92129,220.00,TRUE,2026,3,September,2026,3,September,36
325984970,2026-09-02,2026-09-03,Restoration EMS,EMS Estimate,Canceled,Google Business Profiles,GMB_SanDiego,92129,0.00,TRUE,2026,3,September,2026,3,September,36
331106505,2026-09-02,,HVAC Service,Hvac Recall/Warranty,Scheduled,PPC,Google | Search | Brand,92103,0.00,TRUE,2026,3,September,,,,
331525935,2026-09-02,,HVAC Install,Full System Install,Scheduled,PPC,Google | Search | Brand,92024,24057.38,TRUE,2026,3,September,,,,
333937502,2026-09-02,2026-09-03,Plumbing Service,Ice Maker Line,Completed,Google Business Profiles,GMB_SanDiego,92009,500.14,TRUE,2026,3,September,2026,3,September,36
334936122,2026-09-02,,HVAC Maintenance,Preventative Maintenance,Scheduled,Google Business Profiles,GMB_SanDiego,92118,0.00,TRUE,2026,3,September,,,,
335907137,2026-09-02,2026-08-28,HVAC Install,Hvac Recall/Warranty,Completed,PPC,Google | Search | HVAC,92011,0.00,TRUE,2026,3,September,2026,3,August,35
339995182,2026-09-02,2026-08-07,Plumbing Service,Mainline Stop,Completed,Branded Phone Number,A1-800-BILL HOWE,92127,0.00,TRUE,2026,3,September,2026,3,August,32
340052528,2026-09-02,,Plumbing Service,Drywall,Scheduled,Branded Phone Number,Local 619,92117,0.00,TRUE,2026,3,September,,,,
342208971,2026-09-02,,HVAC Service,Diagnosis,Scheduled,Google Business Profiles,GMB_SanDiego,92130,0.00,TRUE,2026,3,September,,,,
342923100,2026-09-02,2026-09-04,HVAC Sales,HVAC Estimate,Canceled,PPC,Google | Search | Brand,92126,0.00,TRUE,2026,3,September,2026,3,September,36
349923706,2026-09-02,2026-09-03,HVAC Sales,HVAC Estimate,Completed,PPC,Google | Search | Brand,92009,0.00,FALSE,2026,3,September,2026,3,September,36
356751146,2026-09-02,,Plumbing Install,,,,,92130,179.88,TRUE,2026,3,September,,,,
366078576,2026-09-02,2026-08-31,Lining Install - CA,Lining,Completed,Tech referral,Tech Referral,90041,0.00,FALSE,2026,3,September,2026,3,August,36
373354155,2026-09-02,,Plumbing Maintenance,Recurring Services: Plumbing Inspection,Scheduled,,Memberships due for Service,92120,0.00,TRUE,2026,3,September,,,,
373693846,2026-09-02,2026-09-02,Plumbing Service,Tub/Shower Faucet,Completed,Website,Email Contact Form,92109,262.50,TRUE,2026,3,September,2026,3,September,36
373766507,2026-09-02,,Plumbing Sales,,,,,92078,0.00,TRUE,2026,3,September,,,,
373807195,2026-09-02,,Plumbing Sales,Plumbing Estimate,Scheduled,Outbound SMS,ST Outbound Text Lines,92131,0.00,TRUE,2026,3,September,,,,
374478018,2026-09-02,2026-09-03,Plumbing Service,Reset Toilet,Completed,Branded Phone Number,Local 619,92025,492.00,TRUE,2026,3,September,2026,3,September,36
375017318,2026-09-02,2026-08-27,Plumbing Service,Kitchen Faucet,Completed,Google Business Profiles,GMB_SanDiego,92101,0.00,TRUE,2026,3,September,2026,3,August,35
375114813,2026-09-02,2026-09-03,Plumbing Service,Plumbing Service,Completed,PPC,Google | PMAX | Drains,92014,0.00,FALSE,2026,3,September,2026,3,September,36
376097793,2026-09-02,2026-09-03,HVAC Service,A/C Repair,Completed,Branded Phone Number,Local 619,92124,484.01,TRUE,2026,3,September,2026,3,September,36
376666322,2026-09-02,2026-08-28,Plumbing Service,Slab Leak,Completed,Organic Search,Google Organic,92127,0.00,TRUE,2026,3,September,2026,3,August,35
379947476,2026-09-02,2026-09-03,Plumbing Service,Plumbing Service,Completed,Google Business Profiles,GMB_SanDiego,92130,212.00,TRUE,2026,3,September,2026,3,September,36
380193964,2026-09-02,2026-09-03,Plumbing Sales,Plumbing Estimate,Completed,PPC,Google | PMAX | Drains,92105,0.00,TRUE,2026,3,September,2026,3,September,36
380633267,2026-09-02,,Plumbing Maintenance,,,,,92154,0.00,TRUE,2026,3,September,,,,
41745765,2026-09-02,2026-09-02,Plumbing Service,Plumbing Service,Canceled,PPC,Google | Search | Plumbing,92130,0.00,TRUE,2026,3,September,2026,3,September,36
42749617,2026-09-02,,HVAC Service,Diagnosis,Hold,Google Business Profiles,GMB_SanDiego,92154,0.00,TRUE,2026,3,September,,,,
45281788,2026-09-02,,HVAC Service,Diagnosis,Scheduled,Yelp,Yelp,92127,0.00,TRUE,2026,3,September,,,,
45281788,2026-09-02,,Plumbing Service,Tub/Shower Stop,Scheduled,Yelp,Yelp,92127,0.00,TRUE,2026,3,September,,,,
45281788,2026-09-02,,Plumbing Service,Water Heater Repair - Residential,Scheduled,Yelp,Yelp,92127,0.00,TRUE,2026,3,September,,,,
462766842,2026-09-02,2026-09-03,Plumbing Service,Lavatory Faucet,Completed,Email,Legacy Email Marketing Multiple Offers,92128,462.60,TRUE,2026,3,September,2026,3,September,36
46286618,2026-09-02,2026-09-03,HVAC Service,A/C Repair,Completed,Branded Phone Number,A1-800-BILL HOWE,92122,0.00,TRUE,2026,3,September,2026,3,September,36
46405377,2026-09-02,2026-09-02,Plumbing Service,Disposal,Completed,Branded Phone Number,A1-800-BILL HOWE,92116,530.00,TRUE,2026,3,September,2026,3,September,36
465892244,2026-09-02,2026-09-02,Plumbing Service,Upper/Lower Leak,Completed,Branded Phone Number,A1-800-BILL HOWE,91941,0.00,FALSE,2026,3,September,2026,3,September,36
465892244,2026-09-02,2026-09-03,Plumbing Service,Upper/Lower Leak,Completed,Branded Phone Number,A1-800-BILL HOWE,91941,800.00,TRUE,2026,3,September,2026,3,September,36
466023751,2026-09-02,,HVAC Service,A/C Repair,Scheduled,CSR Outbound,$1 OUTBOUND (use this for out-bounding),92014,3161.79,TRUE,2026,3,September,,,,
47050150,2026-09-02,2026-09-04,Plumbing Service,Reset Toilet,Completed,Branded Phone Number,A1-800-BILL HOWE,92106,747.16,TRUE,2026,3,September,2026,3,September,36
47218466,2026-09-02,,Plumbing Maintenance,,,,,92127,0.00,TRUE,2026,3,September,,,,
474239568,2026-09-02,,Plumbing Maintenance,,,,,92117,0.00,TRUE,2026,3,September,,,,
474239568,2026-09-02,,Plumbing Maintenance,,,,,92117,-179.88,TRUE,2026,3,September,,,,
474761149,2026-09-02,,Plumbing Maintenance,Recurring Services: Water Heater Flush,Scheduled,CSR Outbound,$1 OUTBOUND (use this for out-bounding),92025,0.00,TRUE,2026,3,September,,,,
475066849,2026-09-02,,Plumbing Maintenance,Recurring Services: Tankless Flush,Scheduled,CSR Outbound,$1 OUTBOUND (use this for out-bounding),92126,0.00,TRUE,2026,3,September,,,,
476107062,2026-09-02,2026-08-28,Plumbing Service,Urinal Stop,Completed,Branded Phone Number,Local 619,92123,0.00,TRUE,2026,3,September,2026,3,August,35
479618807,2026-09-02,2026-09-03,Plumbing Service,Angle Stop,Completed,,rebecca test,92123,0.00,TRUE,2026,3,September,2026,3,September,36
483019253,2026-09-02,,Plumbing Maintenance,Recurring Services: B.F.P. Water Heater/Tankless Flush,Hold,,BFP Water Heater Maintenance SMS 2026,92037,0.00,TRUE,2026,3,September,,,,
484024886,2026-09-02,2026-09-02,Plumbing Service,Toilet Leak,Completed,Branded Phone Number,A1-800-BILL HOWE,91910,1173.00,TRUE,2026,3,September,2026,3,September,36
48600381,2026-09-02,,Plumbing Install,,,,,92118,0.00,TRUE,2026,3,September,,,,
486184014,2026-09-02,,Plumbing Sales,Plumbing Estimate,Hold,,Memberships due for Service,92128,0.00,TRUE,2026,3,September,,,,
487202285,2026-09-02,2026-08-24,Plumbing Install,Tankless Install,Completed,PPC,Google | PMAX | HVAC,92014,0.00,TRUE,2026,3,September,2026,3,August,35
49451732,2026-09-02,2026-08-28,Plumbing Service,Pipe Leak,Completed,Organic Search,Google Organic,92123,0.00,TRUE,2026,3,September,2026,3,August,35
50087278,2026-09-02,,HVAC Maintenance,Preventative Maintenance,Scheduled,Branded Phone Number,A1-800-BILL HOWE,92111,0.00,TRUE,2026,3,September,,,,
50200733,2026-09-02,,Plumbing Maintenance,Recurring Services: Plumbing Inspection,Scheduled,,BFP Plumbing Inspection SMS 2026,92104,0.00,TRUE,2026,3,September,,,,
50477971,2026-09-02,2026-09-02,Plumbing Service,PRV,Completed,Branded Phone Number,A1-800-BILL HOWE,92037,1749.00,TRUE,2026,3,September,2026,3,September,36
51429035,2026-09-02,2026-09-03,Plumbing Service,R/O System,Completed,Outbound SMS,ST Outbound Text Lines,91977,0.00,FALSE,2026,3,September,2026,3,September,36
52084847,2026-09-02,,Plumbing Maintenance,Recurring Services: Backflow Test,Scheduled,Organic Search,Google Organic,92110,0.00,TRUE,2026,3,September,,,,
52843216,2026-09-02,2026-09-02,Plumbing Sales,Plumbing Estimate,Completed,Branded Phone Number,Local 619,92008,0.00,TRUE,2026,3,September,2026,3,September,36
53019161,2026-09-02,,Plumbing Maintenance,,,,,92123,14.99,TRUE,2026,3,September,,,,
53019161,2026-09-02,,Plumbing Maintenance,Recurring Services: Plumbing Inspection,Scheduled,,Memberships due for Service,92123,0.00,TRUE,2026,3,September,,,,
54012774,2026-09-02,2026-08-31,Plumbing Service,Mainline Stop,Completed,Branded Phone Number,Local 619,92126,0.00,TRUE,2026,3,September,2026,3,August,36
55814253,2026-09-02,2026-09-03,Plumbing Service,Pipe Leak,Canceled,Google Business Profiles,GMB_SanDiego,92121,0.00,TRUE,2026,3,September,2026,3,September,36
56641716,2026-09-02,2026-08-27,Plumbing Service,Reset Toilet,Completed,Branded Phone Number,Local 619,92020,0.00,TRUE,2026,3,September,2026,3,August,35
57092489,2026-09-02,2026-09-02,Plumbing Sales,Plumbing Estimate,Hold,PPC,Google | Search | Brand,92037,0.00,TRUE,2026,3,September,2026,3,September,36
57843795,2026-09-02,,HVAC Maintenance,Recurring Services: B.F.P. Hvac Maintenance,Scheduled,Branded Phone Number,Local 619,92020,0.00,TRUE,2026,3,September,,,,
58163880,2026-09-02,2026-09-04,Plumbing Service,Drywall,Completed,Outbound SMS,ST Outbound Text Lines,92106,0.00,TRUE,2026,3,September,2026,3,September,36
58959216,2026-09-02,,HVAC Maintenance,,,,,91977,0.00,TRUE,2026,3,September,,,,
58959216,2026-09-02,,HVAC Maintenance,,,,,91977,-179.88,TRUE,2026,3,September,,,,
59990984,2026-09-02,2026-09-03,HVAC Sales,HVAC Estimate,Completed,PPC,Google | Search | Brand,92111,0.00,TRUE,2026,3,September,2026,3,September,36
59990984,2026-09-02,,Plumbing Sales,Drain Estimate,Scheduled,PPC,Google | Search | Brand,92111,0.00,FALSE,2026,3,September,,,,
60087000,2026-09-02,2026-09-04,HVAC Sales,HVAC Estimate,Completed,Direct Web Traffic,Direct Web Traffic,92131,0.00,TRUE,2026,3,September,2026,3,September,36
60852589,2026-09-02,2026-09-02,Plumbing Service,Laundry Stop,Completed,Branded Phone Number,A1-800-BILL HOWE,92118,0.00,FALSE,2026,3,September,2026,3,September,36
60852589,2026-09-02,2026-09-02,Plumbing Service,Sewer Camera,Completed,Branded Phone Number,A1-800-BILL HOWE,92118,0.00,FALSE,2026,3,September,2026,3,September,36
61239785,2026-09-02,2026-09-02,Plumbing Service,Leak Below Lavatory,Completed,PPC,Google | Search | Brand,92115,0.00,TRUE,2026,3,September,2026,3,September,36
61569477,2026-09-02,,Plumbing Maintenance,Recurring Services: Plumbing Inspection,Scheduled,,Memberships due for Service,92009,0.00,TRUE,2026,3,September,,,,
62304199,2026-09-02,2026-08-28,HVAC Install,A/C New Install,Completed,Google Business Profiles,GMB_SanDiego,92118,0.00,TRUE,2026,3,September,2026,3,August,35
64202717,2026-09-02,2026-09-04,Plumbing Service,Lavatory Stop,Completed,Google LSA,Google Local Services,92103,0.00,TRUE,2026,3,September,2026,3,September,36
64638023,2026-09-02,2026-09-02,Restoration EMS,EMS Estimate,Completed,PPC,Google | Search | Brand,92024,0.00,TRUE,2026,3,September,2026,3,September,36
65700099,2026-09-02,2026-08-31,Plumbing Service,Jetting- Residential,Completed,Branded Phone Number,Local 619,92106,0.00,TRUE,2026,3,September,2026,3,August,36
66445168,2026-09-02,,Lining Install - CA,Job Walk,Scheduled,Branded Phone Number,Local 619,92109,0.00,FALSE,2026,3,September,,,,
66445168,2026-09-02,,Lining Install - CA,Lining,Scheduled,Branded Phone Number,Local 619,92109,4800.00,TRUE,2026,3,September,,,,
669687407,2026-09-02,2026-09-02,Plumbing Service,Kitchen Stop,Completed,Google Business Profiles,GMB_SanDiego,92101,319.00,TRUE,2026,3,September,2026,3,September,36
671329533,2026-09-02,,HVAC Sales,Hvac Tech Turnover Estimate,Scheduled,PPC,Google | Search | Plumbing,92024,0.00,TRUE,2026,3,September,,,,
671329533,2026-09-02,2026-09-02,Plumbing Install,Water Heater Install - Residential,Completed,PPC,Google | Search | Plumbing,92024,3800.00,TRUE,2026,3,September,2026,3,September,36
671329533,2026-09-02,2026-09-02,Plumbing Service,Water Heater Repair - Residential,Completed,PPC,Google | Search | Plumbing,92024,179.88,TRUE,2026,3,September,2026,3,September,36
673111763,2026-09-02,2026-09-03,Plumbing Sales,Drain Estimate,Completed,PPC,Google | Search | Competitor,92116,0.00,FALSE,2026,3,September,2026,3,September,36
673111763,2026-09-02,2026-09-03,Plumbing Service,Lavatory Stop,Completed,PPC,Google | Search | Competitor,92116,319.00,TRUE,2026,3,September,2026,3,September,36
678080424,2026-09-02,2026-09-02,Plumbing Service,Disposal,Completed,Google LSA,Google Local Services,92109,0.00,TRUE,2026,3,September,2026,3,September,36
681497556,2026-09-02,2026-08-28,Plumbing Service,Leak Below Lavatory,Completed,Branded Phone Number,Local 619,92113,0.00,TRUE,2026,3,September,2026,3,August,35
683054068,2026-09-02,2026-09-03,Plumbing Service,Sump Pump,Completed,Outbound SMS,ST Outbound Text Lines,92008,568.00,TRUE,2026,3,September,2026,3,September,36
683342668,2026-09-02,2026-08-17,Plumbing Service,Ice Maker Line,Completed,Organic Search,Bing Organic,91941,0.00,TRUE,2026,3,September,2026,3,August,34
683968885,2026-09-02,2026-09-03,Plumbing Service,Kitchen Stop,Completed,Branded Phone Number,Local 619,92109,102.00,TRUE,2026,3,September,2026,3,September,36
684635697,2026-09-02,,Plumbing Service,Sewer Camera,Hold,Branded Phone Number,Local 619,92103,0.00,TRUE,2026,3,September,,,,
84510271,2026-09-02,,Plumbing Service,Kitchen Faucet,Scheduled,Branded Phone Number,Local 619,92117,827.00,TRUE,2026,3,September,,,,
86075455,2026-09-02,,Plumbing Maintenance,Recurring Services: Backflow Test,Scheduled,Google LSA,Google Local Services,92113,0.00,TRUE,2026,3,September,,,,
882751962,2026-09-02,,Plumbing Maintenance,Recurring Services: Sewer Camera Inspection,Scheduled,,Memberships due for Service,92021,0.00,TRUE,2026,3,September,,,,
892749509,2026-09-02,2026-09-03,Plumbing Service,Tub/Shower Stop,Completed,PPC,Google | Search | Brand,92126,246.00,TRUE,2026,3,September,2026,3,September,36
895784802,2026-09-02,2026-09-02,Plumbing Service,Disposal,Completed,Organic Search,Google Organic,91941,212.00,TRUE,2026,3,September,2026,3,September,36
89719231,2026-09-02,2026-09-03,Plumbing Sales,Water Heater Estimate - Residential,Completed,Branded Phone Number,A1-800-BILL HOWE,92130,0.00,FALSE,2026,3,September,2026,3,September,36
89953217,2026-09-02,2026-09-03,Plumbing Service,Kitchen Faucet,Completed,Branded Phone Number,Local 619,92122,276.92,TRUE,2026,3,September,2026,3,September,36
902469128,2026-09-02,2026-08-26,HVAC Install,Full System Install,Completed,PPC,Google | Search | HVAC,92011,14582.67,TRUE,2026,3,September,2026,3,August,35
902469128,2026-09-02,2026-08-14,Lining Install - CA,Lining,Completed,Branded Phone Number,Local 619,91950,22685.78,TRUE,2026,3,September,2026,3,August,33
902469128,2026-09-02,2026-08-07,Lining Install - CA,Lining,Completed,Branded Phone Number,A1-800-BILL HOWE,92109,5670.00,TRUE,2026,3,September,2026,3,August,32
902469128,2026-09-02,2026-08-12,Plumbing Sales,Drain Estimate,Completed,Branded Phone Number,A1-800-BILL HOWE,92109,1890.00,TRUE,2026,3,September,2026,3,August,33
902469128,2026-09-02,2026-07-31,Plumbing Service,Drain Repair,Completed,Branded Phone Number,A1-800-BILL HOWE,92109,11340.00,TRUE,2026,3,September,2026,3,July,31
902469128,2026-09-02,2026-07-27,Plumbing Service,Drain Repair,Completed,Branded Phone Number,Local 619,91950,5191.72,TRUE,2026,3,September,2026,3,July,31
906621233,2026-09-02,2026-09-03,Plumbing Service,Toilet Leak,Completed,Organic Search,Google Organic,92008,255.00,TRUE,2026,3,September,2026,3,September,36
911262373,2026-09-02,2026-08-28,Plumbing Service,Lavatory Faucet,Completed,Organic Search,Google Organic,92130,0.00,TRUE,2026,3,September,2026,3,August,35
912270884,2026-09-02,2023-05-31,Lining Install - CA,Lining,Completed,Account,Account Customer,92109,0.00,FALSE,2026,3,September,2023,2,May,22
912719005,2026-09-02,,HVAC Maintenance,Recurring Services: B.F.P. Hvac Maintenance,Scheduled,,BFP HVAC Maintenance SMS 2026,92154,0.00,TRUE,2026,3,September,,,,
92316802,2026-09-02,,Plumbing Maintenance,Recurring Services: Plumbing Inspection,Scheduled,,BFP Plumbing Inspection SMS 2026,92130,0.00,TRUE,2026,3,September,,,,
93586015,2026-09-02,2026-09-02,Plumbing Sales,Drain Estimate,Completed,Branded Phone Number,A1-800-BILL HOWE,92115,0.00,FALSE,2026,3,September,2026,3,September,36
93616090,2026-09-02,,Plumbing Maintenance,,,,,91914,-29.98,TRUE,2026,3,September,,,,
93772868,2026-09-02,2026-09-02,Plumbing Service,Tub/Shower Stop,Canceled,Branded Phone Number,Local 619,92103,0.00,TRUE,2026,3,September,2026,3,September,36
94190344,2026-09-02,2026-09-03,Plumbing Service,Mainline Stop,Completed,PPC,Google | Search | Brand,91945,505.00,TRUE,2026,3,September,2026,3,September,36
95522519,2026-09-02,,Plumbing Maintenance,,,,,92037,-179.88,TRUE,2026,3,September,,,,
95522519,2026-09-02,,Plumbing Maintenance,,,,,92037,0.00,TRUE,2026,3,September,,,,
97592605,2026-09-02,2026-09-02,Plumbing Service,Tub/Shower Stop,Completed,Account,Work Order,92037,368.00,TRUE,2026,3,September,2026,3,September,36
977470164,2026-09-02,,Plumbing Install,,,,,92019,179.88,TRUE,2026,3,September,,,,
980492748,2026-09-02,,HVAC Service,Diagnosis,Scheduled,Google LSA,Google Local Services,92104,0.00,TRUE,2026,3,September,,,,
981674805,2026-09-02,2026-09-02,Plumbing Service,PRV,Completed,Email,Legacy Email Marketing Multiple Offers,92091,0.00,TRUE,2026,3,September,2026,3,September,36
983057720,2026-09-02,2026-09-02,Plumbing Service,Plumbing Service,Completed,PPC,Google | Search | Brand,92091,1953.00,TRUE,2026,3,September,2026,3,September,36
98485841,2026-09-02,2026-09-03,Plumbing Sales,Plumbing Estimate,Completed,Branded Phone Number,Local 619,92106,0.00,TRUE,2026,3,September,2026,3,September,36
98485841,2026-09-02,2026-09-02,Plumbing Service,Drain Repair,Completed,Branded Phone Number,Local 619,92106,0.00,TRUE,2026,3,September,2026,3,September,36
98491083,2026-09-02,2026-08-28,Plumbing Service,Water Filtration Repair,Completed,PPC,Google | Search | Brand,92129,0.00,TRUE,2026,3,September,2026,3,August,35
100626568,2026-09-03,,HVAC Maintenance,,,,,92020,0.00,TRUE,2026,3,September,,,,
100705899,2026-09-03,2026-09-02,HVAC Install,Full System Install,Completed,Google Business Profiles,GMB_SanDiego,92064,0.00,TRUE,2026,3,September,2026,3,September,36
101852640,2026-09-03,2026-09-03,Plumbing Sales,Plumbing Estimate,Completed,Yelp,Yelp,92110,0.00,TRUE,2026,3,September,2026,3,September,36
1036320322,2026-09-03,,Plumbing Service,Drain Repair,Scheduled,PPC,Google | PMAX | Plumbing,92121,1180.00,TRUE,2026,3,September,,,,
1036320322,2026-09-03,,Plumbing Service,Drain Repair,Scheduled,PPC,Google | PMAX | Plumbing,92121,2832.00,TRUE,2026,3,September,,,,
1037690442,2026-09-03,2026-08-26,HVAC Service,Hvac Recall/Warranty,Completed,PPC,Google | Search | Brand,92037,0.00,TRUE,2026,3,September,2026,3,August,35
1038807370,2026-09-03,2026-09-03,Plumbing Service,Urinal Leak,Completed,Google LSA,Google Local Services,92121,0.00,FALSE,2026,3,September,2026,3,September,36
1066016554,2026-09-03,2026-09-03,Plumbing Service,Tub/Shower Faucet,Completed,Branded Phone Number,Local 619,92107,453.00,TRUE,2026,3,September,2026,3,September,36
1071568608,2026-09-03,2026-09-04,Plumbing Service,Toilet Leak,Completed,Direct Mail,2025 New Customer Welcome Direct Mail,92128,0.00,TRUE,2026,3,September,2026,3,September,36
1071568608,2026-09-03,2026-09-04,Restoration EMS,EMS Estimate,Completed,Direct Mail,2025 New Customer Welcome Direct Mail,92128,0.00,FALSE,2026,3,September,2026,3,September,36
1071909852,2026-09-03,2026-09-03,Plumbing Service,Reset Toilet,Completed,Branded Phone Number,Local 619,92109,0.00,TRUE,2026,3,September,2026,3,September,36
1073106984,2026-09-03,2026-09-01,Plumbing Service,Drain Repair,Completed,Google Business Profiles,GMB_SanDiego,92130,0.00,FALSE,2026,3,September,2026,3,September,36
1077428234,2026-09-03,,Plumbing Service,Angle Stop,Hold,Yelp,Yelp,92075,396.00,TRUE,2026,3,September,,,,
1077467301,2026-09-03,2026-09-04,Plumbing Service,PRV,Completed,Organic Search,DuckDuckGo Organic,92127,1697.00,TRUE,2026,3,September,2026,3,September,36
1078657341,2026-09-03,2026-09-03,Plumbing Sales,Drain Estimate,Completed,Direct Web Traffic,Direct Web Traffic,92075,0.00,FALSE,2026,3,September,2026,3,September,36
1079006507,2026-09-03,,Plumbing Service,Lavatory Faucet,Hold,Tech referral,Tech Referral,92008,1470.00,TRUE,2026,3,September,,,,
1103530987,2026-09-03,2026-09-03,Plumbing Sales,Job Walk,Completed,PPC,Google | Search | Brand,92071,0.00,FALSE,2026,3,September,2026,3,September,36
1104954059,2026-09-03,,Plumbing Service,Lavatory Stop,Scheduled,PPC,Google | Search | Brand,92115,0.00,TRUE,2026,3,September,,,,
1113567985,2026-09-03,2026-09-05,HVAC Sales,Hvac Tech Turnover Estimate,Canceled,Google LSA,Google Local Services,92124,0.00,TRUE,2026,3,September,2026,3,September,36
1116874214,2026-09-03,,Plumbing Service,Water Filtration Repair,Scheduled,Direct Web Traffic,Direct Web Traffic,92025,0.00,TRUE,2026,3,September,,,,
1116891102,2026-09-03,2026-08-31,HVAC Install,A/C New Install,Completed,Sameday AI,Sameday AI,92103,0.00,TRUE,2026,3,September,2026,3,August,36
1119059939,2026-09-03,2026-08-27,HVAC Install,Full System Install,Completed,Direct Web Traffic,Direct Web Traffic,92054,0.00,TRUE,2026,3,September,2026,3,August,35
1119610822,2026-09-03,2026-08-28,HVAC Install,Full System Install,Completed,Sameday AI,Sameday AI,92067,0.00,TRUE,2026,3,September,2026,3,August,35
1121309721,2026-09-03,2026-09-04,Plumbing Service,Plumbing Service,Completed,Google LSA,Google Local Services,92116,940.00,TRUE,2026,3,September,2026,3,September,36
1125559904,2026-09-03,,Plumbing Service,Backflow Repair,Hold,Yelp,Yelp,92131,0.00,FALSE,2026,3,September,,,,
1127181202,2026-09-03,,Lining Install - CA,Lining,Scheduled,Direct Web Traffic,Direct Web Traffic,92107,9000.00,TRUE,2026,3,September,,,,
1127526487,2026-09-03,,Plumbing Service,Tub/Shower Faucet,Scheduled,Google Business Profiles,GMB_SanDiego,92037,0.00,TRUE,2026,3,September,,,,
1130008132,2026-09-03,,Plumbing Sales,Jetting Estimate,Scheduled,Google Business Profiles,GMB_SanDiego,91901,0.00,TRUE,2026,3,September,,,,
1130194486,2026-09-03,2026-09-03,Plumbing Service,Mainline Stop,Completed,Google Business Profiles,GMB_SanDiego,92119,250.00,TRUE,2026,3,September,2026,3,September,36
1131175160,2026-09-03,,Plumbing Service,Lavatory Faucet,Scheduled,Branded Phone Number,Local 619,92130,0.00,TRUE,2026,3,September,,,,
1131195379,2026-09-03,,Lining Install - CA,Job Walk,Scheduled,Tech referral,Tech Referral,92091,0.00,FALSE,2026,3,September,,,,
1131195379,2026-09-03,,Lining Install - CA,Lining,Scheduled,Sameday AI,Sameday AI,92091,4000.00,TRUE,2026,3,September,,,,
1131195379,2026-09-03,,Plumbing Install,Drain Repipe/Reroute,Scheduled,Sameday AI,Sameday AI,92091,7500.00,TRUE,2026,3,September,,,,
1131239089,2026-09-03,2026-09-03,Plumbing Service,Mainline Stop,Completed,PPC,Google | PMAX | Drains,91914,0.00,FALSE,2026,3,September,2026,3,September,36
1131239089,2026-09-03,2026-09-03,Plumbing Service,Sewer Camera,Completed,PPC,Google | PMAX | Drains,91914,0.00,FALSE,2026,3,September,2026,3,September,36
1131277190,2026-09-03,,Plumbing Service,Sewer Camera,In Progress,Organic Search,Bing Organic,92084,450.00,TRUE,2026,3,September,,,,
1131281056,2026-09-03,,Lining Install - CA,Lining,Scheduled,Branded Phone Number,Local 619,92117,4500.00,TRUE,2026,3,September,,,,
1131311538,2026-09-03,2026-09-01,Plumbing Service,Upper/Lower Leak,Completed,Direct Web Traffic,Direct Web Traffic,92127,0.00,TRUE,2026,3,September,2026,3,September,36
1131864750,2026-09-03,2026-09-03,Plumbing Service,Angle Stop,Completed,Organic Search,Google Organic,91942,0.00,TRUE,2026,3,September,2026,3,September,36
1131899824,2026-09-03,,Lining Install - CA,Job Walk,Scheduled,PPC,Google | PMAX | Plumbing,92128,0.00,FALSE,2026,3,September,,,,
1131899824,2026-09-03,,Lining Install - CA,Lining,Scheduled,PPC,Google | PMAX | Plumbing,92128,22000.00,TRUE,2026,3,September,,,,
1131899824,2026-09-03,2026-09-03,Plumbing Service,Sewer Camera,Completed,PPC,Google | PMAX | Plumbing,92128,0.00,FALSE,2026,3,September,2026,3,September,36
1131948622,2026-09-03,,HVAC Sales,Hvac Tech Turnover Estimate,Scheduled,PPC,Google | Search | Competitor,92040,0.00,TRUE,2026,3,September,,,,
1132047839,2026-09-03,2026-09-04,Plumbing Service,Sewer Camera,Completed,Organic Search,Google Organic,92009,0.00,FALSE,2026,3,September,2026,3,September,36
1133364357,2026-09-03,,Lining Install - CA,Job Walk,Scheduled,Google LSA,Google Local Services,92020,0.00,FALSE,2026,3,September,,,,
1133364357,2026-09-03,,Lining Install - CA,Lining,Scheduled,Google LSA,Google Local Services,92020,17000.00,TRUE,2026,3,September,,,,
1133364357,2026-09-03,2026-09-04,Plumbing Service,Drain Repair,Completed,Google LSA,Google Local Services,92020,4189.00,TRUE,2026,3,September,2026,3,September,36
1133364357,2026-09-03,2026-09-03,Plumbing Service,Mainline Stop,Completed,Google LSA,Google Local Services,92020,0.00,TRUE,2026,3,September,2026,3,September,36
1133500400,2026-09-03,2026-09-04,Plumbing Service,Mainline Stop,Canceled,Google Business Profiles,GMB_SanDiego,92117,0.00,TRUE,2026,3,September,2026,3,September,36
1133500400,2026-09-03,2026-09-04,Plumbing Service,Sewer Camera,Completed,Google Business Profiles,GMB_SanDiego,92117,0.00,TRUE,2026,3,September,2026,3,September,36
1133500400,2026-09-03,2026-09-03,Plumbing Service,Tub/Shower Stop,Completed,Google Business Profiles,GMB_SanDiego,92117,175.00,TRUE,2026,3,September,2026,3,September,36
1133515712,2026-09-03,,HVAC Service,Diagnosis,Scheduled,Organic Search,Google Organic,92127,0.00,TRUE,2026,3,September,,,,
1133515712,2026-09-03,,Plumbing Service,Plumbing Service,Scheduled,Organic Search,Google Organic,92127,0.00,TRUE,2026,3,September,,,,
1133519687,2026-09-03,2026-09-04,Plumbing Service,Lavatory Faucet,Hold,Google Business Profiles,GMB_SanDiego,92128,1092.00,TRUE,2026,3,September,2026,3,September,36
1133519783,2026-09-03,2026-09-04,Plumbing Sales,Drain Estimate,Completed,Direct Web Traffic,Direct Web Traffic,92024,0.00,FALSE,2026,3,September,2026,3,September,36
1133519783,2026-09-03,2026-09-04,Plumbing Service,Area/Storm Drain,Completed,Direct Web Traffic,Direct Web Traffic,92024,477.00,TRUE,2026,3,September,2026,3,September,36
1133520081,2026-09-03,2026-09-03,Plumbing Service,Water Heater Repair - Residential,Completed,Google LSA,Google Local Services,92126,0.00,TRUE,2026,3,September,2026,3,September,36
1133528218,2026-09-03,2026-09-03,HVAC Service,Diagnosis,Canceled,Direct Web Traffic,Direct Web Traffic,91910,0.00,TRUE,2026,3,September,2026,3,September,36
1133528286,2026-09-03,2026-09-03,Plumbing Service,Kitchen Faucet,Completed,Organic Search,Google Organic,92111,175.00,TRUE,2026,3,September,2026,3,September,36
1133532331,2026-09-03,2026-09-03,HVAC Sales,HVAC Estimate,Completed,Google LSA,Google Local Services,92128,0.00,TRUE,2026,3,September,2026,3,September,36
1133535459,2026-09-03,2026-09-03,Plumbing Service,Slab Leak,Canceled,Direct Web Traffic,Direct Web Traffic,91977,0.00,TRUE,2026,3,September,2026,3,September,36
1133537967,2026-09-03,2026-09-03,Plumbing Service,Tub/Shower Faucet,Canceled,Branded Phone Number,A1-800-BILL HOWE,92056,0.00,TRUE,2026,3,September,2026,3,September,36
1133538602,2026-09-03,2026-09-04,Plumbing Service,Angle Stop,Completed,PPC,Google | Search | Brand,92101,0.00,TRUE,2026,3,September,2026,3,September,36
1133541881,2026-09-03,2026-09-03,Plumbing Sales,Plumbing Estimate,Completed,Email,Legacy Email Marketing Multiple Offers,92109,0.00,TRUE,2026,3,September,2026,3,September,36
1133542237,2026-09-03,,HVAC Service,Diagnosis,Scheduled,PPC,Google | Search | HVAC,91910,0.00,TRUE,2026,3,September,,,,
1133595897,2026-09-03,2026-09-04,Plumbing Service,Plumbing Service,Completed,Google Business Profiles,GMB_SanDiego,92037,287.00,TRUE,2026,3,September,2026,3,September,36
1133601338,2026-09-03,2026-09-04,Plumbing Service,Tub/Shower Faucet,Completed,Google LSA,Google Local Services,92123,0.00,TRUE,2026,3,September,2026,3,September,36
1133626975,2026-09-03,2026-09-04,Plumbing Service,Mainline Stop,Completed,PPC,Google | Search | Brand,92117,0.00,TRUE,2026,3,September,2026,3,September,36
1133631870,2026-09-03,2026-09-04,Plumbing Service,Lavatory Stop,Completed,Google Business Profiles,GMB_SanDiego,92123,0.00,TRUE,2026,3,September,2026,3,September,36
1133649713,2026-09-03,2026-09-04,Plumbing Sales,Repipe/Reroute Estimate,Canceled,PPC,Google | Search | Brand,92056,0.00,TRUE,2026,3,September,2026,3,September,36
1133653837,2026-09-03,,HVAC Sales,HVAC Estimate,Scheduled,Branded Phone Number,Local 619,92010,0.00,TRUE,2026,3,September,,,,
1133658930,2026-09-03,,Lining Install - CA,Sewer Camera,Scheduled,Direct Web Traffic,Direct Web Traffic,92110,0.00,TRUE,2026,3,September,,,,
1133667940,2026-09-03,,HVAC Service,Diagnosis,Scheduled,Google Business Profiles,GMB_SanDiego,92025,0.00,TRUE,2026,3,September,,,,
1133683951,2026-09-03,,HVAC Sales,HVAC Estimate,Scheduled,PPC,Google | PMAX | HVAC,91915,0.00,TRUE,2026,3,September,,,,
1133684747,2026-09-03,2026-09-04,Plumbing Service,Pipe Leak,Canceled,Google Business Profiles,GMB_SanDiego,92117,0.00,TRUE,2026,3,September,2026,3,September,36
1133685224,2026-09-03,,Lining Install - CA,Lining Estimate,Hold,Google Business Profiles,GMB_SanDiego,92105,0.00,TRUE,2026,3,September,,,,
1133692263,2026-09-03,2026-09-04,Plumbing Service,Slab Leak,Completed,PPC,Google | PMAX | Drains,92103,0.00,TRUE,2026,3,September,2026,3,September,36
1133694695,2026-09-03,2026-09-04,Plumbing Service,Kitchen Stop,Completed,PPC,Google | Search | Brand,92111,0.00,FALSE,2026,3,September,2026,3,September,36
1133696873,2026-09-03,2026-09-04,Plumbing Service,Slab Leak,Completed,Google Business Profiles,GMB_Poway,92026,0.00,FALSE,2026,3,September,2026,3,September,36
1133697470,2026-09-03,2026-09-03,HVAC Service,A/C Repair,Completed,PPC,Google | Search | Brand,92128,696.14,TRUE,2026,3,September,2026,3,September,36
1133714934,2026-09-03,2026-09-04,Plumbing Service,Plumbing Service,Canceled,PPC,Google | Search | Plumbing,92119,0.00,TRUE,2026,3,September,2026,3,September,36
1133716953,2026-09-03,2026-09-04,Plumbing Service,Plumbing Service,Completed,Google Business Profiles,GMB_SanDiego,92111,265.00,TRUE,2026,3,September,2026,3,September,36
1133719106,2026-09-03,2026-09-04,Plumbing Service,Pipe Leak,Completed,Direct Web Traffic,Direct Web Traffic,92037,0.00,TRUE,2026,3,September,2026,3,September,36
1133720470,2026-09-03,2026-09-03,Plumbing Service,Slab Leak,Completed,Google Business Profiles,GMB_SanDiego,92025,250.00,TRUE,2026,3,September,2026,3,September,36
120652,2026-09-03,2026-09-04,Plumbing Service,Plumbing Service,Completed,Tech referral,Tech Referral,92111,629.96,TRUE,2026,3,September,2026,3,September,36
177301,2026-09-03,,Plumbing Maintenance,,,,,92120,0.00,TRUE,2026,3,September,,,,
214319,2026-09-03,,HVAC Service,A/C Repair,Scheduled,Google Business Profiles,GMB_SanDiego,92122,458.28,TRUE,2026,3,September,,,,
248645899,2026-09-03,2026-09-04,Plumbing Service,Drain Repair,Completed,PPC,Google | Search | Brand,92091,102.00,TRUE,2026,3,September,2026,3,September,36
265536757,2026-09-03,,HVAC Maintenance,Recurring Services: B.F.P. Hvac Maintenance,Scheduled,,Memberships due for Service,91902,0.00,TRUE,2026,3,September,,,,
266023073,2026-09-03,2026-08-10,HVAC Install,Hvac Recall/Warranty,Completed,Branded Phone Number,A1-800-BILL HOWE,92131,-2778.17,FALSE,2026,3,September,2026,3,August,33
266176952,2026-09-03,2026-09-01,Plumbing Service,Disposal,Completed,Google Business Profiles,GMB_SanDiego,92101,0.00,TRUE,2026,3,September,2026,3,September,36
266372404,2026-09-03,,Plumbing Install,Tankless Install,Scheduled,PPC,Google | Search | Plumbing,91932,9695.00,TRUE,2026,3,September,,,,
268768947,2026-09-03,2026-09-04,Plumbing Service,Gas Lock Out,Completed,PPC,Google | Search | Brand,92111,0.00,FALSE,2026,3,September,2026,3,September,36
273926030,2026-09-03,2026-09-04,Plumbing Service,Urinal Stop,Completed,PPC,Google | Search | HVAC,92126,0.00,FALSE,2026,3,September,2026,3,September,36
275689281,2026-09-03,,HVAC Install,A/C New Install,Hold,Branded Phone Number,Local 619,92101,11189.98,TRUE,2026,3,September,,,,
278157015,2026-09-03,2026-09-04,Plumbing Sales,Job Walk,Completed,PPC,Google | Search | Brand,92064,0.00,FALSE,2026,3,September,2026,3,September,36
278157015,2026-09-03,,Plumbing Service,Slab Leak,Hold,PPC,Google | Search | Brand,92064,3590.00,TRUE,2026,3,September,,,,
282102161,2026-09-03,,Plumbing Service,Hose Bib,Hold,,Memberships due for Service,92110,0.00,TRUE,2026,3,September,,,,
283053089,2026-09-03,2026-09-03,HVAC Service,Hvac Recall/Warranty,Completed,PPC,Google | PMAX | Drains - Vegas,92128,0.00,TRUE,2026,3,September,2026,3,September,36
283292701,2026-09-03,2026-09-04,Plumbing Service,Drain Repair,Completed,Organic Search,Google Organic,92021,0.00,TRUE,2026,3,September,2026,3,September,36
284359595,2026-09-03,2026-09-03,Plumbing Service,Plumbing Service,Completed,Branded Phone Number,Local 619,92127,0.00,TRUE,2026,3,September,2026,3,September,36
285131924,2026-09-03,2026-09-03,Plumbing Service,Dishwasher,Completed,Branded Phone Number,A1-800-BILL HOWE,92064,102.00,TRUE,2026,3,September,2026,3,September,36
290065744,2026-09-03,2026-09-03,Plumbing Service,Toilet Stop,Completed,Branded Phone Number,Local 619,91911,0.00,TRUE,2026,3,September,2026,3,September,36
291242309,2026-09-03,,Plumbing Sales,Plumbing Estimate,Scheduled,Email,Legacy Email Marketing Multiple Offers,92075,0.00,TRUE,2026,3,September,,,,
296137235,2026-09-03,2026-09-04,Plumbing Service,Floor Drain Stop,Completed,Branded Phone Number,A1-800-BILL HOWE,92069,93.84,TRUE,2026,3,September,2026,3,September,36
297705254,2026-09-03,2026-09-03,Plumbing Service,Toilet Stop,Completed,Google Business Profiles,GMB_Poway,92064,102.00,TRUE,2026,3,September,2026,3,September,36
299631252,2026-09-03,2026-09-03,Plumbing Service,Combo,Canceled,Organic Search,Google Organic,92119,0.00,TRUE,2026,3,September,2026,3,September,36
301083435,2026-09-03,2026-09-04,Plumbing Service,Tub/Shower Faucet,Completed,Branded Phone Number,Local 619,92130,210.00,TRUE,2026,3,September,2026,3,September,36
307596067,2026-09-03,,HVAC Service,Diagnosis,Scheduled,Email,Legacy Email Marketing Multiple Offers,91913,0.00,TRUE,2026,3,September,,,,
31537808,2026-09-03,,Plumbing Service,Tankless Service,Scheduled,Branded Phone Number,Local 619,92075,0.00,FALSE,2026,3,September,,,,
31543670,2026-09-03,2026-09-04,Plumbing Service,PRV,Completed,Website,Email Contact Form,91913,828.92,TRUE,2026,3,September,2026,3,September,36
31547230,2026-09-03,2026-09-03,Plumbing Sales,Drain Estimate,Completed,Branded Phone Number,A1-800-BILL HOWE,92110,0.00,FALSE,2026,3,September,2026,3,September,36
31547653,2026-09-03,2026-08-17,Plumbing Install,Water Heater Install - Residential,Completed,Branded Phone Number,Local 619,92106,0.00,TRUE,2026,3,September,2026,3,August,34
31557960,2026-09-03,2026-09-04,Lining Install - CA,Jetting- Residential,Canceled,Branded Phone Number,Local 619,92037,0.00,TRUE,2026,3,September,2026,3,September,36
31557960,2026-09-03,2026-09-04,Lining Install - CA,Job Walk,Completed,Branded Phone Number,Local 619,92037,0.00,FALSE,2026,3,September,2026,3,September,36
31557960,2026-09-03,,Lining Install - CA,Lining,Scheduled,Branded Phone Number,Local 619,92037,18000.00,TRUE,2026,3,September,,,,
31563543,2026-09-03,2026-09-03,Plumbing Sales,Plumbing Estimate,Completed,Website,Website Phone Calls,92101,0.00,TRUE,2026,3,September,2026,3,September,36
31563858,2026-09-03,2026-09-03,HVAC Service,Hvac Recall/Warranty,Completed,PPC,Google | PMAX | HVAC,92109,0.00,TRUE,2026,3,September,2026,3,September,36
31564740,2026-09-03,2026-09-04,Plumbing Sales,Plumbing Estimate,Completed,PPC,Google | Search | Brand,92122,0.00,TRUE,2026,3,September,2026,3,September,36
31564788,2026-09-03,,Plumbing Service,Sewer Camera,Hold,Email,Legacy Email Marketing Multiple Offers,92124,0.00,TRUE,2026,3,September,,,,
31565453,2026-09-03,,Plumbing Service,Kitchen Stop,Hold,Google Business Profiles,GMB_SanDiego,92117,0.00,TRUE,2026,3,September,,,,
31567572,2026-09-03,2026-09-04,Plumbing Service,Pipe Leak,Completed,Website,Email Contact Form,91945,880.00,TRUE,2026,3,September,2026,3,September,36
31572703,2026-09-03,2026-09-03,Plumbing Service,Kitchen Stop,Completed,PPC,Google | Search | Brand,92109,187.68,TRUE,2026,3,September,2026,3,September,36
31573108,2026-09-03,,Plumbing Maintenance,Recurring Services: Backflow Test,Scheduled,Direct Web Traffic,Direct Web Traffic,92103,0.00,TRUE,2026,3,September,,,,
31574200,2026-09-03,,Plumbing Maintenance,Water Heater Flush,Scheduled,Organic Search,Chat - Service Titan,92131,0.00,TRUE,2026,3,September,,,,
31595254,2026-09-03,2026-09-03,Plumbing Sales,Jetting Estimate,Canceled,Google LSA,Google Local Services,92105,0.00,TRUE,2026,3,September,2026,3,September,36
31598852,2026-09-03,,Lining Install - CA,Sewer Camera,Hold,Branded Phone Number,Local 619,92116,0.00,TRUE,2026,3,September,,,,
31598852,2026-09-03,2026-09-03,Plumbing Service,Plumbing Service,Completed,Branded Phone Number,Local 619,92116,0.00,FALSE,2026,3,September,2026,3,September,36
31599682,2026-09-03,,Restoration EMS,EMS Estimate,Hold,Direct Web Traffic,Direct Web Traffic,92130,0.00,TRUE,2026,3,September,,,,
31600598,2026-09-03,,HVAC Maintenance,,,,,92119,179.88,TRUE,2026,3,September,,,,
31604746,2026-09-03,,Plumbing Service,Angle Stop,Scheduled,Branded Phone Number,Local 619,92121,0.00,FALSE,2026,3,September,,,,
31604746,2026-09-03,2026-09-03,Plumbing Service,Lavatory Faucet,Completed,Branded Phone Number,Local 619,92121,0.00,TRUE,2026,3,September,2026,3,September,36
31606656,2026-09-03,2026-09-04,Plumbing Service,Hose Bib,Canceled,PPC,Google | Search | Plumbing,92128,0.00,TRUE,2026,3,September,2026,3,September,36
31607410,2026-09-03,,Plumbing Sales,Plumbing Estimate,Scheduled,PPC,Google | Search | Brand,92130,0.00,TRUE,2026,3,September,,,,
31608172,2026-09-03,2026-09-04,Plumbing Service,Drain Repair,Completed,Google Business Profiles,GMB_SanDiego,92109,288.00,TRUE,2026,3,September,2026,3,September,36
31619651,2026-09-03,2026-08-31,HVAC Install,Hvac Recall/Warranty,Completed,Outbound SMS,ST Outbound Text Lines,92024,0.00,TRUE,2026,3,September,2026,3,August,36
31622991,2026-09-03,2026-09-03,Plumbing Service,Plumbing Service,Completed,Google LSA,Google Local Services,92037,447.00,TRUE,2026,3,September,2026,3,September,36
31625158,2026-09-03,,Plumbing Install,,,,,92122,179.88,TRUE,2026,3,September,,,,
31634820,2026-09-03,2026-09-03,Plumbing Sales,Plumbing Estimate,Completed,PPC,Google | Search | Brand,92107,0.00,TRUE,2026,3,September,2026,3,September,36
31639019,2026-09-03,2026-09-03,Plumbing Service,Lavatory Stop,Completed,Branded Phone Number,A1-800-BILL HOWE,92037,437.50,TRUE,2026,3,September,2026,3,September,36
31639019,2026-09-03,2026-09-04,Plumbing Service,Toilet Leak,Completed,Branded Phone Number,A1-800-BILL HOWE,92037,268.64,TRUE,2026,3,September,2026,3,September,36
31640520,2026-09-03,,Plumbing Service,Drywall,Hold,Google Business Profiles,GMB_SanDiego,92019,0.00,TRUE,2026,3,September,,,,
31645205,2026-09-03,2026-09-04,Plumbing Service,Tub/Shower Stop,Completed,Branded Phone Number,Local 619,92127,144.00,TRUE,2026,3,September,2026,3,September,36
31648836,2026-09-03,,HVAC Install,Full System Install,Hold,Google Business Profiles,GMB_SanDiego,92101,18534.41,TRUE,2026,3,September,,,,
31651405,2026-09-03,2026-09-04,Plumbing Service,Upper/Lower Leak,Completed,PPC,Google | PMAX | Drains,92131,500.65,TRUE,2026,3,September,2026,3,September,36
31660260,2026-09-03,2026-09-01,Plumbing Install,Water Filtration Install,Completed,Branded Phone Number,Local 619,92154,0.00,TRUE,2026,3,September,2026,3,September,36
31661389,2026-09-03,2026-09-03,Plumbing Service,Leak Below Kitchen,Completed,Google LSA,Google Local Services,92129,780.00,TRUE,2026,3,September,2026,3,September,36
31661389,2026-09-03,2026-09-04,Plumbing Service,Water Filtration Repair,Completed,Google LSA,Google Local Services,92129,0.00,TRUE,2026,3,September,2026,3,September,36
31661389,2026-09-03,2026-09-04,Restoration EMS,EMS Estimate,Completed,Google LSA,Google Local Services,92129,0.00,FALSE,2026,3,September,2026,3,September,36
31664116,2026-09-03,,Plumbing Maintenance,,,,,92037,179.88,TRUE,2026,3,September,,,,
31669183,2026-09-03,2026-09-03,Plumbing Service,Water Heater Repair - Residential,Completed,Branded Phone Number,Local 619,91902,0.00,TRUE,2026,3,September,2026,3,September,36
31671619,2026-09-03,2026-08-31,HVAC Install,Hvac Recall/Warranty,Completed,Google Business Profiles,GMB_SanDiego,92128,0.00,TRUE,2026,3,September,2026,3,August,36
31676232,2026-09-03,,Plumbing Maintenance,Recurring Services: Backflow Test,Scheduled,Google Business Profiles,GMB_SanDiego,92101,0.00,TRUE,2026,3,September,,,,
31676232,2026-09-03,2026-09-03,Plumbing Maintenance,Recurring Services: Backflow Test,Canceled,Google Business Profiles,GMB_SanDiego,92101,0.00,TRUE,2026,3,September,2026,3,September,36
31681467,2026-09-03,2026-01-23,Plumbing Service,Kitchen Stop,Completed,Branded Phone Number,A1-800-BILL HOWE,92108,0.42,TRUE,2026,3,September,2026,1,January,4
31683938,2026-09-03,,HVAC Service,,,,,92037,179.88,TRUE,2026,3,September,,,,
31685833,2026-09-03,2026-09-04,Plumbing Sales,Plumbing Estimate,Completed,Branded Phone Number,A1-800-BILL HOWE,92106,0.00,FALSE,2026,3,September,2026,3,September,36
31685833,2026-09-03,,Plumbing Service,Plumbing Service,In Progress,Branded Phone Number,A1-800-BILL HOWE,92106,6000.00,TRUE,2026,3,September,,,,
31690453,2026-09-03,2026-09-03,Plumbing Sales,Tankless Estimate,Canceled,Branded Phone Number,Local 619,91902,0.00,TRUE,2026,3,September,2026,3,September,36
31692778,2026-09-03,,HVAC Sales,HVAC Estimate,Scheduled,Organic Search,Google Organic,92037,0.00,TRUE,2026,3,September,,,,
31692778,2026-09-03,2026-08-28,HVAC Service,Diagnosis,Completed,Organic Search,Google Organic,92037,-87.00,TRUE,2026,3,September,2026,3,August,35
31695033,2026-09-03,2026-09-05,HVAC Sales,Hvac Tech Turnover Estimate,Canceled,Branded Phone Number,Local 619,92037,0.00,TRUE,2026,3,September,2026,3,September,36
31696121,2026-09-03,2026-09-04,Plumbing Service,Tub/Shower Faucet,Completed,Email,Legacy Email Marketing Multiple Offers,92037,0.00,FALSE,2026,3,September,2026,3,September,36
31696999,2026-09-03,,Plumbing Service,Angle Stop,Scheduled,Branded Phone Number,A1-800-BILL HOWE,92110,0.00,TRUE,2026,3,September,,,,
31700142,2026-09-03,2026-09-03,Plumbing Service,Kitchen Stop,Completed,PPC,Bing | Search | Brand,92071,0.00,TRUE,2026,3,September,2026,3,September,36
31701115,2026-09-03,,Plumbing Maintenance,Recurring Services: Backflow Test,Scheduled,Branded Phone Number,Local 619,92121,0.00,TRUE,2026,3,September,,,,
31713712,2026-09-03,2026-09-04,Plumbing Service,Hose Bib,Completed,PPC,Google | Search | Brand,92104,524.00,TRUE,2026,3,September,2026,3,September,36
31714809,2026-09-03,2026-08-28,HVAC Service,Hvac Recall/Warranty,Completed,Google Business Profiles,GMB_SanDiego,92123,0.00,TRUE,2026,3,September,2026,3,August,35
31716519,2026-09-03,,Plumbing Maintenance,Backflow Test,Scheduled,PPC,Google | Search | Brand,92037,0.00,TRUE,2026,3,September,,,,
31716729,2026-09-03,2026-09-03,Plumbing Service,Combo,Completed,Tech referral,Tech Referral,92108,0.00,TRUE,2026,3,September,2026,3,September,36
31720146,2026-09-03,2026-09-03,Plumbing Service,Plumbing Service,Canceled,Direct Web Traffic,Direct Web Traffic,92119,0.00,TRUE,2026,3,September,2026,3,September,36
31721247,2026-09-03,,HVAC Maintenance,Preventative Maintenance,Hold,PPC,Google | Search | HVAC,91950-5003,0.00,TRUE,2026,3,September,,,,
31721858,2026-09-03,,Plumbing Service,Tub/Shower Faucet,Scheduled,Branded Phone Number,A1-800-BILL HOWE,92037,0.00,TRUE,2026,3,September,,,,
31723049,2026-09-03,2026-09-04,HVAC Sales,HVAC Estimate,Completed,Branded Phone Number,Local 619,92130,0.00,TRUE,2026,3,September,2026,3,September,36
31726556,2026-09-03,2026-09-01,HVAC Service,A/C Repair,Completed,Branded Phone Number,Local 619,92027,0.00,TRUE,2026,3,September,2026,3,September,36
31727681,2026-09-03,2026-09-02,HVAC Install,A/C New Install,Completed,PPC,Google | Search | Brand,92024,0.00,TRUE,2026,3,September,2026,3,September,36
31729465,2026-09-03,2026-09-05,HVAC Sales,Hvac Tech Turnover Estimate,Completed,Branded Phone Number,Local 619,92118,0.00,TRUE,2026,3,September,2026,3,September,36
31729465,2026-09-03,2026-09-03,HVAC Service,Diagnosis,Completed,Branded Phone Number,Local 619,92118,0.00,TRUE,2026,3,September,2026,3,September,36
31729504,2026-09-03,2026-09-04,Plumbing Sales,Drain Estimate,Completed,Branded Phone Number,Local 619,92084,186.94,TRUE,2026,3,September,2026,3,September,36
31729504,2026-09-03,2026-09-03,Plumbing Service,"KFM247, LTD",Completed,Branded Phone Number,Local 619,92084,421.00,TRUE,2026,3,September,2026,3,September,36
31729504,2026-09-03,2026-08-17,Plumbing Service,Mainline Stop,Completed,Branded Phone Number,Local 619,91942,-250.00,TRUE,2026,3,September,2026,3,August,34
31729818,2026-09-03,2026-09-04,Plumbing Sales,Jetting Estimate,Completed,Branded Phone Number,A1-800-BILL HOWE,92130,0.00,FALSE,2026,3,September,2026,3,September,36
31731370,2026-09-03,2026-09-03,Plumbing Maintenance,Backflow Repair,Canceled,Branded Phone Number,Local 619,92064,0.00,TRUE,2026,3,September,2026,3,September,36
31731370,2026-09-03,,Plumbing Service,Backflow Repair,Scheduled,Branded Phone Number,Local 619,92064,478.00,TRUE,2026,3,September,,,,
31731400,2026-09-03,2026-09-04,Lining Install - CA,Lining Estimate,Completed,Yelp,Yelp,91932,0.00,TRUE,2026,3,September,2026,3,September,36
31732130,2026-09-03,,HVAC Service,Diagnosis,Scheduled,PPC,Google | PMAX | Plumbing,92037,0.00,TRUE,2026,3,September,,,,
31732401,2026-09-03,,Plumbing Service,Area/Storm Drain,Scheduled,Google LSA,Google Local Services,92124,0.00,TRUE,2026,3,September,,,,
31732772,2026-09-03,,Plumbing Sales,Job Walk,In Progress,Uncategorized,Uncategorized,91911,0.00,FALSE,2026,3,September,,,,
334207312,2026-09-03,2026-09-04,Lining Install - CA,Lining Estimate,Completed,Google LSA,Google Local Services,92111,0.00,TRUE,2026,3,September,2026,3,September,36
344102117,2026-09-03,2026-09-04,Plumbing Service,Slab Leak,Completed,Google Business Profiles,GMB_SanDiego,92102,0.00,FALSE,2026,3,September,2026,3,September,36
349268114,2026-09-03,,Plumbing Service,Kitchen Faucet,Hold,Branded Phone Number,Local 619,92064,2200.00,TRUE,2026,3,September,,,,
349491914,2026-09-03,2026-09-03,Plumbing Install,Water Heater Install - Residential,Completed,Direct Web Traffic,Direct Web Traffic,92078,6400.00,TRUE,2026,3,September,2026,3,September,36
349491914,2026-09-03,2026-09-03,Plumbing Service,Water Heater Repair - Residential,Completed,Direct Web Traffic,Direct Web Traffic,92078,0.00,FALSE,2026,3,September,2026,3,September,36
350337531,2026-09-03,2026-09-04,Plumbing Service,Pipe Leak,Completed,Yelp,Yelp,92037,1795.00,TRUE,2026,3,September,2026,3,September,36
350337531,2026-09-03,2026-09-03,Plumbing Service,Slab Leak,Completed,Yelp,Yelp,92037,0.00,FALSE,2026,3,September,2026,3,September,36
351960088,2026-09-03,2026-09-04,Plumbing Service,Toilet Leak,Completed,PPC,Google | Search | Brand,92131,1276.80,TRUE,2026,3,September,2026,3,September,36
351960088,2026-09-03,,Restoration EMS,EMS Estimate,Hold,PPC,Google | Search | Brand,92131,0.00,TRUE,2026,3,September,,,,
358497176,2026-09-03,2026-08-26,Plumbing Install,Water Heater Install - Residential,Completed,Google LSA,Google Local Services,91941,0.00,TRUE,2026,3,September,2026,3,August,35
368986103,2026-09-03,2026-09-04,Plumbing Service,Plumbing Service,Completed,,Memberships due for Service,92024,0.00,FALSE,2026,3,September,2026,3,September,36
369516026,2026-09-03,2026-09-04,Plumbing Service,Plumbing Service,Completed,Direct Web Traffic,Direct Web Traffic,92121,692.76,TRUE,2026,3,September,2026,3,September,36
370600199,2026-09-03,,Plumbing Sales,Water Filtration Estimate,Scheduled,CSR Outbound,$1 OUTBOUND (use this for out-bounding),92154,0.00,TRUE,2026,3,September,,,,
374923045,2026-09-03,2026-09-02,HVAC Install,Full System Install,Completed,PPC,Google | Search | Brand,92101,0.00,TRUE,2026,3,September,2026,3,September,36
375770538,2026-09-03,2026-09-04,Plumbing Service,Lavatory Faucet,Completed,Google Business Profiles,GMB_SanDiego,92118,0.00,TRUE,2026,3,September,2026,3,September,36
380633267,2026-09-03,,Plumbing Maintenance,Recurring Services: Plumbing Inspection,Scheduled,,Memberships due for Service,92154,0.00,TRUE,2026,3,September,,,,
408182122,2026-09-03,2026-09-03,Plumbing Service,Tub/Shower Stop,Canceled,Organic Search,Google Organic,92101,0.00,TRUE,2026,3,September,2026,3,September,36
42268918,2026-09-03,2026-09-03,Plumbing Service,Upper/Lower Leak,Completed,Google Business Profiles,GMB_SanDiego,92101,85.00,TRUE,2026,3,September,2026,3,September,36
45889784,2026-09-03,2026-09-04,Plumbing Service,Mainline Stop,Canceled,Google Business Profiles,GMB_SanDiego,92119,0.00,TRUE,2026,3,September,2026,3,September,36
459733659,2026-09-03,,HVAC Maintenance,Preventative Maintenance,Scheduled,Direct Web Traffic,Direct Web Traffic,92119,0.00,TRUE,2026,3,September,,,,
460348796,2026-09-03,2026-09-04,Plumbing Service,Water Heater Repair - Residential,Completed,Google Business Profiles,GMB_SanDiego,92126,0.00,FALSE,2026,3,September,2026,3,September,36
46286618,2026-09-03,2026-09-01,HVAC Install,Full System Install,Completed,Branded Phone Number,A1-800-BILL HOWE,92122,0.00,TRUE,2026,3,September,2026,3,September,36
465214740,2026-09-03,2026-09-04,Plumbing Sales,Water Heater Estimate - Residential,Completed,Branded Phone Number,Local 619,92040,0.00,FALSE,2026,3,September,2026,3,September,36
467728975,2026-09-03,,Plumbing Service,Disposal,Hold,Branded Phone Number,Local 619,92064,0.00,FALSE,2026,3,September,,,,
473079616,2026-09-03,2026-06-26,Plumbing Service,Mainline Stop,Completed,Google Business Profiles,GMB_SanDiego,92123,-175.00,TRUE,2026,3,September,2026,2,June,26
474565169,2026-09-03,,HVAC Service,Diagnosis,Scheduled,Branded Phone Number,Local 619,92130,0.00,TRUE,2026,3,September,,,,
476733635,2026-09-03,2026-09-03,HVAC Sales,HVAC Estimate,Completed,Branded Phone Number,Local 619,92118,0.00,TRUE,2026,3,September,2026,3,September,36
481149053,2026-09-03,2026-09-03,Plumbing Sales,Drain Estimate,Completed,Direct Web Traffic,Direct Web Traffic,92104,0.00,FALSE,2026,3,September,2026,3,September,36
483955361,2026-09-03,,Plumbing Service,Backflow Repair,Scheduled,Google LSA,Google Local Services,92104,0.00,FALSE,2026,3,September,,,,
483999280,2026-09-03,,Plumbing Service,Plumbing Service,Scheduled,Google Business Profiles,GMB_SanDiego,92037,3619.00,TRUE,2026,3,September,,,,
484024886,2026-09-03,2026-09-03,Plumbing Service,Toilet Leak,Completed,Branded Phone Number,A1-800-BILL HOWE,91910,0.00,FALSE,2026,3,September,2026,3,September,36
49385151,2026-09-03,,Plumbing Sales,Plumbing Estimate,Scheduled,,Memberships due for Service,92024,0.00,TRUE,2026,3,September,,,,
49638826,2026-09-03,,Plumbing Service,Tub/Shower Stop,Scheduled,PPC,Bing | Search | Brand,92123,0.00,TRUE,2026,3,September,,,,
50396028,2026-09-03,,HVAC Maintenance,Preventative Maintenance,Scheduled,Branded Phone Number,A1-800-BILL HOWE,92075,0.00,TRUE,2026,3,September,,,,
50396028,2026-09-03,2026-09-04,Plumbing Sales,Water Heater Estimate - Residential,Completed,Branded Phone Number,A1-800-BILL HOWE,92075,0.00,FALSE,2026,3,September,2026,3,September,36
50477971,2026-09-03,2026-09-02,Plumbing Service,PRV,Completed,Branded Phone Number,A1-800-BILL HOWE,92037,0.00,TRUE,2026,3,September,2026,3,September,36
52810610,2026-09-03,,Plumbing Maintenance,Recurring Services: Plumbing Inspection,Scheduled,CSR Outbound,$1 OUTBOUND (use this for out-bounding),92037,0.00,TRUE,2026,3,September,,,,
54436449,2026-09-03,2026-09-04,Plumbing Service,Toilet Leak,Completed,PPC,Google | Search | Brand,92129,265.00,TRUE,2026,3,September,2026,3,September,36
59089600,2026-09-03,2026-09-02,Plumbing Service,Plumbing Service,Completed,Google Business Profiles,GMB_SanDiego,92064,0.00,TRUE,2026,3,September,2026,3,September,36
59724517,2026-09-03,2026-09-04,Plumbing Install,Toilet Install,Completed,PPC,Google | Search | Brand,92067,0.00,TRUE,2026,3,September,2026,3,September,36
62304199,2026-09-03,2026-08-28,HVAC Install,A/C New Install,Completed,Google Business Profiles,GMB_SanDiego,92118,0.00,TRUE,2026,3,September,2026,3,August,35
62304199,2026-09-03,,HVAC Service,Hvac Recall/Warranty,In Progress,Google Business Profiles,GMB_SanDiego,92118,0.00,TRUE,2026,3,September,,,,
63587312,2026-09-03,,Plumbing Maintenance,,,,,91932,14.99,TRUE,2026,3,September,,,,
63867479,2026-09-03,2026-09-01,Plumbing Service,Angle Stop,Completed,PPC,Google | Search | Brand,92103,0.00,TRUE,2026,3,September,2026,3,September,36
64435944,2026-09-03,2026-09-03,Plumbing Service,Kitchen Stop,Completed,PPC,Google | Search | Plumbing,92110,0.00,TRUE,2026,3,September,2026,3,September,36
64443139,2026-09-03,,Plumbing Service,Mainline Stop,Hold,Google LSA,Google Local Services,92117,0.00,TRUE,2026,3,September,,,,
65700099,2026-09-03,2026-08-31,Plumbing Service,Jetting- Residential,Completed,Branded Phone Number,Local 619,92106,0.00,TRUE,2026,3,September,2026,3,August,36
669687407,2026-09-03,2026-09-04,Plumbing Sales,Drain Estimate,Completed,Google Business Profiles,GMB_SanDiego,92101,0.00,FALSE,2026,3,September,2026,3,September,36
669687407,2026-09-03,2026-09-03,Plumbing Service,Kitchen Stop,Completed,Google Business Profiles,GMB_SanDiego,92101,0.00,FALSE,2026,3,September,2026,3,September,36
671196398,2026-09-03,,Plumbing Service,Area/Storm Drain,Scheduled,Organic Search,Google Organic,91941,0.00,TRUE,2026,3,September,,,,
673100566,2026-09-03,2026-08-31,HVAC Service,A/C Repair,Completed,Google Business Profiles,GMB_SanDiego,92131,0.00,TRUE,2026,3,September,2026,3,August,36
675063222,2026-09-03,,Plumbing Service,Drain Repair,Scheduled,PPC,Google | PMAX | Drains,92014,5200.00,TRUE,2026,3,September,,,,
677642799,2026-09-03,,Plumbing Maintenance,,,,,92117,0.00,TRUE,2026,3,September,,,,
677642799,2026-09-03,,Plumbing Maintenance,,,,,91950,179.88,TRUE,2026,3,September,,,,
677642799,2026-09-03,,Plumbing Maintenance,Recurring Services: B.F.P. Water Heater/Tankless Flush,Scheduled,CSR Outbound,$1 OUTBOUND (use this for out-bounding),91950,0.00,TRUE,2026,3,September,,,,
679513993,2026-09-03,,Plumbing Service,Drywall,Scheduled,External Referral,Referral,92129,4800.00,TRUE,2026,3,September,,,,
679513993,2026-09-03,2026-09-03,Plumbing Service,Drywall,Completed,External Referral,Referral,92129,4800.00,TRUE,2026,3,September,2026,3,September,36
683342668,2026-09-03,2026-08-17,Plumbing Service,Ice Maker Line,Completed,Organic Search,Bing Organic,91941,0.00,TRUE,2026,3,September,2026,3,August,34
683453007,2026-09-03,2026-09-01,HVAC Install,Full System Install,Completed,PPC,Google | Search | Plumbing,92078,0.00,TRUE,2026,3,September,2026,3,September,36
684635697,2026-09-03,2026-08-31,Plumbing Service,Laundry Stop,Completed,Branded Phone Number,Local 619,92103,0.00,TRUE,2026,3,September,2026,3,August,36
86457275,2026-09-03,,Plumbing Maintenance,,,,,92067,14.99,TRUE,2026,3,September,,,,
884843660,2026-09-03,,Plumbing Service,Sewer Camera,Scheduled,Google LSA,Google Local Services,92020,0.00,TRUE,2026,3,September,,,,
89719231,2026-09-03,2026-09-03,Plumbing Install,Water Heater Install - Residential,Completed,Branded Phone Number,A1-800-BILL HOWE,92130,3376.00,TRUE,2026,3,September,2026,3,September,36
901349673,2026-09-03,,HVAC Maintenance,,,,,92021,14.99,TRUE,2026,3,September,,,,
901420219,2026-09-03,2026-09-03,Plumbing Service,Toilet Stop,Canceled,PPC,Google | Search | Brand,92110,0.00,TRUE,2026,3,September,2026,3,September,36
901470494,2026-09-03,2026-09-03,Plumbing Install,Toilet Install,Completed,Tech referral,Tech Referral,92110,0.00,TRUE,2026,3,September,2026,3,September,36
901470494,2026-09-03,,Plumbing Service,Sewer Camera,Scheduled,Tech referral,Tech Referral,92110,0.00,TRUE,2026,3,September,,,,
902469128,2026-09-03,2026-08-07,HVAC Install,Full System Install,Completed,Direct Web Traffic,Direct Web Traffic,92117,21085.40,TRUE,2026,3,September,2026,3,August,32
903296276,2026-09-03,2026-09-01,HVAC Install,Re-Duct,Completed,Yelp,Yelp,92071,0.00,TRUE,2026,3,September,2026,3,September,36
92095723,2026-09-03,,Plumbing Service,Plumbing Service,Scheduled,Email,Legacy Email Marketing Multiple Offers,92008,0.00,TRUE,2026,3,September,,,,
92581600,2026-09-03,,Plumbing Service,Drywall,Scheduled,Branded Phone Number,A1-800-BILL HOWE,92040,0.00,FALSE,2026,3,September,,,,
92898015,2026-09-03,,HVAC Service,Diagnosis,Scheduled,Google Business Profiles,GMB_SanDiego,92154,0.00,TRUE,2026,3,September,,,,
93545031,2026-09-03,,HVAC Service,,,,,92020,179.88,TRUE,2026,3,September,,,,
95196324,2026-09-03,2026-09-03,Plumbing Install,Water Heater Install - Residential,Completed,Direct Web Traffic,Direct Web Traffic,92130,3492.00,TRUE,2026,3,September,2026,3,September,36
95196324,2026-09-03,2026-09-03,Plumbing Service,Water Heater Repair - Residential,Completed,Direct Web Traffic,Direct Web Traffic,92130,0.00,FALSE,2026,3,September,2026,3,September,36
95335092,2026-09-03,2026-09-03,Plumbing Service,Tub/Shower Stop,Completed,Google Business Profiles,GMB_SanDiego,92130,102.00,TRUE,2026,3,September,2026,3,September,36
96788441,2026-09-03,2026-09-04,HVAC Install,Hvac Recall/Warranty,Completed,PPC,Google | Search | Brand,92104,0.00,TRUE,2026,3,September,2026,3,September,36
979380109,2026-09-03,2026-08-31,Plumbing Service,Plumbing Service,Completed,PPC,Google | PMAX | Plumbing - Spanish,92131,0.00,TRUE,2026,3,September,2026,3,August,36
979490189,2026-09-03,2026-08-28,HVAC Install,Heater New Install,Completed,Google LSA,Google Local Services,92117,0.00,TRUE,2026,3,September,2026,3,August,35
100290432,2026-09-04,,HVAC Sales,HVAC Estimate,Scheduled,Google LSA,Google Local Services,92102,0.00,TRUE,2026,3,September,,,,
1040106797,2026-09-04,2026-09-05,HVAC Service,Hvac Recall/Warranty,Completed,Google LSA,Google Local Services,92078,0.00,TRUE,2026,3,September,2026,3,September,36
1049227558,2026-09-04,2026-09-04,Plumbing Service,Leak Below Kitchen,Completed,Branded Phone Number,A1-800-BILL HOWE,92101,0.00,TRUE,2026,3,September,2026,3,September,36
1071568608,2026-09-04,2026-09-04,Plumbing Service,Sewer Camera,Completed,Direct Mail,2025 New Customer Welcome Direct Mail,92128,0.00,FALSE,2026,3,September,2026,3,September,36
1071909852,2026-09-04,,Plumbing Service,Sewer Camera,Scheduled,Branded Phone Number,Local 619,92109,0.00,TRUE,2026,3,September,,,,
1071909852,2026-09-04,2026-09-04,Plumbing Service,Toilet Stop,Completed,Branded Phone Number,Local 619,92109,348.00,TRUE,2026,3,September,2026,3,September,36
1077428234,2026-09-04,,Plumbing Service,Pipe Leak,Hold,Yelp,Yelp,92075,0.00,TRUE,2026,3,September,,,,
1093196671,2026-09-04,,HVAC Install,Hvac Recall/Warranty,Hold,Branded Phone Number,A1-800-BILL HOWE,91941,0.00,TRUE,2026,3,September,,,,
1103053484,2026-09-04,,Plumbing Service,Pipe Leak,Scheduled,Direct Web Traffic,Direct Web Traffic,92126,0.00,FALSE,2026,3,September,,,,
1104733514,2026-09-04,,HVAC Maintenance,,,,,92119,14.99,TRUE,2026,3,September,,,,
1108520408,2026-09-04,2026-09-02,Plumbing Install,Water Filtration Install,Completed,Branded Phone Number,Local 619,92056,0.00,TRUE,2026,3,September,2026,3,September,36
1114948448,2026-09-04,2026-07-22,Plumbing Service,Plumbing Service,Completed,Branded Phone Number,Local 619,92103,-363.00,TRUE,2026,3,September,2026,3,July,30
1124698051,2026-09-04,,Plumbing Service,Drain Repair,Scheduled,Branded Phone Number,Local 619,92130,0.00,TRUE,2026,3,September,,,,
1125236200,2026-09-04,,Plumbing Install,Toilet Install,Scheduled,Yelp,Yelp,92130,776.00,TRUE,2026,3,September,,,,
1127181202,2026-09-04,,Lining Install - CA,Job Walk,Scheduled,Direct Web Traffic,Direct Web Traffic,92107,0.00,FALSE,2026,3,September,,,,
1127338078,2026-09-04,2026-09-06,Plumbing Install,Plumbing Install,Completed,PPC,Google | Search | Brand,92108,1866.00,TRUE,2026,3,September,2026,3,September,36
1127400034,2026-09-04,2026-08-21,Plumbing Service,Toilet Stop,Completed,Sameday AI,Sameday AI,92101,0.00,FALSE,2026,3,September,2026,3,August,34
1129222020,2026-09-04,,HVAC Sales,Hvac Tech Turnover Estimate,Scheduled,Direct Web Traffic,Direct Web Traffic,92126,0.00,TRUE,2026,3,September,,,,
1129290842,2026-09-04,,HVAC Sales,Hvac Tech Turnover Estimate,Scheduled,Email,Legacy Email Marketing Multiple Offers,92110,0.00,TRUE,2026,3,September,,,,
1129497035,2026-09-04,,Plumbing Service,Angle Stop,Scheduled,3rd Party Web Traffic,Yelp Referral Traffic,92118,0.00,TRUE,2026,3,September,,,,
1129509614,2026-09-04,,Plumbing Service,Drywall,Scheduled,Outbound SMS,ST Outbound Text Lines,92037,0.00,TRUE,2026,3,September,,,,
1129524946,2026-09-04,,Lining Install - CA,Job Walk,Scheduled,Google Business Profiles,GMB_SanDiego,92110,0.00,FALSE,2026,3,September,,,,
1129524946,2026-09-04,,Lining Install - CA,Lining,Scheduled,Google Business Profiles,GMB_SanDiego,92110,18000.00,TRUE,2026,3,September,,,,
1130503865,2026-09-04,,HVAC Install,A/C New Install,Hold,Direct Web Traffic,Direct Web Traffic,92007,22283.43,TRUE,2026,3,September,,,,
1130503865,2026-09-04,,HVAC Install,Job Walk,Scheduled,Direct Web Traffic,Direct Web Traffic,92007,0.00,FALSE,2026,3,September,,,,
1131056611,2026-09-04,,Plumbing Service,Sewer Smell,Scheduled,PPC,Google | Search | Brand,91910,0.00,TRUE,2026,3,September,,,,
1131175160,2026-09-04,2026-09-04,Plumbing Service,Drain Repair,Canceled,Branded Phone Number,Local 619,92130,0.00,FALSE,2026,3,September,2026,3,September,36
1131175160,2026-09-04,2026-09-04,Plumbing Service,Sewer Camera,Completed,Branded Phone Number,Local 619,92130,0.00,TRUE,2026,3,September,2026,3,September,36
1131184446,2026-09-04,2026-08-29,Plumbing Service,Water Heater Repair - Residential,Completed,Google Business Profiles,GMB_Poway,92064,-250.00,FALSE,2026,3,September,2026,3,August,35
1131239089,2026-09-04,2026-09-04,Plumbing Service,Drain Repair,Completed,PPC,Google | PMAX | Drains,91914,4500.00,TRUE,2026,3,September,2026,3,September,36
1131281056,2026-09-04,,Lining Install - CA,Job Walk,Scheduled,Branded Phone Number,Local 619,92117,0.00,FALSE,2026,3,September,,,,
1131584894,2026-09-04,2026-09-04,Plumbing Sales,Job Walk,Completed,PPC,Bing | Search | Brand,92014,0.00,FALSE,2026,3,September,2026,3,September,36
1131595558,2026-09-04,,HVAC Service,Diagnosis,Scheduled,PPC,Google | Search | Brand,92122,0.00,TRUE,2026,3,September,,,,
1131595558,2026-09-04,2026-09-04,Restoration EMS,EMS Estimate,Completed,PPC,Google | Search | Brand,92122,0.00,FALSE,2026,3,September,2026,3,September,36
1132047839,2026-09-04,,Plumbing Service,Drain Repair,Scheduled,Organic Search,Google Organic,92009,3300.00,TRUE,2026,3,September,,,,
1133341022,2026-09-04,2026-09-02,Plumbing Sales,Water Heater Estimate - Residential,Completed,Google Business Profiles,GMB_SanDiego,92105,0.00,TRUE,2026,3,September,2026,3,September,36
1133482808,2026-09-04,2026-09-05,Plumbing Service,Pex Piping,Completed,Google Business Profiles,GMB_SanDiego,92037,12962.00,TRUE,2026,3,September,2026,3,September,36
1133601338,2026-09-04,,Plumbing Service,Plumbing Service,Scheduled,Google LSA,Google Local Services,92123,0.00,TRUE,2026,3,September,,,,
1133626975,2026-09-04,,Plumbing Service,Sewer Camera,In Progress,PPC,Google | Search | Brand,92117,661.00,TRUE,2026,3,September,,,,
1133694695,2026-09-04,2026-09-04,Plumbing Service,Kitchen Stop,Completed,PPC,Google | Search | Brand,92111,224.00,TRUE,2026,3,September,2026,3,September,36
1133696873,2026-09-04,,Plumbing Service,Slab Leak,Scheduled,Google Business Profiles,GMB_Poway,92026,7235.00,TRUE,2026,3,September,,,,
1133719106,2026-09-04,,Plumbing Service,Slab Leak,In Progress,Direct Web Traffic,Direct Web Traffic,92037,0.00,TRUE,2026,3,September,,,,
1134627834,2026-09-04,2026-09-04,Plumbing Service,Pipe Leak,Completed,PPC,Google | Search | Plumbing,92037,0.00,TRUE,2026,3,September,2026,3,September,36
1134627834,2026-09-04,2026-09-04,Plumbing Service,Upper/Lower Leak,Completed,PPC,Google | Search | Plumbing,92037,0.00,TRUE,2026,3,September,2026,3,September,36
1134627834,2026-09-04,2026-09-04,Restoration EMS,EMS Estimate,Completed,PPC,Google | Search | Plumbing,92037,0.00,TRUE,2026,3,September,2026,3,September,36
1134628555,2026-09-04,,Plumbing Service,Tankless Service,Scheduled,PPC,Google | Search | Brand,92071,0.00,TRUE,2026,3,September,,,,
1134635501,2026-09-04,2026-09-04,Plumbing Service,PRV,Completed,3rd Party Web Traffic,Yelp Referral Traffic,91913,1039.00,TRUE,2026,3,September,2026,3,September,36
1134724121,2026-09-04,,HVAC Service,Diagnosis,Scheduled,Website,Email Contact Form,91911,0.00,TRUE,2026,3,September,,,,
1134725777,2026-09-04,2026-09-04,Plumbing Service,Pipe Leak,Canceled,Organic Search,Google Organic,92117,0.00,TRUE,2026,3,September,2026,3,September,36
1134736951,2026-09-04,,HVAC Sales,HVAC Estimate,Scheduled,Google Business Profiles,GMB_SanDiego,92110,0.00,TRUE,2026,3,September,,,,
1134742789,2026-09-04,2026-09-04,Plumbing Service,Mainline Stop,Completed,Google LSA,Google Local Services,92102,102.00,TRUE,2026,3,September,2026,3,September,36
1134745089,2026-09-04,,Plumbing Sales,Drain Estimate,Scheduled,Manufacturer Referral,NuFlow Leads,92037,0.00,FALSE,2026,3,September,,,,
1134769374,2026-09-04,,Plumbing Service,Toilet Stop,Scheduled,Branded Phone Number,Local 619,92069,0.00,TRUE,2026,3,September,,,,
1134770713,2026-09-04,2026-09-04,Plumbing Install,Water Heater Install - Commercial,Completed,Branded Phone Number,Local 619,92105,5780.00,TRUE,2026,3,September,2026,3,September,36
1134770713,2026-09-04,2026-09-04,Plumbing Sales,Water Heater Estimate - Commercial,Completed,Branded Phone Number,Local 619,92105,0.00,FALSE,2026,3,September,2026,3,September,36
1136031018,2026-09-04,,Plumbing Service,Sewer Smell,Scheduled,Direct Web Traffic,Direct Web Traffic,91941,0.00,TRUE,2026,3,September,,,,
1136031439,2026-09-04,,Plumbing Sales,Plumbing Estimate,Scheduled,Email,Legacy Email Marketing Multiple Offers,92075,0.00,TRUE,2026,3,September,,,,
1136038751,2026-09-04,,HVAC Service,Diagnosis,Scheduled,Direct Web Traffic,Direct Web Traffic,92128,0.00,TRUE,2026,3,September,,,,
1136084709,2026-09-04,,HVAC Maintenance,Preventative Maintenance,Scheduled,PPC,Bing | Search | Brand,92116,0.00,TRUE,2026,3,September,,,,
1136084709,2026-09-04,,Plumbing Service,Water Filtration Repair,Scheduled,PPC,Bing | Search | Brand,92116,0.00,TRUE,2026,3,September,,,,
1136107336,2026-09-04,2026-09-05,HVAC Service,Diagnosis,Completed,PPC,Google | Search | Brand,92056,404.88,TRUE,2026,3,September,2026,3,September,36
1136107698,2026-09-04,2026-09-04,Plumbing Service,Kitchen Stop,Completed,PPC,Google | Search | Brand,92122,394.00,TRUE,2026,3,September,2026,3,September,36
1136120684,2026-09-04,,HVAC Service,Diagnosis,Scheduled,PPC,Google | Search | Brand,92037,0.00,TRUE,2026,3,September,,,,
1136143402,2026-09-04,,Plumbing Service,Kitchen Stop,Scheduled,PPC,Google | Search | Brand,92120,0.00,TRUE,2026,3,September,,,,
1136144994,2026-09-04,2026-09-04,Plumbing Service,Water Heater Repair - Residential,Completed,PPC,Google | PMAX | Drains,92130,0.00,TRUE,2026,3,September,2026,3,September,36
1136158845,2026-09-04,2026-09-05,Plumbing Service,Toilet Stop,Completed,PPC,Google | Search | Brand,92124,394.00,TRUE,2026,3,September,2026,3,September,36
1136158871,2026-09-04,,Restoration EMS,EMS Estimate,Scheduled,PPC,Google | Search | Brand,92126,0.00,TRUE,2026,3,September,,,,
1136160093,2026-09-04,2026-09-04,Plumbing Service,Toilet Stop,Completed,PPC,Google | PMAX | Drains,92103,352.00,TRUE,2026,3,September,2026,3,September,36
1136167781,2026-09-04,2026-09-05,Plumbing Service,Water Heater Repair - Residential,Completed,Branded Phone Number,Local 619,92014,0.00,FALSE,2026,3,September,2026,3,September,36
248275430,2026-09-04,2026-09-04,Plumbing Service,Upper/Lower Leak,Completed,PPC,Google | Search | Brand,91913,209.00,TRUE,2026,3,September,2026,3,September,36
248970094,2026-09-04,,Plumbing Service,Drain Repair,Scheduled,Organic Search,Google Organic,92129,457.00,TRUE,2026,3,September,,,,
249569514,2026-09-04,,Lining Install - CA,Lining Estimate,Scheduled,Branded Phone Number,Local 619,92107,0.00,TRUE,2026,3,September,,,,
255199055,2026-09-04,,HVAC Maintenance,Preventative Maintenance,Scheduled,Branded Phone Number,Local 619,92040,0.00,TRUE,2026,3,September,,,,
256989246,2026-09-04,2026-09-05,HVAC Service,Diagnosis,Completed,Branded Phone Number,Local 619,92037,509.00,TRUE,2026,3,September,2026,3,September,36
265189298,2026-09-04,,HVAC Maintenance,,,,,92123,179.88,TRUE,2026,3,September,,,,
268768947,2026-09-04,,Plumbing Service,Gas Lock Out,Hold,PPC,Google | Search | Brand,92111,795.00,TRUE,2026,3,September,,,,
269068195,2026-09-04,2026-09-04,Plumbing Service,Lavatory Stop,Completed,Branded Phone Number,Local 619,92116,144.00,TRUE,2026,3,September,2026,3,September,36
269068195,2026-09-04,,Plumbing Service,Sewer Camera,Scheduled,Branded Phone Number,Local 619,92116,0.00,TRUE,2026,3,September,,,,
272280290,2026-09-04,,Plumbing Service,Laundry Bibbs,Scheduled,Google Business Profiles,GMB_SanDiego,92101,0.00,TRUE,2026,3,September,,,,
273887537,2026-09-04,2026-09-04,Lining Install - CA,Sewer Camera Post Lining,Completed,Branded Phone Number,A1-800-BILL HOWE,92037,0.00,TRUE,2026,3,September,2026,3,September,36
273887537,2026-09-04,,Plumbing Sales,Plumbing Estimate,Scheduled,Branded Phone Number,A1-800-BILL HOWE,92037,0.00,TRUE,2026,3,September,,,,
273887537,2026-09-04,2026-09-04,Plumbing Service,Mainline Stop,Completed,Branded Phone Number,A1-800-BILL HOWE,92037,144.00,TRUE,2026,3,September,2026,3,September,36
273926030,2026-09-04,,Plumbing Sales,Drain Estimate,Scheduled,PPC,Google | Search | HVAC,92126,0.00,FALSE,2026,3,September,,,,
274293556,2026-09-04,,Plumbing Service,Backflow Repair,Scheduled,Google LSA,Google Local Services,92154,596.00,TRUE,2026,3,September,,,,
278621535,2026-09-04,,Plumbing Maintenance,,,,,92104,179.88,TRUE,2026,3,September,,,,
278621535,2026-09-04,,Plumbing Maintenance,Recurring Services: Plumbing Inspection,Scheduled,CSR Outbound,$1 OUTBOUND (use this for out-bounding),92104,0.00,TRUE,2026,3,September,,,,
283292701,2026-09-04,2026-09-04,Plumbing Service,Sewer Camera,Completed,Organic Search,Google Organic,92021,0.00,TRUE,2026,3,September,2026,3,September,36
288693427,2026-09-04,2026-09-01,Plumbing Service,Tub/Shower Faucet,Completed,Google Business Profiles,GMB_SanDiego,92101,0.00,TRUE,2026,3,September,2026,3,September,36
290065744,2026-09-04,,Plumbing Service,Sewer Camera,Hold,Branded Phone Number,Local 619,91911,0.00,TRUE,2026,3,September,,,,
293115281,2026-09-04,,Plumbing Sales,Toilet Leak,Scheduled,PPC,Google | PMAX | Drains,91915,0.00,TRUE,2026,3,September,,,,
294499493,2026-09-04,,Plumbing Service,Lavatory Faucet,Scheduled,PPC,Google | Search | Brand,92104,0.00,FALSE,2026,3,September,,,,
297918481,2026-09-04,2026-09-04,Plumbing Service,Slab Leak,Completed,Google Business Profiles,GMB_SanDiego,92025,0.00,FALSE,2026,3,September,2026,3,September,36
297918481,2026-09-04,2026-09-04,Plumbing Service,Slab Leak,Canceled,Google Business Profiles,GMB_SanDiego,92025,0.00,TRUE,2026,3,September,2026,3,September,36
297918481,2026-09-04,2026-09-05,Plumbing Service,Slab Leak,Completed,Google Business Profiles,GMB_SanDiego,92025,5895.00,TRUE,2026,3,September,2026,3,September,36
299631252,2026-09-04,,HVAC Service,A/C Repair,Scheduled,Organic Search,Google Organic,92119,399.64,TRUE,2026,3,September,,,,
304911278,2026-09-04,,Plumbing Maintenance,Recurring Services: Tankless Flush,Scheduled,CSR Outbound,$1 OUTBOUND (use this for out-bounding),92037,0.00,TRUE,2026,3,September,,,,
31535970,2026-09-04,,Plumbing Install,Drain Install,Scheduled,Branded Phone Number,Local 619,92106,22604.00,TRUE,2026,3,September,,,,
31535970,2026-09-04,,Plumbing Sales,Job Walk,Scheduled,Branded Phone Number,Local 619,92106,0.00,FALSE,2026,3,September,,,,
31537226,2026-09-04,2026-09-04,Plumbing Service,Toilet Leak,Completed,Branded Phone Number,Local 619,92101,0.00,FALSE,2026,3,September,2026,3,September,36
31537226,2026-09-04,2026-09-04,Plumbing Service,Toilet Stop,Completed,Branded Phone Number,Local 619,92101,387.32,TRUE,2026,3,September,2026,3,September,36
31537883,2026-09-04,2026-09-02,Plumbing Service,Drain Repair,Completed,Branded Phone Number,A1-800-BILL HOWE,92027,0.00,FALSE,2026,3,September,2026,3,September,36
31549929,2026-09-04,2026-09-04,Plumbing Service,Leak Below Lavatory,Completed,Branded Phone Number,Local 619,92173,230.00,TRUE,2026,3,September,2026,3,September,36
31557960,2026-09-04,,Lining Install - CA,Job Walk,Scheduled,Branded Phone Number,Local 619,92037,0.00,FALSE,2026,3,September,,,,
31557960,2026-09-04,,Plumbing Service,Drain Repair,In Progress,Branded Phone Number,Local 619,92037,8500.00,TRUE,2026,3,September,,,,
31562016,2026-09-04,2026-09-04,Plumbing Service,Pipe Leak,Completed,PPC,Google | PMAX | Plumbing,92109,0.00,TRUE,2026,3,September,2026,3,September,36
31562317,2026-09-04,2026-09-04,Plumbing Service,Toilet Stop,Completed,Branded Phone Number,A1-800-BILL HOWE,92110,175.00,TRUE,2026,3,September,2026,3,September,36
31562876,2026-09-04,,Plumbing Maintenance,Recurring Services: Backflow Test,Scheduled,CSR Outbound,$1 OUTBOUND (use this for out-bounding),92115,0.00,TRUE,2026,3,September,,,,
31563543,2026-09-04,,Plumbing Service,Sewer Smell,Scheduled,Website,Website Phone Calls,92101,0.00,TRUE,2026,3,September,,,,
31565389,2026-09-04,,Plumbing Service,Lavatory Stop,Scheduled,Branded Phone Number,Local 619,92037,0.00,TRUE,2026,3,September,,,,
31570323,2026-09-04,2026-09-04,Plumbing Service,Kitchen Faucet,Completed,Branded Phone Number,Local 619,92024,0.00,TRUE,2026,3,September,2026,3,September,36
31571391,2026-09-04,,Plumbing Service,Sewer Camera,Scheduled,PPC,Google | Search | Brand,92120,0.00,TRUE,2026,3,September,,,,
31572546,2026-09-04,2026-09-03,Plumbing Install,Tankless Install,Completed,Google LSA,Google Local Services,92118,0.00,TRUE,2026,3,September,2026,3,September,36
31572795,2026-09-04,,Plumbing Service,Lavatory Stop,Hold,Branded Phone Number,Local 619,91942,0.00,TRUE,2026,3,September,,,,
31572795,2026-09-04,2026-09-04,Plumbing Service,Tub/Shower Stop,Completed,Branded Phone Number,Local 619,92115,175.00,TRUE,2026,3,September,2026,3,September,36
31574511,2026-09-04,,HVAC Install,Hvac Recall/Warranty,Hold,Branded Phone Number,Local 619,92110,0.00,TRUE,2026,3,September,,,,
31577176,2026-09-04,,HVAC Sales,HVAC Estimate,Scheduled,Direct Web Traffic,Direct Web Traffic,92037,0.00,TRUE,2026,3,September,,,,
31579571,2026-09-04,,Plumbing Service,Drain Repair,Scheduled,Branded Phone Number,Local 619,92104,0.00,TRUE,2026,3,September,,,,
31580403,2026-09-04,,HVAC Sales,Hvac Tech Turnover Estimate,Scheduled,PPC,Bing | Search | Brand,92037,0.00,TRUE,2026,3,September,,,,
31593630,2026-09-04,2026-09-04,Plumbing Service,Tub/Shower Stop,Completed,Email,Legacy Email Marketing Multiple Offers,92110,175.00,TRUE,2026,3,September,2026,3,September,36
31596657,2026-09-04,,HVAC Service,,,,,92117,179.88,TRUE,2026,3,September,,,,
31596959,2026-09-04,2026-08-24,HVAC Install,A/C New Install,Completed,Direct Web Traffic,Direct Web Traffic,92130,-1500.00,TRUE,2026,3,September,2026,3,August,35
31601252,2026-09-04,2026-09-02,Plumbing Install,Water Filtration Install,Completed,Email,Legacy Email Marketing Multiple Offers,92126,0.00,TRUE,2026,3,September,2026,3,September,36
31604220,2026-09-04,2026-09-04,Plumbing Service,Tub/Shower Faucet,Completed,Website,Website Phone Calls,92107,255.00,TRUE,2026,3,September,2026,3,September,36
31604220,2026-09-04,,Restoration EMS,EMS Estimate,Scheduled,Website,Website Phone Calls,92107,0.00,FALSE,2026,3,September,,,,
31610874,2026-09-04,,Plumbing Maintenance,,,,,92116,179.88,TRUE,2026,3,September,,,,
31619272,2026-09-04,,Plumbing Sales,Drain Estimate,Scheduled,Website,Email Contact Form,91914,0.00,FALSE,2026,3,September,,,,
31619709,2026-09-04,,Plumbing Service,Upper/Lower Leak,Scheduled,PPC,Google | Search | Brand,92111,0.00,TRUE,2026,3,September,,,,
316282167,2026-09-04,,Plumbing Service,Water Heater Repair - Residential,Scheduled,PPC,Google | Search | Brand,91945,0.00,TRUE,2026,3,September,,,,
31634232,2026-09-04,2026-09-02,Plumbing Service,Tub/Shower Faucet,Completed,Branded Phone Number,A1-800-BILL HOWE,92154,0.00,TRUE,2026,3,September,2026,3,September,36
31643244,2026-09-04,2026-09-02,Plumbing Service,Mainline Stop,Completed,Google Business Profiles,GMB_SanDiego,92118,-175.00,TRUE,2026,3,September,2026,3,September,36
31645205,2026-09-04,,Plumbing Sales,Water Filtration Estimate,Hold,Branded Phone Number,Local 619,92127,0.00,TRUE,2026,3,September,,,,
31647840,2026-09-04,2026-09-02,Plumbing Service,Urinal Leak,Completed,Branded Phone Number,A1-800-BILL HOWE,92121,0.00,TRUE,2026,3,September,2026,3,September,36
31647901,2026-09-04,,HVAC Maintenance,,,,,92139,29.98,TRUE,2026,3,September,,,,
31650598,2026-09-04,,HVAC Service,Diagnosis,Scheduled,Yelp,Yelp,92037,0.00,TRUE,2026,3,September,,,,
31651405,2026-09-04,2026-09-04,HVAC Service,Diagnosis,Completed,PPC,Google | PMAX | Drains,92131,87.00,TRUE,2026,3,September,2026,3,September,36
31651405,2026-09-04,,Restoration EMS,EMS Estimate,Hold,PPC,Google | PMAX | Drains,92131,0.00,TRUE,2026,3,September,,,,
31651726,2026-09-04,,Plumbing Service,Lavatory Stop,Hold,Branded Phone Number,A1-800-BILL HOWE,92107,0.00,TRUE,2026,3,September,,,,
31652250,2026-09-04,,HVAC Install,Full System Install,Hold,PPC,Google | Search | Brand,92124,17389.55,TRUE,2026,3,September,,,,
31655128,2026-09-04,2026-07-01,HVAC Service,Diagnosis,Completed,Outbound SMS,ST Outbound Text Lines,91902,-87.00,TRUE,2026,3,September,2026,3,July,27
31657834,2026-09-04,,Restoration EMS,EMS Estimate,Scheduled,Branded Phone Number,Local 619,92109,0.00,TRUE,2026,3,September,,,,
31666688,2026-09-04,,HVAC Service,Diagnosis,Scheduled,Google Business Profiles,GMB_SanDiego,92123,0.00,TRUE,2026,3,September,,,,
31675570,2026-09-04,2026-09-04,Plumbing Service,Mainline Stop,Completed,Google LSA,Google Local Services,92106,175.00,TRUE,2026,3,September,2026,3,September,36
31675570,2026-09-04,2026-09-04,Plumbing Service,Plumbing Service,Completed,Google LSA,Google Local Services,92106,0.00,TRUE,2026,3,September,2026,3,September,36
31675570,2026-09-04,2026-09-04,Plumbing Service,Sewer Camera,Completed,Google LSA,Google Local Services,92106,0.00,TRUE,2026,3,September,2026,3,September,36
31679162,2026-09-04,,Plumbing Sales,Drain Estimate,Scheduled,Branded Phone Number,Local 619,92024,0.00,FALSE,2026,3,September,,,,
31681690,2026-09-04,,HVAC Service,A/C Repair,Scheduled,Branded Phone Number,Local 619,92103,450.00,TRUE,2026,3,September,,,,
31685340,2026-09-04,,Plumbing Maintenance,,,,,92109,179.88,TRUE,2026,3,September,,,,
31686852,2026-09-04,,Plumbing Service,Plumbing Service,Scheduled,Google Business Profiles,GMB_SanDiego,92110,0.00,TRUE,2026,3,September,,,,
31690783,2026-09-04,,Plumbing Install,Toilet Install,Hold,Email,Legacy Email Marketing Multiple Offers,92024,4094.00,TRUE,2026,3,September,,,,
31696692,2026-09-04,,Plumbing Service,Tub/Shower Stop,Scheduled,Branded Phone Number,A1-800-BILL HOWE,92123,0.00,TRUE,2026,3,September,,,,
31701115,2026-09-04,,Plumbing Service,Backflow Repair,Scheduled,Branded Phone Number,Local 619,92121,684.00,TRUE,2026,3,September,,,,
31704711,2026-09-04,,Plumbing Service,Disposal,Scheduled,Branded Phone Number,A1-800-BILL HOWE,91977,0.00,TRUE,2026,3,September,,,,
31705582,2026-09-04,,Plumbing Maintenance,Recurring Services: Backflow Test,Scheduled,Google Business Profiles,GMB_SanDiego,92131,0.00,TRUE,2026,3,September,,,,
31709644,2026-09-04,,Plumbing Service,Lavatory Faucet,Scheduled,,BFP Sewer Camera Inspection SMS 2026,91910,0.00,TRUE,2026,3,September,,,,
31718528,2026-09-04,,Plumbing Maintenance,Water Heater Flush,Scheduled,Branded Phone Number,A1-800-BILL HOWE,92129,0.00,TRUE,2026,3,September,,,,
31729161,2026-09-04,,HVAC Maintenance,,,,,92128,14.99,TRUE,2026,3,September,,,,
31729195,2026-09-04,2026-09-04,Plumbing Service,Toilet Stop,Completed,PPC,Bing | Search | Brand,92104,318.00,TRUE,2026,3,September,2026,3,September,36
31729420,2026-09-04,2026-09-01,Plumbing Service,Upper/Lower Leak,Completed,Branded Phone Number,Local 619,92124,0.00,FALSE,2026,3,September,2026,3,September,36
31729504,2026-09-04,,Plumbing Service,"KFM247, LTD",Scheduled,Branded Phone Number,Local 619,92122,561.00,TRUE,2026,3,September,,,,
31729504,2026-09-04,,Plumbing Service,"KFM247, LTD",Scheduled,Branded Phone Number,Local 619,92122,228.53,TRUE,2026,3,September,,,,
31729818,2026-09-04,,Plumbing Service,Jetting- Kitchen,Scheduled,Branded Phone Number,A1-800-BILL HOWE,92130,600.00,TRUE,2026,3,September,,,,
31731464,2026-09-04,,Lining Install - CA,Lining,Scheduled,Google Business Profiles,GMB_SanDiego,92109,4500.00,TRUE,2026,3,September,,,,
31731569,2026-09-04,,HVAC Install,HVAC Remove/Reinstall,Scheduled,Branded Phone Number,A1-800-BILL HOWE,92037,3112.89,TRUE,2026,3,September,,,,
31733558,2026-09-04,2026-08-31,Plumbing Service,Plumbing Service,Completed,Google Business Profiles,GMB_SanDiego,92130,0.00,TRUE,2026,3,September,2026,3,August,36
317644919,2026-09-04,,Plumbing Service,Jetting-Commercial,Scheduled,Website,Email Contact Form,92103,0.00,TRUE,2026,3,September,,,,
323374872,2026-09-04,2026-09-02,Plumbing Service,Mainline Stop,Completed,Branded Phone Number,Local 619,92115,0.00,TRUE,2026,3,September,2026,3,September,36
332351786,2026-09-04,,HVAC Service,Diagnosis,Scheduled,PPC,Google | PMAX | Plumbing,92037,0.00,TRUE,2026,3,September,,,,
334660261,2026-09-04,,Lining Install - CA,Job Walk,Scheduled,Branded Phone Number,Local 619,92104,0.00,FALSE,2026,3,September,,,,
334660261,2026-09-04,,Lining Install - CA,Lining,Scheduled,Branded Phone Number,Local 619,92104,12580.00,TRUE,2026,3,September,,,,
334660261,2026-09-04,,Plumbing Service,Drain Repair,Scheduled,Branded Phone Number,Local 619,92104,2334.00,TRUE,2026,3,September,,,,
344102117,2026-09-04,2026-09-04,Plumbing Install,Toilet Install,Completed,Google Business Profiles,GMB_SanDiego,92102,0.00,FALSE,2026,3,September,2026,3,September,36
344102117,2026-09-04,2026-09-05,Plumbing Install,Toilet Install,Completed,Google Business Profiles,GMB_SanDiego,92102,5360.00,TRUE,2026,3,September,2026,3,September,36
344102117,2026-09-04,2026-09-05,Plumbing Install,Toilet Install,Completed,Google Business Profiles,GMB_SanDiego,92102,1230.00,TRUE,2026,3,September,2026,3,September,36
345905165,2026-09-04,,Plumbing Maintenance,Backflow Test,Scheduled,Branded Phone Number,Local 619,92064,0.00,TRUE,2026,3,September,,,,
348403393,2026-09-04,,Plumbing Maintenance,Recurring Services: Water Heater Flush,Scheduled,CSR Outbound,$1 OUTBOUND (use this for out-bounding),91942,0.00,TRUE,2026,3,September,,,,
349923706,2026-09-04,,HVAC Install,Full System Install,Hold,PPC,Google | Search | Brand,92009,18870.88,TRUE,2026,3,September,,,,
354849606,2026-09-04,,HVAC Service,A/C Repair,Hold,Branded Phone Number,Local 619,92071,0.00,TRUE,2026,3,September,,,,
355917204,2026-09-04,,Plumbing Sales,,,,,92124,179.88,TRUE,2026,3,September,,,,
358735407,2026-09-04,2026-09-04,Plumbing Service,Sewer Camera,Completed,Branded Phone Number,Local 619,92037,0.00,FALSE,2026,3,September,2026,3,September,36
366327256,2026-09-04,,Plumbing Maintenance,Recurring Services: B.F.P. Water Heater/Tankless Flush,Scheduled,Branded Phone Number,Local 619,92024,0.00,TRUE,2026,3,September,,,,
366327256,2026-09-04,,Plumbing Service,Plumbing Service,Scheduled,Branded Phone Number,Local 619,92024,0.00,TRUE,2026,3,September,,,,
366353899,2026-09-04,2026-09-04,Plumbing Service,Lavatory Faucet,Completed,Branded Phone Number,A1-800-BILL HOWE,92130,0.00,TRUE,2026,3,September,2026,3,September,36
374905310,2026-09-04,,Plumbing Maintenance,Backflow Test,Scheduled,Organic Search,Google Organic,92104,0.00,TRUE,2026,3,September,,,,
374923045,2026-09-04,2026-09-02,HVAC Install,Full System Install,Completed,PPC,Google | Search | Brand,92101,0.00,TRUE,2026,3,September,2026,3,September,36
377049874,2026-09-04,,HVAC Maintenance,,,,,92040,14.99,TRUE,2026,3,September,,,,
377049874,2026-09-04,,Plumbing Maintenance,,,,,92040,29.98,TRUE,2026,3,September,,,,
379947476,2026-09-04,2026-09-04,Plumbing Service,Toilet Leak,Completed,Google Business Profiles,GMB_SanDiego,92130,0.00,FALSE,2026,3,September,2026,3,September,36
380614326,2026-09-04,,Plumbing Service,Angle Stop,Scheduled,Sameday AI,Sameday AI,92120,0.00,TRUE,2026,3,September,,,,
43727520,2026-09-04,,Plumbing Sales,Plumbing Estimate,Scheduled,Branded Phone Number,A1-800-BILL HOWE,92103,0.00,TRUE,2026,3,September,,,,
460348796,2026-09-04,2026-09-05,Plumbing Service,Water Heater Repair - Residential,Completed,Google Business Profiles,GMB_SanDiego,92126,4857.00,TRUE,2026,3,September,2026,3,September,36
46286618,2026-09-04,2026-09-01,HVAC Install,Full System Install,Completed,Branded Phone Number,A1-800-BILL HOWE,92122,0.00,TRUE,2026,3,September,2026,3,September,36
465214740,2026-09-04,,Plumbing Install,Drain Repipe/Reroute,Scheduled,Branded Phone Number,Local 619,92040,1350.00,TRUE,2026,3,September,,,,
47665651,2026-09-04,2026-09-04,Plumbing Service,Toilet Leak,Completed,PPC,Bing | Search | Brand,92129,914.00,TRUE,2026,3,September,2026,3,September,36
476903751,2026-09-04,,Plumbing Maintenance,Recurring Services: Plumbing Inspection,Scheduled,,Memberships due for Service,92154,0.00,TRUE,2026,3,September,,,,
478164957,2026-09-04,2026-09-04,Plumbing Service,Toilet Stop,Completed,Google LSA,Google Local Services,92131,394.00,TRUE,2026,3,September,2026,3,September,36
479700474,2026-09-04,,Restoration EMS,EMS Estimate,Scheduled,Branded Phone Number,Local 619,92101,0.00,TRUE,2026,3,September,,,,
479700474,2026-09-04,2026-09-04,Restoration EMS,EMS Estimate,In Progress,Branded Phone Number,Local 619,92101,0.00,FALSE,2026,3,September,2026,3,September,36
484731309,2026-09-04,,Plumbing Service,Pipe Leak,Scheduled,Branded Phone Number,A1-800-BILL HOWE,92127,0.00,TRUE,2026,3,September,,,,
486184014,2026-09-04,,Restoration EMS,EMS Estimate,Hold,,Memberships due for Service,92128,0.00,FALSE,2026,3,September,,,,
49831644,2026-09-04,2026-09-04,Plumbing Service,Angle Stop,Completed,Branded Phone Number,Local 619,92108,549.00,TRUE,2026,3,September,2026,3,September,36
49831644,2026-09-04,2026-09-04,Plumbing Service,Plumbing Service,Canceled,Branded Phone Number,Local 619,92108,0.00,TRUE,2026,3,September,2026,3,September,36
49831644,2026-09-04,,Plumbing Service,Plumbing Service,Scheduled,Branded Phone Number,Local 619,92108,0.00,TRUE,2026,3,September,,,,
50396028,2026-09-04,2026-09-04,Plumbing Sales,Water Heater Estimate - Residential,Completed,Branded Phone Number,A1-800-BILL HOWE,92075,6735.00,TRUE,2026,3,September,2026,3,September,36
53236475,2026-09-04,2026-09-04,Plumbing Service,Sump Pump,Canceled,Branded Phone Number,Local 619,92105,0.00,TRUE,2026,3,September,2026,3,September,36
53540423,2026-09-04,2026-09-04,Plumbing Service,Leak Below Lavatory,Completed,Branded Phone Number,Local 619,92037,0.00,TRUE,2026,3,September,2026,3,September,36
53599014,2026-09-04,,Plumbing Service,Plumbing Service,Scheduled,CSR Outbound,$1 OUTBOUND (use this for out-bounding),92037,0.00,TRUE,2026,3,September,,,,
54133169,2026-09-04,,HVAC Service,A/C Repair,Scheduled,Branded Phone Number,A1-800-BILL HOWE,91910,450.00,TRUE,2026,3,September,,,,
56799921,2026-09-04,2026-08-28,Plumbing Service,Tub/Shower Faucet,Completed,PPC,Google | Search | Brand,92103,0.00,TRUE,2026,3,September,2026,3,August,35
58322171,2026-09-04,,Plumbing Service,Drain Repair,Hold,Branded Phone Number,Local 619,92109,3200.00,TRUE,2026,3,September,,,,
58899005,2026-09-04,,HVAC Sales,Hvac Tech Turnover Estimate,Hold,Branded Phone Number,Local 619,92131,0.00,TRUE,2026,3,September,,,,
59420332,2026-09-04,,HVAC Service,A/C Repair,Scheduled,Email,Legacy Email Marketing Multiple Offers,92118,300.00,TRUE,2026,3,September,,,,
60689140,2026-09-04,2026-09-04,Plumbing Service,Pipe Leak,Completed,Website,Website Phone Calls,92103,250.00,TRUE,2026,3,September,2026,3,September,36
60852589,2026-09-04,,Lining Install - CA,Job Walk,Scheduled,Branded Phone Number,A1-800-BILL HOWE,92118,0.00,FALSE,2026,3,September,,,,
60852589,2026-09-04,,Lining Install - CA,Lining,Scheduled,Branded Phone Number,A1-800-BILL HOWE,92118,15450.00,TRUE,2026,3,September,,,,
62663585,2026-09-04,,HVAC Maintenance,Preventative Maintenance,Scheduled,Branded Phone Number,Local 619,92101,0.00,TRUE,2026,3,September,,,,
62728208,2026-09-04,2026-08-26,Plumbing Service,Tub/Shower Faucet,Completed,Google Business Profiles,GMB_SanDiego,92019,0.00,TRUE,2026,3,September,2026,3,August,35
63766004,2026-09-04,,Plumbing Maintenance,Recurring Services: Sewer Camera Inspection,Scheduled,,Memberships due for Service,92024,0.00,TRUE,2026,3,September,,,,
64435944,2026-09-04,2026-09-04,Plumbing Service,Kitchen Stop,Completed,PPC,Google | Search | Plumbing,92110,144.00,TRUE,2026,3,September,2026,3,September,36
64809421,2026-09-04,2026-09-04,Plumbing Service,Disposal,Completed,Google Business Profiles,GMB_SanDiego,92116,530.00,TRUE,2026,3,September,2026,3,September,36
65700099,2026-09-04,2026-08-31,Plumbing Service,Jetting- Residential,Completed,Branded Phone Number,Local 619,92106,0.00,TRUE,2026,3,September,2026,3,August,36
66843750,2026-09-04,,Plumbing Maintenance,,,,,92024,29.98,TRUE,2026,3,September,,,,
66868633,2026-09-04,,Plumbing Maintenance,,,,,92011,0.00,TRUE,2026,3,September,,,,
67022577,2026-09-04,2026-09-02,Plumbing Install,Tankless Install,Completed,PPC,Google | Search | Brand,92131,0.00,TRUE,2026,3,September,2026,3,September,36
670411804,2026-09-04,2026-09-04,Plumbing Service,Mainline Stop,Completed,Branded Phone Number,Local 619,92124,0.00,FALSE,2026,3,September,2026,3,September,36
670411804,2026-09-04,,Plumbing Service,Plumbing Service,Scheduled,Branded Phone Number,Local 619,92124,0.00,FALSE,2026,3,September,,,,
677461295,2026-09-04,2026-09-04,Plumbing Service,Temporary Water Heater,Completed,PPC,Google | Search | Brand,92126,0.00,FALSE,2026,3,September,2026,3,September,36
677634555,2026-09-04,,Plumbing Maintenance,Backflow Test,Scheduled,Branded Phone Number,Local 619,92113,0.00,TRUE,2026,3,September,,,,
679513993,2026-09-04,,Plumbing Service,Drain Repair,Scheduled,External Referral,Referral,92129,4500.00,TRUE,2026,3,September,,,,
683206209,2026-09-04,2026-09-04,Plumbing Sales,Gas Estimate,Completed,PPC,Google | Search | Brand,92130,1195.00,TRUE,2026,3,September,2026,3,September,36
890993950,2026-09-04,2026-09-02,Plumbing Service,Drain Repair,Completed,Google Business Profiles,GMB_SanDiego,91941,0.00,TRUE,2026,3,September,2026,3,September,36
894792924,2026-09-04,,Plumbing Sales,Plumbing Estimate,Hold,CSR Outbound,$1 OUTBOUND (use this for out-bounding),92037,0.00,TRUE,2026,3,September,,,,
89554433,2026-09-04,,Plumbing Service,Angle Stop,Scheduled,Website,Email Contact Form,92128,0.00,TRUE,2026,3,September,,,,
896425738,2026-09-04,2026-08-11,Plumbing Service,Tub/Shower Faucet,Completed,Organic Search,Google Organic,92120,0.00,TRUE,2026,3,September,2026,3,August,33
896523480,2026-09-04,2026-09-04,Plumbing Service,Jetting- Residential,Completed,PPC,Google | PMAX | Drains,92118,0.00,FALSE,2026,3,September,2026,3,September,36
902547108,2026-09-04,,HVAC Service,Diagnosis,Scheduled,Direct Web Traffic,Direct Web Traffic,92124,0.00,TRUE,2026,3,September,,,,
907230721,2026-09-04,2026-09-04,HVAC Service,Diagnosis,Canceled,Branded Phone Number,A1-800-BILL HOWE,91932,0.00,TRUE,2026,3,September,2026,3,September,36
909411537,2026-09-04,,Plumbing Service,PRV,Scheduled,Google Business Profiles,GMB_SanDiego,92084,0.00,TRUE,2026,3,September,,,,
910205306,2026-09-04,2026-09-04,Plumbing Service,Kitchen Stop,Completed,PPC,Google | Search | Brand,92104,425.00,TRUE,2026,3,September,2026,3,September,36
913152812,2026-09-04,2026-09-02,Plumbing Service,Toilet Leak,Completed,PPC,Google | Search | Brand,92103,0.00,TRUE,2026,3,September,2026,3,September,36
93423045,2026-09-04,,Plumbing Service,Lavatory Stop,Scheduled,Branded Phone Number,A1-800-BILL HOWE,92108,0.00,TRUE,2026,3,September,,,,
96409866,2026-09-04,2026-09-05,Plumbing Service,Leak Below Lavatory,Completed,Google Business Profiles,GMB_SanDiego,92130,939.00,TRUE,2026,3,September,2026,3,September,36
97322782,2026-09-04,2026-09-05,Plumbing Sales,Plumbing Estimate,Completed,Google Business Profiles,GMB_SanDiego,92115,0.00,FALSE,2026,3,September,2026,3,September,36
97322782,2026-09-04,2026-09-04,Plumbing Service,Pipe Leak,Completed,Google Business Profiles,GMB_SanDiego,92115,0.00,TRUE,2026,3,September,2026,3,September,36
976590710,2026-09-04,,Plumbing Service,Tub/Shower Faucet,Scheduled,Branded Phone Number,A1-800-BILL HOWE,92126,0.00,TRUE,2026,3,September,,,,
979490189,2026-09-04,2026-08-18,Plumbing Install,Plumbing Install,Completed,Branded Phone Number,A1-800-BILL HOWE,92117,0.00,FALSE,2026,3,September,2026,3,August,34
983057720,2026-09-04,2026-09-02,Plumbing Service,Plumbing Service,Completed,PPC,Google | Search | Brand,92091,0.00,TRUE,2026,3,September,2026,3,September,36
100467869,2026-09-05,2026-09-05,Plumbing Service,Pipe Leak,Completed,PPC,Google | PMAX | Drains,91910,0.00,TRUE,2026,3,September,2026,3,September,36
100467869,2026-09-05,,Restoration EMS,EMS Estimate,In Progress,PPC,Google | PMAX | Drains,91910,0.00,FALSE,2026,3,September,,,,
1065292566,2026-09-05,2026-09-05,Plumbing Service,Disposal,Completed,Google Business Profiles,GMB_SanDiego,92128,250.00,TRUE,2026,3,September,2026,3,September,36
1071568608,2026-09-05,,Plumbing Install,Drain Install,In Progress,Direct Mail,2025 New Customer Welcome Direct Mail,92128,6500.00,TRUE,2026,3,September,,,,
1090530647,2026-09-05,2026-09-05,Plumbing Service,Leak Below Kitchen,Completed,PPC,Google | PMAX | Drains,92009,233.00,TRUE,2026,3,September,2026,3,September,36
1104712876,2026-09-05,,Plumbing Service,Mainline Stop,Hold,Google LSA,Google Local Services,91942,0.00,TRUE,2026,3,September,,,,
1104712876,2026-09-05,,Plumbing Service,Mainline Stop,Hold,PPC,Google | Search | Brand,91942,0.00,TRUE,2026,3,September,,,,
1124933145,2026-09-05,2026-09-06,Plumbing Install,Tankless Install,Completed,PPC,Bing | Search | HVAC,92118,6000.00,TRUE,2026,3,September,2026,3,September,36
1124933145,2026-09-05,2026-09-05,Plumbing Service,Tankless Service,Completed,PPC,Bing | Search | HVAC,92118,0.00,FALSE,2026,3,September,2026,3,September,36
1133500383,2026-09-05,,Plumbing Service,Plumbing Service,Hold,Direct Web Traffic,Direct Web Traffic,92011,13091.00,TRUE,2026,3,September,,,,
1133719106,2026-09-05,2026-09-06,Restoration EMS,EMS Estimate,Completed,Direct Web Traffic,Direct Web Traffic,92037,0.00,FALSE,2026,3,September,2026,3,September,36
1136167781,2026-09-05,2026-09-05,Plumbing Install,Water Heater Install - Residential,Completed,Branded Phone Number,Local 619,92014,4200.00,TRUE,2026,3,September,2026,3,September,36
1136171618,2026-09-05,2026-09-05,HVAC Service,Diagnosis,Canceled,PPC,Google | PMAX | HVAC,92154,0.00,TRUE,2026,3,September,2026,3,September,36
1136175839,2026-09-05,,Plumbing Service,Plumbing Service,Scheduled,Sameday AI,Sameday AI,91941,0.00,TRUE,2026,3,September,,,,
1136176856,2026-09-05,2026-09-05,Plumbing Service,Kitchen Stop,Completed,Google Business Profiles,GMB_SanDiego,92128,394.00,TRUE,2026,3,September,2026,3,September,36
1136177264,2026-09-05,,Plumbing Install,Drain Repipe/Reroute,Scheduled,Google LSA,Google Local Services Vegas Lining,92104,0.00,TRUE,2026,3,September,,,,
1136195440,2026-09-05,,HVAC Maintenance,Preventative Maintenance,Scheduled,PPC,Google | Search | HVAC,92020,0.00,TRUE,2026,3,September,,,,
1136204691,2026-09-05,2026-09-06,Plumbing Install,Tankless Install,Completed,Branded Phone Number,A1-800-BILL HOWE,92127,7052.00,TRUE,2026,3,September,2026,3,September,36
1136204691,2026-09-05,2026-09-05,Plumbing Sales,Tankless Estimate,Completed,Branded Phone Number,A1-800-BILL HOWE,92127,0.00,FALSE,2026,3,September,2026,3,September,36
1136206386,2026-09-05,,Plumbing Service,Lavatory Faucet,Scheduled,Branded Phone Number,Local 619,92130,0.00,TRUE,2026,3,September,,,,
1136215936,2026-09-05,2026-09-05,Plumbing Service,Toilet Stop,Completed,PPC,Google | Search | Brand,92007,0.00,FALSE,2026,3,September,2026,3,September,36
1136215936,2026-09-05,2026-09-06,Plumbing Service,Toilet Stop,Completed,PPC,Google | Search | Brand,92007,918.75,TRUE,2026,3,September,2026,3,September,36
1136216280,2026-09-05,,HVAC Sales,HVAC Estimate,Scheduled,Website,Website Phone Calls,92131,0.00,TRUE,2026,3,September,,,,
1136216366,2026-09-05,,Restoration EMS,EMS Estimate,Hold,Google Business Profiles,GMB_SanDiego,92127,0.00,TRUE,2026,3,September,,,,
1136224698,2026-09-05,2026-09-06,HVAC Service,10+ HVAC Unit,Completed,PPC,Google | Search | Brand,92037,509.00,TRUE,2026,3,September,2026,3,September,36
186993,2026-09-05,,Plumbing Service,Leak Below Lavatory,Scheduled,Branded Phone Number,Local 619,91911,0.00,TRUE,2026,3,September,,,,
256762882,2026-09-05,,Plumbing Service,Toilet Leak,Scheduled,PPC,Bing | Search | Brand,92111,0.00,TRUE,2026,3,September,,,,
266584350,2026-09-05,2026-09-06,Plumbing Service,Tankless Service,Completed,Google Business Profiles,GMB_SanDiego,91942,0.00,TRUE,2026,3,September,2026,3,September,36
267129615,2026-09-05,,Plumbing Maintenance,,,,,92130,179.88,TRUE,2026,3,September,,,,
272911724,2026-09-05,,HVAC Sales,HVAC Estimate,Scheduled,Branded Phone Number,Local 619,92037,0.00,TRUE,2026,3,September,,,,
273757352,2026-09-05,2026-09-05,Plumbing Service,Disposal,Completed,Google LSA,Google Local Services,92127,530.00,TRUE,2026,3,September,2026,3,September,36
275080652,2026-09-05,,Plumbing Maintenance,,,,,92128,359.76,TRUE,2026,3,September,,,,
277135801,2026-09-05,,Plumbing Maintenance,Recurring Services: Water Heater Flush,Scheduled,PPC,Google | Search | Brand,92116,0.00,TRUE,2026,3,September,,,,
286635478,2026-09-05,2026-09-06,Plumbing Service,Tankless Service,Completed,Branded Phone Number,Local 619,92130,0.00,TRUE,2026,3,September,2026,3,September,36
310312345,2026-09-05,2026-09-05,Plumbing Service,Mainline Stop,Completed,Google Business Profiles,GMB_SanDiego,92122,394.00,TRUE,2026,3,September,2026,3,September,36
31537975,2026-09-05,2026-09-05,Plumbing Service,Mainline Stop,Completed,PPC,Google | Search | Brand,92103,3575.00,TRUE,2026,3,September,2026,3,September,36
31592481,2026-09-05,2026-09-05,Plumbing Service,Leak Below Lavatory,Completed,Organic Search,DuckDuckGo Organic,92019,551.00,TRUE,2026,3,September,2026,3,September,36
31612532,2026-09-05,2026-09-05,Plumbing Service,Toilet Stop,Completed,PPC,Google | Search | Brand,92024,425.00,TRUE,2026,3,September,2026,3,September,36
31627713,2026-09-05,,Plumbing Service,Tub/Shower Faucet,Hold,Branded Phone Number,A1-800-BILL HOWE,92075,685.00,TRUE,2026,3,September,,,,
31640682,2026-09-05,,Plumbing Service,Leak Below Lavatory,Scheduled,Google Business Profiles,GMB_SanDiego,92122,0.00,TRUE,2026,3,September,,,,
31640935,2026-09-05,,HVAC Maintenance,Preventative Maintenance,Scheduled,Google Business Profiles,GMB_SanDiego,92037,0.00,TRUE,2026,3,September,,,,
31641371,2026-09-05,,Plumbing Maintenance,,,,,92103,179.88,TRUE,2026,3,September,,,,
31643021,2026-09-05,,HVAC Service,Diagnosis,Scheduled,PPC,Google | Search | Brand,92118,0.00,TRUE,2026,3,September,,,,
31651369,2026-09-05,,HVAC Service,Diagnosis,Scheduled,Branded Phone Number,A1-800-BILL HOWE,92129,0.00,TRUE,2026,3,September,,,,
31660693,2026-09-05,,Plumbing Service,Toilet Stop,Scheduled,Google Business Profiles,GMB_SanDiego,92105,0.00,TRUE,2026,3,September,,,,
31660975,2026-09-05,,Plumbing Service,Hose Bib,Scheduled,Branded Phone Number,A1-800-BILL HOWE,92116,0.00,TRUE,2026,3,September,,,,
31670301,2026-09-05,2026-09-05,Plumbing Service,Floor Drain Stop,Completed,Branded Phone Number,Local 619,91911,500.00,TRUE,2026,3,September,2026,3,September,36
31670301,2026-09-05,,Plumbing Service,Sewer Camera,Scheduled,Branded Phone Number,Local 619,91911,0.00,TRUE,2026,3,September,,,,
31671998,2026-09-05,,Plumbing Maintenance,,,,,92110,14.99,TRUE,2026,3,September,,,,
31688130,2026-09-05,2026-09-05,Plumbing Service,Floor Drain Stop,Completed,Branded Phone Number,A1-800-BILL HOWE,92108,514.96,TRUE,2026,3,September,2026,3,September,36
31717512,2026-09-05,,Plumbing Service,Tub/Shower Faucet,Scheduled,PPC,Google | Search | Plumbing,92037,0.00,TRUE,2026,3,September,,,,
31718499,2026-09-05,2026-09-05,Plumbing Service,Tub/Shower Stop,Completed,Branded Phone Number,Local 619,92127,102.00,TRUE,2026,3,September,2026,3,September,36
31720819,2026-09-05,2026-09-05,Plumbing Service,Mainline Stop,Completed,Branded Phone Number,Local 619,92123,425.00,TRUE,2026,3,September,2026,3,September,36
31720819,2026-09-05,,Plumbing Service,Sewer Camera,Scheduled,Branded Phone Number,Local 619,92123,0.00,TRUE,2026,3,September,,,,
31726043,2026-09-05,,HVAC Service,10+ HVAC Unit,Scheduled,Organic Search,Google Organic,92130,0.00,TRUE,2026,3,September,,,,
31734122,2026-09-05,2026-09-05,Plumbing Service,Mainline Stop,Completed,Organic Search,Google Organic,91942,1185.00,TRUE,2026,3,September,2026,3,September,36
323906708,2026-09-05,2026-09-05,Plumbing Service,Mainline Stop,Completed,Google LSA,Google Local Services,92117,425.00,TRUE,2026,3,September,2026,3,September,36
328623867,2026-09-05,,Plumbing Maintenance,,,,,92007,179.88,TRUE,2026,3,September,,,,
344102117,2026-09-05,2026-09-05,Plumbing Sales,Job Walk,Completed,Google Business Profiles,GMB_SanDiego,92102,0.00,FALSE,2026,3,September,2026,3,September,36
353726037,2026-09-05,,Plumbing Service,Mainline Stop,Scheduled,Direct Web Traffic,Direct Web Traffic,92107,0.00,TRUE,2026,3,September,,,,
372687882,2026-09-05,2026-09-05,HVAC Service,10+ HVAC Unit,Completed,PPC,Google | Search | Brand,92109,509.00,TRUE,2026,3,September,2026,3,September,36
377934630,2026-09-05,2026-09-05,Plumbing Service,Toilet Stop,Completed,PPC,Google | Search | Brand,92119,0.00,FALSE,2026,3,September,2026,3,September,36
381214703,2026-09-05,2026-09-05,Plumbing Service,Water Filtration Repair,Completed,Google Business Profiles,GMB_SanDiego,92007,551.00,TRUE,2026,3,September,2026,3,September,36
41620075,2026-09-05,2026-09-06,Plumbing Service,Plumbing Service,Completed,Branded Phone Number,Local 619,92104,523.24,TRUE,2026,3,September,2026,3,September,36
465041346,2026-09-05,,Plumbing Service,Mainline Stop,Scheduled,Website,Email Contact Form,91945,0.00,TRUE,2026,3,September,,,,
474730285,2026-09-05,2026-09-06,HVAC Service,Diagnosis,Completed,Google Business Profiles,GMB_SanDiego,92103,0.00,TRUE,2026,3,September,2026,3,September,36
481472593,2026-09-05,,HVAC Service,,,,,92084,179.88,TRUE,2026,3,September,,,,
50130908,2026-09-05,,HVAC Maintenance,,,,,92108,179.88,TRUE,2026,3,September,,,,
50130908,2026-09-05,,HVAC Maintenance,,,,,92126,179.88,TRUE,2026,3,September,,,,
51048341,2026-09-05,2026-09-05,Plumbing Service,Toilet Leak,Completed,Google Business Profiles,GMB_SanDiego,92110,1138.25,TRUE,2026,3,September,2026,3,September,36
51844813,2026-09-05,,Plumbing Service,Toilet Stop,Scheduled,PPC,Google | Search | Brand,92120,0.00,TRUE,2026,3,September,,,,
53055099,2026-09-05,,Plumbing Service,Sewer Smell,Scheduled,Yelp,Yelp,92126,0.00,TRUE,2026,3,September,,,,
63045295,2026-09-05,,Plumbing Service,Water Filtration Repair,Scheduled,PPC,Google | Search | Brand,92119,0.00,TRUE,2026,3,September,,,,
65077094,2026-09-05,,Plumbing Service,Kitchen Stop,Scheduled,Email,Legacy Email Marketing Multiple Offers,92105,0.00,TRUE,2026,3,September,,,,
65604063,2026-09-05,2026-09-06,Plumbing Service,Mainline Stop,Completed,PPC,Google | Search | Brand,92064,1523.00,TRUE,2026,3,September,2026,3,September,36
65604063,2026-09-05,,Plumbing Service,Sewer Camera,Scheduled,PPC,Google | Search | Brand,92064,0.00,TRUE,2026,3,September,,,,
66187761,2026-09-05,,HVAC Maintenance,,,,,92108,14.99,TRUE,2026,3,September,,,,
67078292,2026-09-05,,HVAC Install,Dryer Vent Cleaning,Hold,Branded Phone Number,Local 619,92011,0.00,TRUE,2026,3,September,,,,
85771814,2026-09-05,,HVAC Maintenance,Recurring Services: B.F.P. Hvac Maintenance,Scheduled,Branded Phone Number,Local 619,91902,0.00,TRUE,2026,3,September,,,,
85771814,2026-09-05,,Plumbing Maintenance,,,,,91902,359.76,TRUE,2026,3,September,,,,
85771814,2026-09-05,,Plumbing Maintenance,Recurring Services: B.F.P. Water Heater/Tankless Flush,Scheduled,Branded Phone Number,Local 619,91902,0.00,TRUE,2026,3,September,,,,
86630325,2026-09-05,,Plumbing Maintenance,,,,,92008,179.88,TRUE,2026,3,September,,,,
890907141,2026-09-05,,Plumbing Service,Kitchen Faucet,Scheduled,Branded Phone Number,A1-800-BILL HOWE,92110,0.00,TRUE,2026,3,September,,,,
94141488,2026-09-05,2026-09-05,Plumbing Install,Water Heater Install - Residential,Completed,Google Business Profiles,GMB_SanDiego,92117,4451.00,TRUE,2026,3,September,2026,3,September,36
94141488,2026-09-05,2026-09-05,Plumbing Service,Water Heater Repair - Residential,Completed,Google Business Profiles,GMB_SanDiego,92117,0.00,FALSE,2026,3,September,2026,3,September,36
97322782,2026-09-05,2026-09-05,Plumbing Service,Pipe Leak,Completed,Google Business Profiles,GMB_SanDiego,92115,2590.00,TRUE,2026,3,September,2026,3,September,36
979200407,2026-09-05,2026-09-05,Plumbing Service,Upper/Lower Leak,Completed,Google LSA,Google Local Services,91913,806.70,TRUE,2026,3,September,2026,3,September,36
979200407,2026-09-05,2026-09-06,Restoration EMS,EMS Estimate,Completed,Google LSA,Google Local Services,91913,0.00,FALSE,2026,3,September,2026,3,September,36
981169430,2026-09-05,,Plumbing Service,PRV,Scheduled,PPC,Google | Search | Brand,92130,0.00,TRUE,2026,3,September,,,,
1090530647,2026-09-06,2026-09-06,Plumbing Service,Pipe Leak,Completed,PPC,Google | PMAX | Drains,92009,0.00,TRUE,2026,3,September,2026,3,September,36
1105112411,2026-09-06,,Plumbing Service,Drain Repair,Scheduled,PPC,Google | Search | Brand,92037,0.00,TRUE,2026,3,September,,,,
1121309721,2026-09-06,,Plumbing Service,Pipe Leak,Hold,Google LSA,Google Local Services,92116,0.00,FALSE,2026,3,September,,,,
1125296068,2026-09-06,2026-09-06,Plumbing Service,Lavatory Stop,Completed,Organic Search,Google Organic,92123,102.00,TRUE,2026,3,September,2026,3,September,36
1125296068,2026-09-06,,Plumbing Service,Sewer Camera,Scheduled,Organic Search,Google Organic,92123,0.00,TRUE,2026,3,September,,,,
1136170499,2026-09-06,,HVAC Service,Diagnosis,Scheduled,PPC,Google | PMAX | HVAC,91942,0.00,TRUE,2026,3,September,,,,
1136175870,2026-09-06,,Plumbing Service,Water Heater Repair - Residential,Scheduled,Direct Web Traffic,Direct Web Traffic,92124,0.00,TRUE,2026,3,September,,,,
1136195484,2026-09-06,,Plumbing Service,Angle Stop,Scheduled,PPC,Google | Search | Brand,92078,0.00,TRUE,2026,3,September,,,,
1136237521,2026-09-06,2026-09-06,Plumbing Service,Floor Drain Stop,Completed,CSR Outbound,$1 OUTBOUND (use this for out-bounding),92110,954.00,TRUE,2026,3,September,2026,3,September,36
1136238376,2026-09-06,,Plumbing Service,Lavatory Stop,Scheduled,Yelp,Yelp,92037,0.00,TRUE,2026,3,September,,,,
1136238918,2026-09-06,,HVAC Service,A/C Repair,Scheduled,PPC,Google | Search | HVAC,92127,0.00,TRUE,2026,3,September,,,,
1136239079,2026-09-06,,Plumbing Service,Water Heater Repair - Residential,In Progress,Google LSA,Google Local Services,92154,7500.00,TRUE,2026,3,September,,,,
1136240734,2026-09-06,,Plumbing Service,Kitchen Stop,Scheduled,Direct Web Traffic,Direct Web Traffic,91950,0.00,TRUE,2026,3,September,,,,
1136242837,2026-09-06,2026-09-06,Plumbing Service,Mainline Stop,Completed,PPC,Google | Search | Brand,92107,952.00,TRUE,2026,3,September,2026,3,September,36
1136248097,2026-09-06,,Plumbing Service,Reset Toilet,Hold,Website,Website Phone Calls,92120,1321.00,TRUE,2026,3,September,,,,
1136248371,2026-09-06,2026-09-06,Plumbing Service,Pipe Leak,Completed,Google Business Profiles,GMB_SanDiego,92139,462.00,TRUE,2026,3,September,2026,3,September,36
1136249055,2026-09-06,,HVAC Service,10+ HVAC Unit,Scheduled,Google LSA,Google Local Services,92,0.00,TRUE,2026,3,September,,,,
255673520,2026-09-06,,HVAC Maintenance,Preventative Maintenance,Scheduled,PPC,Google | Search | HVAC,92106,0.00,TRUE,2026,3,September,,,,
283053089,2026-09-06,2026-09-06,HVAC Service,A/C Repair,Completed,PPC,Google | PMAX | Drains - Vegas,92128,0.00,TRUE,2026,3,September,2026,3,September,36
297536044,2026-09-06,,Plumbing Maintenance,,,,,92025,29.98,TRUE,2026,3,September,,,,
302235927,2026-09-06,2026-09-06,Plumbing Service,Water Heater Repair - Residential,Completed,PPC,Bing | Search | Brand,92067,470.00,TRUE,2026,3,September,2026,3,September,36
309934656,2026-09-06,2026-09-06,Plumbing Service,Laundry Stop,Completed,Branded Phone Number,A1-800-BILL HOWE,92025,416.25,TRUE,2026,3,September,2026,3,September,36
31544198,2026-09-06,,Plumbing Sales,Plumbing Estimate,Scheduled,PPC,Google | Search | Brand,92109,0.00,TRUE,2026,3,September,,,,
31544437,2026-09-06,2026-09-06,Plumbing Service,Water Heater Repair - Residential,Completed,PPC,Google | Search | Brand,92110,0.00,TRUE,2026,3,September,2026,3,September,36
31566491,2026-09-06,2026-09-06,Plumbing Service,Kitchen Stop,Completed,PPC,Google | Search | Brand,92110,451.48,TRUE,2026,3,September,2026,3,September,36
31603958,2026-09-06,,Plumbing Service,Tub/Shower Stop,Scheduled,PPC,Google | Search | Brand,92130,0.00,TRUE,2026,3,September,,,,
31607047,2026-09-06,,Plumbing Service,Tankless Service,Scheduled,PPC,Google | Search | Brand,92014,0.00,TRUE,2026,3,September,,,,
31609952,2026-09-06,,Plumbing Maintenance,,,,,92106,29.98,TRUE,2026,3,September,,,,
31615171,2026-09-06,,Plumbing Service,Sump Pump,Scheduled,Branded Phone Number,A1-800-BILL HOWE,92102,0.00,TRUE,2026,3,September,,,,
31636747,2026-09-06,,HVAC Maintenance,,,,,92114,14.99,TRUE,2026,3,September,,,,
31646930,2026-09-06,,HVAC Service,Diagnosis,Scheduled,Direct Web Traffic,Direct Web Traffic,91910,0.00,TRUE,2026,3,September,,,,
31647544,2026-09-06,2026-09-06,Plumbing Service,Water Heater Repair - Residential,Canceled,Google LSA,Google Local Services,92024,0.00,TRUE,2026,3,September,2026,3,September,36
31665960,2026-09-06,,Plumbing Service,Toilet Leak,Scheduled,Google Business Profiles,GMB_SanDiego,92117,0.00,TRUE,2026,3,September,,,,
31684241,2026-09-06,,HVAC Maintenance,,,,,92037,14.99,TRUE,2026,3,September,,,,
31715606,2026-09-06,,Plumbing Service,Sump Pump,Scheduled,Google Business Profiles,GMB_SanDiego,92103-3717,0.00,TRUE,2026,3,September,,,,
31729195,2026-09-06,2026-09-06,Plumbing Service,Lavatory Stop,Completed,PPC,Bing | Search | Brand,92104,382.48,TRUE,2026,3,September,2026,3,September,36
327594001,2026-09-06,,Plumbing Sales,Plumbing Estimate,Scheduled,PPC,Google | Search | Brand,92123,0.00,TRUE,2026,3,September,,,,
355395325,2026-09-06,2026-09-06,Plumbing Service,Lavatory Stop,Completed,Google Business Profiles,GMB_SanDiego,92117,872.00,TRUE,2026,3,September,2026,3,September,36
372182350,2026-09-06,,Plumbing Service,Laundry Bibbs,Scheduled,Sameday AI,Sameday AI,92128,0.00,TRUE,2026,3,September,,,,
377934630,2026-09-06,2026-09-06,Plumbing Maintenance,Plumbing Inspection,Completed,PPC,Google | Search | Brand,92119,0.00,TRUE,2026,3,September,2026,3,September,36
42268918,2026-09-06,,Restoration EMS,EMS Estimate,Scheduled,Google Business Profiles,GMB_SanDiego,92101,0.00,TRUE,2026,3,September,,,,
462243735,2026-09-06,2026-09-06,Plumbing Service,Water Heater Repair - Residential,Completed,PPC,Google | Search | Brand,92037,250.00,TRUE,2026,3,September,2026,3,September,36
462243735,2026-09-06,,Plumbing Service,Water Heater Repair - Residential,Scheduled,PPC,Google | Search | Brand,92037,0.00,TRUE,2026,3,September,,,,
479700474,2026-09-06,,Restoration EMS,EMS Estimate,Scheduled,Branded Phone Number,Local 619,92101,0.00,TRUE,2026,3,September,,,,
52718253,2026-09-06,,Plumbing Service,Kitchen Stop,Scheduled,Branded Phone Number,Local 619,92014,0.00,TRUE,2026,3,September,,,,
60896639,2026-09-06,,Plumbing Service,Angle Stop,Scheduled,Google Business Profiles,GMB_SanDiego,92108,0.00,TRUE,2026,3,September,,,,
61850271,2026-09-06,,Plumbing Service,Lavatory Faucet,Scheduled,Yelp,Yelp,92037,0.00,TRUE,2026,3,September,,,,
66187761,2026-09-06,,Plumbing Maintenance,,,,,92129,29.98,TRUE,2026,3,September,,,,
683453704,2026-09-06,2026-09-06,Plumbing Service,Kitchen Stop,Completed,Email,2025 Jetter Customers Annual Drip,92026,394.00,TRUE,2026,3,September,2026,3,September,36
68568999,2026-09-06,,Plumbing Maintenance,,,,,92128,14.99,TRUE,2026,3,September,,,,
83868227,2026-09-06,,Plumbing Maintenance,,,,,92104,14.99,TRUE,2026,3,September,,,,
